Warehouse_Source,Historical_Tender_ID,Title,Description,Category,Subcategory,Buyer_ID,Buyer_Name,Country,Publication_Date,Deadline,Lean_Fit,Source_URL,Source_Reference,Niche,Macro_Category,AI_Leverage,Subcontractability,Remote_Feasibility,Low_Entry_Burden,Low_Execution_Pain,Margin_Potential
France,ten_32f91e406a566bb09c34,Réalisation d'une étude sur l'intelligence artificielle dans la branche des entreprises de courtage en assurances et/ou réassurance,,Monitoring / research,Monitoring / analysis,buy_847f69a4a28adcdcaea4,OPCO ATLAS,France,2026-07-31,2026-11-09,70.0,,,AI / machine learning solutions,AI_AUTOMATION,0.99,0.8,0.99,0.6,0.64,0.96
France,ten_cfec8f2b7428060a14c4,25FOUR11 - FOURNITURE ET INSTALLATION DE DISPOSITIFS D'INTELLIGENCE ARTIFICIELLE POUR LA DETECTION VISUELLE DE TRI POUR LES BESOINS DES REGIES DE LA METROPOLE TPM,,Other,Fournitures,buy_645ca39faeda542f1d24,Metropole Toulon-Provence-Mediterranee,France,2026-07-30,,15.0,,,AI / machine learning solutions,AI_AUTOMATION,0.99,0.8,0.99,0.6,0.64,0.96
TED,ted_c31ea725b85583140680,Call for Tenders for the selection of Artificial Intelligence Gigafactory Consortia and the establishment of AI Gigafactories,"The overall objective of this Call is the selection of Artificial Intelligence Gigafactory (AIGF) Consortia, which will establish and operate the AIGFs and from which the Contracting Parties will acquire AI compute access time. More in detail, the specific objectives of this Call are as follows: - Selection of AIGF Consortia: Following a rigorous evaluation of the tenders by the EuroHPC JU with the support of independent experts, the Governing Board will make an award decision, establishing a ranked list of successful AIGF Consortia. - Procurement of Compute Access Time: To establish a framework for the joint acquisition of a guaranteed share of AI compute access time from the selected AIGF Consortia, formalised through the signature of a Framework Contract and a number of subsequent Specific Contracts with the successful AIGF Consortia. AIGF refers to state-of-the-art large-scale facility with sufficient capacity to handle the complete lifecycle, from development to large-scale inference, of very large AI models and applications, providing a supercomputing service infrastructure which is composed of AI-optimised computing capacity, a supporting data centre infrastructure including high-capacity storage and networking, dedicated secure cloud user access environments, and specialised secure AI-oriented support services for its advanced operations, all of which are supported by an environmentally sustainable infrastructure, in particular for energy and water supply systems.",Monitoring / research,Monitoring / analysis,buy_eeed8814d806fe8dfbe5,European High-Performance Computing Joint Undertaking,LUX,2026-07-29,2026-11-12,70.0,,,AI / machine learning solutions,AI_AUTOMATION,0.99,0.8,0.99,0.6,0.64,0.96
Quebec,ten_811ef3eb56c2b4313a92,Déploiement exploratoire de l'intelligence artificielle pour l'utilisation de la solution Mistral pour le ministère de la Cybersécurité et du Numérique,,Creative / communications,Design / publishing,buy_b2fc071dc8e65c9cf119,Ministère de la Cybersécurité et du Numérique - Direction générale des services contractuels,Canada - Quebec,2026-07-28,,82.0,,,AI / machine learning solutions,AI_AUTOMATION,0.99,0.8,0.99,0.6,0.64,0.96
Germany,ten_89de830e478f16852ef8,Miniwettbewerb aus Rahmenvertrag AS260012 Rolle 1 Machine Learning Engineer,,Automation / software,IT services / software,buy_8b872c6d950210cc5569,BG-Phoenics GmbH,Germany,2026-07-20,,60.0,,,AI / machine learning solutions,AI_AUTOMATION,0.99,0.8,0.99,0.6,0.64,0.96
TED,ted_80b7ef9ff4ab3cbcca62,Machine Learning Models for Personalization,"Veikkaus seeks to procure a sophisticated and scalable solution for machine learning models for personalization to achieve the following goals: - Personalized Content and Recommendations: Deliver real-time, personalized content and recommendations to every player across all products, including casino and sports, to increase player engagement, retention, and measurable revenue growth. - Real-Time Player Engagement: Increase player retention and lifetime value by delivering real-time, AI-driven experiences, such as bonuses and interventions, that are tailored to individual player behavior and context, engaging players in the moments that matter. The offered solution contains the full implementation of the solution delivered as a Software as a Service (SaaS), covering at least the following: - Necessary licenses - Software - Relevant integrations - Testing environments - Implementation - Support and maintenance services",Automation / software,Software / automation,buy_21d608cefc7ad1917578,Veikkaus Oy,FIN,2026-07-14,2026-08-20,74.0,,,AI / machine learning solutions,AI_AUTOMATION,0.99,0.8,0.99,0.6,0.64,0.96
Belgium,bel_e5627331d6f21fb96ada2ae4,État des lieux de l’usage de l’intelligence artificielle dans le développement des médicaments,"Deze overheidsopdracht betreft het in 3 fasen in kaart brengen en analyseren van het landschap van kunstmatige intelligentie (AI) bij de ontwikkeling van geneesmiddelen binnen de academische wereld en de farmaceutische industrie, met het oog op het definiëren van geschikte strategieën om reglementaire evaluatoren effectief voor te bereiden op het evalueren van aanvragen waarin AI-technieken worden gebruikt.",,,buy_a616a61adb57b9f2857bbfd2,Federaal Agentschap voor Geneesmiddelen en Gezondheidsproducten,BE,2026-07-14,,,https://www.publicprocurement.be/publication-workspaces/b8cdf067-4f8d-49ef-b292-f1c520e970e7,,AI / machine learning solutions,AI_AUTOMATION,0.99,0.8,0.99,0.6,0.64,0.96
Quebec,ten_130293ef41e2b9c9f153,Produit technologique de cyberdéfense utilisant l'intelligence artificielle,,Automation / software,Software / automation,buy_74b11442e524cd8beea0,Réseau de Transport Métropolitain (EXO),Canada - Quebec,2026-07-13,2026-08-12,74.0,,,AI / machine learning solutions,AI_AUTOMATION,0.99,0.8,0.99,0.6,0.64,0.96
Quebec,ten_b57141c3659326de4d49,FORMATION SPECIALISÉE EN INTELLIGENCE ARTIFICIELLE,,Other,UNKNOWN,buy_e6ada229116b627c58b4,Ministère de l'Emploi et de la Solidarité sociale,Canada - Quebec,2026-07-03,,15.0,,,AI / machine learning solutions,AI_AUTOMATION,0.99,0.8,0.99,0.6,0.64,0.96
TED,ted_2c88bd578f63b1f0af32,Enterprise AI Platform,Enterprise AI platform,Automation / software,Software / automation,buy_581df20f038735ed5497,NORGES BANK,NOR,2026-07-03,,74.0,,,AI / machine learning solutions,AI_AUTOMATION,0.99,0.8,0.99,0.6,0.64,0.96
Quebec,ten_c41080a4d6947a56d65d,Acquisition et livraison d’un système de surveillance vidéo avec intelligence artificielle - CFPL,,Other,UNKNOWN,buy_adc143fb5cb89f76a750,Centre de services scolaire des Grandes Seigneuries,Canada - Quebec,2026-07-02,,15.0,,,AI / machine learning solutions,AI_AUTOMATION,0.99,0.8,0.99,0.6,0.64,0.96
Belgium,bel_6a15a7bed07eeb499c6b638d,e-Market 836 - SAP Artificial Intelligence Engineer,"e-Market 836 - SAP Artificial Intelligence Engineer ( op het bestaan van een kwalificatiestelsel Y15Bis, I-46 gebaseerd gepubliceerd op Europees en op Belgisch niveau: https://www.publicprocurement.be/publication-workspaces/d5aa281d-f0b8-4143-a93e-c9cfbc8b9759/general , in overeenstemming met de artikelen 11, 15 - 3° en 18 van het KB van 18 juni 2017)",,,buy_ad79eddac5d342679ead4dd7,Infrabel - Goods & Services,BE,2026-06-25,,,https://www.publicprocurement.be/publication-workspaces/a632e958-8d53-48a3-add6-639ab3d67fa5,,AI / machine learning solutions,AI_AUTOMATION,0.99,0.8,0.99,0.6,0.64,0.96
TED,ted_0c803926d2f63563d18b,APPEL D’OFFRES PUBLIC POUR LE RENOUVELLEMENT DES LICENCES ADOBE,"La République et Canton de Genève, pour le compte de l’Office cantonal des systèmes d'information et du numérique, souhaite trouver un revendeur Adobe officiel capable de fournir des souscriptions à des licences Adobe dans le cadre d'un contrat de déploiement et souscription de licences Adobe ETLA (Enterprise Term License Agreement) et FRL (Feature Restricted License), conformément aux exigences mentionnées dans le cahier des charges et dans le dossier d'appel d'offres. En outre, des prestations de services, également mentionnées dans le cahier des charges, sont recherchées.",Automation / software,IT services / software,buy_bacf2bcb45c828276231,Centrale commune d'achats (CCA),CHE,2026-08-03,2026-10-06,60.0,,,Adobe / Creative Cloud licensing,SOFTWARE_RESALE,0.12,0.99,0.99,0.58,0.9,0.68
TED,ted_a23265aadabeacd87560,Adobe Lizenzen 2026ff (ADL2026ff),Gegenstand des abzuschließenden Vertrages ist die Lieferung von Adobe-Lizenzen durch einen Auftragnehmer im Rahmen eines Enterprise Term License Agreement (ETLA) mit einer Laufzeit von drei Jahren.,Automation / software,IT services / software,buy_001cc06b96d8f5cfe636,Autobahnen- und Schnellstraßen-Finanzierungs-Aktiengesellschaft,AUT,2026-08-03,2026-09-07,60.0,,,Adobe / Creative Cloud licensing,SOFTWARE_RESALE,0.12,0.99,0.99,0.58,0.9,0.68
United Kingdom,ten_81c3db0904db2cbf97b1,Creative Cloud for Teams Education - VIP CC all Apps (Price for 12mths) Level 4 Named - Renewal 01/07/2026-01/07/2027,,Other,UNKNOWN,buy_b36c3c47ce15e437480b,The Mayor and Commonalty and Citizens of the City of London,United Kingdom,2026-07-31,,15.0,,,Adobe / Creative Cloud licensing,SOFTWARE_RESALE,0.12,0.99,0.99,0.58,0.9,0.68
Belgium,bel_3352dee24e97c348417f9005,QOZB26-4203 - Raamovereenkomst voor de levering van Adobe Creative Cloud licenties,QOZB26-4203 - Raamovereenkomst voor de levering van Adobe Creative Cloud licenties,,,buy_1f9a6ec487c2bab1f82cda18,KU Leuven (universiteit),BE,2026-07-27,,,https://www.publicprocurement.be/publication-workspaces/c355e80e-6c9d-48df-ae6e-893bcbde1e4a,,Adobe / Creative Cloud licensing,SOFTWARE_RESALE,0.12,0.99,0.99,0.58,0.9,0.68
United Kingdom,ten_83e196d3c8615c178e98,Adobe Creative Cloud Institutional Licences,,Other,UNKNOWN,buy_9b33f4326224565a8a24,The City of Liverpool College,United Kingdom,2026-07-24,,15.0,,,Adobe / Creative Cloud licensing,SOFTWARE_RESALE,0.12,0.99,0.99,0.58,0.9,0.68
TED,ted_45d0d5f1b0bab3b8dba0,"Suministro de licencias de Adobe Acrobat Pro DC, Adobe Creative Cloud Pro NUD y Adobe Creative Cloud PRO SDL en la Universitat de València.","La Universitat de València (en adelante UVEG), para el ejercicio y desarrollo de su actividad en los ámbitos docente e investigador, administrativo y de relaciones institucionales, se ha de proveer del software adecuado para resolver las necesidades que conlleva el tratamiento colaborativo de documentos, así como las derivadas de la docencia y de los puestos con competencias en diseño.1.- Respecto al tratamiento colaborativo de documentos, necesita un software que permita compartir con facilidad archivos PDF para que se visualicen, revisen, impriman, comenten y firmen, e incluso se realice el seguimiento de su progreso, desde cualquier dispositivo y cualquier ubicación. Además de poder abrir e interactuar con todo tipo de contenido PDF, incluidos formularios y contenido multimedia, y poder exportar e importar documentos en otros formatos a documentos PDF’s definitivos.2.- En cuanto a las necesidades de la docencia y de los puestos con competencias de diseño, se requiere un software que reúna las siguientes funcionalidades: fotografía, vídeo, diseño web, experiencia de usuario y redes sociales; aspectos esenciales integrados como paletas de colores, familias de fuentes, posibilidad de colaboración con cualquier persona desde cualquier parte. Ello además del correcto seguimiento de la actividad de autoaprendizaje y docente.Los productos Adobe Acrobat Pro DC, Adobe Creative Cloud Pro y Adobe Creative Cloud Pro SDL, poseen las funcionalidades requeridas para atender todas las necesidades de la UVEG, siendo los únicos de todo el mercado que cumplen dichas condiciones en su totalidad, no habiendo otros productos a su nivel.Además, debido a los contratos suscritos por la CRUE con Adobe, los productos Acrobat Pro DC y Creative Cloud Pro son los que utilizan las universidades españolas, en lo que respecta a tratamiento de textos PDF y diseño, respectivamente.",Automation / software,Software / automation,buy_262acb26bfbdf5a4121e,Rectorado de la Universitat de València,ESP,2026-07-22,2026-09-07,74.0,,,Adobe / Creative Cloud licensing,SOFTWARE_RESALE,0.12,0.99,0.99,0.58,0.9,0.68
United Kingdom,ten_bea33549c9f5fc2a37eb,Adobe Licences,,Other,UNKNOWN,buy_1e56a233aba5e311118c,THE UNIVERSITY OF CUMBRIA,United Kingdom,2026-07-17,,15.0,,,Adobe / Creative Cloud licensing,SOFTWARE_RESALE,0.12,0.99,0.99,0.58,0.9,0.68
Belgium,bel_fe2644e8621f15de87b27ff8,Suite Logicielle Adobre creative Cloud education,Suite Logicielle Adobre creative Cloud education,,,buy_2521064df2ec7e074c30a346,Haute Ecole Albert Jacquard(3P),BE,2026-07-17,2026-08-20,,https://www.publicprocurement.be/publication-workspaces/bc5d9d36-a7c8-4a99-b1f9-0fddf1967c0d,,Adobe / Creative Cloud licensing,SOFTWARE_RESALE,0.12,0.99,0.99,0.58,0.9,0.68
United Kingdom,ten_524b3939b72629ab01fa,UoS/DH/25/26/QTR3/Adobe Creative Cloud Licences,,Other,UNKNOWN,buy_ac7a322fe5acff4ef899,University of Salford,United Kingdom,2026-07-14,,15.0,,,Adobe / Creative Cloud licensing,SOFTWARE_RESALE,0.12,0.99,0.99,0.58,0.9,0.68
Belgium,bel_7cbdb59ff6f82a233ed6dfdd,Marché public de fourniture de licences Adobe,Le présent marché porte sur la fourniture de licences pour des produits Adobe et la mise disposition d’une console centralisée permettant de visualiser et gérer les licences acquises ainsi que celles attribuées.,,,buy_33ea909ccbae089c1ec538d9,Institut bruxellois francophone pour la Formation professionnelle,BE,2026-07-14,2026-08-31,,https://www.publicprocurement.be/publication-workspaces/36ebd2fc-1436-4e4b-b08e-1ac6a2a405a0,,Adobe / Creative Cloud licensing,SOFTWARE_RESALE,0.12,0.99,0.99,0.58,0.9,0.68
TED,ted_8e0c53b9524c26d207ed,Pořízení licencí Adobe Creative Cloud pro rok 2027,Předmětem plnění veřejné zakázky bude pořízení licencí k využívání software firmy Adobe. Více bude uvedeno v zadávacích podmínkách.,Automation / software,Software / automation,buy_85fe87d2665464f38efa,ČESKÁ TELEVIZE,CZE,2026-07-13,,74.0,,,Adobe / Creative Cloud licensing,SOFTWARE_RESALE,0.12,0.99,0.99,0.58,0.9,0.68
Quebec,ten_cb9ad6bb51a7feb38216,Renouvellement contrat entretien licences ADOBE pour le CSSP pour 12 mois,,Automation / software,Software / automation,buy_f0210c328dcaa7d7e64a,Centre de services scolaire des Patriotes,Canada - Quebec,2026-07-10,,74.0,,,Adobe / Creative Cloud licensing,SOFTWARE_RESALE,0.12,0.99,0.99,0.58,0.9,0.68
TED,ted_83445cf658b11c9bd180,"Appel d’offres portant sur la commercialisation, la gestion et l’exploitation des espaces publicitaires sur les autobus du réseau RGTR","Le présent appel d’offres porte sur l’attribution d’un contrat de concession exclusif de services relatif à la commercialisation, à l’exploitation et à la gestion commerciale ainsi qu’à la gestion technique et opérationnelle des espaces publicitaires sur les autobus du réseau RGTR",Other,UNKNOWN,buy_eeed8814d806fe8dfbe5,Administration des transports publics,LUX,2026-08-13,2026-09-11,20.0,,,Advertising / media placement,MEDIA_BROKERAGE,0.4,0.98,0.96,0.82,0.84,0.84
France,ten_3bf663400b5e0cfe271a,"ACCORD-CADRE RELATIF A DES PRESTATIONS DE CONSEIL EN MEDIA PLANNING, INCLUANT L’ACHAT D’ESPACES PUBLICITAIRES POUR LE COMPTE DU MUSEE DU QUAI BRANLY – JACQUES CHIRAC",,Creative / communications,Design / publishing,buy_daa60d4d8e034b8b6a62,MUSEE DU QUAI BRANLY - JACQUES CHIRAC,France,2026-07-31,,82.0,,,Advertising / media placement,MEDIA_BROKERAGE,0.4,0.98,0.96,0.82,0.84,0.84
United Kingdom,ten_c0088996aead1a813769,Media Buying,,Other,UNKNOWN,buy_a16359c7476d58372668,NHS Blood and Transplant,United Kingdom,2026-07-29,,15.0,,,Advertising / media placement,MEDIA_BROKERAGE,0.4,0.98,0.96,0.82,0.84,0.84
France,ten_beef6a0047eee9f95aa0,Conseil et achat d’espaces publicitaires sur tout support - médiaplanning,,Creative / communications,Design / publishing,buy_8cab8061b2069c54f049,Métropole Aix Marseille Provence,France,2026-07-24,2026-09-14,82.0,,,Advertising / media placement,MEDIA_BROKERAGE,0.4,0.98,0.96,0.82,0.84,0.84
United Kingdom,ten_f5031b9c2411c680ac1f,V&A East Museum Media Buying - Burst 2,,Other,UNKNOWN,buy_647c4a428b4052952aa1,Victoria and Albert Museum,United Kingdom,2026-07-21,,15.0,,,Advertising / media placement,MEDIA_BROKERAGE,0.4,0.98,0.96,0.82,0.84,0.84
France,ten_a635c2e1e06368a20446,PRESTATIONS DE MANDAT POUR L’ACHAT ET LA RECHERCHE D’ESPACES PUBLICITAIRES POUR LES CAMPAGNES DE COMMUNICATION DE L’UNIVERSITE DE STRASBOURG,,Creative / communications,Design / publishing,buy_95367f3aaa69029b22cb,Université de Strasbourg,France,2026-07-19,2026-08-31,82.0,,,Advertising / media placement,MEDIA_BROKERAGE,0.4,0.98,0.96,0.82,0.84,0.84
France,ten_faef90693704f7f6766e,CONSEIL ET ACHAT D'ESPACES PUBLICITAIRES,,Creative / communications,Design / publishing,buy_d6f05acd2051d60c3fa3,MUSEE DU LOUVRE,France,2026-07-19,2026-09-21,82.0,,,Advertising / media placement,MEDIA_BROKERAGE,0.4,0.98,0.96,0.82,0.84,0.84
France,ten_75417a248b4e9ac7c6a1,Achats Espaces publicitaires et conseils,,Creative / communications,Design / publishing,buy_83bd55ea8b6daf71a70d,Tisséo Voyageurs,France,2026-07-18,2026-09-09,82.0,,,Advertising / media placement,MEDIA_BROKERAGE,0.4,0.98,0.96,0.82,0.84,0.84
France,ten_86373a0da37dfe5dd17b,"CONSEIL ET REALISATION DE PLANS MEDIA, NEGOCIATION ET RESERVATIONS D'ESPACES PUBLICITAIRES",,Creative / communications,Design / publishing,buy_71e90a3c59a346952485,Métropole européenne de Lille,France,2026-07-17,2026-09-18,82.0,,,Advertising / media placement,MEDIA_BROKERAGE,0.4,0.98,0.96,0.82,0.84,0.84
United Kingdom,ten_124a1e9aedf3e0296fc3,Media Buying Contract,,Other,UNKNOWN,buy_3b5c099a44fb447c36c8,Mayor's Office for Policing and Crime,United Kingdom,2026-07-14,,15.0,,,Advertising / media placement,MEDIA_BROKERAGE,0.4,0.98,0.96,0.82,0.84,0.84
United Kingdom,ten_574f8ce03877be1bda3a,BTA2200 Strategic media buying & planning services,,Creative / communications,Design / publishing,buy_ff01dcb628bd3c057762,British Tourist Authority t/a VisitBritain/VisitEngland,United Kingdom,2026-07-13,,80.0,,,Advertising / media placement,MEDIA_BROKERAGE,0.4,0.98,0.96,0.82,0.84,0.84
United Kingdom,ten_a169a0a408abe49d4ebb,DSIT - COMMS - Media Buying and Planning,,Creative / communications,Design / publishing,buy_4a7403839a8a15adf64c,"Department for Science, Innovation & Technology",United Kingdom,2026-07-10,,80.0,,,Advertising / media placement,MEDIA_BROKERAGE,0.4,0.98,0.96,0.82,0.84,0.84
TED,ted_305db0e4a2ff4ed7f27c,"Aquisição de equipamento multimedia, audiovisual e técnico","Aquisição de equipamento multimedia, audiovisual e técnico",Other,UNKNOWN,buy_091d5eef279cbb542f9f,"Património Cultural, IP",PRT,2026-08-13,,20.0,,,Audio-visual systems & conferencing,AV_RESALE,0.32,0.98,0.58,0.72,0.72,0.82
TED,ted_47db7693e956e2ae4eb6,"Servicios técnicos especializados de desarrollo de software, adaptación de gráficos y servicio de realidad aumentada/ realidad virtual, así como la operación sobre los mismos en producciones audiovisuales para elecciones y eventos similares","Servicios técnicos especializados de desarrollo de software, adaptación de gráficos y servicio de realidad aumentada/ realidad virtual, así como la operación sobre los mismos en producciones audiovisuales para elecciones y eventos similares",Automation / software,Software / automation,buy_841549a12d17237ad802,Grupo Euskal Irrati Telebista - Departamento de Producción de ETB,ESP,2026-08-11,2026-09-15,74.0,,,Audio-visual systems & conferencing,AV_RESALE,0.32,0.98,0.58,0.72,0.72,0.82
TED,ted_917435cae986b0ce6fb6,"Servicio de fotografía profesional, producción de audiovisuales y edición digital","Dotar a ENAIRE de un material actualizado con la realización de entrevistas, reportajes fotográficos, audiovisuales y grabaciones con dron en nuestras instalaciones, centros y resto de unidades. El material realizado debe obtener el máximo partido visual a nuestras instalaciones y poner en valor a nuestros profesionales a través de una imagen cuidada, moderna y asociada a valores de calidad, tecnología, transparencia y responsabilidad con el entorno.",Other,UNKNOWN,buy_262acb26bfbdf5a4121e,Dirección Económico-Financiera de ENAIRE,ESP,2026-08-10,2026-09-11,20.0,,,Audio-visual systems & conferencing,AV_RESALE,0.32,0.98,0.58,0.72,0.72,0.82
TED,ted_6f1778cb1ae2ac8ee826,"Elaboración de la idea creativa, el diseño y la producción de piezas audiovisuales para la campaña publicitaria de Turismo de Castilla-La Mancha de 2027.","Constituye el objeto del presente contrato la prestación de los servicios de conceptualización, elaboración de la idea creativa original, diseño, producción y adaptación de piezas audiovisuales, sonoras, gráficas y digitales para la campaña publicitaria de Turismo de Castilla-La Mancha correspondiente al año 2027.",Other,UNKNOWN,buy_262acb26bfbdf5a4121e,"Consejera Delegada de la Empresa Pública de Promoción del Turismo y la Artesanía de Castilla-La Mancha (ETURIA), S.A.",ESP,2026-08-06,2026-09-04,20.0,,,Audio-visual systems & conferencing,AV_RESALE,0.32,0.98,0.58,0.72,0.72,0.82
TED,ted_5b9956383902ed10eacf,"Servicio de alquiler de equipos y asistencia técnica en la sonorización, megafonía, iluminación, proyección y complementos audiovisuales para los varios actos institucionales generados por parte del Ayuntamiento de Sant Feliu de Llobregat","Servicio de alquiler de equipos y asistencia técnica en la sonorización, megafonía, iluminación, proyección y complementos audiovisuales para los varios actos institucionales generados por parte del Ayuntamiento de Sant Feliu de Llobregat",Other,UNKNOWN,buy_262acb26bfbdf5a4121e,Ajuntament de Sant Feliu de Llobregat,ESP,2026-08-05,2026-09-04,20.0,,,Audio-visual systems & conferencing,AV_RESALE,0.32,0.98,0.58,0.72,0.72,0.82
TED,ted_946d7cbcdace6ba462e8,Servicios audiovisuales para Puertos del Estado en ferias de negocio nacionales e internacionales,Servicios audiovisuales para Puertos del Estado en ferias de negocio nacionales e internacionales,Other,UNKNOWN,buy_262acb26bfbdf5a4121e,Presidencia del Organismo Público Puertos del Estado,ESP,2026-08-05,2026-09-15,20.0,,,Audio-visual systems & conferencing,AV_RESALE,0.32,0.98,0.58,0.72,0.72,0.82
TED,ted_f35dc7c1dc56b89797cf,Soporte técnico de equipos audiovisuales para eventos y salas de reuniones y suministro (compra o alquiler) de equipamiento audiovisual.,"El presente pliego tiene como objeto la contratación de los servicios de soporte técnico y gestión de equipos audiovisuales en eventos y salas de reuniones, así como el suministro, alquiler, puesta en marcha y mantenimiento del equipo audiovisual necesario. Asimismo, incluye, cuando corresponda, la gestión de aparatos obsoletos o averiados que deban ser sustituidos.",Other,UNKNOWN,buy_262acb26bfbdf5a4121e,European Union Intellectual Property Office,ESP,2026-08-03,2026-09-23,20.0,,,Audio-visual systems & conferencing,AV_RESALE,0.32,0.98,0.58,0.72,0.72,0.82
Belgium,bel_a06cf0e916c4f8e1aaa96d8b,"Meeting room rental, audiovisual support and catering for the HiPEAC2027 conference","Meeting room rental, audiovisual support and catering for the HiPEAC2027 conference",,,buy_eab73816db28f3e5844c685e,Universiteit Gent,BE,2026-07-31,,,https://www.publicprocurement.be/publication-workspaces/11dceeb2-eef9-4e6b-bc19-ae54f7817719,,Audio-visual systems & conferencing,AV_RESALE,0.32,0.98,0.58,0.72,0.72,0.82
TED,ted_d2c20558b8e80686baac,Servicio de mantenimiento del repositorio integral corporativo de contenidos audiovisuales de la Universidad Rey Juan Carlos,Procedimiento negociado sin publicidad,Automation / software,IT services / software,buy_262acb26bfbdf5a4121e,Rectorado de la Universidad Rey Juan Carlos,ESP,2026-07-31,,60.0,,,Audio-visual systems & conferencing,AV_RESALE,0.32,0.98,0.58,0.72,0.72,0.82
United Kingdom,ten_ad58039eace895f768cd,Community Rooms - Audio Visual,,Creative / communications,Design / publishing,buy_6f8e1322666426ee088f,West Yorkshire Fire and Rescue Authority,United Kingdom,2026-07-31,,80.0,,,Audio-visual systems & conferencing,AV_RESALE,0.32,0.98,0.58,0.72,0.72,0.82
TED,ted_300dafafc4f1cad4c400,"Servicios de impartición de determinadas acciones formativas Lote 1: Cursos de carpinteria y restauración de mobiliario, Lote 2: Cursos de electricidad, Lote 3: Cursos de mecánica escénica, Lote 4: Cursos de audiovisuales, iluminación y herramientas de coordinación técncia, Lote 5: Cursos de caracterización y peluquería escénica, Lote 6: Cursos de vestuario escénico.",Servicios de formación.,Other,UNKNOWN,buy_262acb26bfbdf5a4121e,"Madrid Destino Cultura Turismo y Negocio, S.A.",ESP,2026-07-30,2026-09-18,20.0,,,Audio-visual systems & conferencing,AV_RESALE,0.32,0.98,0.58,0.72,0.72,0.82
TED,ted_1b6dc9b6d42b525025c3,Acuerdo marco relativo al Servicio para la producción de recursos de aprendizaje propio y recursos editoriales en la UOC en formato audiovisual,"La Universitat Oberta de catalunya requiere de la homologación de proveedores para la realización del ""Servicio para la producción de recursos de aprendizaje propios y recursos editoriales de la UOC en formato audiovisual"", consistente en el desarrollo por parte de diferentes proveedores homologados de las tareas constitutivas del proceso de producción de este tipo de recursos de acuerdo con las características de lo que se llama modelo. Estas tareas son necesarias para producir los recursos audiovisuales que componen el propio catálogo de recursos de aprendizaje y otros recursos editoriales de la UOC",Other,UNKNOWN,buy_262acb26bfbdf5a4121e,Fundació per a la Universitat Oberta de Catalunya,ESP,2026-07-29,2026-09-28,20.0,,,Audio-visual systems & conferencing,AV_RESALE,0.32,0.98,0.58,0.72,0.72,0.82
TED,ted_278338eb14974b8cf176,"Suministro Y Servicios De Soporte, Mantenimiento Y Suscripción De Licencias Microsoft Dynamics 365 Para El Cdti E.P.E. (Centro Para El Desarrollo Tecnológico Y La Innovación E.P.E.)","Suministro Y Servicios De Soporte, Mantenimiento Y Suscripción De Licencias Microsoft Dynamics 365 Para El Cdti E.P.E. (Centro Para El Desarrollo Tecnológico Y La Innovación E.P.E.)",Automation / software,IT services / software,buy_262acb26bfbdf5a4121e,Dirección General de Racionalización y Centralización de la Contratación-Junta de Contratación Centralizada,ESP,2026-08-05,,60.0,,,CRM / Dynamics / Business Central,ENTERPRISE_SOFTWARE,0.62,0.84,0.95,0.45,0.58,0.9
TED,ted_59249d9289949e4f75f3,"Nákup licencí a SW podpory Windows Server DC, SQL Server Enterprise a subskripce DYNAMICS 365","Předmětem Veřejné zakázky je pořízení nových trvalých licencí Windows Server DC, včetně softwarové podpory (SA) na 36 měsíců, prodloužení SA u stávajících licencí Windows Server DC a SQL Server Enterprise na 36 měsíců a dále pořízení subskripce DYNAMICS 365 na období 12 měsíců, přičemž Licence musí Zadavateli umožňovat upgradovat jím užívané počítačové systémy na platformě Windows a získávat licenční práva k SW, to vše prostřednictvím programu MPSA. Dodavatel je za tímto účelem povinen zajistit obnovu stávající multilicenční smlouvy MPSA č. 4100066909 - na poskytování užívacích práv k produktům společnosti Microsoft formou velkoobjemového licencování na období 36 měsíců u trvalých licencí a období 12 měsíců u subskripce.",Automation / software,Software / automation,buy_85fe87d2665464f38efa,"Státní pokladna Centrum sdílených služeb, s. p.",CZE,2026-07-31,2026-09-04,74.0,,,CRM / Dynamics / Business Central,ENTERPRISE_SOFTWARE,0.62,0.84,0.95,0.45,0.58,0.9
TED,ted_57e16303a3b36aea42af,"Servicios de migración, licenciamiento, soporte y evolución funcional del ERP NAVISION de Hospital Intermutual de Euskadi, Centro Mancomunado de Mutuas Colaboradoras con la Seguridad Social nº 291, a MICROSOFT DYNAMICS 365 BUSINESS CENTRAL en modalidad SaaS","El contrato tiene por objeto la contratación de los servicios necesarios para la migración del entorno ERP actual del Hospital a Microsoft Dynamics 365 Business Central en modalidad SaaS, incluyendo el análisis de la situación de partida, la adaptación de personalizaciones, la migración de datos, la configuración del nuevo entorno, la realización de pruebas, la puesta en producción y el soporte de estabilización. Asimismo, forman parte del objeto del contrato la implantación y configuración de los siguientes módulos y/o integraciones funcionales: - Módulo de gestión de contratos plurianuales - Módulo de facturación electrónica FACe - Integración con el Sistema Español de Verificación de Medicamentos (SEVeM)",Automation / software,Software / automation,buy_262acb26bfbdf5a4121e,"Hospital Intermutual de Euskadi, Centro Mancomunado de Mutuas de Accidentes de Trabajo y Enfermadades Profesionales de la Seguridad Social",ESP,2026-07-30,2026-09-04,74.0,,,CRM / Dynamics / Business Central,ENTERPRISE_SOFTWARE,0.62,0.84,0.95,0.45,0.58,0.9
United Kingdom,ten_c098e2ab2f128cc075e6,Customer Relationship Management System,,Other,UNKNOWN,buy_dba756f02bf3866f8366,Sheffield City Council,United Kingdom,2026-07-28,,15.0,,,CRM / Dynamics / Business Central,ENTERPRISE_SOFTWARE,0.62,0.84,0.95,0.45,0.58,0.9
United Kingdom,ten_4948b43b410b7734ef2b,DN Colleges Group - Customer Relationship Management Solution and Implementation,,Other,UNKNOWN,buy_d4ef84aec5fe6d671b35,DN Colleges Group,United Kingdom,2026-07-24,,15.0,,,CRM / Dynamics / Business Central,ENTERPRISE_SOFTWARE,0.62,0.84,0.95,0.45,0.58,0.9
United Kingdom,ten_9bb129b0da90ac8673b4,Customer Relationship Management (CRM) Solution,,Automation / software,IT services / software,buy_853b50133618fa4366fe,National Library of Scotland,United Kingdom,2026-07-17,,60.0,,,CRM / Dynamics / Business Central,ENTERPRISE_SOFTWARE,0.62,0.84,0.95,0.45,0.58,0.9
TED,ted_e3a80298ba1d33096b5a,Microsoft Dynamics 365 Business Central tooteplatvormi arendus-ja hooldustööd,Riigihanke eesmärk on AS Tallinna Vesi Microsoft Dynamics 365 Business Central tooteplatvormi arendus-ja hoolus / Kõrvaldamise alused ja kvalifitseerimistingimused: Vaata hanke alusdokumentidest,Automation / software,IT services / software,buy_e908f43d1dc8cf42dee7,AKTSIASELTS TALLINNA VESI,EST,2026-07-14,2026-08-18,60.0,,,CRM / Dynamics / Business Central,ENTERPRISE_SOFTWARE,0.62,0.84,0.95,0.45,0.58,0.9
TED,ted_e7f667e68997b34637b5,"SERVICIOS DE CONSULTORÍA PARA LA DEFINICIÓN DE LA ESTRATEGIA Y, EN SU CASO, IMPLANTACIÓN DEL ERP DE VEIASA EN BUSINESS CENTRAL, INCLUYENDO LA REIMPLANTACIÓN Y MIGRACIÓN SELECTIVA DE DATOS, PROCESOS E INTEGRACIONES","SERVICIOS DE CONSULTORÍA PARA LA DEFINICIÓN DE LA ESTRATEGIA Y, EN SU CASO, IMPLANTACIÓN DEL ERP DE VEIASA EN BUSINESS CENTRAL, INCLUYENDO LA REIMPLANTACIÓN Y MIGRACIÓN SELECTIVA DE DATOS, PROCESOS E INTEGRACIONES",Automation / software,IT services / software,buy_262acb26bfbdf5a4121e,"VERIFICACIONES INDUSTRIALES DE ANDALUCÍA, S.A.",ESP,2026-07-10,2026-08-10,60.0,,,CRM / Dynamics / Business Central,ENTERPRISE_SOFTWARE,0.62,0.84,0.95,0.45,0.58,0.9
United Kingdom,ten_f5dc7e9793bc33f35746,Microsoft Dynamics Engineer for Finance,,Other,UNKNOWN,buy_945324be357abab8f395,Somerset Council,United Kingdom,2026-07-07,,15.0,,,CRM / Dynamics / Business Central,ENTERPRISE_SOFTWARE,0.62,0.84,0.95,0.45,0.58,0.9
TED,ted_b37980d31fdd6f305e84,RV über Dienst- u. Werkleistungen im Bereich Microsoft Dynamics 365 CRM,"Beratungs-, Implementierungs-, Weiterentwicklungs- und Betriebs-leistungen für Microsoft Dynamics 365 CRM",Automation / software,IT services / software,buy_8ae91618c0c55f52c703,EVN Energieservices GmbH,AUT,2026-07-06,,60.0,,,CRM / Dynamics / Business Central,ENTERPRISE_SOFTWARE,0.62,0.84,0.95,0.45,0.58,0.9
United Kingdom,ten_7b86346fe93414fc3ada,Contract for the Provision of a CRM System and an Employment Support Module,,Other,UNKNOWN,buy_ba258d4c988d6385990a,Surrey County Council,United Kingdom,2026-07-01,,15.0,,,CRM / Dynamics / Business Central,ENTERPRISE_SOFTWARE,0.62,0.84,0.95,0.45,0.58,0.9
TED,ted_ac794a1ad901f2c92f40,USŁUGI UTRZYMANIA I ROZWOJU SYSTEMU KLASY ERP W JEDNOSTCE GMINY MIASTA GDAŃSKA W OPARCIU O MICROSOFT DYNAMICS 365,Przedmiotem zamówienia jest świadczenie usług utrzymania i rozwoju systemu klasy ERP w jednostce Gminy Miasta Gdańska w oparciu o Microsoft Dynamics 365. Przedmiot zamówienia będzie realizowany w ramach zakresu podstawowego i zakresu opcjonalnego. Szczegóły są zawarte w dokumentacji postępowania.,Automation / software,IT services / software,buy_e4d061caa68fce2f60e7,Gdańskie Centrum Informatyczne,POL,2026-06-26,2026-07-28,60.0,,,CRM / Dynamics / Business Central,ENTERPRISE_SOFTWARE,0.62,0.84,0.95,0.45,0.58,0.9
TED,ted_2a88a240f8dc894b809d,X260187ssbee - Adquisición De Servidores Para Ampliación De Plataforma De Virtualización Vmware Cloud Foundation 9.X (Ministerio Del Interior-S. De E. De Seguridad),X260187ssbee - Adquisición De Servidores Para Ampliación De Plataforma De Virtualización Vmware Cloud Foundation 9.X (Ministerio Del Interior-S. De E. De Seguridad),Other,UNKNOWN,buy_262acb26bfbdf5a4121e,Dirección General de Racionalización y Centralización de la Contratación-Junta de Contratación Centralizada,ESP,2026-08-07,,20.0,,,Cloud infrastructure / VMware,CLOUD_INFRA,0.55,0.84,0.95,0.4,0.55,0.86
TED,ted_73b9af6b9d20bf96a82f,"Fornitura chiavi in mano di un Centro di Controllo Aziendale (CCA) completo di sistemi e sottosistemi integrati, centrali e periferici, di monitoraggio e controllo della flotta (AVM/AVL), Demand Responsive Transport (DRT) e bigliettazione elettronica (SBE), conta-passeggeri e informazione multimediale all'utenza ivi inclusa la Garanzia e servizi accessori (Assistenza, IAAS e Manutenzione) per il p","Fornitura chiavi in mano di un Centro di Controllo Aziendale (CCA) completo di sistemi e sottosistemi integrati, centrali e periferici, di monitoraggio e controllo della flotta (AVM/AVL), Demand Responsive Transport (DRT) e bigliettazione elettronica (SBE), conta-passeggeri e informazione multimediale all'utenza ivi inclusa la Garanzia e servizi accessori (Assistenza, IAAS e Manutenzione) per il periodo di 24 mesi nonché Assistenza, IAAS e Manutenzione in Full Service Post Garanzia per il periodo di 96 mesi",Other,UNKNOWN,buy_811f3d14bc58dffafbdd,S.G.M. SOCIETA' GESTIONE MOBILITA' LECCE SPA,ITA,2026-08-06,2026-10-30,20.0,,,Cloud infrastructure / VMware,CLOUD_INFRA,0.55,0.84,0.95,0.4,0.55,0.86
Quebec,ten_798bee0a77a8f1132774,"Offre infonuagique de solutions IAAS, PAAS et SAAS reliées",,Automation / software,Software / automation,buy_ba3e4aa84208122727ab,Tribunal administratif du Québec,Canada - Quebec,2026-07-30,,74.0,,,Cloud infrastructure / VMware,CLOUD_INFRA,0.55,0.84,0.95,0.4,0.55,0.86
Quebec,ten_655d3f04bd8828aa0615,"OFFRES INFONUAGIQUES DE SOLUTIONS IAAS, PAAS ET SAAS RELIÉES – Acquisition d’une solution de sauvegarde de type logiciel-service pour le MCN",,Automation / software,Software / automation,buy_b2fc071dc8e65c9cf119,Ministère de la Cybersécurité et du Numérique - Direction générale des services contractuels,Canada - Quebec,2026-07-28,,74.0,,,Cloud infrastructure / VMware,CLOUD_INFRA,0.55,0.84,0.95,0.4,0.55,0.86
Quebec,ten_9dd067f87f9ea216bc3a,Services infonuagiques de plateforme principale (IaaS - PaaS),,Creative / communications,Design / publishing,buy_edf2fd65cd0cc40ce65c,Secrétariat du Conseil du trésor - Service des contrats,Canada - Quebec,2026-07-28,,82.0,,,Cloud infrastructure / VMware,CLOUD_INFRA,0.55,0.84,0.95,0.4,0.55,0.86
Quebec,ten_dce28825f1cf0c270231,"Offres infonuagiques de solutions IAAS, PAAS ET SAAS RELIÉES – Acquisition de l’outil de Sauvegarde - Metallic",,Automation / software,Software / automation,buy_2b59a9e28d5af4d5da34,Ministère de la Sécurité intérieure,Canada - Quebec,2026-07-28,,74.0,,,Cloud infrastructure / VMware,CLOUD_INFRA,0.55,0.84,0.95,0.4,0.55,0.86
TED,ted_97b29d44cff811cdd28a,GE2612 - Servizi di consulenza specialistica applicativa in ambito Google Cloud Platform e Intelligenza Artificiale,GE2612 - Servizi di consulenza specialistica applicativa in ambito Google Cloud Platform e Intelligenza Artificiale,Automation / software,Software / automation,buy_811f3d14bc58dffafbdd,InfoCamere ScpA,ITA,2026-07-27,2026-09-14,74.0,,,Cloud infrastructure / VMware,CLOUD_INFRA,0.55,0.84,0.95,0.4,0.55,0.86
Germany,ten_d14733452669c1726c28,Broadcom VMware vSphere Foundation Lizenzen,,Automation / software,IT services / software,,,Germany,2026-07-24,2026-08-24,60.0,,,Cloud infrastructure / VMware,CLOUD_INFRA,0.55,0.84,0.95,0.4,0.55,0.86
TED,ted_60843ad27c338b705a3c,"Fornitura chiavi in mano di un Centro di Controllo Aziendale (CCA) completo di sistemi e sottosistemi integrati, centrali e periferici, di monitoraggio e controllo della flotta (AVM/AVL), Demand Responsive Transport (DRT) e bigliettazione elettronica (SBE), conta-passeggeri e informazione multimediale all'utenza ivi inclusa la Garanzia e servizi accessori (Assistenza, IAAS e Manutenzione) per il p","Fornitura chiavi in mano di un Centro di Controllo Aziendale (CCA) completo di sistemi e sottosistemi integrati, centrali e periferici, di monitoraggio e controllo della flotta (AVM/AVL), Demand Responsive Transport (DRT) e bigliettazione elettronica (SBE), conta-passeggeri e informazione multimediale all'utenza ivi inclusa la Garanzia e servizi accessori (Assistenza, IAAS e Manutenzione) per il periodo di 24 mesi nonché Assistenza, IAAS e Manutenzione in Full Service Post Garanzia per il periodo di 96 mesi",Other,UNKNOWN,buy_811f3d14bc58dffafbdd,S.G.M. SOCIETA' GESTIONE MOBILITA' LECCE SPA,ITA,2026-07-22,2026-09-23,20.0,,,Cloud infrastructure / VMware,CLOUD_INFRA,0.55,0.84,0.95,0.4,0.55,0.86
Germany,ten_064b2f0aecb62dd58fe3,Verlängerung VMware vSphere Foundation,,Automation / software,Software / automation,,,Germany,2026-07-21,2026-08-10,74.0,,,Cloud infrastructure / VMware,CLOUD_INFRA,0.55,0.84,0.95,0.4,0.55,0.86
Quebec,ten_c453e6bb28c0115bffa2,"OFFRES INFONUAGIQUES DE SOLUTIONS IAAS, PAAS ET SAAS RELIÉES – Microsoft",,Creative / communications,Design / publishing,buy_8a2ef9b67e945c250726,Bureau d'audiences publiques sur l'environnement,Canada - Quebec,2026-07-20,,82.0,,,Cloud infrastructure / VMware,CLOUD_INFRA,0.55,0.84,0.95,0.4,0.55,0.86
Germany,ten_5e5eb3749214d94cec1e,"Lieferung und Komplettierung einer Server-, Speicher- und SAN-Infrastruktur für den Betrieb virtueller SAP-Systeme auf Basis von VMware vSphere/ESXi",,Creative / communications,Design / publishing,buy_f478f824901ebe07806f,Wismut GmbH,Germany,2026-07-17,2026-08-14,82.0,,,Cloud infrastructure / VMware,CLOUD_INFRA,0.55,0.84,0.95,0.4,0.55,0.86
TED,ted_a0a5d432e89ce3ff3c27,"Digital exhibition design, software development and production for the reopening exhibition for the National Museum of Finland.","The Finnish Heritage Agency, the Exhibitions and Events department of the National Museum of Finland (hereinafter the “Procurement unit”) invites suppliers to submit tenders for media design and production (hereinafter the “Service”) in this call for tenders and its attached annexes. The Service consists of programming, project management and technical delivery of an artificial iIntelligence System in the form of an interactive media software which will be used according to attached plans. The entire deliverable procurement is referred to in hereinafter as the ""System"". The National Museum of Finland will conduct the procurement through an open tendering procedure. The aim is for production to begin immediately after the selection of the supplier in approximately September 2026, and for delivery to the Procurement Unit to be completed no later than January 2027. The procurement documents are available in English. The Procurement unit requests a tender for: 1. Exhibition Media, AV and Interactive Elements including: - Lobby Screen - Intro to the Universe (projection) - Chatty objects - 9 interactive conversational artificial intelligence stations: - Chatty Objects Birds - Chatty Object Scarab - Chatty Object Meteorite - Chatty Object Shiva - Chatty Object Canoe - Chatty Object Turtle Seats - Chatty Object Raven Mask - Chatty Object Chilkat Blanket - Chatty Object Bad Luck Bird - Chatty Object Scarab - Projection (Hybrid element) - Agnicayana film projection solution -Exhibition wide - soundscapes including: - Anvil & hammer - Chatty Objects Birds - Audio - Egg - Chatty Object Meteorite - (hybrid element) - Chatty Object Canoe - (hybrid element) - Chatty Object Raven Mask - (hybrid element) - World tree - Conch - Universe - Overhead Screen - Universe - Chatty Universe The following items are not included within this tender: - Film content for the Agnicayana film projection - Recording of poem for the Egg Soundscape 2. Software, Services and Project Management including: - Software development and testing - Software installation and configuration - Technical and user documentation - Support and on-call services during the exhibtion run - Training for the client's staff in the operation of the delivered systems - Project management covering the entire Procurement 3. Documentation set: - Technical documentation (architecture, APIs, content formats, deployment instructions). - Operational documentation for daily use by exhibition staff. - Maintenance instructions, including restart procedures and troubleshooting steps. - Documentation required under the attached Annex 3 ""03_Data and privacy requirements annex"". - The tenderer shall provide sufficient documentation to enable re-installation and re-use of the System by the Procurement unit without dependency on the tenderer if the Procurement unit wants to use the System in the future after the exhibition. 4. Installation & on site deployment The tenderer shall: - Install all required system software components on site in coordination with the AV integrator contractor (procured separately) and the Procurement unit's team. - Integrate ""The Universe"" content into existing overhead LED screen and newly purchased hardware. - Conduct full system testing. 5. Training for museum staff The tenderer shall: - Provide training sessions for Procurement unit's staff on System operation, daily use and safety as applicable and needed for the procurement. - Provide training materials (slides, troubleshooting guides, quickstart sheets). 6. Final handover package The tenderer shall provide: - Final approved versions of all media assets. - Backup copies of the System and its configurations. - A complete inventory of all delivered software. - End of project report summarizing methods, design decisions, and technical notes. The procurements requirements are explained in more detail further on in this call for tenders and its attached annexes. The estimated value of the procurement is according to the Procurement unit 400 000 - 550 000 EUR (VAT 0%). Some of the attached annexes in the call for tenders contains confidential information. The documents are available upon request via email to hankinnat@museovirasto.fi. The tenderer shall in its request to receive the documents ensure, that it keeps the information received from the Procurement unit only to itself and uses that information for its tender according to this procurement process. The information is considered confidential even after the procurement process has ended.",Creative / communications,Design / publishing,buy_21d608cefc7ad1917578,Finnish Heritage Agency / Museovirasto,FIN,2026-07-31,2026-09-02,82.0,,,Custom software development,SOFTWARE_SERVICES,0.82,0.82,0.98,0.55,0.6,0.92
United Kingdom,ten_f5108912d7a001aa4632,Medical Erostering Software Solution,,Automation / software,Software / automation,buy_3822eb86af63d8a5253b,The Rotherham NHS Foundation Trust,United Kingdom,2026-07-31,2026-08-25,72.0,,,Custom software development,SOFTWARE_SERVICES,0.82,0.82,0.98,0.55,0.6,0.92
Germany,ten_90df673eeb717f929731,Non-binding Market Exploration: MRO / EASA Part-145 Software Solutions,,Automation / software,Software / automation,,,Germany,2026-07-30,,74.0,,,Custom software development,SOFTWARE_SERVICES,0.82,0.82,0.98,0.55,0.6,0.92
United Kingdom,ten_b0570eacf0597c11daa8,Preliminary Market Engagement for a Trade Waste Software Solution,,Automation / software,Software / automation,buy_46706e4367a785caace6,Birmingham City Council,United Kingdom,2026-07-22,,72.0,,,Custom software development,SOFTWARE_SERVICES,0.82,0.82,0.98,0.55,0.6,0.92
United Kingdom,ten_086b5528ef574fab8624,Provision of Remote Agile Application Development Services,,Automation / software,Software / automation,buy_5c3d88d151046151bbc2,CERN,United Kingdom,2026-07-07,,72.0,,,Custom software development,SOFTWARE_SERVICES,0.82,0.82,0.98,0.55,0.6,0.92
United Kingdom,ten_66d48d6fb3f6e1090379,Traffic Census Data Storage Software Solution,,Automation / software,Software / automation,buy_2435ba89dd502b012f78,Derbyshire County Council,United Kingdom,2026-07-07,,72.0,,,Custom software development,SOFTWARE_SERVICES,0.82,0.82,0.98,0.55,0.6,0.92
United Kingdom,ten_ef0aec49db59910a7588,E-PUBLICATION SERVICES & SOFTWARE SOLUTIONS,,Creative / communications,Design / publishing,buy_dccf1961f194649b717d,North Northamptonshire Council,United Kingdom,2026-07-07,,80.0,,,Custom software development,SOFTWARE_SERVICES,0.82,0.82,0.98,0.55,0.6,0.92
United Kingdom,ten_b8d7e526d55ac8d3647a,Legal Online Subscription - E-Publication Services & Software Solutions,,Creative / communications,Design / publishing,buy_a74e5e6ccab08fc60f23,"The Police, Fire and Crime Commissioner for Cumbria",United Kingdom,2026-06-30,,80.0,,,Custom software development,SOFTWARE_SERVICES,0.82,0.82,0.98,0.55,0.6,0.92
United Kingdom,ten_0b68ffd9804a3979ad07,P6422 Integrated Business & Software Solutions,,Automation / software,Software / automation,buy_cf1c4644b40d9aff570c,Staffordshire Moorlands District Council,United Kingdom,2026-06-29,,72.0,,,Custom software development,SOFTWARE_SERVICES,0.82,0.82,0.98,0.55,0.6,0.92
Quebec,ten_7d5c6d57ae9b8ffee82b,Développement Logiciel : Peak Sight Automated AI mass spectrometry report review,,Automation / software,Software / automation,buy_b3c6f005d23b7f602783,Institut national de la recherche scientifique (INRS),Canada - Quebec,2026-06-25,,74.0,,,Custom software development,SOFTWARE_SERVICES,0.82,0.82,0.98,0.55,0.6,0.92
United Kingdom,ten_5ece536b596e9e45d32c,Fleet Management Software Solution - Key2,,Automation / software,Software / automation,buy_6274b5688873d0248434,"Police, Fire & Crime Commissioner for Staffordshire",United Kingdom,2026-06-19,,72.0,,,Custom software development,SOFTWARE_SERVICES,0.82,0.82,0.98,0.55,0.6,0.92
United Kingdom,ten_5fbd7f377b84b4931533,Application Development and Maintenance Services,,Automation / software,Software / automation,buy_2dfcbe23a0dedc7b6f23,Department for Energy Security & Net Zero,United Kingdom,2026-06-19,,72.0,,,Custom software development,SOFTWARE_SERVICES,0.82,0.82,0.98,0.55,0.6,0.92
TED,ted_0738c869c8d572ff0bfd,Lieferung Ersatz- und Verschleißteile Siemens AG,Die Wien Energie GmbH (im Folgenden kurz „AG“) beabsichtigt den Abschluss einer Rahmenvereinbarung gemäß § 208 BVergG idgF mit einem Partner (im Folgenden kurz „AN“) über die Lieferung von Ersatzteilen für Lagerstandorte der Wien Energie GmbH im Großraum Wien.,Other,UNKNOWN,buy_e7a8a789a94e5ca5c511,WIEN ENERGIE GmbH,AUT,2026-08-12,,20.0,,,Cybersecurity / SOC / managed security,CYBER_PARTNERABLE,0.65,0.86,0.95,0.38,0.5,0.92
TED,ted_2b05f4f1ae2747940b19,Umowa na świadczenie usług wsparcia serwisowego dla urządzeń Palo Alto,"1) Przedmiotem zamówienia jest świadczenie usług wsparcia serwisowego dla urządzeń Palo Alto 2) Opis potrzeb zamawiającego i cechy charakterystyczne przedmiotu zamówienia oraz minimalne wymagania dotyczące przedmiotu zamówienia/realizacji zamówienia, niepodlegające negocjacjom, które muszą spełnić wszystkie oferty określono w Części II OPIW, z tym że na etapie ogłoszenia zamówienia zostanie udostępniony skrócony opis potrzeb i wymagań zamówienia – stosownie do postanowień art. 18 ustawy Pzp. Wykonawcy zobowiązani są do złożenia oświadczeń o zachowanie poufności wraz z wnioskiem o dopuszczenie do udziału w postępowaniu (wzory w Części III OPIW). Działając na podstawie art. 381 ust. 9 oraz 133 ust. 3 ustawy, Zamawiający ustanawia wymagania dotyczące zachowania poufnego charakteru informacji przekazanych Wykonawcom w toku postępowania. Poufny charakter mają następujące części OPIW: Część II OPIW – Opis przedmiotu zamówienia oraz Część IV OPIW - Projektowane postanowienia umowy. Wykonawcy zaproszeni do udziału w kolejnym etapie postępowania, tj. wraz z zaproszeniem do negocjacji otrzymają pełny opis przedmiotu zamówienia (Część II OPIW) oraz Projektowane postanowienia umowy (Część IV OPIW). 3) Zamawiający nie dopuszcza składania ofert częściowych. 4) Zamawiający nie dopuszcza składania ofert wariantowych. 5) Zamawiający nie zastrzega obowiązku osobistego wykonania przez Wykonawcę kluczowych zadań. 6) Zamawiający podkreśla, że niniejsze postępowanie prowadzone jest w trybie sektorowych negocjacji z ogłoszeniem. Oznacza to, że po złożeniu wniosków, z zakwalifikowanymi do II etapu postępowania Wykonawcami, negocjowane będą warunki realizacji przedmiotu zamówienia (nie mogą one prowadzić do zmiany przedmiotu zamówienia, w tym w szczególności danych wskazanych w ogłoszeniu o wszczęciu postępowania).",Automation / software,IT services / software,buy_e4d061caa68fce2f60e7,Polskie Sieci Elektroenergetyczne Spółka Akcyjna,POL,2026-08-12,,60.0,,,Cybersecurity / SOC / managed security,CYBER_PARTNERABLE,0.65,0.86,0.95,0.38,0.5,0.92
TED,ted_89bdc9e4d1d1d0cbc154,Świadczenie usług w zakresie przeglądów i napraw pogwarancyjnych Rezonansu Magnetycznego Magnetom Skyra Produkcji Firmy Siemens Healthcare Sp. z o.o. dla potrzeb Mazowieckiego Szpitala Bródnowskiego Sp. z o.o.,"Przedmiotem zamówienia jest Świadczenie usług w zakresie przeglądów i napraw pogwarancyjnych Rezonansu Magnetycznego Magnetom Skyra Produkcji Firmy Siemens Healthcare Sp. z o.o. dla potrzeb Mazowieckiego Szpitala bródnowskiego Sp. z o.o., MSB/PN/51/07/2026, których szczegółowy zakres i przedmiot zamówienia został określony w załączniku nr 9 do SWZ (OPZ). Szczegółowe obowiązki Wykonawcy opisane są w projekcie umowy stanowiącym załącznik nr 4 do SWZ.",Other,UNKNOWN,buy_e4d061caa68fce2f60e7,Mazowiecki Szpital Bródnowski Spółka z ograniczoną odpowiedzialnością,POL,2026-08-12,2026-09-16,20.0,,,Cybersecurity / SOC / managed security,CYBER_PARTNERABLE,0.65,0.86,0.95,0.38,0.5,0.92
TED,ted_d01829f489a9d69d4617,Sukcesywna dostawa sprzętu jednorazowego użytku dla SP ZOZ w Siemiatyczach,"1. Przedmiotem zamówienia jest sukcesywna dostawa asortymentu Jednorazowego użytku, zgodnie z opisem przedstawionym w załącznik nr 2 do SIWZ w podziale na 65 pakietów. – Formularze asortymentowo – ilościowo – cenowy. 2. Szczegółowy opis przedmiotu zamówienia, zestawienie wymaganych parametrów granicznych objętych dostawą wymienionych w ust. 1 zawierają formularz asortymentowo ilościowy wraz z opisem, stanowi załączniki nr 2 do SWZ w szczegółowo do oferty, stanowiącym integralną jej część, a następnie integralną część umowy dostawy. 3. Wykonawca jest zobligowany do podania numeru REF oraz katalogowego dla każdego zaoferowanego produktu, którego dotyczy rozbicie na rozmiary, numerację wielkości. Z podanych informacji ma wynikać jakie produkty i jakie rozmiary Wykonawca oferuje w formularzu cenowym. 4. Niepoprawny lub niekompletny REF lub nr katalogowy zawierający również elementy w postaci „xxxxx” uniemożliwiający samodzielne identyfikowanie asortymentu przez Zamawiającego będzie skutkował odrzuceniem oferty jako niezgodnej z SWZ 5. Wykonawca zobowiązany jest zrealizować zamówienie na zasadach i warunkach opisanych we wzorze umowy dostawy stanowiącym załącznik nr 3 do SWZ. 6. Ilość Towaru określona w SWZ, przewidziana do nabycia w okresie obowiązywania Umowy, została określona w sposób szacunkowy. Ilość Towaru nabyta przez Zamawiającego w okresie obowiązywania Umowy może być mniejsza bądź wzrosnąć i z tego tytułu nie przysługują Wykonawcy względem Zamawiającego żadne roszczenia, o ile Zamawiający nabędzie Towary o wartości nie niższej niż 40 % 7. Zamawiający wymaga, aby asortyment oferowany w niniejszym postępowaniu o udzielenie zamówienia publicznego, w zakresie składanej oferty spełniał warunki i posiadał niezbędne oznakowanie, certyfikaty, deklaracje zgodności wprowadzające do obrotu i używania na terytorium państwa członkowskiego, o których mowa w ustawie z dnia 7 kwietnia 2022 r. o wyrobach medycznych (Dz.U. 2024 poz.1620 z póź zm) 8. Zamawiający wymaga, aby produkty oferowane w niniejszym postępowaniu o udzielenie zamówienia publicznego, w zakresie składanej oferty, spełniały określone normy, posiadały aktualne karty charakterystyki oraz aktualne wpisy do Rejestru Środków chemicznych i Materiałów Medycznych dopuszczające do obrotu i używania na terytorium RP, o których mowa w ustawie z dnia 6 września 2001 roku Prawo farmaceutyczne (Dz.U.2026.poz 612 t.j) 9. Okres ważności dostarczonych Towarów nie może być krótszy, niż 12 miesięcy od dnia odbioru dostawy Towarów, dostawy produktów z krótszym terminem ważności mogą być dopuszczone w wyjątkowych sytuacjach, każdorazowo zgodę na nie musi wyrazić upoważniony przedstawiciel Zamawiającego. 10. Wykonawca powinien przedłożyć ofertę zgodnie z formularzem cenowym (Załącznik nr 2). 11. Wykonawca zobowiązany jest do wskazania w formularzu ofertowym – Załącznik nr 1 – te pozycje zamówienia, których wykonanie zamierza powierzyć podwykonawcom. (dotyczy/nie dotyczy). 12. Ustalenia i decyzje dotyczące wykonywania zamówienia uzgadniane będą przez Zamawiającego z ustanowionym przedstawicielem Wykonawcy. 13. Zamawiający nie ponosi odpowiedzialności za szkody wyrządzone przez Wykonawcę podczas wykonywania przedmiotu zamówienia. 14. Jeżeli w opisie przedmiotu zamówienia - określonym w Załączniku nr 2 - znajduje się jakikolwiek znak towarowy patent, norma czy pochodzenie, należy przyjąć, że Zamawiający podał taki opis ze wskazaniem na typ i dopuszcza składanie ofert równoważnych o parametrach nie gorszych niż te, podane pod pojęciem typu. Jednocześnie przypominamy, że zgodnie z art. 95 ust. 5 ustawy PZP Wykonawca, który powołuje się na rozwiązania równoważne opisywanym przez Zamawiającego, jest obowiązany wykazać, że oferowany przez niego przedmiot zamówienia spełnia wymagania określone przez Zamawiającego.",Other,UNKNOWN,buy_e4d061caa68fce2f60e7,Samodzielny Publiczny Zakład Opieki Zdrowotnej w Siemiatyczach,POL,2026-08-11,2026-09-14,20.0,,,Cybersecurity / SOC / managed security,CYBER_PARTNERABLE,0.65,0.86,0.95,0.38,0.5,0.92
TED,ted_3c42cbfb7ce6f6c70a4f,PROCEDURA APERTA SOPRA SOGLIA COMUNITARIA PER LAFFIDAMENTO DEL SERVIZIO DI REVISIONE GENERALE DI LIVELLO T2 DELLE DUE LOCOMOTIVE SIEMENS TAURUS E190 DI PROPRIET DI SOCIETA' FERROVIE UDINE CIVIDALE S.R.L,PROCEDURA APERTA SOPRA SOGLIA COMUNITARIA PER LAFFIDAMENTO DEL SERVIZIO DI REVISIONE GENERALE DI LIVELLO T2 DELLE DUE LOCOMOTIVE SIEMENS TAURUS E190 DI PROPRIET DI SOCIETA' FERROVIE UDINE CIVIDALE S.R.L,Other,UNKNOWN,buy_811f3d14bc58dffafbdd,Società Ferrovie Udine Cividale,ITA,2026-08-11,2026-09-30,20.0,,,Cybersecurity / SOC / managed security,CYBER_PARTNERABLE,0.65,0.86,0.95,0.38,0.5,0.92
TED,ted_b4e3bc5caf223cd5e38c,Świadczenie usług wsparcia technicznego dla oprogramowania Check Point,"1. Przedmiotem zamówienia jest zapewnienie odnowienia oraz kontynuacji usługi wsparcia technicznego Maintenance CPCES-CO-STANDARD (Check Point Collaborative Enterprise Support CO-Standard) dla użytkowanych przez Zamawiającego produktów Check Point, znajdujących się na koncie 6592126 oraz 8489736 wraz z odnowieniem i zapewnieniem pakietów subskrypcji o poziomie identycznym z aktualnie posiadanym na ww. kontach – wchodzących w skład systemu bezpieczeństwa Zamawiającego, zwanego dalej „systemem” lub „systemem Check Point”, na okres subskrypcyjny od dnia 27.09.2026 r. do dnia 26.09.2027 r., z zachowaniem ciągłości posiadanych przez Zamawiającego praw licencyjnych oraz wsparcia producenta. 2. Wsparcie techniczne świadczone będzie przez Wykonawcę w oparciu o wsparcie producenta systemu. Wsparcie Wykonawcy musi być świadczone w języku polskim. 3. Zamawiający informuje, że zgodnie z zasadami licencjonowania producenta zachowanie ciągłości wsparcia i praw licencyjnych wymaga objęcia zamówieniem pełnego okresu subskrypcyjnego od 27.09.2026 r. do 26.09.2027 r. 4. W związku z powyższym cena ofertowa powinna obejmować pełny okres subskrypcyjny wskazany w ust. 3.",Automation / software,IT services / software,buy_e4d061caa68fce2f60e7,Rządowe Centrum Legislacji,POL,2026-08-10,2026-09-07,60.0,,,Cybersecurity / SOC / managed security,CYBER_PARTNERABLE,0.65,0.86,0.95,0.38,0.5,0.92
TED,ted_b6906d9f166382fd48db,"Suministro de Siembra Automatizada, Medios de Cultivo y Transporte de Muestras necesarios para la realización de técnicas de Microbiología para la OSI Ezkerraldea Enkarterri Cruces","Suministro de Siembra Automatizada, Medios de Cultivo y Transporte de Muestras necesarios para la realización de técnicas de Microbiología para la OSI Ezkerraldea Enkarterri Cruces",Automation / software,Software / automation,buy_841549a12d17237ad802,OSAKIDETZA - Servicio Vasco de Salud - Hospital Universitario Cruces (Impulsora),ESP,2026-08-10,,74.0,,,Cybersecurity / SOC / managed security,CYBER_PARTNERABLE,0.65,0.86,0.95,0.38,0.5,0.92
TED,ted_e8786fa7e5ff0d8c0317,Podaljšanje licenc in vzdrževanje sistema za upravljanje varnostnih dogodkov (SIEM),Podaljšanje licenc in vzdrževanje sistema za upravljanje varnostnih dogodkov (SIEM),Automation / software,IT services / software,buy_e485d016ee83f57656f8,BANKA SLOVENIJE,SVN,2026-08-10,2026-09-21,60.0,,,Cybersecurity / SOC / managed security,CYBER_PARTNERABLE,0.65,0.86,0.95,0.38,0.5,0.92
TED,ted_5152f419f7886642b366,"Tehniskās apkopes, remonta pakalpojumi un rezerves daļu iegāde Dienvidkurzemes novada pašvaldības autobusiem","Tehniskās apkopes, remonta pakalpojumi un rezerves daļu iegāde Dienvidkurzemes novada pašvaldības autobusiem",Other,UNKNOWN,buy_4f3a1b7a7c2e453ef94b,Dienvidkurzemes novada pašvaldība,LVA,2026-08-10,2026-08-26,20.0,,,Cybersecurity / SOC / managed security,CYBER_PARTNERABLE,0.65,0.86,0.95,0.38,0.5,0.92
TED,ted_0bc7a787895b56ee7506,"Cybersecurity solution for orchestration, automation and response","Cybersecurity solution for orchestration, automation and response",Automation / software,Software / automation,buy_5ed803fae1f670fc4749,Public Entreprise for State Roads - Skopje,MKD,2026-08-06,2026-09-17,74.0,,,Cybersecurity / SOC / managed security,CYBER_PARTNERABLE,0.65,0.86,0.95,0.38,0.5,0.92
TED,ted_146db946a30e9fdbb822,"Fijar las normas de referencia de los contratos basados durante la ejecución del mismo, de obras en los cementerios, crematorios y tanatorios municipales, así como en los espacios libres, viales y zonas ajardinadas que forman parte de dichos recintos, gestionados por SFM, siempre que estén destinados al funcionamiento operativo de los servicios y/o al uso público.","Acuerdo marco de obras para establecer las normas que regirán la adjudicación de contratos basados para actuaciones en cementerios, crematorios, tanatorios municipales y en los espacios libres, viales y zonas ajardinadas asociados, gestionados por la Empresa Municipal de Servicios Funerarios y Cementerios de Madrid, S.A., destinados al funcionamiento de los servicios y/o al uso público.",Other,UNKNOWN,buy_262acb26bfbdf5a4121e,"Empresa Municipal de Servicios Funerarios y Cementerios de Madrid, S.A.",ESP,2026-08-06,2026-09-22,20.0,,,Cybersecurity / SOC / managed security,CYBER_PARTNERABLE,0.65,0.86,0.95,0.38,0.5,0.92
TED,ted_20120c5535efcab0e54a,Dostawa subskrypcji oraz wsparcia serwisowego wraz z rozbudową licencyjną urządzeń firewall Palo Alto Networks,"1. Przedmiotem zamówienia jest objęcie 36 miesięcznym wsparciem serwisowym urządzeń NGFW posiadanych przez Zamawiającego wraz z dostawą licencji i subskrypcji. 2. Szczegółowy opis przedmiotu zamówienia, wykaz zadań, terminów oraz warunki realizacji przedmiotu zamówienia, płatności, etc. określone zostały w Projektowanych Postanowieniach Umowy (dalej: „PPU”), które stanowią załącznik nr 2 do SWZ i Opisie Przedmiotu Zamówienia (dalej: „OPZ”). OPZ został podzielony na część jawną (który stanowi załącznik nr 1 do SWZ) oraz niejawną (który stanowi załącznik nr 1a do SWZ). Część jawna zostanie opublikowana wraz ze SWZ na Platformie Zakupowej, natomiast część niejawna zostanie przekazana Wykonawcom, którzy podpiszą z Zamawiającym umowę o zachowaniu poufności (NDA), której wzór stanowi załącznik nr 13 do SWZ.",Automation / software,Software / automation,buy_e4d061caa68fce2f60e7,Bank Gospodarstwa Krajowego,POL,2026-08-06,2026-09-11,74.0,,,Cybersecurity / SOC / managed security,CYBER_PARTNERABLE,0.65,0.86,0.95,0.38,0.5,0.92
TED,ted_f0f12be4f4580692e53f,"PROCEDURA APERTA PER L’AFFIDAMENTO DELLA FORNITURA DI SENSORI DI CAMPO, CON POSA, PER LA RILEVAZIONE E IL MONITORAGGIO DELLA SOSTA CITTADINA SU STRADA E FORNITURA DI RELATIVO SISTEMA DI GESTIONE NELL’AMBITO DEL PROGETTO “BE SMILE BRESCIA EVOLUTED SMART MOBILITY SYSTEM WITH INTEGRATED DATA LAKE*COMUNE DI BRESCIA*SISTEMI INFORMATICI E ATTREZZATURE TECNOLOGICHE PER LA MOBILITÀ”","Brescia Mobilità S.p.A. ha determinato di indire congiuntamente, per conto proprio e del Comune di Brescia, una procedura di gara aperta, ai sensi dell’art. 71 del D.lgs. 36/2023 per l’affidamento della fornitura e posa dei Sensori e del relativo sistema di monitoraggio, comprensiva delle prestazioni accessorie di supporto tecnico specialistico L’Appalto si articola nelle seguenti prestazioni: a) fornitura con posa di sensori di campo, per un totale di n. 1.545 Sensori; b) fornitura di una piattaforma di monitoraggio dei Sensori; c) servizi di supporto tecnico-specialistico per lo sviluppo delle integrazioni; Una descrizione più dettagliata e puntuale di tali prestazioni, oggetto dell'Appalto, è contenuti nei documenti di gara, cui si rinvia.",Other,UNKNOWN,buy_811f3d14bc58dffafbdd,Brescia Mobilità S.p.A.,ITA,2026-08-10,2026-09-21,20.0,,,Data platform / warehouse / BI,DATA_SOFTWARE,0.88,0.82,0.98,0.58,0.68,0.92
TED,ted_6f7bcf8c5c1be21e4ab7,Dezvoltarea soluției DATA WAREHOUSE,"Dezvoltarea soluției DATA WAREHOUSE, Licitație deschisă",Automation / software,IT services / software,buy_913b0f6de46122300a4a,"Direcția Generală Arhitectură, Urbanism și Relații Funciare",MDA,2026-08-07,,60.0,,,Data platform / warehouse / BI,DATA_SOFTWARE,0.88,0.82,0.98,0.58,0.68,0.92
United Kingdom,ten_788d2f0f64f92c2488f4,Business Intelligence Platform,,Other,UNKNOWN,buy_2a4a33dfa358ff0446d5,Liverpool City Region Combined Authority,United Kingdom,2026-07-29,,15.0,,,Data platform / warehouse / BI,DATA_SOFTWARE,0.88,0.82,0.98,0.58,0.68,0.92
United Kingdom,ten_ee98216ac2a591d54422,Provision of Data Platform Development and Support for DBT,,Other,UNKNOWN,buy_554e1fc698f015e27f11,Department for Business & Trade,United Kingdom,2026-07-27,,15.0,,,Data platform / warehouse / BI,DATA_SOFTWARE,0.88,0.82,0.98,0.58,0.68,0.92
Germany,ten_254329f953f24b496bf1,Rahmenvertrag über Beratungs- und Dienstleistungen im Umfeld der SAP Business Intelligence für den Konzern Stadt Dresden,,Automation / software,IT services / software,buy_32a0b72ccfdb20f14112,SachsenNetze HS.HD GmbH,Germany,2026-07-24,,60.0,,,Data platform / warehouse / BI,DATA_SOFTWARE,0.88,0.82,0.98,0.58,0.68,0.92
United Kingdom,ten_fccb4ffdfcf888ffbc1d,Building Advisor is a cloud-based building analytics platform,,Other,UNKNOWN,buy_b36c3c47ce15e437480b,The Mayor and Commonalty and Citizens of the City of London,United Kingdom,2026-07-23,,15.0,,,Data platform / warehouse / BI,DATA_SOFTWARE,0.88,0.82,0.98,0.58,0.68,0.92
TED,ted_71912c73ead34453d810,CIRMIS DATA LAKE,"PROCEDURA APERTA CON APPLICAZIONE DEL CRITERIO DELL’OFFERTA ECONOMICAMENTE PIÙ VANTAGGIOSA INDIVIDUATA SULLA BASE DEL MIGLIOR RAPPORTO QUALITÀ PREZZO, AI SENSI DEGLI ARTT. 71 e 108 COMMA 1 DEL D.LGS. N. 36/2023 S.M.I. AVENTE AD OGGETTO LA FORNITURA HARDWARE CON SOFTWARE INTEGRATO PER L'IMPLEMENTAZIONE DI UN DATA-LAKE PER LA RACCOLTA DI DATI DI TIPO MEDICO E SERVIZI CONNESSI DESTINATA A COSTITUIRE IL DATALAKE DEL PROGETTO DHEAL-COM",Automation / software,Software / automation,buy_811f3d14bc58dffafbdd,UNIVERSITA DEGLI STUDI DI NAPOLI FEDERICO II,ITA,2026-07-16,,74.0,,,Data platform / warehouse / BI,DATA_SOFTWARE,0.88,0.82,0.98,0.58,0.68,0.92
TED,ted_6c6a6568b0a3b338f6cd,FORNITURA ESPANSIONE DATA PLATFORM VAST E RELATIVI SERVIZI CONNESSI,FORNITURA ESPANSIONE DATA PLATFORM VAST E RELATIVI SERVIZI CONNESSI,Automation / software,Software / automation,buy_811f3d14bc58dffafbdd,CINECA Consorzio Interuniversitario,ITA,2026-07-15,,74.0,,,Data platform / warehouse / BI,DATA_SOFTWARE,0.88,0.82,0.98,0.58,0.68,0.92
TED,ted_3f27c8f3a1116111803b,"SERVICIO DE MANTENIMIENTO, SOPORTE TÉCNICO Y EVOLUCIÓN DE LOS SISTEMAS DE BUSINESS INTELLIGENCE DEL CENTRO DE INFORMACIÓN Y SERVICIOS (CEIS) Y PROYECTOS BI GESTIONADOS POR SANDETEL","SERVICIO DE MANTENIMIENTO, SOPORTE TÉCNICO Y EVOLUCIÓN DE LOS SISTEMAS DE BUSINESS INTELLIGENCE DEL CENTRO DE INFORMACIÓN Y SERVICIOS (CEIS) Y PROYECTOS BI GESTIONADOS POR SANDETEL",Automation / software,IT services / software,buy_262acb26bfbdf5a4121e,"Sociedad Andaluza para el Desarrollo de las Telecomunicaciones, S.A.",ESP,2026-07-09,,60.0,,,Data platform / warehouse / BI,DATA_SOFTWARE,0.88,0.82,0.98,0.58,0.68,0.92
United Kingdom,ten_5c757c2c04fd846bee11,Enterprise Data Platform Enhancement,,Other,UNKNOWN,buy_f1422865381e7a557b00,Transport for Wales,United Kingdom,2026-07-09,,15.0,,,Data platform / warehouse / BI,DATA_SOFTWARE,0.88,0.82,0.98,0.58,0.68,0.92
Belgium,bel_85d7f467acb72abaf6542ff4,Raamovereenkomst voor het leveren van support voor BI – Data platform,"De Watergroep is op zoek naar een partner die haar kan ondersteunen bij de verdere uitbouw, professionalisering en continuïteit van haar data- en business intelligence-omgeving.   De ondersteuning omvat zowel strategische als operationele diensten binnen het domein van data-integratie, data-engineering, analytics en rapportering, en dit in een context van moderne cloud- en lakehouse-architecturen.",,,buy_09f1813a2964cff164532232,Vlaamse Maatschappij voor Watervoorziening CV (De Watergroep),BE,2026-07-08,2026-08-17,,https://www.publicprocurement.be/publication-workspaces/fb652837-d778-4c80-b612-77b070daecf1,,Data platform / warehouse / BI,DATA_SOFTWARE,0.88,0.82,0.98,0.58,0.68,0.92
Belgium,bel_a7a3fc69da7cfee5c63350f5,Composable Customer Data Platform,"Partenamut souhaite améliorer l'autonomie des équipes et la qualité de ses données en utilisant une CDP composable, qui s’appuie sur l’investissement existant dans AWS Redshift comme « source unique de vérité » centrale. L’objectif est de découpler la couche de données de la couche applicative, afin de garantir une pleine maîtrise des données, la sécurité et la flexibilité opérationnelle.",,,buy_c0c17e331f95af0575418823,Partena-Mutualité Libre,BE,2026-07-03,2026-07-10,,https://www.publicprocurement.be/publication-workspaces/a7a5140f-9684-4ac1-a4e6-c35cec2e8a65,,Data platform / warehouse / BI,DATA_SOFTWARE,0.88,0.82,0.98,0.58,0.68,0.92
TED,ted_6467785c3b5d20272a97,Adquisición de licencias en propiedad de microsoft sql server enterprise con SA,Adquisición de licencias en propiedad de microsoft sql server enterprise con SA,Automation / software,IT services / software,buy_841549a12d17237ad802,LANTIK - LANTIK,ESP,2026-08-06,2026-09-08,60.0,,,Database / SQL / Oracle services,DATABASE_SOFTWARE,0.68,0.86,0.98,0.5,0.62,0.9
TED,ted_59249d9289949e4f75f3,"Nákup licencí a SW podpory Windows Server DC, SQL Server Enterprise a subskripce DYNAMICS 365","Předmětem Veřejné zakázky je pořízení nových trvalých licencí Windows Server DC, včetně softwarové podpory (SA) na 36 měsíců, prodloužení SA u stávajících licencí Windows Server DC a SQL Server Enterprise na 36 měsíců a dále pořízení subskripce DYNAMICS 365 na období 12 měsíců, přičemž Licence musí Zadavateli umožňovat upgradovat jím užívané počítačové systémy na platformě Windows a získávat licenční práva k SW, to vše prostřednictvím programu MPSA. Dodavatel je za tímto účelem povinen zajistit obnovu stávající multilicenční smlouvy MPSA č. 4100066909 - na poskytování užívacích práv k produktům společnosti Microsoft formou velkoobjemového licencování na období 36 měsíců u trvalých licencí a období 12 měsíců u subskripce.",Automation / software,Software / automation,buy_85fe87d2665464f38efa,"Státní pokladna Centrum sdílených služeb, s. p.",CZE,2026-07-31,2026-09-04,74.0,,,Database / SQL / Oracle services,DATABASE_SOFTWARE,0.68,0.86,0.98,0.5,0.62,0.9
TED,ted_e318798f8f0bfd3a8c3c,Prodloužení podpory stávajících licencí MS SQL Server,"Předmětem plnění této veřejné zakázky je zajištění software licencí nutných pro provoz databázových a kancelářských aplikací pro Národní památkový ústav dle následující specifikace: - veškeré licence jsou požadovány v licenčním programu Microsoft Government, připsání licencí k licenčnímu účtu zadavatele bude řešeno s vítězným dodavatelem.",Automation / software,Software / automation,buy_85fe87d2665464f38efa,Národní památkový ústav,CZE,2026-07-29,,74.0,,,Database / SQL / Oracle services,DATABASE_SOFTWARE,0.68,0.86,0.98,0.5,0.62,0.9
TED,ted_a495ed9ca7d1f1289155,Zakup licencji Ms SQL Server Enterprise i BizTalkServer.,"Zakup licencji Ms SQL Server Enterprise i BizTalkServer, zgodnie z załącznikiem nr 1 do SWZ.",Automation / software,IT services / software,buy_e4d061caa68fce2f60e7,PKP Polskie Linie Kolejowe S.A.,POL,2026-07-24,2026-08-27,60.0,,,Database / SQL / Oracle services,DATABASE_SOFTWARE,0.68,0.86,0.98,0.5,0.62,0.9
United Kingdom,ten_07f33b6b8c58d3d5cbc7,SQL Server Subscription Renewal,,Automation / software,Software / automation,buy_9a250ea626f0106e4475,Hywel Dda University Health Board,United Kingdom,2026-07-23,,72.0,,,Database / SQL / Oracle services,DATABASE_SOFTWARE,0.68,0.86,0.98,0.5,0.62,0.9
TED,ted_b1db36d62f88e3fa3ae4,"Prestations spécialisées SAP Basis et bases de données (Oracle, SQL Server, PostgreSQL) avec service de piquet","Le marché porte sur des prestations d’expertise technique et de support liées aux environnements SAP Basis et aux bases de données (Oracle, SQL Server, PostgreSQL), ainsi que sur la mise à disposition d’un service de piquet visant à garantir la continuité et la disponibilité des services.",Automation / software,IT services / software,buy_bacf2bcb45c828276231,Services industriels de Genève (SIG) - Direction Achats,CHE,2026-07-21,2026-09-04,60.0,,,Database / SQL / Oracle services,DATABASE_SOFTWARE,0.68,0.86,0.98,0.5,0.62,0.9
Germany,ten_889db0e0ea7060bb5340,Erneuerung ESX und MSSQL Server,,Other,UNKNOWN,buy_9308386f7915910f370e,"Landkreis Oder-Spree, Der Landrat, Dez. II, Stabsstelle IT und Digitalisierung",Germany,2026-07-21,2026-08-24,15.0,,,Database / SQL / Oracle services,DATABASE_SOFTWARE,0.68,0.86,0.98,0.5,0.62,0.9
Germany,ten_c2d1184d828d225ffe6b,Betriebsunterstützung Oracle Database Appliance (ODA) und Datenbanken für Knappschaft Kliniken,,Automation / software,IT services / software,buy_32c18229a3164fc8cd29,Knappschaft Kliniken Solution,Germany,2026-07-15,2026-08-07,60.0,,,Database / SQL / Oracle services,DATABASE_SOFTWARE,0.68,0.86,0.98,0.5,0.62,0.9
United Kingdom,ten_d90a2d15baed4ba5b3a4,Oracle & Microsoft SQL Server (26-27),,Other,UNKNOWN,buy_9565d6fd265e65db6628,General Medical Council (GMC),United Kingdom,2026-07-14,,15.0,,,Database / SQL / Oracle services,DATABASE_SOFTWARE,0.68,0.86,0.98,0.5,0.62,0.9
United Kingdom,ten_ee72e2551225032a7358,Oracle database licences,,Other,UNKNOWN,buy_a76e07647c4d12434758,Coventry University,United Kingdom,2026-07-10,,15.0,,,Database / SQL / Oracle services,DATABASE_SOFTWARE,0.68,0.86,0.98,0.5,0.62,0.9
Germany,ten_ab37f1a055c677079d51,IT-Dienstleistungen und IT-Werkleistungen im Bereich Microsoft SQL Server,,Automation / software,IT services / software,buy_7627c25f30e23edfb6a4,"Bundesrepublik Deutschland, vertreten durch das Bundesministerium des Innern, vertreten durch das Beschaffungsamt des BMI",Germany,2026-07-03,2026-08-10,60.0,,,Database / SQL / Oracle services,DATABASE_SOFTWARE,0.68,0.86,0.98,0.5,0.62,0.9
United Kingdom,ten_61db7e01e2e0b69d31cc,Oracle On Premise Database Support,,Automation / software,IT services / software,buy_2dd836f2f6f86daa5cc9,University Of Edinburgh,United Kingdom,2026-06-24,,60.0,,,Database / SQL / Oracle services,DATABASE_SOFTWARE,0.68,0.86,0.98,0.5,0.62,0.9
TED,ted_5b4916634440d806d6b7,"GIS Systems for Digital Twin of the City of Skopje (IoT, 3D, GIS, Sensors, Data Collaboration) and Object and Urban Asset Recognition Platform (GIS Module with Artificial Intelligence)","GIS Systems for Digital Twin of the City of Skopje (IoT, 3D, GIS, Sensors, Data Collaboration) and Object and Urban Asset Recognition Platform (GIS Module with Artificial Intelligence)",Automation / software,Software / automation,buy_5ed803fae1f670fc4749,City of Skopje,MKD,2026-06-25,2026-07-24,74.0,,,Digital twin solutions,DIGITAL_TWIN,0.9,0.76,0.92,0.4,0.52,0.96
TED,ted_ff5c2df17969680bbdb8,"ETH Zürich, Kommunikationsbegleitung, Digital Twin",Die Erbringung der Kommunikationsbegleitung im Rahmen des Projektes Digital Twin gemäss Aufgabenbeschrieb.,Other,UNKNOWN,buy_bacf2bcb45c828276231,ETH Zürich - Engineering & Systeme,CHE,2026-06-19,2026-07-30,20.0,,,Digital twin solutions,DIGITAL_TWIN,0.9,0.76,0.92,0.4,0.52,0.96
Belgium,bel_b5e944a1fd721d9ec266cf5e,Opdracht voor het opzetten van een digital twin voor de inzameling van holglas inclusief het uitrollen van vulgraadsensoren,De opdracht omvat het uitbouwen van een digitaal systeem waarmee alle reeds aanwezige en toekomstige glasbollen en ondergrondse glascontainers in het werkingsgebied van Limburg.net (heden 1294 bovengrondse glasbollen op 519 locaties en 140 ondergrondse glascontainers op 107 locaties) digitaal beheerd kan worden door de betrokken partners (een “digital twin”).,,,buy_efdb2dff4e0f3bdc2b7532f5,Limburg.net,BE,2026-06-17,2026-06-22,,https://www.publicprocurement.be/publication-workspaces/c1aaf48a-b894-40f9-a52e-5b28b0e5b84e,,Digital twin solutions,DIGITAL_TWIN,0.9,0.76,0.92,0.4,0.52,0.96
Belgium,bel_aec57cb359c3d433eec6d215,Digital Twin voor Limburg Diepenbeek Campus,Digital Twin voor Limburg Diepenbeek Campus,,,buy_cb5ec8e758c399a762aefe7c,Wetenschapspark Limburg NV,BE,2026-06-11,2026-07-09,,https://www.publicprocurement.be/publication-workspaces/98ad3ca2-0e2e-4b20-825e-e92c972707df,,Digital twin solutions,DIGITAL_TWIN,0.9,0.76,0.92,0.4,0.52,0.96
Canada federal,ten_4d1bd99472c391aec830,Development and Implementation of a Digital Twin Solution,,Automation / software,Software / automation,buy_a19d53cc25f83c792ad1,National Research Council of Canada (NRC),Canada,2026-05-28,2026-06-29,72.0,,,Digital twin solutions,DIGITAL_TWIN,0.9,0.76,0.92,0.4,0.52,0.96
TED,ted_2e00d00f582dc5d786e8,"Fourniture, formation et maintenance d’un jumeau numérique du bâtiment","Le présent marché a pour objet la fourniture, la formation et la maintenance d’un jumeau numérique du bâtiment constituant le siège du pouvoir adjudicateur.",Automation / software,IT services / software,buy_eeed8814d806fe8dfbe5,Vauban Ecole et Lycée Français de Luxembourg,LUX,2026-05-09,,60.0,,,Digital twin solutions,DIGITAL_TWIN,0.9,0.76,0.92,0.4,0.52,0.96
TED,ted_f46e38b32a397c0b6739,The NORA Project - Network Operations and Real-time Analysis – a Pipeline Digital Twin,Full replacement of Gassco´s Pipeline Modelling System and the Control Room User Interface.,Automation / software,IT services / software,buy_40e5a92eb2ef8ee191bf,Gassco AS,NOR,2026-05-05,,60.0,,,Digital twin solutions,DIGITAL_TWIN,0.9,0.76,0.92,0.4,0.52,0.96
United Kingdom,ten_8a983e01f421b6074b07,Real-time Digital Twin Equipment,,Automation / software,Software / automation,buy_76e4ec1919b2d4f1949e,UNIVERSITY OF NOTTINGHAM (THE),United Kingdom,2026-04-28,2026-06-05,72.0,,,Digital twin solutions,DIGITAL_TWIN,0.9,0.76,0.92,0.4,0.52,0.96
TenderNed,tn_d451b06a65ea2c0ec18b,Digital Twin Lage Weide,"In en rond de gemeente Utrecht is sprake van ernstige netcongestie: de groei van de elektriciteitsvraag, lokale opwek en elektrificatie gaat sneller dan het elektriciteitsnet aankan. Hierdoor wordt teruglevering beperkt, nieuwe aansluitingen uitgesteld en ontstaat er onvoldoende ruimte voor groei en verduurzaming van bedrijven. Dit benadrukt de noodzaak om energie slimmer en efficiënter op lokaal niveau te balanceren. Energieknooppunten spelen hierin een cruciale rol. Hier komen lokale opwek, opslag, flexibele afname en infrastructuur samen. Lage Weide is één van de belangrijke energieknooppunten van de gemeente Utrecht en het grootste bedrijventerrein in de gemeente, met meer dan 900 bedrijven verspreid over 308 hectare. Het gebied kent diverse relevante energie-initiatieven: geplande windmolens, een bestaande energiehub, flexibele opwek door Stedin, er staat een elektriciteitscentrale met 250MW vermogen, zowel Stedin als TenneT hebben er een hoogspanningsstation, en het nieuw te ontwikkelen zonneveld Ockhuizen ligt er nabij. De uitdaging is om deze ontwikkelingen integraal te verbinden tot een robuust decentraal energiesysteem, waarin energie lokaal wordt opgewekt, opgeslagen, gedeeld, gestuurd en gebruikt. Om zo’n systeem te kunnen ontwerpen en realiseren is inzicht nodig in huidige en toekomstige energiestromen. Een Digital Twin kan dit inzicht bieden en daarmee de basis vormen voor sturing, ontwerp en samenwerking met bedrijven op Lage Weide. De gemeente Utrecht is bezig met de voorbereiding van het in opdracht geven van een Digital Twin.",Other,UNKNOWN,buy_952ce065abf0b13fe41a,Gemeente Utrecht,Netherlands,2026-04-13,2026-05-01,20.0,https://www.tenderned.nl/tenderned-tap/aankondigingen/420349,,Digital twin solutions,DIGITAL_TWIN,0.9,0.76,0.92,0.4,0.52,0.96
TED,ted_aed457e091cd1f3837a4,The NORA Project - Network Operations and Real-time Analysis – a Pipeline Digital Twin,Full replacement of Gassco´s Pipeline Modelling System and the Control Room User Interface.,Automation / software,IT services / software,buy_40e5a92eb2ef8ee191bf,Gassco AS,NOR,2026-04-10,,60.0,,,Digital twin solutions,DIGITAL_TWIN,0.9,0.76,0.92,0.4,0.52,0.96
TED,ted_856b16f207e9ad623b3e,"Implementazione Piattaforma Digital Twin per la Simulazione Real Time del Funzionamento delle Reti di Acquedotto dei 55 Comuni in Gestione, a Partire dal Modello di Simulazione Idrualica delle Reti in Uso Presso BrianzAcque","Implementazione Piattaforma Digital Twin per la Simulazione Real Time del Funzionamento delle Reti di Acquedotto dei 55 Comuni in Gestione, a Partire dal Modello di Simulazione Idrualica delle Reti in Uso Presso BrianzAcque",Automation / software,IT services / software,buy_811f3d14bc58dffafbdd,Brianzacque S.r.l.,ITA,2026-03-26,2026-04-27,60.0,,,Digital twin solutions,DIGITAL_TWIN,0.9,0.76,0.92,0.4,0.52,0.96
Belgium,bel_89a6439f065a9c18beec4b30,"Consultancy for a Feasibility Study, Digital Twin Development, and Detailed Design for Real-Time Water Network Monitoring for Water Quality and Leakages Detection in the Bugesera and Rwamagana Water Distribution Systems to Enhance Resource Management","This services procurement contract consists in the performance of a “Feasibility Study, Digital Twin Development, and Detailed Design for Real-Time Water Network Monitoring for Water quality and Leakages Detection in the Bugesera and Rwamagana Water Distribution Systems to Enhance Resource Management”, in conformity with the conditions of these Tender Specifications.",,,buy_12f260bbd39d3f9d2ea966eb,Enabel,BE,2026-03-19,,,https://www.publicprocurement.be/publication-workspaces/10c6d9a8-b3ad-42d8-b67c-1b1da2cb6c83,,Digital twin solutions,DIGITAL_TWIN,0.9,0.76,0.92,0.4,0.52,0.96
TED,ted_952a70af18c7a45495f1,Procurement of an SAP Solution Expert LOG PLM MDM,"The Contracting Authority shall enter into this agreement on behalf of The Norwegian Defence Materiel Agency (FMA). FMA is a part of the defence sector, directly under the Ministry of Defence (FD). FMA shall ensure that the Norwegian Armed Forces and other entities in the defence sector have access to cost efficient and secure material and services in line with approved long-term plans. FMA ́s main assignments are planning, procurement, management and disposal of material for the Norwegian Armed Forces and other departments under FD. Organisational reasons can be required during the contract period to transfer the resource to Cyber Defence ́s IT Department (CIT) DRIV. DRIV is responsible for the technical operation and further development (DEVSECOPS) of the Joint Integrated Management System (FIF). FIF is a SAP ERP system integrated with a number of other different applications. Internal processes are based on flexible frameworks (Scrum, SAFE), the Security Act and different industry standards for safety and ITIL for operation. DRIV consists of approx. 150 persons, most of whom are located in Oslo. Both employees and consultants staff the organisation. The aim of this notice is to fill the role of solution expert in project P1160 ""Critical upgrading of ERP"". The role shall be with the Norwegian Defence ́s SAP logistics system within master data management (Asset management/MM), in connection with the transition from SAP ECC to SAP S/4HANA. The role shall contribute with experience and knowledge from SAP ECC to SAP S/4HANA. The role can involve cooperation with other departments and/or projects in the Norwegian Armed Forces.",Automation / software,IT services / software,buy_581df20f038735ed5497,FORSVARSMATERIELL,NOR,2026-08-10,2026-09-14,60.0,,,ERP / SAP implementation & support,ENTERPRISE_SOFTWARE,0.55,0.82,0.92,0.35,0.48,0.92
TED,ted_daab55b9c451c412abad,Procurement of an SAP Solution Expert in Logistics & Maintenance,"The Contracting Authority shall enter into this agreement on behalf of The Norwegian Defence Materiel Agency (FMA). FMA is a part of the defence sector, directly under the Ministry of Defence (FD). FMA shall ensure that the Norwegian Armed Forces and other entities in the defence sector have access to cost efficient and secure material and services in line with approved long-term plans. FMA ́s main assignments are planning, procurement, management and disposal of material for the Norwegian Armed Forces and other departments under FD. Organisational reasons can be required during the contract period to transfer the resource to Cyber Defence ́s IT Department (CIT) DRIV. DRIV is responsible for the technical operation and further development (DEVSECOPS) of the Joint Integrated Management System (FIF). FIF is a SAP ERP system integrated with a number of other different applications. Internal processes are based on flexible frameworks (Scrum, SAFE), the Security Act and different industry standards for safety and ITIL for operation. DRIV consists of approx. 150 persons, most of whom are located in Oslo. Both employees and consultants staff the organisation. The aim of this notice is to fill the role of solution expert in project P1160 ""Critical upgrading of ERP"". The role shall be with the Norwegian Defence ́s SAP logistics system within maintenance, in connection with the transition from SAP ECC to SAP S/4HANA. The role shall contribute with experience and knowledge from SAP ECC to SAP S/4HANA. The role can involve cooperation with other departments and/or projects in the Norwegian Armed Forces.",Automation / software,IT services / software,buy_581df20f038735ed5497,FORSVARSMATERIELL,NOR,2026-08-10,2026-09-14,60.0,,,ERP / SAP implementation & support,ENTERPRISE_SOFTWARE,0.55,0.82,0.92,0.35,0.48,0.92
TED,ted_c18b46c0c37640982845,PROCEDURA APERTA PER LA FORNITURA DELLE LICENZE SAP S/4 HANA CLOUD PVT DITION/ RISE WITH SAP,FORNITURA DELLE LICENZE SAP S/4 HANA CLOUD PVT DITION/ RISE WITH SAP,Automation / software,IT services / software,buy_811f3d14bc58dffafbdd,ISMEA - Istituto di Servizi per il Mercato Agricolo Alimentare,ITA,2026-08-06,,60.0,,,ERP / SAP implementation & support,ENTERPRISE_SOFTWARE,0.55,0.82,0.92,0.35,0.48,0.92
TED,ted_ff83fd2656f1a2d174dc,"Služby aplikačnej, metodickej a užívateľskej podpory, zabezpečenie legislatívnych a iných zmien SAP a systémov na platforme SAP vrátane rozhraní s non- SAP aplikáciami","Predmetom zákazky je poskytovanie služieb aplikačnej, metodickej a užívateľskej podpory, zabezpečenie legislatívnych a iných zmien SAP ( štandardných a zákazníckych modulov SAP a systémov na platforme SAP vrátane rozhraní s non-SAP aplikáciami do uzavretia verejného obstarávania na veľkoobjemovú zmluvu.",Automation / software,Software / automation,buy_73db5c7f5f9933800fa8,Železnice Slovenskej republiky,SVK,2026-07-30,,74.0,,,ERP / SAP implementation & support,ENTERPRISE_SOFTWARE,0.55,0.82,0.92,0.35,0.48,0.92
United Kingdom,ten_73445ebc568b8393a56c,2026 Enterprise Resource Planning (ERP) and Works Management Solution,,Other,UNKNOWN,buy_dfbe909fc11212666ede,Anglian Water Services,United Kingdom,2026-07-30,,15.0,,,ERP / SAP implementation & support,ENTERPRISE_SOFTWARE,0.55,0.82,0.92,0.35,0.48,0.92
TED,ted_14e17445cbc768f25bf7,Affidamento del servizio di Evoluzione sistema contabile CSEA SAP - Migrazione a SAP S4 HANA per la Cassa per i Servizi Energetici e Ambientali,Affidamento del servizio di Evoluzione sistema contabile CSEA SAP - Migrazione a SAP S4 HANA per la Cassa per i Servizi Energetici e Ambientali,Automation / software,IT services / software,buy_811f3d14bc58dffafbdd,CSEA - Cassa per i servizi energetici ambientali,ITA,2026-07-30,2026-09-28,60.0,,,ERP / SAP implementation & support,ENTERPRISE_SOFTWARE,0.55,0.82,0.92,0.35,0.48,0.92
Germany,ten_7aa25fac5e98f64343fa,S/4HANA Transformation SAP-Gesamtsystem,,Other,UNKNOWN,buy_4e822f1dbc977210e877,RWTH Aachen University,Germany,2026-07-28,,15.0,,,ERP / SAP implementation & support,ENTERPRISE_SOFTWARE,0.55,0.82,0.92,0.35,0.48,0.92
TED,ted_e9580df22638edffc1dc,Dodávka a implementace ERP systému včetně souvisejících servisních služeb,"Předmětem plnění je dodávka a implementace informačního systému kategorie ERP pro řízení standardních ekonomických procesů, infrastrukturních aplikací a specifické agendy organizace. Nedílnou součástí předmětu plnění bude integrace stávajících SW: • Zakázky • SOP/POP • ŘOD • Databáze organizace. Předmět plnění musí zahrnovat komplexní zajištění funkcionality pro oblasti obsažené v příloze č. 1 zadávací dokumentace a dodávku všech nezbytných HW komponent pro daný ERP systém. Předmětem plnění je rovněž zajištění veškerých implementačních, integračních a servisních služeb nutných k nasazení a provozu ERP systému po dobu neurčitou. Součástí předmětu plnění tedy jsou služby údržby, podpory a rozvoje implementovaného řešení. Systém bude používat maximálně 30 současně pracujících uživatelů. Webový portál bude používat 400 uživatelů.",Automation / software,IT services / software,buy_85fe87d2665464f38efa,Český metrologický institut,CZE,2026-07-28,,60.0,,,ERP / SAP implementation & support,ENTERPRISE_SOFTWARE,0.55,0.82,0.92,0.35,0.48,0.92
Germany,ten_01cc2d8eee296898f737,Universitätsklinikum des Saarlandes - SAP S/4HANA Transformation,,Automation / software,Software / automation,buy_ddb184fc78872ffa914c,Universitätsklinikum des Saarlandes,Germany,2026-07-28,2026-08-28,74.0,,,ERP / SAP implementation & support,ENTERPRISE_SOFTWARE,0.55,0.82,0.92,0.35,0.48,0.92
Germany,ten_6351dad87acd32e152ee,Vorprojekt SAP S4 Hana,,Automation / software,IT services / software,,,Germany,2026-07-27,2026-08-24,60.0,,,ERP / SAP implementation & support,ENTERPRISE_SOFTWARE,0.55,0.82,0.92,0.35,0.48,0.92
Germany,ten_4fabaa6d1c35c57e0558,Vorprojekt SAP S/4 Hana,,Automation / software,IT services / software,buy_7579d5aeef7b49d19b07,Museum für Naturkunde Leibniz-Institut für Evolutions- und Biodiversitätsforschung,Germany,2026-07-27,,60.0,,,ERP / SAP implementation & support,ENTERPRISE_SOFTWARE,0.55,0.82,0.92,0.35,0.48,0.92
TED,ted_178c0c01fe75b5d40c4b,Aquisição de serviços de licenciamento e de manutenção do software SAP (SAP Enterprise Support),Serviços de licenciamento e de manutenção do software SAP (SAP Enterprise Support),Automation / software,Software / automation,buy_091d5eef279cbb542f9f,Serviços Municipalizados de Água e Saneamento de Almada,PRT,2026-07-24,2026-08-22,74.0,,,ERP / SAP implementation & support,ENTERPRISE_SOFTWARE,0.55,0.82,0.92,0.35,0.48,0.92
France,ten_a4450c477d3b0bef6386,"Le marché a pour objet la collecte et la mise en valeur des données territoriales, la conception graphique de cartographies communicantes et le cas échéant, la production de documents de communication",,Creative / communications,Design / publishing,buy_fdb8d7654994c25763ea,GRANDLYON Métropole,France,2026-07-31,2026-09-24,82.0,,,Graphic design / publishing services,CREATIVE,0.88,0.96,0.99,0.92,0.9,0.88
France,ten_05b27bcb57c8c4830e04,"prestations de conseil en communication, conception graphique et éditoriale ainsi que des prestations de fabrication de supports de communication dans le cadre du projet Ecocampus",,Creative / communications,Design / publishing,buy_9b7b40a7f1080d7a9573,UNIVERSITE DE LILLE,France,2026-07-22,2026-09-18,82.0,,,Graphic design / publishing services,CREATIVE,0.88,0.96,0.99,0.92,0.9,0.88
Quebec,ten_3d8e60edb5ea47745642,Conception graphique et scénographique - Projet échouerie /zone de détente - Aquarium du Québec,,Creative / communications,Design / publishing,buy_2a5bfbdf7022f571aa98,Société des établissements de plein air du Québec (Sépaq).,Canada - Quebec,2026-07-21,,82.0,,,Graphic design / publishing services,CREATIVE,0.88,0.96,0.99,0.92,0.9,0.88
France,ten_e3f082ded558f95dc743,Conception graphique et réalisation de supports de communication institutionnelle,,Creative / communications,Design / publishing,buy_1fe16f76882519fe0c4f,GIP ACYMA,France,2026-06-17,2026-10-07,82.0,,,Graphic design / publishing services,CREATIVE,0.88,0.96,0.99,0.92,0.9,0.88
France,ten_920115978074459b0da1,CONCEPTION GRAPHIQUE DE SUPPORTS DE COMMUNICATION DE LA VILLE D'ALLAUCH,,Creative / communications,Design / publishing,buy_d487f0243455b5e30f5a,Ville d'Allauch,France,2026-05-22,2026-06-26,82.0,,,Graphic design / publishing services,CREATIVE,0.88,0.96,0.99,0.92,0.9,0.88
France,ten_f60196a597c263704147,Conception graphique et réalisation de supports de communication pour la Mairie des 4e et 5e arrondissements de Marseille,,Creative / communications,Design / publishing,buy_106b4e1aa023e5241706,VILLE DE MARSEILLE,France,2026-05-19,2026-09-06,82.0,,,Graphic design / publishing services,CREATIVE,0.88,0.96,0.99,0.92,0.9,0.88
France,ten_fcbeb775b00c0d82cd51,Conception graphique et réalisation de supports de communication pour l'Office ce Tourisme et des Congrès d'Amiens Métropole,,Creative / communications,Design / publishing,buy_171e59f312277b3b77d1,Amiens Métropole,France,2026-04-29,2026-05-27,82.0,,,Graphic design / publishing services,CREATIVE,0.88,0.96,0.99,0.92,0.9,0.88
France,ten_96b5f5f8cb4827f9ae66,Le présent marché a pour objet la conception graphique et éditoriale de documents et d'outils de communication.,,Creative / communications,Design / publishing,buy_f0e9ad10bb5b0e75c239,Agence nationale de sécurité du médicament et des produits de santé (ANSM),France,2026-04-22,,82.0,,,Graphic design / publishing services,CREATIVE,0.88,0.96,0.99,0.92,0.9,0.88
United Kingdom,ten_bf50259bf3f3798376c9,Wonderlab Gallery 2D Graphic Designer at Science and Industry Museum,,Creative / communications,Design / publishing,buy_309ec573bb292dbf5319,Science Museum Group,United Kingdom,2026-04-17,,80.0,,,Graphic design / publishing services,CREATIVE,0.88,0.96,0.99,0.92,0.9,0.88
France,ten_f2db8fc2b0c3fb5602fc,conception graphique et la réalisation des documents de communication destinés à promouvoir les prochaines saisons culturelles du Quartz - Scène nationale,,Creative / communications,Design / publishing,buy_9a8b594f51b73aa10dde,Brest en vue SEM,France,2026-04-03,,82.0,,,Graphic design / publishing services,CREATIVE,0.88,0.96,0.99,0.92,0.9,0.88
United Kingdom,ten_342c40fe0599e9b491a6,Appointment of Strategic Planners and Graphic Designers,,Creative / communications,Design / publishing,buy_f3a3b86e7d7b196a69d1,Oxford City Council,United Kingdom,2026-02-25,,80.0,,,Graphic design / publishing services,CREATIVE,0.88,0.96,0.99,0.92,0.9,0.88
France,ten_21f375918d38fa53ea53,Prestations de conception graphique de supports de communication de Sciences Po Lille,,Creative / communications,Design / publishing,buy_fc8ddd28044b8bb9e5cc,IEP de Lille - Sc Po Lille,France,2026-02-20,2026-03-27,82.0,,,Graphic design / publishing services,CREATIVE,0.88,0.96,0.99,0.92,0.9,0.88
TED,ted_8ac89798075d3de74619,Laptopuri - ENRICH,Laptopuri - in cantitatile si cu specificatiile tehnice minime solicitate in caietul de sarcini. Numarul de zile pana la care se pot solicita clarificari inainte de data limita de depunere a ofertelor: 18 Autoritatea contractanta va raspunde tuturor solicitarilor de clarificari in a 11 a zi inainte de data limita de depunere a ofertelor.,Other,UNKNOWN,buy_56f10621e0007ccb73ca,Universitatea Nationala de Stiinta si Tehnologie Politehnica Bucuresti,ROU,2026-08-06,2026-09-11,20.0,,,IT hardware / laptops / endpoint supply,HARDWARE_RESALE,0.08,0.99,0.8,0.78,0.82,0.58
Germany,ten_2190972e8847b87c2c5c,Laptoptaschen und Laptoprucksäcke,,Other,UNKNOWN,buy_c3a316376d2bc22a778b,Dataport AöR,Germany,2026-07-30,2026-08-12,15.0,,,IT hardware / laptops / endpoint supply,HARDWARE_RESALE,0.08,0.99,0.8,0.78,0.82,0.58
TED,ted_791c5902c2b705e242dd,dostawa komputera przenośnego -laptopa -1 szt. dla WEAIiIB- KC-DE-zp.25.349.2026,"Przedmiotem zamówienia jest dostawa komputera przenośnego -laptopa -1 szt. dla WEAIiIB, zgodnie z wymaganiami opisanymi w pkt 4.1 SWZ",Other,UNKNOWN,buy_e4d061caa68fce2f60e7,Akademia Górniczo-Hutnicza im. Stanisława Staszica w Krakowie,POL,2026-07-29,2026-08-31,20.0,,,IT hardware / laptops / endpoint supply,HARDWARE_RESALE,0.08,0.99,0.8,0.78,0.82,0.58
Quebec,ten_93a9070035ee6317a460,Gré à gré Achat de 20 ordinateurs portables,,Creative / communications,Design / publishing,buy_e1d2aea875c760f37579,Ville de Chambly,Canada - Quebec,2026-07-29,,82.0,,,IT hardware / laptops / endpoint supply,HARDWARE_RESALE,0.08,0.99,0.8,0.78,0.82,0.58
TED,ted_50f23c1b1dc777498dc7,Dostawa komputera przenośnego (laptopa) z klawiaturą bezprzewodową na potrzeby WIMiIP - KC-DE-zp.25.365.2026,"Przedmiotem zamówienia jest dostawa komputera przenośnego (laptopa) z klawiaturą bezprzewodową na potrzeby WIMiIP, zgodnie z wymaganiami opisanymi w pkt 4.1 SWZ",Other,UNKNOWN,buy_e4d061caa68fce2f60e7,Akademia Górniczo-Hutnicza im. Stanisława Staszica w Krakowie,POL,2026-07-28,2026-08-31,20.0,,,IT hardware / laptops / endpoint supply,HARDWARE_RESALE,0.08,0.99,0.8,0.78,0.82,0.58
United Kingdom,ten_d5e147de3a8b53d9c926,"Dell PC's, Laptops, Servers and Storage",,Other,Hardware,buy_ac54c8264db5a256a32a,SOMERSET NHS FOUNDATION TRUST,United Kingdom,2026-07-24,,15.0,,,IT hardware / laptops / endpoint supply,HARDWARE_RESALE,0.08,0.99,0.8,0.78,0.82,0.58
Germany,ten_389d9bfcdb3067831309,Beschaffung KI-WorkstBeschaffung KI-Workstation für Forschungszwecke,,Automation / software,Software / automation,,,Germany,2026-07-23,2026-08-24,74.0,,,IT hardware / laptops / endpoint supply,HARDWARE_RESALE,0.08,0.99,0.8,0.78,0.82,0.58
Germany,ten_9ff7b086a77ee2597650,Lieferung von leistungsfähiger professioneller PC-Technik (Workstation) für Newsroom,,Other,UNKNOWN,buy_1b974a099c01f3947e68,Hochschule Magdeburg-Stendal,Germany,2026-07-23,2026-08-24,15.0,,,IT hardware / laptops / endpoint supply,HARDWARE_RESALE,0.08,0.99,0.8,0.78,0.82,0.58
United Kingdom,ten_1432f7cfe0e77db778de,AF191 Purchase of Anaerobic Workstation,,Other,UNKNOWN,buy_c6052379a08e49620a75,Liverpool School Of Tropical Medicine,United Kingdom,2026-07-22,2026-08-05,15.0,,,IT hardware / laptops / endpoint supply,HARDWARE_RESALE,0.08,0.99,0.8,0.78,0.82,0.58
France,ten_82e847c951bc9ab74f7f,Micro-ordinateurs portables d’usage général et accessoires,,Other,Fournitures,buy_6773c4c7bdb9d0a7b8b4,Commissariat au Numérique de Défense,France,2026-07-21,,15.0,,,IT hardware / laptops / endpoint supply,HARDWARE_RESALE,0.08,0.99,0.8,0.78,0.82,0.58
Germany,ten_a890cf657e9d4a96e8c4,Performance Workstation,,Other,UNKNOWN,,,Germany,2026-07-21,,15.0,,,IT hardware / laptops / endpoint supply,HARDWARE_RESALE,0.08,0.99,0.8,0.78,0.82,0.58
United Kingdom,ten_0386efd0a3f2d6c0e520,Purchase of Laptops,,Other,UNKNOWN,buy_6efc2baa76deeb49955c,Great Yarmouth Borough Council,United Kingdom,2026-07-20,,15.0,,,IT hardware / laptops / endpoint supply,HARDWARE_RESALE,0.08,0.99,0.8,0.78,0.82,0.58
United Kingdom,ten_7435a782668936529643,The provision of managed IT services,,Automation / software,Software / automation,buy_06a8ea704dbb57101278,RAILWAY HOUSING ASSOCIATION AND BENEFIT FUND,United Kingdom,2026-07-30,,72.0,,,Managed IT / ICT services,IT_MANAGED,0.58,0.88,0.9,0.48,0.58,0.84
France,ten_be790a3ba42824ebfee7,AO hébergement et infogérance du SI VISALE,,Other,Services,buy_27fc4520de910e4ac6a0,APAGL,France,2026-07-30,2026-01-10,15.0,,,Managed IT / ICT services,IT_MANAGED,0.58,0.88,0.9,0.48,0.58,0.84
France,ten_99033d9c642454a704c1,Prestations d'infogérance informatique pour le Centre de gestion de la fonction publique territoriale de l'Allier,,Other,Services,buy_1356b64dfb6d538b5eb2,Centre de gestion de la fonction publique territoriale de l'Allier,France,2026-07-29,2026-10-09,15.0,,,Managed IT / ICT services,IT_MANAGED,0.58,0.88,0.9,0.48,0.58,0.84
France,ten_95464e4f36e66de75b11,L'objet du marché concerne les prestations d’exploitation sur site et à distance en infogérance des différents systèmes d’information de la BnF dans ses locaux parisiens et régionaux.,,Other,Services,buy_58d6845ce8294230c7ef,Bibliothèque nationale de France,France,2026-07-28,2026-09-30,15.0,,,Managed IT / ICT services,IT_MANAGED,0.58,0.88,0.9,0.48,0.58,0.84
Quebec,ten_b45a6e5a769d7a1e6d2f,Plan de service d'infogérance et de sécurité 2026-2027,,Creative / communications,Design / publishing,buy_5d4e104432e04765c4ab,Municipalité de Saint-Michel.,Canada - Quebec,2026-07-28,,82.0,,,Managed IT / ICT services,IT_MANAGED,0.58,0.88,0.9,0.48,0.58,0.84
France,ten_84201fdd7f8fbfc1324d,Infogérance IA,,Other,Services,buy_526fa4b833e9cb934e3c,ASNR FONTENAY,France,2026-07-25,2026-09-28,15.0,,,Managed IT / ICT services,IT_MANAGED,0.58,0.88,0.9,0.48,0.58,0.84
United Kingdom,ten_2ad9ada3f797264fea5c,IT Managed Services,,Automation / software,Software / automation,buy_7fbce42370e78a9a360e,Caledonian Maritime Assets Ltd (Utility),United Kingdom,2026-07-20,2026-08-24,72.0,,,Managed IT / ICT services,IT_MANAGED,0.58,0.88,0.9,0.48,0.58,0.84
United Kingdom,ten_1b20990b0affafd96a12,Oxford Diocesan Bucks School Trust - Tender for managed IT services incorporating Broadband and VOIP services,,Other,UNKNOWN,buy_a669b73bf0345108403e,Oxford Diocesan Bucks School Trust,United Kingdom,2026-07-20,2026-08-14,15.0,,,Managed IT / ICT services,IT_MANAGED,0.58,0.88,0.9,0.48,0.58,0.84
France,ten_e9be489cd3b42a96f795,"INFOGÉRANCE DES INFRASTRUCTURES DE RÉSEAUX LAN, WIFI ET DE SÉCURITÉ DU CONSEIL DÉPARTEMENTAL DES BOUCHES-DU-RHÔNE",,Other,Services,buy_bf122695dd6d16b19cde,Conseil départemental des Bouches-du-Rhône,France,2026-07-18,,15.0,,,Managed IT / ICT services,IT_MANAGED,0.58,0.88,0.9,0.48,0.58,0.84
Germany,ten_3ed8b70cfd8f4f0765e6,Bereitstellung einer Private Cloud Infrastruktur sowie Managed Services für den IT-Betrieb,,Monitoring / research,Monitoring / analysis,buy_fc82a3df6955b32af266,Studierendenwerk Niederbayern/Oberpfalz,Germany,2026-07-15,2026-08-07,70.0,,,Managed IT / ICT services,IT_MANAGED,0.58,0.88,0.9,0.48,0.58,0.84
France,ten_42b4307e4701e7f17291,Marché d'infogérance,,Creative / communications,Design / publishing,buy_8a022928709e23a8f756,La Réunion Connectée,France,2026-07-14,,82.0,,,Managed IT / ICT services,IT_MANAGED,0.58,0.88,0.9,0.48,0.58,0.84
France,ten_20e24358d16deaa1afd3,Prestation d'infogérance et d'Hébergement : La présente consultation concerne la 1ère phase : présélection de 5 candidats admis à soumissionner,,Other,Services,buy_fb0f6ada53cff48d1270,M.R.L. MAISON DE RETRAITE DE LA LOIRE EHPAD - Foyer de Vie - SSIAD - Accueil de Jour,France,2026-07-07,2026-05-08,15.0,,,Managed IT / ICT services,IT_MANAGED,0.58,0.88,0.9,0.48,0.58,0.84
TED,ted_847dfdee25c55c30d8d6,Joint Contract - Media Monitoring,"The Ministry Fellowship with associated entities needs continual media monitoring in order to ensure a good overview of mentions of their own entities and cases connected to them, as well as other cases connected to the entities ́ field. This procurement covers services within media monitoring and analysis, as well as related services. Media means all relevant source types here.",Monitoring / research,Monitoring / analysis,buy_581df20f038735ed5497,Departementenes sikkerhets- og serviceorganisasjon,NOR,2026-08-05,2026-09-07,70.0,,,Media monitoring / social listening,MONITORING_CONTENT,0.9,0.94,0.99,0.86,0.86,0.88
TED,ted_67b50e18d6f4cecfd333,Media Monitoring System,"International Media Support (IMS) seeks to establish a pool of qualified service providers through framework agreements for provision of comprehensive media monitoring and analysis services, enabling independent media partners across the programmes regions to better understand the information environment, identify and respond to emerging threats, and inform strategic content production and audience engagement efforts",Monitoring / research,Monitoring / analysis,buy_ccb634a88b3b7aa188bd,IMS (International Media Support),DNK,2026-07-30,2026-08-30,70.0,,,Media monitoring / social listening,MONITORING_CONTENT,0.9,0.94,0.99,0.86,0.86,0.88
France,ten_2bc452f75a80a022c3fa,"Prestations de veille média à l'échelle nationale, régionale et internationale (presse écrite, numérique et médias audiovisuels) de l'Opéra national de Paris",,Creative / communications,Design / publishing,buy_38c81f44f0d775af4a60,Opéra national de Paris,France,2026-07-29,2026-10-09,82.0,,,Media monitoring / social listening,MONITORING_CONTENT,0.9,0.94,0.99,0.86,0.86,0.88
United Kingdom,ten_6522949b8043dbdff7b9,Media Monitoring,,Automation / software,Software / automation,buy_e4c1145fe7432ba6ff13,Met Office,United Kingdom,2026-07-24,2026-08-21,72.0,,,Media monitoring / social listening,MONITORING_CONTENT,0.9,0.94,0.99,0.86,0.86,0.88
United Kingdom,ten_fcbcbad1ac2951b1ac03,"Media Monitoring, Social Media Monitoring, Press Management & Social Media Listening Software",,Monitoring / research,Monitoring / analysis,buy_041b90669e33c7501c69,Senedd Cymru / Welsh Parliament,United Kingdom,2026-07-20,,70.0,,,Media monitoring / social listening,MONITORING_CONTENT,0.9,0.94,0.99,0.86,0.86,0.88
France,ten_440ed21803cd457987ab,"Prestation de veille médiatique quotidienne dans la presse papier et numérique, et les médias audiovisuels Tv et Radio, pour le Département de l'Essonne",,Monitoring / research,Monitoring / analysis,buy_e66310429bab5c33e8e4,Conseil Départemental de l'Essonne,France,2026-07-17,2026-09-16,70.0,,,Media monitoring / social listening,MONITORING_CONTENT,0.9,0.94,0.99,0.86,0.86,0.88
United Kingdom,ten_94e6167aba2f4d53535f,"Media Monitoring, Reporting and Analysis Service 2026 - 2028",,Monitoring / research,Monitoring / analysis,buy_078068ab3d39eaeed570,Natural Resources Wales,United Kingdom,2026-07-08,,70.0,,,Media monitoring / social listening,MONITORING_CONTENT,0.9,0.94,0.99,0.86,0.86,0.88
Germany,ten_f75f7340f1b6c749a141,"Social Listening für Abteilung S (Sexualaufklärung, Verhütung und Familienplanung)",,Automation / software,IT services / software,buy_6ac5347b148d4be7467f,Bundesinstitut für öffentliche Gesundheit (BIÖG),Germany,2026-07-08,2026-08-10,60.0,,,Media monitoring / social listening,MONITORING_CONTENT,0.9,0.94,0.99,0.86,0.86,0.88
United Kingdom,ten_6600c1894c7e72870d20,Vuelio media monitoring,,Monitoring / research,Monitoring / analysis,buy_95f944b2d4c5c6c5077c,City of Doncaster Council,United Kingdom,2026-07-07,,70.0,,,Media monitoring / social listening,MONITORING_CONTENT,0.9,0.94,0.99,0.86,0.86,0.88
United Kingdom,ten_d6eeac930cc34da46fde,806SB Media Monitoring,,Monitoring / research,Monitoring / analysis,buy_e29102a81e3b52b13cea,Leeds Beckett University,United Kingdom,2026-07-06,2026-07-29,70.0,,,Media monitoring / social listening,MONITORING_CONTENT,0.9,0.94,0.99,0.86,0.86,0.88
TED,ted_d162e6b417302c34c69c,Framework agreement media monitoring,"Oslo municipality shall enter into a framework agreement for the purchase of media monitoring. The procurement will be carried out on behalf of cooperating entities in addition to Oslo municipality. The framework agreement shall cover the Contracting Authority's need for media monitoring, including capturing general media reviews, reactions, opinions and ideas from communities, government agencies and various interest groups, as well as specific and current news stories.",Monitoring / research,Monitoring / analysis,buy_581df20f038735ed5497,Oslo kommune v/ Økonomi- og forvaltningsetaten,NOR,2026-06-26,2026-08-26,70.0,,,Media monitoring / social listening,MONITORING_CONTENT,0.9,0.94,0.99,0.86,0.86,0.88
TED,ted_3d70b089d2850ccd6e8d,Prior information notice for the procurement of media monitoring.,"The Norwegian Labour and Welfare Administration (Nav) would like to inform you that we are preparing to announce a competition for media monitoring in August 2026, tentatively in week 34. The date is to be seen as approximate and non binding. Nav plans to enter into a tender contest with a contract award in October 2026.",Monitoring / research,Monitoring / analysis,buy_581df20f038735ed5497,ARBEIDS OG VELFERDSETATEN,NOR,2026-06-25,,70.0,,,Media monitoring / social listening,MONITORING_CONTENT,0.9,0.94,0.99,0.86,0.86,0.88
TED,ted_e1b112960a8ff3c98913,"El objeto del presente contrato es la contratación de 2.500 suscripciones anuales de Office 365 E3 EEE (sin Teams), 500 suscripciones anuales de Microsoft 365 Copilot y los servicios de instalación asociados, para IBERMUTUA, Mutua Colaboradora con la Seguridad Social nº 274.","El objeto del presente contrato es la contratación de 2.500 suscripciones anuales de Office 365 E3 EEE (sin Teams), 500 suscripciones anuales de Microsoft 365 Copilot y los servicios de instalación asociados, para IBERMUTUA, Mutua Colaboradora con la Seguridad Social nº 274.",Automation / software,IT services / software,buy_262acb26bfbdf5a4121e,"Dirección General de IBERMUTUA, Mutua Colaboradora con la Seguridad Social nº 274",ESP,2026-08-12,2026-09-11,60.0,,,Microsoft licensing & cloud resale,SOFTWARE_RESALE,0.12,0.99,0.99,0.55,0.88,0.7
TED,ted_6ad2e0c66ce042ec85fc,Licenciamento Microsoft Enrollment for Education Solutions (MEES) e Microsoft Unified Enterprise Support pela Universidade do Minho 2026-2027,Licenciamento Microsoft Enrollment for Education Solutions (MEES) e Microsoft Unified Enterprise Support pela Universidade do Minho 2026-2027,Automation / software,IT services / software,buy_091d5eef279cbb542f9f,Universidade do Minho,PRT,2026-08-06,2026-09-03,60.0,,,Microsoft licensing & cloud resale,SOFTWARE_RESALE,0.12,0.99,0.99,0.55,0.88,0.7
TED,ted_5ff286c2d1411851bc7d,"AVVISO VOLONTARIO PER LA TRASPARENZA PREVENTIVA E CONTESTUALE INDAGINE DI MERCATO, AI SENSI DELL’ART. 76 COMMA 2 LETT. B) DEL D. LGS. N. 36/2023, PER L’AFFIDAMENTO DEL SERVIZIO ANNUALE (12 MESI) DI SUPPORTO TECNICO MICROSOFT UNIFIED ENTERPRISE SUPPORT","AVVISO VOLONTARIO PER LA TRASPARENZA PREVENTIVA E CONTESTUALE INDAGINE DI MERCATO, AI SENSI DELL’ART. 76 COMMA 2 LETT. B) DEL D. LGS. N. 36/2023, PER L’AFFIDAMENTO DEL SERVIZIO ANNUALE (12 MESI) DI SUPPORTO TECNICO MICROSOFT UNIFIED ENTERPRISE SUPPORT OCCORENTE ALLA SC SISTEMI INFORMATIVI AZIENDALI DELL’ATS CITTA’ METROPOLITANA DI MILANO.",Automation / software,IT services / software,buy_811f3d14bc58dffafbdd,ATS DELLA CITTA' METROPOLITANA DI MILANO,ITA,2026-08-04,,60.0,,,Microsoft licensing & cloud resale,SOFTWARE_RESALE,0.12,0.99,0.99,0.55,0.88,0.7
Belgium,bel_6d2d89190503ea49a0f2c1e6,2026M171 - Marché de services relatif au programme de support Microsoft Unified,Marché de services relatif au programme de support Microsoft Unified,,,buy_9de02a1e8f93d1e8705c5268,Direction des Solutions logicielles et des Projets,BE,2026-07-31,,,https://www.publicprocurement.be/publication-workspaces/52c09043-0014-4121-adec-7dd7a0f5009d,,Microsoft licensing & cloud resale,SOFTWARE_RESALE,0.12,0.99,0.99,0.55,0.88,0.7
TED,ted_43b7695dddf8b25ac41f,Dostawa licencji oprogramowania użytkowego Microsoft Azure,1. Przedmiotem zamówienia jest dostawa licencji oprogramowania użytkowego Microsoft Azure. 2. Szczegółowy opis przedmiotu zamówienia zawiera załącznik nr 2 do SWZ.,Automation / software,IT services / software,buy_e4d061caa68fce2f60e7,"AMW Towarzystwo Budownictwa Społecznego ""KWATERA"" Sp. z o.o.",POL,2026-07-31,2026-08-31,60.0,,,Microsoft licensing & cloud resale,SOFTWARE_RESALE,0.12,0.99,0.99,0.55,0.88,0.7
TED,ted_59249d9289949e4f75f3,"Nákup licencí a SW podpory Windows Server DC, SQL Server Enterprise a subskripce DYNAMICS 365","Předmětem Veřejné zakázky je pořízení nových trvalých licencí Windows Server DC, včetně softwarové podpory (SA) na 36 měsíců, prodloužení SA u stávajících licencí Windows Server DC a SQL Server Enterprise na 36 měsíců a dále pořízení subskripce DYNAMICS 365 na období 12 měsíců, přičemž Licence musí Zadavateli umožňovat upgradovat jím užívané počítačové systémy na platformě Windows a získávat licenční práva k SW, to vše prostřednictvím programu MPSA. Dodavatel je za tímto účelem povinen zajistit obnovu stávající multilicenční smlouvy MPSA č. 4100066909 - na poskytování užívacích práv k produktům společnosti Microsoft formou velkoobjemového licencování na období 36 měsíců u trvalých licencí a období 12 měsíců u subskripce.",Automation / software,Software / automation,buy_85fe87d2665464f38efa,"Státní pokladna Centrum sdílených služeb, s. p.",CZE,2026-07-31,2026-09-04,74.0,,,Microsoft licensing & cloud resale,SOFTWARE_RESALE,0.12,0.99,0.99,0.55,0.88,0.7
United Kingdom,ten_e3a6c12ff681a7a15f26,UK5 - Transparency Notice-Microsoft Unified Support Renewal 2026-2027 D,,Other,UNKNOWN,buy_64f2dd470fe23cc8d0d7,National Highways Limited,United Kingdom,2026-07-31,,15.0,,,Microsoft licensing & cloud resale,SOFTWARE_RESALE,0.12,0.99,0.99,0.55,0.88,0.7
Germany,ten_a13ee9c60621ab02cfe6,Lieferung von Microsoft Windows Server Datacenter-Lizenzen (Software Assurance),,Creative / communications,Design / publishing,,,Germany,2026-07-30,2026-08-11,82.0,,,Microsoft licensing & cloud resale,SOFTWARE_RESALE,0.12,0.99,0.99,0.55,0.88,0.7
Quebec,ten_d2f95f51be1ca571469a,Achat de licence Windows Server Datacenter 2026 - Modernisation infrastructure technologique,,Automation / software,Software / automation,buy_7e40da148bc8168a3529,Ville de Joliette - Approvisionnement,Canada - Quebec,2026-07-29,,74.0,,,Microsoft licensing & cloud resale,SOFTWARE_RESALE,0.12,0.99,0.99,0.55,0.88,0.7
Germany,ten_1da33d2fb24f99b9e5a0,Microsoft Lizenzen über Hochschulrahmenvertrag (EES-Vertrag),,Automation / software,IT services / software,,,Germany,2026-07-29,,60.0,,,Microsoft licensing & cloud resale,SOFTWARE_RESALE,0.12,0.99,0.99,0.55,0.88,0.7
United Kingdom,ten_05eeb846b32c29bffec6,Provision of Microsoft Unified Support Services,,Other,UNKNOWN,buy_0d2329bb834f558daa10,University of Leicester,United Kingdom,2026-07-28,,15.0,,,Microsoft licensing & cloud resale,SOFTWARE_RESALE,0.12,0.99,0.99,0.55,0.88,0.7
TED,ted_e3f01d8fa6712e2993f8,Licence Microsoft,"Předmětem této veřejné zakázky je jednorázová dodávka software a k němu náležejících užívacích práv (softwarových licencí) k programovým produktům Microsoft Corporation v rámci programu Microsoft Select Plus, konkrétně dodávka softwarových licencí produktu firmy Microsoft Corporation v rámci programu Microsoft Select Plus, konkrétně 15 ks elektronických licencí software název „Win Server DC Core SLng LSA 16L“, kód produktu „9EA-00263“ a nákupní období 3 roky (tj. po dobu 3 let od dodání licencí bude zajištěno právo na aktualizace softwaru a související licenční výhody výrobce, zejména pro zajištění kompatibility s ostatními informačními systémy zadavatele), pro potřeby Ústřední vojenské nemocnice - Vojenské fakultní nemocnice Praha v souladu se zadávacími podmínkami. Zadavatel požaduje licence časově neomezené teritoriálně neomezené a zadavatel bude licence užívat pro vlastní potřebu.",Automation / software,Software / automation,buy_85fe87d2665464f38efa,Ústřední vojenská nemocnice - Vojenská fakultní nemocnice Praha,CZE,2026-07-28,2026-08-28,74.0,,,Microsoft licensing & cloud resale,SOFTWARE_RESALE,0.12,0.99,0.99,0.55,0.88,0.7
TED,ted_e16b35abedcdc1273a5b,Dostawa dwóch kontrolerów sprzętowych WiFi przeznaczonych do pracy w klastrze wysokiej dostępności wraz z usługą wdrożenia oraz świadczeniem wsparcia technicznego,"1. Przedmiotem zamówienia jest dostawa dwóch kontrolerów sprzętowych WiFi przeznaczonych do pracy w klastrze wysokiej dostępności wraz z usługą wdrożenia oraz świadczeniem wsparcia technicznego. Zamówienie obejmuje rozbudowę i modernizację istniejącej infrastruktury sieci bezprzewodowej Zamawiającego. 2. Szczegółowy opis przedmiotu zamówienia został określony w Zał. nr 3 do SWZ – Opis przedmiotu zamówienia, a szczegółowy zakres obowiązków Wykonawcy określony jest w Zał. nr 4 do SWZ – Projektowane postanowienia umowy. 3. Wszystkie dostarczone urządzenia muszą stanowić jednorodne środowisko sprzętowe oraz zapewniać pełną współpracę wszystkich komponentów systemu. 4. Zamawiający wymaga udzielenia gwarancji oraz zapewnienia wsparcia technicznego producenta dla dostarczonych urządzeń, licencji i subskrypcji przez okres co najmniej 60 miesięcy, licząc od dnia podpisania protokołu odbioru końcowego bez zastrzeżeń. 5. Dostarczony sprzęt, licencje, subskrypcje oraz usługi wsparcia technicznego muszą pochodzić z autoryzowanego przez producenta kanału sprzedaży. Na żądanie Zamawiającego Wykonawca zobowiązany będzie przedstawić dokumenty potwierdzające legalne pochodzenie oferowanych produktów, licencji, subskrypcji oraz aktywne wsparcie producenta. 6. Zamawiający dopuszcza zaoferowanie rozwiązań równoważnych w stosunku do rozwiązań wskazanych w Zał. nr 3 do SWZ – Opis przedmiotu zamówienia. Szczegóły zostały opisane w rozdz. IV SWZ.",Other,UNKNOWN,buy_e4d061caa68fce2f60e7,Uniwersytet Wrocławski,POL,2026-08-11,2026-09-10,20.0,,,Network / WAN / wireless infrastructure,NETWORK_RESALE,0.2,0.96,0.65,0.58,0.64,0.78
TED,ted_9ecfa62b7c4df4ae9ac7,Dostawa i wdrożenie urządzeń brzegowych typu Next Generation Firewall niezbędne do podłączenia Akademii Pożarniczej do sieci SD-WAN Państwowej Straży Pożarnej,"Przedmiotem zamówienia jest dostawa urządzeń brzegowych typu next generation firewall wraz z usługami montażu, zainstalowania oraz wdrożenia – rozumianego jako skonfigurowanie oraz przetestowanie działania systemu w środowisku sieci komputerowej Zamawiającego, usługami szkoleń dla wskazanych przez Zamawiającego administratorów systemu oraz usługami wsparcia technicznego, jak również opracowanie dokumentacji powykonawczej przedmiotowego rozwiązania. Szczegółowe wymagania dotyczące wszystkich elementów przedmiotu zamówienia, w tym dotyczące parametrów technicznych, funkcjonalno-użytkowych, jakościowych, wielkości zamówienia oraz sposobu realizacji zostały opisane w załączniku nr 1 do SWZ pn. „Szczegółowy opis przedmiotu i w załączniku nr 5 do SWZ „Projektowane postanowienia umowy”.",Other,UNKNOWN,buy_e4d061caa68fce2f60e7,Akademia Pożarnicza,POL,2026-08-07,2026-09-07,20.0,,,Network / WAN / wireless infrastructure,NETWORK_RESALE,0.2,0.96,0.65,0.58,0.64,0.78
TED,ted_e0cf92488e46e6bd438e,"Forhåndsmeddelelse vedr. kommende udbud på WAN ydelser, samt høring/markedsdialog af udbudsmatriale","Forhåndsmeddelelse om kommende udbud på WAN ydelser, samt høring af udbudsmaterialet bestående af udbudsbetingelser, udkast til kontrakt, kravspecifikation, prisark, så potentielle tilbudsgivere kan give Ordregiver feedback på udbudsmaterialet.",Other,UNKNOWN,buy_ccb634a88b3b7aa188bd,Region Hovedstaden,DNK,2026-08-07,,20.0,,,Network / WAN / wireless infrastructure,NETWORK_RESALE,0.2,0.96,0.65,0.58,0.64,0.78
TED,ted_291386850875a5cc7209,COMUNICACIONES WAN PARA ESCUELAS CONECTADAS,COMUNICACIONES WAN PARA ESCUELAS CONECTADAS,Other,UNKNOWN,buy_262acb26bfbdf5a4121e,AGENCIA PARA LA ADMINISTRACIÓN DIGITAL DE LA COMUNIDAD DE MADRID,ESP,2026-07-31,2026-09-11,20.0,,,Network / WAN / wireless infrastructure,NETWORK_RESALE,0.2,0.96,0.65,0.58,0.64,0.78
TED,ted_af9e085b750e3d9c254e,Furnizare echipamente de tip NGFW (Next Generation Firewall) pentru infrastructura de comunicații SD-WAN și servicii migrare configurație infrastructură rețea.,"Infrastructura de comunicații utilizată de ANCPI, compusă din echipamente de tip router/firewall provenind din game tehnologice diferite, este fragmentată și învechită, cu servicii de suport și garanție aproape expirate sau deja încheiate (EoS/EoL). Este necesară achiziția și implementarea unor echipamente moderne de tip Next Generation Firewall (NGFW) integrate într-o arhitectură SD-WAN omogenă, însoțite de servicii complete de analiza a infrastructurii existente, proiectarea arhitecturii finale (HLD/LDD), configurarea platformelor centrale, instalarea fizică a echipamentelor, configurarea și integrarea completă a soluției SD WAN/NGFW/SPINE LEAF/Fiber Channel, migrarea serviciilor și trecerea în producție, testarea finală, transferul de cunoștințe către personalul ANCPI, care să permită administrarea centralizată, unificarea politicilor de securitate, optimizarea performanței și flexibilitatea conexiunilor WAN. Numărul de zile până la care se pot solicita clarificări: 20 zile înainte de data limită de depunere a ofertelor. ANCPI va răspunde în mod clar și complet tuturor solicitărilor de clarificări, potrivit prevederilor alin. (1), art.161 din Legea nr. 98/2016, în a 11-a zi înainte de termenul stabilit pentru depunerea ofertelor. Valoarea estimata fără TVA: 24.675.329,89 Moneda: RON - Valoare estimata echipamente: 22.714.760,96 lei fara TVA - Valoare estimata licente: 373.592,07 lei fara TVA - Valoare estimata Servicii migrare configurație infrastructură rețea: 1.586.976,86 lei fara TVA",Automation / software,Software / automation,buy_56f10621e0007ccb73ca,AGENTIA NATIONALA DE CADASTRU SI PUBLICITATE IMOBILIARA,ROU,2026-07-30,2026-09-07,74.0,,,Network / WAN / wireless infrastructure,NETWORK_RESALE,0.2,0.96,0.65,0.58,0.64,0.78
TED,ted_f3cf23b4a4d509779ef7,Aquisição de serviços de rede WAN em fibra ótica e comunicações de voz fixa 2026-2028,Aquisição de serviços de rede WAN em fibra ótica e comunicações de voz fixa 2026-2028,Other,UNKNOWN,buy_091d5eef279cbb542f9f,"Parques de Sintra - Monte da Lua, SA",PRT,2026-07-30,,20.0,,,Network / WAN / wireless infrastructure,NETWORK_RESALE,0.2,0.96,0.65,0.58,0.64,0.78
Germany,ten_6e0fa5afd0cb888a74bc,Berichtigungsbekanntmachung: WAN Gütersloh,,Automation / software,Software / automation,buy_669c459f6f1301ef9ebe,"regio iT gesellschaft für informationstechnologie mbh, vertreten durch die E.V.A. Energieversorgungs- und Verkehrsgesellschaft mbH Aachen",Germany,2026-07-30,,74.0,,,Network / WAN / wireless infrastructure,NETWORK_RESALE,0.2,0.96,0.65,0.58,0.64,0.78
TED,ted_884d0c00fe4376ce1a5f,Rinnovo sottoscrizioni IP Fabric Network InfrastructureE Management Platform,Rinnovo sottoscrizioni IP Fabric Network InfrastructureE Management Platform,Automation / software,Software / automation,buy_811f3d14bc58dffafbdd,RAI - Radiotelevisione Italiana S.p.A. - A/TEI/INT,ITA,2026-07-29,2026-09-15,74.0,,,Network / WAN / wireless infrastructure,NETWORK_RESALE,0.2,0.96,0.65,0.58,0.64,0.78
TED,ted_77c5f1951671ffbe0746,Zakup usługi subskrypcji oprogramowania do uwierzytelniania i kontroli dostępu dla sieci LAN i WAN wraz ze wsparciem producenta na okres 36 miesięcy,"1. Przedmiot zamówienia: 1.1. Przedmiotem zamówienia jest zapewnienie Agencji Restrukturyzacji i Modernizacji Rolnictwa (zwanej dalej „Zamawiającym”) przez Wykonawcę: 1.1.1. prawa do korzystania z Subskrypcji dla Oprogramowania Cisco ISE Advantage Subscription dla 25 000 punktów końcowych (endpoints) wskazanego w Załączniku nr 1 do projektowanych postanowień umowy (dalej: ppu), stanowiących Załącznik nr 8.1. do SWZ. 1.1.2. Wsparcia Oprogramowania Cisco Identity Services Engine działające na 8 maszynach wirtualnych wskazanego w Załączniku nr 1 do ppu, stanowiących Załącznik nr 8.1. do SWZ, na warunkach określonych w Umowie oraz ogólnych warunkach producenta Oprogramowania. 1.2. Subskrypcja oraz Wsparcie Oprogramowania obowiązywać będzie przez okres 36 miesięcy od dnia wskazanego w Protokole odbioru Certyfikatu, o którym mowa w § 4 ust. 1 Umowy, z zachowaniem ciągłości działania. 1.3. W celu potwierdzenia uprawnień do korzystania z Subskrypcji oraz Wsparcia Oprogramowania Wykonawca przekaże Zamawiającemu Certyfikat potwierdzający prawo do korzystania przez Zamawiającego z Oprogramowania i wskazujący termin obowiązywania Subskrypcji i Wsparcia Oprogramowania, zgodnie z zapisami Umowy i ogólnymi warunkami licencyjnymi producenta Oprogramowania. 2. Zamawiający dopuszcza zaoferowanie przez Wykonawców rozwiązania równoważnego do wskazanego w pkt 1 powyżej, spełniającego następujące wymagania. Wykonawca 2.1. dostarczy, skonfiguruje i uruchomi system informatyczny oraz zapewni Zamawiającemu możliwość korzystania z Oprogramowania, zgodnie ze specyfikacją stanowiącą Załącznik nr 1 do projektowanych postanowień umowy (dalej: „ppu-r”), stanowiących Załącznik nr 8.2 do SWZ, w tym: 2.1.1. przeprowadzi Wdrożenie na platformie sprzętowo-aplikacyjnej w Lokalizacji Zamawiającego zgodnie z warunkami ppu-r, w tym uzgodni z Zamawiającym Harmonogram Realizacji Wdrożenia, wykona i dostarczy Projekt Techniczny, Plan Testów Akceptacyjnych oraz Dokumentację Powdrożeniową w formie elektronicznej; 2.1.2. przeprowadzi przeniesienie danych (migrację) do Oprogramowania, znajdujących się w oprogramowaniu wykorzystywanym do dnia zawarcia Umowy przez Zamawiającego, w tym zdefiniowanych grup, polityk bezpieczeństwa, kont użytkowników, portali, urządzeń zarządzanych i innych które są kluczowe w aktualnie działającym oprogramowaniu. 2.1.3. zapewni Zamawiającemu prawo do korzystania z Subskrypcji, obejmującej: 2.1.3.1. prawo do korzystania z Oprogramowania w jego bieżącej wersji uwzględniającej wszelkie Aktualizacje Oprogramowania na warunkach określonych w ppu-r oraz ogólnych warunkach producenta Oprogramowania; 2.1.3.2. możliwość korzystania ze wsparcia Oprogramowania na warunkach określonych w ppu-r oraz ogólnych warunkach producenta Oprogramowania; 2.1.4. przeniesie na Zamawiającego autorskie prawa majątkowe do Dokumentacji opracowanej przez Wykonawcę w ramach ppu-r na warunkach, w tym polach eksploatacji, określonych w Umowie. 2.1.5. przeprowadzi instruktaż wdrożeniowy dla administratorów i użytkowników Oprogramowania po stronie Zamawiającego, zgodnie z warunkami ppu-r; 2.1.6. przeprowadzi Wdrożenie tak, aby nie miało wpływu na ciągłość działania systemów informatycznych Zamawiającego. 2.2. Subskrypcja obowiązywać będzie przez okres 36 miesięcy od dnia wskazanego w Protokole Wdrożenia, o którym mowa w § 4 ust. 10 ppu-r. 2.3. W celu potwierdzenia uprawnień do korzystania z Subskrypcji Wykonawca, najpóźniej w terminie Wdrożenia określonym § 4 ust. 1 ppu-r, przekaże Zamawiającemu Certyfikat potwierdzający prawo do korzystania przez Zamawiającego z Oprogramowania i wskazujący termin obowiązywania Subskrypcji, zgodnie z zapisami ppu-r i ogólnymi warunkami licencyjnymi producenta Oprogramowania. 3. Zamawiający wymaga, aby wykonanie przedmiotu zamówienia nastąpiło na warunkach i zasadach określonych w ppu wraz z załącznikami stanowiących Załącznik nr 8.1 do SWZ, a w przypadku zaoferowania rozwiązania równoważnego na warunkach i zasadach określonych w ppu-r wraz z załącznikami stanowiących Załącznik nr 8.2 do SWZ.",Automation / software,Software / automation,buy_e4d061caa68fce2f60e7,Agencja Restrukturyzacji i Modernizacji Rolnictwa,POL,2026-07-27,2026-09-02,74.0,,,Network / WAN / wireless infrastructure,NETWORK_RESALE,0.2,0.96,0.65,0.58,0.64,0.78
Quebec,ten_344b3d7c6ea96c14db44,Acquisition de scanners à ultrasons sans fil et portables,,Other,UNKNOWN,buy_2086d9017b573420f005,Santé Québec - Centre universitaire de santé McGill,Canada - Quebec,2026-07-27,,15.0,,,Network / WAN / wireless infrastructure,NETWORK_RESALE,0.2,0.96,0.65,0.58,0.64,0.78
TED,ted_276738d53ebd702902f5,Świadczenie usług wsparcia serwisowego dla urządzeń sieci LAN/WAN PSE S.A.,"1) Przedmiotem zamówienia jest serwis (wsparcie techniczne) urządzeń sieci LAN/WAN. 2) Opis potrzeb zamawiającego i cechy charakterystyczne przedmiotu zamówienia oraz minimalne wymagania dotyczące przedmiotu zamówienia/realizacji zamówienia, niepodlegające negocjacjom, które muszą spełnić wszystkie oferty określono w Części II OPIW, z tym że na etapie ogłoszenia zamówienia zostanie udostępniony skrócony opis potrzeb i wymagań zamówienia – stosownie do postanowień art. 18 ustawy Pzp. Działając na podstawie art. 381 ust. 9 oraz 133 ust. 3 ustawy, Zamawiający ustanawia wymagania dotyczące zachowania poufnego charakteru informacji przekazanych Wykonawcom w toku postępowania. Poufny charakter mają następujące części OPIW: - Część II OPIW – Opis przedmiotu zamówienia; - Część IV OPIW Projektowane postanowienia umowy. Wykonawcy zaproszeni do udziału w kolejnym etapie postępowania, tj. wraz z zaproszeniem do negocjacji otrzymają wskazane powyżej dokumenty. a) Wykonawcy zobowiązani są do złożenia oświadczeń o zachowanie poufności wraz z wnioskiem o dopuszczenie do udziału w postępowaniu (Wzór nr 3 lit. a i lit. b Części III OPIW). b) Wymagane jest złożenie oświadczeń przez osoby uprawnione do reprezentacji Wykonawcy (uprawnienie to musi wynikać z dokumentów rejestrowych lub pełnomocnictwa, którym w tym postępowaniu dysponuje Zamawiający) oraz przez osoby, które będą uczestniczyć w postępowaniu. Oświadczenia muszą być złożone (zamieszczone na Platformie zakupowej wraz z wnioskiem o dopuszczenie do udziału w postępowaniu) w formie dokumentów elektronicznych podpisanych kwalifikowanym podpisem elektronicznym. Uwaga: Jeżeli osoby które będą uczestnicy w postępowaniu, nie dysponują kwalifikowanymi podpisami elektronicznymi, Zamawiający dopuszcza aby oświadczenia te były podpisane odręcznie przez osoby składające oświadczenia, zeskanowane, potwierdzone za zgodność z oryginałem przez osoby uprawnione do złożenia oświadczeń woli i wiedzy w imieniu Wykonawcy i w takiej formie przekazane do Zamawiającego za pośrednictwem Platformy zakupowej. c) Informacje stanowiące tajemnicę przedsiębiorstwa będą przekazane do Wykonawcy w formie zaszyfrowanej za pośrednictwem Platformy Zakupowej. Na wskazany przez Wykonawcę we wniosku adres e-mail będzie przesyłane hasło do odszyfrowania tych dokumentów. 3) Zamawiający nie dopuszcza składania ofert częściowych. 4) Zamawiający nie dopuszcza składania ofert wariantowych. 5) Zamawiający nie zastrzega obowiązku osobistego wykonania przez Wykonawcę kluczowych zadań. 6) Zamawiający podkreśla, że niniejsze postępowanie prowadzone jest w trybie sektorowych negocjacji z ogłoszeniem. Oznacza to, że po złożeniu wniosków, z zakwalifikowanymi do II etapu postępowania Wykonawcami, negocjowane będą warunki realizacji przedmiotu zamówienia. Zgodnie z treścią art. 381 ust. 8 ustawy nie mogą prowadzić do zmiany minimalnych wymagań oraz kryteriów oceny ofert i ich wag, określonych w ogłoszeniu wszczynającym postępowanie oraz w opisie potrzeb i wymagań. 7) Nazwy i kody Wspólnego Słownika Zamówień: 72611000-6 - Serwis sprzętu IT. 8) Wykonawca zobowiązany jest przedłożyć wraz z ofertą (celem przeprowadzenia oceny zgodności zaoferowanego świadczenia z opisem przedmiotu zamówienia), stosownie do postanowień art. 106 i 107 ustawy Pzp, przedmiotowy środek dowodowy, który będzie stanowić podstawę weryfikacji poprawności merytorycznej oferty: a) certyfikat lub inny równorzędny dokument potwierdzający, że Wykonawca posiada status autoryzowanego partnera producenta posiadanych przez PSE urządzeń Cisco, będących przedmiotem usługi serwisowej (wymagany poziom partnerstwa: „Preferred Services Partner”). Stosowanie do postanowień art. 107 ust. 2 ustawy Pzp Zamawiający przewiduje możliwość wezwania Wykonawców do uzupełnienia dokumentu wskazanego powyżej - jeżeli Wykonawca nie złożył przedmiotowych środków dowodowych wraz z ofertą lub złożone przedmiotowe środki dowodowe są niekompletne. 9) Zamawiający wymaga, aby przedmiot zamówienia, w tym wszelkie produkty ICT, usługi ICT oraz procesy ICT, w rozumieniu art. 2 pkt 11k, 11l oraz 11m ustawy z dnia 5 lipca 2018 r. o krajowym systemie cyberbezpieczeństwa, wykorzystywane do realizacji zamówienia – zarówno jako elementy główne, jak i komponenty, elementy środowiska realizacji zamówienia lub rozwiązania towarzyszące – nie obejmowały: a) produktów ICT, usług ICT ani procesów ICT wskazanych w rekomendacji Pełnomocnika Rządu do spraw Cyberbezpieczeństwa, o której mowa w art. 33 ust. 4 i 4a ustawy z dnia 5 lipca 2018 r. o krajowym systemie cyberbezpieczeństwa, stwierdzającej ich negatywny wpływ na podstawowy interes bezpieczeństwa państwa; b) produktów ICT, usług ICT ani procesów ICT, których typ został określony w decyzji ministra właściwego do spraw informatyzacji w sprawie uznania dostawcy za dostawcę wysokiego ryzyka, o której mowa w art. 67b ust. 15 ustawy z dnia 5 lipca 2018 r. o krajowym systemie cyberbezpieczeństwa. Niespełnienie powyższego wymagania będzie skutkowało odrzuceniem oferty; w przypadku zamówień publicznych stosownie do art. 226 ust. 1 pkt 17 lub pkt 19 ustawy Pzp. Zamawiający zastrzega sobie prawo weryfikacji spełnienia powyższego wymagania na każdym etapie postępowania.",Automation / software,Software / automation,buy_e4d061caa68fce2f60e7,Polskie Sieci Elektroenergetyczne Spółka Akcyjna,POL,2026-07-24,,74.0,,,Network / WAN / wireless infrastructure,NETWORK_RESALE,0.2,0.96,0.65,0.58,0.64,0.78
United Kingdom,ten_f609b468e551c54436c1,Wifi Leased Lines,,Other,UNKNOWN,buy_d1013185760d06ceaf58,UNIVERSITY HOSPITALS OF DERBY AND BURTON NHS FOUNDATION TRUST,United Kingdom,2026-07-24,,15.0,,,Network / WAN / wireless infrastructure,NETWORK_RESALE,0.2,0.96,0.65,0.58,0.64,0.78
TED,ted_9e03c465bae2e29f9a59,VMware lisenssien ja Red Hat tukitilausten hankinta,"Hankinnan kohteena on VMware-lisenssien ja Red Hat-tukitilausten hankinta. Kilpailutuksen perusteella valitaan yksi (1) toimittaja sekä yksi (1) varatoimittaja. Sopimus on voimassa yhden (1) vuoden kiinteällä sopimuskaudella kun kumpikin osapuoli on allekirjoittanut Sopimuksen, jonka jälkeen Sopimus jatkuu toistaiseksi voimassa olevana. Hankinnan kohde on kuvattu tarkemmin tarjouspyyntöasiakirjoissa.",Automation / software,IT services / software,buy_21d608cefc7ad1917578,Teknologian tutkimuskeskus VTT Oy,FIN,2026-08-10,2026-09-09,60.0,,,Open-source / Red Hat / Linux services,OPEN_SOURCE,0.62,0.9,0.98,0.6,0.7,0.82
TED,ted_1e2c9b5c8986c5c7d571,Dostawa subskrypcji dla środowiska Red Hat Linux,1. Przedmiotem zamówienia jest zapewnienie przez Wykonawcę przedłużenia prawa do korzystania z Oprogramowania na okres: 1.1. od 1.12.2026 r. do 30.11.2027 r. w zakresie pozycji 1-8 definicji Oprogramowania oraz 1.2. od 14.12.2026 r. do 13.12.2027 r. w zakresie pozycji 9 definicji Oprogramowania. 2. Szczegółowy opis oraz sposób realizacji zamówienia został opisany w projekcie umowy stanowiącym Załącznik nr 2 do SWZ.,Automation / software,IT services / software,buy_e4d061caa68fce2f60e7,Urząd Komisji Nadzoru Finansowego,POL,2026-07-30,2026-09-02,60.0,,,Open-source / Red Hat / Linux services,OPEN_SOURCE,0.62,0.9,0.98,0.6,0.7,0.82
Belgium,bel_1380f1188ae5e36624b51198,Emarket 938 - Medior Linux engineer Red Hat Linux Systems,"Emarket 938 - Medior Linux engineer Red Hat Linux Systems - op het bestaan van een kwalificatiestelsel Y15Bis, I-46 gebaseerd gepubliceerd op Europees en op Belgisch niveau: https://www.publicprocurement.be/publication-workspaces/d5aa281d-f0b8-4143-a93e-c9cfbc8b9759/general , in overeenstemming met de artikelen 11, 15 - 3° en 18 van het KB van 18 juni 2017.",,,buy_ad79eddac5d342679ead4dd7,Infrabel - Goods & Services,BE,2026-07-29,,,https://www.publicprocurement.be/publication-workspaces/00474a34-49e9-4741-b66d-3443b62844db,,Open-source / Red Hat / Linux services,OPEN_SOURCE,0.62,0.9,0.98,0.6,0.7,0.82
Quebec,ten_bce5c5e457370a79c8fe,Mise à jour de sécurité du Système Sierra (SIGB) _RedHat,,Creative / communications,Design / publishing,buy_e62487279ba45040f09c,Ville de Montréal - Service des technologies de l'information,Canada - Quebec,2026-07-29,,82.0,,,Open-source / Red Hat / Linux services,OPEN_SOURCE,0.62,0.9,0.98,0.6,0.7,0.82
France,ten_c81e97ef3b5b58e9c394,"Prestations de Tiers Maintenance Applicative pour une solution informatique de Gestion Electronique du courrier qui utilise « le socle Maarch - solution Open source"" en mode Saas",,Automation / software,Software / automation,buy_7f45d87e987a91db6e0e,Cu Grand Paris Seine & Oise,France,2026-07-27,2026-11-09,74.0,,,Open-source / Red Hat / Linux services,OPEN_SOURCE,0.62,0.9,0.98,0.6,0.7,0.82
TED,ted_25cfb607db9984541d94,Nákup subskripcí Red Hat OpenShift Platform,"Předmětem veřejné zakázky je zajištění subskripcí produktu Red Hat OpenShift Platform, včetně softwarové podpory (SA) a konzultací do 31. 12. 2027. Popis předmětu veřejné zakázky týkající se rozsahu a obsahu požadovaného plnění jsou dále specifikovány v přílohách zadávací dokumentace.",Automation / software,Software / automation,buy_85fe87d2665464f38efa,"Státní pokladna Centrum sdílených služeb, s. p.",CZE,2026-07-22,2026-08-26,74.0,,,Open-source / Red Hat / Linux services,OPEN_SOURCE,0.62,0.9,0.98,0.6,0.7,0.82
Germany,ten_2fb1cba962015a313398,Oracle Linux Premier Support,,Automation / software,IT services / software,,,Germany,2026-07-22,2026-08-26,60.0,,,Open-source / Red Hat / Linux services,OPEN_SOURCE,0.62,0.9,0.98,0.6,0.7,0.82
Quebec,ten_327cde1e786c53c49c52,Acquisition d'abonnements Red Hat Enterprise Linux,,Automation / software,Software / automation,buy_88e34d93855f04ccc9f1,Ville de Québec,Canada - Quebec,2026-07-21,,74.0,,,Open-source / Red Hat / Linux services,OPEN_SOURCE,0.62,0.9,0.98,0.6,0.7,0.82
TED,ted_95c793c966572af4370b,"Suministro De Licencias De Redhat Linux Y Openshift Del Ministerio De Asuntos Exteriores, Unión Europea Y Cooperación. (Ministerio De Asuntos Exteriores, Unión Europea Y Cooperación-S.G. De Informatica, Comunicaciones Y Redes)","Suministro De Licencias De Redhat Linux Y Openshift Del Ministerio De Asuntos Exteriores, Unión Europea Y Cooperación. (Ministerio De Asuntos Exteriores, Unión Europea Y Cooperación-S.G. De Informatica, Comunicaciones Y Redes)",Automation / software,IT services / software,buy_262acb26bfbdf5a4121e,Dirección General de Racionalización y Centralización de la Contratación-Junta de Contratación Centralizada,ESP,2026-07-20,,60.0,,,Open-source / Red Hat / Linux services,OPEN_SOURCE,0.62,0.9,0.98,0.6,0.7,0.82
Germany,ten_f6e9ad558d0c345100a5,Red Hat Lizenzen,,Automation / software,IT services / software,buy_46e1047efd3984c2aa44,Universitätsklinikum Münster,Germany,2026-07-20,2026-08-12,60.0,,,Open-source / Red Hat / Linux services,OPEN_SOURCE,0.62,0.9,0.98,0.6,0.7,0.82
TED,ted_487fbe5723b0fbe683ff,"Servicii de furnizare de menținere și extindere a licențelor Oracle, Eviews, Matlab, Veam, FortiADC și RedHat",Lot 1: Servicii de asigurare a accesului la suport anual pentru licențele Oracle Lot 2: Servicii de asigurare a accesului la suport anual pentru licențele Eviews Lot 3: Extinderea licențelor Matlab Lot 4: Servicii de asigurare a accesului la suport anual pentru licențele Matlab Lot 5: Extinderea și menținerea licențelor Veeam Lot 6: Servicii de asigurare a accesului la suport anual pentru licențele FortiADC Lot 7: Subscriere anuală pentru soluția Red Hat,Automation / software,IT services / software,buy_913b0f6de46122300a4a,Banca Națională a Moldovei,MDA,2026-07-17,2026-08-17,60.0,,,Open-source / Red Hat / Linux services,OPEN_SOURCE,0.62,0.9,0.98,0.6,0.7,0.82
Germany,ten_7d9c046c5f02798001fd,Suse Linux Subscription Erneuerung,,Automation / software,IT services / software,buy_62d66ec1e23c26d3d69b,Landesamt für Steuern,Germany,2026-07-16,2026-08-19,60.0,,,Open-source / Red Hat / Linux services,OPEN_SOURCE,0.62,0.9,0.98,0.6,0.7,0.82
TED,ted_6c3295556e09e4b8ad8d,SaaS Gestiona i DRAG,"Suministro de un software GESTIONA segunda generación, en modalidad Software as a Service, el suministro en modalidad cloud, de alojamiento y custodia de la información y el suministro del software policial DRAG.",Automation / software,Software / automation,buy_b08af754aa04f02e4962,Ajuntament de Martorell,ESP,2026-08-11,,74.0,,,SaaS business applications,SAAS_SOFTWARE,0.72,0.84,0.98,0.62,0.68,0.9
TED,ted_fe0f28327cb00d25a173,"Appalto 123/2026. Accordo Quadro per la fornitura in Saas e implementazione di un sistema software avanzato di Information & Process Management (DMS) per la gestione digitale dei documenti, il Protocollo Informatico, la Conservazione a Norma, e l'automazione dei flussi di lavoro (Workflow/BPM), conforme alle Linee Guida AGID e al CAD",Appalto n. 123/2026. Procedura aperta con modalità telematica per la fornitura in Saas e implementazione di un sistema software avanzato di Information & Process Management (DMS) per la gestione digitale dei documenti mediante accordo quadro,Automation / software,Software / automation,buy_811f3d14bc58dffafbdd,Etra S.p.a. Società benefit,ITA,2026-08-11,2026-09-28,74.0,,,SaaS business applications,SAAS_SOFTWARE,0.72,0.84,0.98,0.62,0.68,0.9
TED,ted_da6a99d6ec5f9a3f86de,"Sda 25/2022. Renovación Del Software De Archivo Documental Opentext Infoarchive En Modalidad “Saas” Para El Registro De Contratos Alimentarios Y Con Destino A La Agencia De Información Y Control Alimentarios, O.A. (Ministerio De Agricultura, Pesca Y Alimentación-Agencia De Información Y Control Alimentarios, O.A.)","Sda 25/2022. Renovación Del Software De Archivo Documental Opentext Infoarchive En Modalidad “Saas” Para El Registro De Contratos Alimentarios Y Con Destino A La Agencia De Información Y Control Alimentarios, O.A. (Ministerio De Agricultura, Pesca Y Alimentación-Agencia De Información Y Control Alimentarios, O.A.)",Automation / software,Software / automation,buy_262acb26bfbdf5a4121e,Dirección General de Racionalización y Centralización de la Contratación-Junta de Contratación Centralizada,ESP,2026-08-06,,74.0,,,SaaS business applications,SAAS_SOFTWARE,0.72,0.84,0.98,0.62,0.68,0.9
TED,ted_4d7642ec4b877791b9af,Plataforma Sistema de Gestión de Mantenimiento Asistido por Ordenador (GMAO) JCCM SaaS,"Definir las condiciones técnicas que regirán la contratación del suministro, implantación, puesta en marcha, operación, mantenimiento, soporte y evolución de un Sistema de Gestión de Mantenimiento Asistido por Ordenador (GMAO), prestado íntegramente en modalidad Software como Servicio (en adelante SaaS), destinado a la gestión integral del mantenimiento, inventariado y explotación de las instalaciones de los edificios administrativos cuya gestión corresponde a la administración pública de la Junta de Comunidades de Castilla-La Mancha (en adelante JCCM).",Automation / software,Software / automation,buy_262acb26bfbdf5a4121e,"Secretaría General de la Consejería de Hacienda, Administraciones Públicas y Transformación Digital de la Junta de Comunidades de Castilla-La Mancha",ESP,2026-08-05,,74.0,,,SaaS business applications,SAAS_SOFTWARE,0.72,0.84,0.98,0.62,0.68,0.9
TED,ted_1f940af7721a6b211dfa,Contrato de servicios de soporte y mantenimiento de la aplicación CRONOS y actualización a servicio SaaS.,"El objeto de este expediente de contratación de servicios es la provisión de los servicios de soporte, mantenimiento correctivo, adaptativo, y evolutivo de la aplicación informática CRONOS, el servicio de actualización y mejora de la sala de espera virtual, y el servicio de adaptación, migración e implantación de la nueva solución en la nube, dispuesta para su uso por el Ayuntamiento de Madrid. El objeto del expediente de contratación se divide en las siguientes prestaciones: - Prestación 1: Actualización y mejora del módulo de gestión de la demanda El objeto de la presente prestación consiste en la ejecución de las tareas orientadas a la actualización y mejora funcional del módulo de gestión de la demanda de entradas, alquiler de espacios y servicios por parte de la ciudadanía. Entre las nuevas funcionalidades a implementar se incluirá, de forma expresa, el incremento de las capacidades de gestión de la demanda, así como la provisión al ciudadano de información relativa al orden de atención y al tiempo estimado para la misma. - Prestación 2: Adaptación, migración e implantación de la nueva solución en la nube El objeto de esta prestación es la realización de las tareas de adaptación y parametrización necesarias para que los productos cumplan los requisitos definidos en el Pliego de Prescripciones Técnicas Particulares, incluyendo los servicios de migración de datos de la aplicación actual que reside en el CPD municipal al nuevo aplicativo que residirá en una infraestructura de nube pública dentro del tenant del Ayuntamiento de Madrid. - Prestación 3: Mantenimiento correctivo, adaptativo y soporte a usuarios El objeto de esta prestación es el mantenimiento correctivo, adaptativo, la implantación de las nuevas versiones del producto y el soporte a consultas e incidencias de usuario. Se distinguen dos subprestaciones dentro de esta prestación: o Subprestación 3.1: Mantenimiento correctivo, adaptativo y soporte a usuarios en instalaciones de IAM El objeto de esta subprestación es realizar el mantenimiento correctivo, adaptativo y soporte a usuarios de las aplicaciones actual de CRONOS instalada en servidores de IAM. o Subprestación 3.2: Mantenimiento correctivo, adaptativo y soporte a usuarios en la nube El objeto de esta subprestación es realizar el mantenimiento correctivo, adaptativo y soporte a usuarios de la aplicación CRONOS una vez instalada en la infraestructura de nube que la soporte (modalidad SaaS). Prestación 4: Mantenimiento evolutivo Su objeto es la implantación de mejoras futuras en la aplicación, una vez migrada a la nube, derivadas de la aparición de nuevas necesidades por parte del Ayuntamiento de Madrid.",Automation / software,Software / automation,buy_262acb26bfbdf5a4121e,Organismo Autónomo Informática del Ayuntamiento de Madrid,ESP,2026-08-04,,74.0,,,SaaS business applications,SAAS_SOFTWARE,0.72,0.84,0.98,0.62,0.68,0.9
TED,ted_405266f3c860499e8636,"GARA EUROPEA A PROCEDURA APERTA PER L&#8217;AFFIDAMENTO, TRAMITE CONTRATTO DEL SERVIZIO DI PROCESS MINING TRAMITE IL TOOL CELONIS IN MODALITA&#8217; SaaS E DEI SERVIZI DI SUPPORTO SPECIALISTICO","GARA EUROPEA A PROCEDURA APERTA PER L’AFFIDAMENTO, TRAMITE CONTRATTO DEL SERVIZIO DI PROCESS MINING TRAMITE IL TOOL CELONIS IN MODALITA’ SaaS E DEI SERVIZI DI SUPPORTO SPECIALISTICO",Automation / software,Software / automation,buy_811f3d14bc58dffafbdd,PagoPA S.p.A.,ITA,2026-08-04,2026-09-30,74.0,,,SaaS business applications,SAAS_SOFTWARE,0.72,0.84,0.98,0.62,0.68,0.9
TED,ted_be204a680b27d59e211e,"Alquiler de licencias de uso “Software As A Service” de una aplicación informática de gestión tributaria integral (gestión, recaudación e inspección) y los servicios de implantación, puesta en marcha, tecnológicos y profesionales necesarios para su explotación, bajo el modelo Cloud, para la Oficina Municipal de Tributos (OMT) de Calviá.","Alquiler de licencias de uso “Software As A Service” de una aplicación informática de gestión tributaria integral (gestión, recaudación e inspección) y los servicios de implantación, puesta en marcha, tecnológicos y profesionales necesarios para su explotación, bajo el modelo Cloud, para la Oficina Municipal de Tributos (OMT) de Calviá.",Automation / software,Software / automation,buy_262acb26bfbdf5a4121e,Presidencia de la Oficina Municipal de Tributos de Calviá,ESP,2026-08-04,,74.0,,,SaaS business applications,SAAS_SOFTWARE,0.72,0.84,0.98,0.62,0.68,0.9
TED,ted_e5fcdc5bb12678ac4545,Servei per a la implantació i manteniment d’una solució/plataforma de software de gestió d’expedients en modalitat SAAS,Contractació d'una plataforma d'administració electrònica en modalitat de Programari com a Servei (SaaS). Veure Plecs,Automation / software,Software / automation,buy_262acb26bfbdf5a4121e,Ajuntament d'Esplugues de Llobregat,ESP,2026-08-04,2026-09-10,74.0,,,SaaS business applications,SAAS_SOFTWARE,0.72,0.84,0.98,0.62,0.68,0.9
TED,ted_36e3b7ea27b4cb17fc59,"Servizio di licenze software saas e assistenza/manutenzione per gli apparati di rete, i moduli, le componenti software e le subscription di marca Juniper Networks","Servizio di licenze software saas e assistenza/manutenzione per gli apparati di rete, i moduli, le componenti software e le subscription di marca Juniper Networks",Automation / software,Software / automation,buy_811f3d14bc58dffafbdd,"Area Approvvigionamenti Beni e Servizi - Settore Gare Beni e Servizi: Ufficio Gare, Ufficio Procedure Negoziate",ITA,2026-07-30,2026-09-22,74.0,,,SaaS business applications,SAAS_SOFTWARE,0.72,0.84,0.98,0.62,0.68,0.9
TED,ted_4ad025102cfed25c79b4,"PROCEDURA APERTA TELEMATICA PER L&#8217;AFFIDAMENTO DELLA FORNITURA IN MODALIT&#192; SAAS, E SERVIZI COLLEGATI, DI UN'ARCHITETTURA INFORMATICA INTEGRATA INTERATTIVA PER LA GESTIONE DIRETTA DELLE ENTRATE TRIBUTARIE ED EXTRATRIBUTARIE IN CONCESSIONE ALLA SOCIET&#192; ESATTO SPA, CON IL CRITERIO DELL&#8217;OFFERTA ECONOMICAMENTE PI&#217; VANTAGGIOSA","PROCEDURA APERTA TELEMATICA PER L&#8217;AFFIDAMENTO DELLA FORNITURA IN MODALIT&#192; SAAS, E SERVIZI COLLEGATI, DI UN'ARCHITETTURA INFORMATICA INTEGRATA INTERATTIVA PER LA GESTIONE DIRETTA DELLE ENTRATE TRIBUTARIE ED EXTRATRIBUTARIE IN CONCESSIONE ALLA SOCIET&#192; ESATTO SPA, CON IL CRITERIO DELL'OFFERTA ECONOMICAMENTE PIU' VANTAGGIOSA",Automation / software,Software / automation,buy_811f3d14bc58dffafbdd,Esatto Spa,ITA,2026-07-30,,74.0,,,SaaS business applications,SAAS_SOFTWARE,0.72,0.84,0.98,0.62,0.68,0.9
TED,ted_57e16303a3b36aea42af,"Servicios de migración, licenciamiento, soporte y evolución funcional del ERP NAVISION de Hospital Intermutual de Euskadi, Centro Mancomunado de Mutuas Colaboradoras con la Seguridad Social nº 291, a MICROSOFT DYNAMICS 365 BUSINESS CENTRAL en modalidad SaaS","El contrato tiene por objeto la contratación de los servicios necesarios para la migración del entorno ERP actual del Hospital a Microsoft Dynamics 365 Business Central en modalidad SaaS, incluyendo el análisis de la situación de partida, la adaptación de personalizaciones, la migración de datos, la configuración del nuevo entorno, la realización de pruebas, la puesta en producción y el soporte de estabilización. Asimismo, forman parte del objeto del contrato la implantación y configuración de los siguientes módulos y/o integraciones funcionales: - Módulo de gestión de contratos plurianuales - Módulo de facturación electrónica FACe - Integración con el Sistema Español de Verificación de Medicamentos (SEVeM)",Automation / software,Software / automation,buy_262acb26bfbdf5a4121e,"Hospital Intermutual de Euskadi, Centro Mancomunado de Mutuas de Accidentes de Trabajo y Enfermadades Profesionales de la Seguridad Social",ESP,2026-07-30,2026-09-04,74.0,,,SaaS business applications,SAAS_SOFTWARE,0.72,0.84,0.98,0.62,0.68,0.9
TED,ted_6f6a53f92d6cdbca98ae,DGACQ 37-26 Servizi per l’erogazione in modalità SaaS (Software as a Service) di una piattaforma tecnologica per l’esecuzione delle gare telematiche,DGACQ 37-26 Servizi per l’erogazione in modalità SaaS (Software as a Service) di una piattaforma tecnologica per l’esecuzione delle gare telematiche,Automation / software,Software / automation,buy_811f3d14bc58dffafbdd,ANAS S.P.A.,ITA,2026-07-30,2026-09-28,74.0,,,SaaS business applications,SAAS_SOFTWARE,0.72,0.84,0.98,0.62,0.68,0.9
TED,ted_0c803926d2f63563d18b,APPEL D’OFFRES PUBLIC POUR LE RENOUVELLEMENT DES LICENCES ADOBE,"La République et Canton de Genève, pour le compte de l’Office cantonal des systèmes d'information et du numérique, souhaite trouver un revendeur Adobe officiel capable de fournir des souscriptions à des licences Adobe dans le cadre d'un contrat de déploiement et souscription de licences Adobe ETLA (Enterprise Term License Agreement) et FRL (Feature Restricted License), conformément aux exigences mentionnées dans le cahier des charges et dans le dossier d'appel d'offres. En outre, des prestations de services, également mentionnées dans le cahier des charges, sont recherchées.",Automation / software,IT services / software,buy_bacf2bcb45c828276231,Centrale commune d'achats (CCA),CHE,2026-08-03,2026-10-06,60.0,,,Software licensing & subscriptions,SOFTWARE_RESALE,0.15,0.98,0.98,0.72,0.88,0.72
TED,ted_5a0bd618f5d2dec71219,Appel d'offres public pour le renouvellement des licences en souscription PingAM,"La République et canton de Genève, pour le compte de l’Office cantonal des systèmes d'information et du numérique, souhaite trouver un fournisseur en mesure de lui fournir des licences en souscription PingAM (anciennement Forgerock), conformément aux exigences mentionnées dans le cahier des charges et dans le dossier d'appel d'offres. En outre, des prestations de services, également mentionnées dans le cahier des charges, sont recherchées. La Centrale commune d'achats est chargée de lancer et de mener la présente procédure d'appel d'offres public.",Automation / software,IT services / software,buy_bacf2bcb45c828276231,Centrale commune d'achats (CCA),CHE,2026-08-03,2026-09-14,60.0,,,Software licensing & subscriptions,SOFTWARE_RESALE,0.15,0.98,0.98,0.72,0.88,0.72
TED,ted_359d65784d30631f5f90,Renouvellement Licences Citrix,Ce marché porte sur le renouvellement et l’acquisition des licences Citrix décrites dans le cahier des charges pour une durée de 5 ans.,Automation / software,IT services / software,buy_bacf2bcb45c828276231,"Etat de Vaud, DGNSI - Direction générale du numérique et des systèmes d'information",CHE,2026-08-03,2026-09-07,60.0,,,Software licensing & subscriptions,SOFTWARE_RESALE,0.15,0.98,0.98,0.72,0.88,0.72
Belgium,bel_448fd9619a01b87d8af215f6,"Acquisition et renouvellement de licences logicielles EndNote, ainsi que prestations associées de mise à disposition, de gestion des licences et de support technique officiel","Acquisition et renouvellement de licences logicielles EndNote, ainsi que prestations associées de mise à disposition, de gestion des licences et de support technique officiel",,,buy_e772132d9243bb3a5c5231a2,Université de Namur,BE,2026-07-31,,,https://www.publicprocurement.be/publication-workspaces/4af7cc20-18c1-4e19-abe9-576342e5f8f3,,Software licensing & subscriptions,SOFTWARE_RESALE,0.15,0.98,0.98,0.72,0.88,0.72
United Kingdom,ten_b6bc8db8f8c170031d7a,Traka Standard Service Level Agreement and Software License Renewal,,Other,UNKNOWN,buy_45336199fe5176f76e1f,THE PIRBRIGHT INSTITUTE,United Kingdom,2026-07-31,,15.0,,,Software licensing & subscriptions,SOFTWARE_RESALE,0.15,0.98,0.98,0.72,0.88,0.72
United Kingdom,ten_8d4ad3d871f485e0962b,Optimix software licence,,Other,UNKNOWN,buy_43b6f8d5e525204c796c,London Borough of Haringey,United Kingdom,2026-07-31,,15.0,,,Software licensing & subscriptions,SOFTWARE_RESALE,0.15,0.98,0.98,0.72,0.88,0.72
France,ten_6b46f0fa9ea18f97b0fc,Renouvellement des licences Autodesk Forma Build Value-Based,,Automation / software,Software / automation,buy_e0dbac63da1cc95b894c,Aéroport de Bâle Mulhouse (68),France,2026-07-31,2026-08-09,74.0,,,Software licensing & subscriptions,SOFTWARE_RESALE,0.15,0.98,0.98,0.72,0.88,0.72
United Kingdom,ten_5dec2c11e4da80f457dd,DfT - VISUM Software Licence,,Other,UNKNOWN,buy_4832ef60260d29bf326a,Department for Transport,United Kingdom,2026-07-31,,15.0,,,Software licensing & subscriptions,SOFTWARE_RESALE,0.15,0.98,0.98,0.72,0.88,0.72
Quebec,ten_3fd8237a45149efec53c,Renouvellement des licences pour le logiciel SOFE,,Automation / software,Software / automation,buy_e1ee82c92601a3099b38,Société des traversiers du Québec,Canada - Quebec,2026-07-31,,74.0,,,Software licensing & subscriptions,SOFTWARE_RESALE,0.15,0.98,0.98,0.72,0.88,0.72
Quebec,ten_93d2f75ce7e8cf3f1e04,Renouvellement de l'abonnement annuel de 5 licences RSMeans,,Automation / software,Software / automation,buy_f7bbe9d964a4f1b8f7e5,SQI-Direction générale des solutions et des infrastructures numériques,Canada - Quebec,2026-07-30,,74.0,,,Software licensing & subscriptions,SOFTWARE_RESALE,0.15,0.98,0.98,0.72,0.88,0.72
United Kingdom,ten_4115eceeb55cff93d283,VaccinationTrack Software Licence,,Other,UNKNOWN,buy_4b10f4302cb5c7716b31,CAMBRIDGE UNIVERSITY HOSPITALS NHS FOUNDATION TRUST,United Kingdom,2026-07-30,,15.0,,,Software licensing & subscriptions,SOFTWARE_RESALE,0.15,0.98,0.98,0.72,0.88,0.72
Quebec,ten_27768e5b7f9e268c5fb4,Renouvellement de licences C2,,Automation / software,Software / automation,buy_a7925be7225e4eb8b6fe,Ministère des Finances,Canada - Quebec,2026-07-30,,74.0,,,Software licensing & subscriptions,SOFTWARE_RESALE,0.15,0.98,0.98,0.72,0.88,0.72
TED,ted_156752f115edc966c180,Parallel assignments Kjeller airport area - feasibility study for a new district in Lillestrøm.,"Lillestrøm municipality shall carry out a parallel assignment for a feasibility study for Kjeller airport area. The area shall be transformed from a military airport to a new district that connects Lillestrøm town centre with Kjeller urban development. The feasibility study shall highlight the main concept for area use, mobility, blue-green structure, social and technical infrastructure, climate and environment, cultural environment and business development, and it shall form the basis for the coming municipal sector plan with the accompanying impact assessment.",Monitoring / research,Monitoring / analysis,buy_581df20f038735ed5497,Lillestrøm Kommune,NOR,2026-08-06,,70.0,,,Technical studies / feasibility studies,PARTNERABLE_STUDIES,0.48,0.96,0.72,0.4,0.55,0.84
Quebec,ten_ff85c1dad17c79de10de,SERVICE PROFESSIONNEL ÉTUDE FAISABILITÉ_ CLIMATISATION PHARMACIE ET SALE BLANCHE_ HL,,Monitoring / research,Monitoring / analysis,buy_abb8ed450a4cbc7ef5d7,Centre intégré universitaire de santé et de services sociaux de l'Ouest-de-l'Île-de-Montréal,Canada - Quebec,2026-07-31,,70.0,,,Technical studies / feasibility studies,PARTNERABLE_STUDIES,0.48,0.96,0.72,0.4,0.55,0.84
United Kingdom,ten_53d0d5bb65e0674211fb,"Tender for Development Feasibility Study of Cae Penarlâg, Dolgellau",,Other,UNKNOWN,buy_bf18f59542adc9faabd6,Cyngor Gwynedd,United Kingdom,2026-07-29,2026-08-13,15.0,,,Technical studies / feasibility studies,PARTNERABLE_STUDIES,0.48,0.96,0.72,0.4,0.55,0.84
United Kingdom,ten_f8ccdb3fd2de706548d4,Q1534- Provision of Newbridge South Feasibility Study,,Other,UNKNOWN,buy_946d4bf6745bd3491477,Bridgend County Borough Council,United Kingdom,2026-07-28,,15.0,,,Technical studies / feasibility studies,PARTNERABLE_STUDIES,0.48,0.96,0.72,0.4,0.55,0.84
Quebec,ten_fb9612ac25200c0d62f3,ETUDE FAISABILITÉ CLSC SHAWVILLE ET CLSC GRACEFIELD,,Monitoring / research,Monitoring / analysis,buy_164e45e0c89a02883fcb,Santé Québec Outaouais,Canada - Quebec,2026-07-22,,70.0,,,Technical studies / feasibility studies,PARTNERABLE_STUDIES,0.48,0.96,0.72,0.4,0.55,0.84
France,ten_9109cad3998b6d26dbff,Bureau d'études fluides - Rénovation du système de chauffage - climatisation et réseaux de distribution de la direction départementale des services d'incendie et de secours de la Haute-Savoie,,Monitoring / research,Monitoring / analysis,buy_0de09a695c3b1cb14db7,SDIS 74,France,2026-07-21,2026-09-22,70.0,,,Technical studies / feasibility studies,PARTNERABLE_STUDIES,0.48,0.96,0.72,0.4,0.55,0.84
Germany,ten_4234b5cb9350f60e3b87,10040396 - Feasibility study on agroecological measures and nature-based solutions (NBS) in cotton-based farming systems in Tajikistan,,Other,UNKNOWN,,,Germany,2026-07-20,2026-08-10,15.0,,,Technical studies / feasibility studies,PARTNERABLE_STUDIES,0.48,0.96,0.72,0.4,0.55,0.84
Germany,ten_544540eb4a6af64e5912,10040397 - Feasibility study on Biochar production from cotton stalks and carbon credit opportunities in cotton-based farming systems in Tajikistan,,Other,UNKNOWN,,,Germany,2026-07-20,2026-08-10,15.0,,,Technical studies / feasibility studies,PARTNERABLE_STUDIES,0.48,0.96,0.72,0.4,0.55,0.84
France,ten_f72a9a57e4595d163854,Diagnostics et études techniques génie civil des ouvrages d'Eau du Grand Lyon,,Monitoring / research,Monitoring / analysis,buy_fecb09b50435fdef0838,La Régie Eau du Grand Lyon,France,2026-07-20,,70.0,,,Technical studies / feasibility studies,PARTNERABLE_STUDIES,0.48,0.96,0.72,0.4,0.55,0.84
United Kingdom,ten_a425b3b4b8758b065e95,Abattoir Feasibility Study,,Other,UNKNOWN,buy_ba258d4c988d6385990a,Surrey County Council,United Kingdom,2026-07-17,,15.0,,,Technical studies / feasibility studies,PARTNERABLE_STUDIES,0.48,0.96,0.72,0.4,0.55,0.84
Quebec,ten_49d499bca0b357475ca1,Étude faisabilité pour requalification église,,Monitoring / research,Monitoring / analysis,buy_ac65c88140e6985b1f1a,Municipalité de Saint-Simon-les-Mines,Canada - Quebec,2026-07-15,,70.0,,,Technical studies / feasibility studies,PARTNERABLE_STUDIES,0.48,0.96,0.72,0.4,0.55,0.84
Germany,ten_0a6b83c4ee4ce04d9fe9,10023631-Feasibility Study for an African Railway Competence Centre,,Creative / communications,Design / publishing,buy_14b5c2e3da752bbbc886,Deutsche Gesellschaft für Internationale Zusammenarbeit (GIZ) GmbH,Germany,2026-07-14,2026-08-14,82.0,,,Technical studies / feasibility studies,PARTNERABLE_STUDIES,0.48,0.96,0.72,0.4,0.55,0.84
TED,ted_673819eb61b3753361cd,Bevakningsutrustning - CCTV,Upphandlingen avser: - Bevakningskameror med tillbehör - Installation - Projektering - Driftsättning - Service - Utbildning - Milestonesupport,Other,UNKNOWN,buy_3d59e3bbb5e2f64301ba,Västra Götalandsregionen,SWE,2026-08-07,2026-09-07,20.0,,,Video surveillance / CCTV,SECURITY_RESALE,0.28,0.97,0.45,0.62,0.62,0.82
United Kingdom,ten_5df23259ce6287be9409,Installation of CCTV system as per quote SQ-3690,,Other,UNKNOWN,buy_b36c3c47ce15e437480b,The Mayor and Commonalty and Citizens of the City of London,United Kingdom,2026-07-31,,15.0,,,Video surveillance / CCTV,SECURITY_RESALE,0.28,0.97,0.45,0.62,0.62,0.82
TED,ted_d39c36807474b26d5ba6,Modernizacja systemu monitoringu wizyjnego CCTV w Muzeum II Wojny Światowej w Gdańsku,"1. Przedmiotem zamówienia jest Modernizacja systemu monitoringu wizyjnego CCTV w Muzeum II Wojny Światowej w budynku przy Placu Władysława Bartoszewskiego 1 w Gdańsku. 2. Zamawiający określił potrzebę przedmiotowego zakupu, która wynika z obiektywnych potrzeb związanych z charakterystyką urządzeń i systemów będących w posiadaniu Zamawiającego, do których przedmiotowe elementy będą wykorzystywane i z którymi będą integrowane. 3. Przedmiot zamówienia obejmuje swoim zakresem trzy części: 3.1 Część nr I: 1) I przedmiot odbioru: Dostawa, konfiguracja, wdrożenie oraz uruchomienie systemu VMS, 2) II przedmiot odbioru: Przeglądy gwarancyjne (2 przeglądy w ciągu roku wykonywane przez 5 lat od dnia odebrania I przedmiotu odbioru); 3.2 Część nr II: 1) I przedmiot odbioru: Dostawa, montaż, podłączenie, konfiguracja i uruchomienie kamer systemu monitoringu wizyjnego CCTV/IP, 2) II przedmiot odbioru: Przeglądy gwarancyjne (2 przeglądy w ciągu roku wykonywane przez 3 lat od dnia odebrania I przedmiotu odbioru); 3.3 Cześć nr III: Dostawa akcesoriów dla systemu monitoringu wizyjnego CCTV, montaż, podłączenie, konfiguracja i uruchomienie ściany monitorowej typu video wall. 4. Szczegółowy zakres zamówienia oraz warunki realizacji zostały określone w Opisie przedmiotu zamówienia (OPZ) stanowiącym załącznik nr 1.1, 1.2, 1.3 odpowiednio dla danej części zamówienia. Pozostałe warunki realizacji zamówienia zostały określone w Projektowanych postanowieniach umowy w sprawie zamówienia publicznego, stanowiących załącznik nr 7 do SWZ odpowiednio dla danej części zamówienia. 5. Zamawiający wymaga złożenia, dla części nr I zamówienia, wraz z ofertą przedmiotowego środka dowodowego, o którym mowa w art. 105 ustawy Prawo zamówień publicznych Składając ofertę w części I każdy Wykonawca musi dołączyć przedmiotowy środek dowodowy na potwierdzenie, że oferowany przedmiot zamówienia spełnia określone przez Zamawiającego wymagania. Wykonawca zobowiązany jest złożyć: a) certyfikat ISO 9001:2015 lub równoważny, wydany dla producenta oferowanego systemu VMS, którego zakres obejmuje projektowanie, rozwój, produkcję lub utrzymanie oferowanego systemu VMS, W przypadku braku możliwości przedstawienia wskazanego certyfikatu z przyczyn niezależnych od Wykonawcy Zamawiający dopuści inne odpowiednie środki dowodowe zgodnie z art. 105 ust. 4 ustawy Prawo zamówień publicznych. 6. Termin wykonania zamówienia: 1) Część nr I : a) I przedmiot odbioru: 18 tygodni od dnia zawarcia umowy, b) II przedmiot odbioru: 2 przeglądy w ciągu roku wykonywane przez 5 lat od dnia odebrania I przedmiotu odbioru; 2) Część nr II : a) I przedmiot odbioru: 15 tygodni od dnia zakończenia realizacji części nr I, rozpoczęcie realizacji nie może nastąpić wcześniej niż zakończenie realizacji części I zamówienia, b) II przedmiot odbioru: 2 przeglądy w ciągu roku wykonywane przez 3 lat od dnia odebrania I przedmiotu odbioru; 3) Część nr III : 14 tygodni od dnia zawarcia umowy.",Creative / communications,Design / publishing,buy_8a419ea0c511ed35f932,Muzeum II Wojny Światowej w Gdańsku,POL,2026-07-30,2026-09-04,82.0,,,Video surveillance / CCTV,SECURITY_RESALE,0.28,0.97,0.45,0.62,0.62,0.82
Belgium,bel_5f1530ca7df073051ec45b8c,"ACCORD-CADRE : ENTRETIEN ET DEPANNAGE DES EQUIPEMENTS DE VIDEOSURVEILLANCE, DE DETECTION INTRUSION, DE CONTRÔLE D’ACCES DE LA COPROPRIETE ET DE PARLOPHONIE DE LA CENTRALE THERMO ELECTRIQUE AU VAL BENOIT","Le présent marché a pour objet l'entretien et le dépannage des systèmes complets repris ci-dessous :  * équipements de vidéosurveillance * équipements de détection intrusion * équipements de contrôle d'accès * équipements de parlophonie  Et ce pour permettre d'assurer le bon fonctionnement continu de tous ces équipements. Le soumissionnaire s'engage à maintenir le bon fonctionnement de l'ensemble des systèmes, même lorsqu'une pièce doit être remplacée par celui-ci.",,,buy_876811305d538dfd4b065900,SPI(3p),BE,2026-07-29,,,https://www.publicprocurement.be/publication-workspaces/3a364028-7088-4bea-b8bd-9a5ae6efe36c,,Video surveillance / CCTV,SECURITY_RESALE,0.28,0.97,0.45,0.62,0.62,0.82
United Kingdom,ten_b8b6e530b1099ae2db85,CCTV servicing and maintenance,,Other,UNKNOWN,buy_884cdee5f8d00c5976af,TRANSPORT UK EAST MIDLANDS LIMITED,United Kingdom,2026-07-29,,15.0,,,Video surveillance / CCTV,SECURITY_RESALE,0.28,0.97,0.45,0.62,0.62,0.82
United Kingdom,ten_e7b661ac97dfc721611f,"Contract for the Maintenance of Security System Intruder Alarm, CCTV, PAVA.",,Other,UNKNOWN,buy_833029f5d63d0ea11cf2,Royal Armouries Museum,United Kingdom,2026-07-28,,15.0,,,Video surveillance / CCTV,SECURITY_RESALE,0.28,0.97,0.45,0.62,0.62,0.82
TED,ted_17e468e8dc9a7052548a,Servicio De Mantenimiento Del Sica Y Cctv De Seguridad En El Aeropuerto De Malaga-Costa Del Sol,Servicio De Mantenimiento Del Sica Y Cctv De Seguridad En El Aeropuerto De Malaga-Costa Del Sol,Other,UNKNOWN,buy_262acb26bfbdf5a4121e,Aena. Dirección de Contratación,ESP,2026-07-27,2026-09-04,20.0,,,Video surveillance / CCTV,SECURITY_RESALE,0.28,0.97,0.45,0.62,0.62,0.82
United Kingdom,ten_fc528da1dc18c01d5bdf,CCTV on Appliances - Hardware Maintenance & Service,,Other,UNKNOWN,buy_f6bddc15eea61f652e61,South Yorkshire Fire and Rescue Authority,United Kingdom,2026-07-27,,15.0,,,Video surveillance / CCTV,SECURITY_RESALE,0.28,0.97,0.45,0.62,0.62,0.82
United Kingdom,ten_2ffe06f4b4e2c101325b,Blackheath CCTV Hardware,,Other,Surveillance and security systems and devices,buy_86b5bb3970981622d291,Sandwell Metropolitan Borough Council,United Kingdom,2026-07-24,,15.0,,,Video surveillance / CCTV,SECURITY_RESALE,0.28,0.97,0.45,0.62,0.62,0.82
United Kingdom,ten_c0215ee3b6b5e90086a5,Pre Market Engagement Exercise relating to the procurement of PPM and RM 011 - CCTV Maintenance Services,,Other,UNKNOWN,buy_73492b45135ee4a93263,Lisburn & Castlereagh City Council,United Kingdom,2026-07-24,,15.0,,,Video surveillance / CCTV,SECURITY_RESALE,0.28,0.97,0.45,0.62,0.62,0.82
TED,ted_0238850d435df2af4c8d,"Fornecimento, instalação e configuração de sistemas de videovigilância (CCTV) para infraestruturas do EFMA","Fornecimento, instalação e configuração de sistemas de videovigilância (CCTV) para infraestruturas do EFMA",Creative / communications,Design / publishing,buy_091d5eef279cbb542f9f,"Edia - Empresa de Desenvolvimento e Infra-Estruturas do Alqueva, SA",PRT,2026-07-23,2026-09-01,82.0,,,Video surveillance / CCTV,SECURITY_RESALE,0.28,0.97,0.45,0.62,0.62,0.82
France,ten_006763adceb98785070e,Accord-Cadre A Commande En Vue Des Prestations De Maintenance Et D'Extension Du Systeme De Videosurveillance,,Creative / communications,Design / publishing,buy_62d1c5854bddec7aa72c,Mairie De Cuers,France,2026-07-23,2026-10-09,82.0,,,Video surveillance / CCTV,SECURITY_RESALE,0.28,0.97,0.45,0.62,0.62,0.82
