Discovery_Type,Open_World_Score,Warehouse_Source,Historical_Tender_ID,Title,Description,Category,Subcategory,Buyer_ID,Buyer_Name,Country,Publication_Date,Lean_Fit,Source_URL
CATEGORY_COHORT,96.26166666666667,United Kingdom,ten_ecaee82b7f39f0c0acf7,Authorising Engineer (Decontamination) Services,,Creative / communications,Design / publishing,buy_1f265f88073598e9b883,MERSEY AND WEST LANCASHIRE TEACHING HOSPITALS NHS TRUST,United Kingdom,2026-07-31,80.0,
CATEGORY_COHORT,96.26166666666667,United Kingdom,ten_ad58039eace895f768cd,Community Rooms - Audio Visual,,Creative / communications,Design / publishing,buy_6f8e1322666426ee088f,West Yorkshire Fire and Rescue Authority,United Kingdom,2026-07-31,80.0,
CATEGORY_COHORT,96.26166666666667,United Kingdom,ten_c4dbefc31fd85c780847,DFH Home Ownership Scheme Delivery and Shared Equity Aftersales,,Creative / communications,Design / publishing,buy_4f5b6403196c3bb275a2,Scottish Government,United Kingdom,2026-07-31,80.0,
CATEGORY_COHORT,95.77833333333334,TED,ted_8fbc160199ae7b83d784,Subscrição de licenciamento de software Microsoft Enterprise Agreement,Subscrição de licenciamento de software Microsoft Enterprise Agreement,Automation / software,Software / automation,buy_091d5eef279cbb542f9f,Direção-Geral do Tribunal de Contas,PRT,2026-08-13,74.0,
CATEGORY_COHORT,95.77833333333334,TED,ted_eb16bac7087e48f210ec,"USŁUGA SERWISOWANIA I NAPRAW SIEDMIU LOTNISKOWYCH AUTOMATYCZNYCH SYSTEMÓW POMIARÓW METEOROLOGICZNYCH AWOS-18 (LSM AWOS-18) ORAZ JEDNEGO ZESTAWU MONITOROWANIA AWOS-18 (ZM AWOS-18), W LATACH 2026 – 2028","1. Przedmiotem zamówienia jest usługa serwisowania i napraw siedmiu lotniskowych automatycznych systemów pomiarów meteorologicznych AWOS-18 (LSM AWOS-18) oraz jednego Zestawu Monitorowania AWOS-18 (ZM AWOS-18) w latach 2026 – 2028. 2. Wymogi oraz szczegółowy opis przedmiotu zamówienia wyszczególniono w załączniku nr 1 do SWZ oraz pozostałej dokumentacji przetargowej, która zostanie zamieszczona na stronie internetowej prowadzonego postępowania https://platformazakupowa.pl/pn/2rblog.",Automation / software,Software / automation,buy_e4d061caa68fce2f60e7,2. Regionalna Baza Logistyczna,POL,2026-08-13,74.0,
CATEGORY_COHORT,95.77833333333334,TED,ted_4f2464cb19dd031dcf09,"Dostawa sosów, zup, przypraw przetworzonych, kawy i herbaty oraz miodu naturalnego oraz soków i nektarów w roku 2027 (magazyny w Grudziądzu, Grupie, Chełmnie i Brodnicy)","Przedmiotem jest sukcesywna realizacja dostaw sosów, zup, przypraw przetworzonych, kawy i herbaty oraz miodu naturalnego oraz soków i nektarów do jednostek wojskowych w roku 2027 na podstawie każdorazowo składanych zamówień w ramach zawartej umowy, zgodnie ze wskazanymi przez Zamawiającego normami oraz asortymentem, ilościami i wymaganiami oraz zgodnie z warunkami określonymi przez Zamawiającego. Miejsce realizacji: magazyn - ul. Bema 2, 86-300 Grudziądz magazyn - ul. Jagiełły 6, 86-300 Grudziądz magazyn - ul. Dworcowa 6A, 86-134 Grupa magazyn - Al. 3-go Maja 4, 86-200 Chełmno magazyn - ul. Czwartaków 1, 87-300 Brodnica Dostawy obejmują zakres podstawowy: ­zadanie nr 1 (dostawa sosów, zup, przypraw przetworzonych w roku 2027 magazyny w Grudziądzu, Grupie, Chełmnie i Brodnicy) 58 pozycji asortymentowych, w tym: Barszcz czerwony – instant - 2,00 kg; Barszcz czerwony koncentrat w płynie - 2,00 l; Drożdże suszone - 2,00 kg; Ketchup - 200,00 kg; Ketchup jednoporcjowy - 700,00 kg; Koncentrat pomidorowy - 500,00 kg; Kwasek cytrynowy spożywczy - 10,00 kg; Majonez - 1000,00 kg; Majonez jednoporcjowy - 500,00 kg; Musztarda - 300,00 kg; Musztarda jednoporcjowa - 800,00 kg; Musztarda miodowa - 10,00 kg; Ocet - 500,00 l; Ocet jabłkowy - 10,00 l; Pasta curry - 5,00 kg; Rosół wołowy - 1,00 kg; Sos 1000 wysp - 5,00 l; Sos barbecue - 50,00 l; Sos czosnkowy - 5,00 l; Sos słodko-kwaśny - 100,00 l; Sos sojowy jasny - 50,00 l; Żelatyna spożywcza - 5,00 kg; Żurek na zakwasie koncentrat - 10,00 kg; Bazylia - 20,00 kg; Borowik suszony - 10,00 kg; Przyprawa curry - 10,00 kg; Cynamon - 10,00 kg; Czosnek - 10,00 kg; Estragon - 3,00 kg; Gałka muszkatołowa - 3,00 kg; Goździki - 3,00 kg; Imbir mielony - 3,00 kg; Kmin rzymski mielony - 3,00 kg; Kminek cały - 10,00 kg; Kolendra - 3,00 kg; Kurkuma - 3,00 kg; Liść laurowy - 10,00 kg; Lubczyk - 3,00 kg; Majeranek - 30,00 kg; Oregano - 20,00 kg; Papryka chili - 10,00 kg; Papryka słodka - 10,00 kg; Papryka słodka wędzona - 2,00 kg; Pieprz cytrynowy - 10,00 kg; Pieprz czarny mielony - 50,00 kg; Pieprz ziołowy - 2,00 kg; Podgrzybek suszony - 1,00 kg; Przyprawa do kurczaka - 50,00 kg; Przyprawa do mięsa - 50,00 kg; Przyprawa do ryb - 10,00 kg; Przyprawa do zup w płynie - 300,00 l; Przyprawa Garam Masala - 20,00 kg; Przyprawa gyros - 50,00 kg; Przyprawa uniwersalna - 100,00 kg; Rozmaryn - 3,00 kg; Tymianek - 3,00 kg; Ziele angielskie - 30,00 kg; Zioła prowansalskie - 20,00 kg. Dostawy obejmują zakres podstawowy ­zadanie nr 2 (dostawa kawy i herbaty w roku 2027 magazyny w Grudziądzu, Grupie, Chełmnie i Brodnicy) 6 pozycji asortymentowych, w tym: Herbata czarna liściasta - 1,00 kg; Herbata czarna w torebkach (ekspresowa) - 500,00 kg; Herbata witaminizowana smaki: cytrynowy, malinowym, wieloowocowym - 50,00 kg; Kawa naturalna mielona - 1,00 kg; Kawa naturalna ziarnista - 10,00 kg; Kawa rozpuszczalna - 500,00 kg. Dostawy obejmują zakres podstawowy ­zadanie nr 3 (dostawa miodu naturalnego w roku 2027 magazyny w Grudziądzu, Grupie, Chełmnie i Brodnicy) 2 pozycje asortymentowe, w tym: Miód nektarowy wielokwiatowy - 100,00 kg; Miód nektarowy wielokwiatowy jednoporcjowy - 200,00 kg. Dostawy obejmują zakres podstawowy ­zadanie nr 4 (dostawa soków i nektarów w roku 2027 magazyny w Grudziądzu, Grupie, Chełmnie i Brodnicy) 10 pozycji asortymentowych, w tym: Nektar z czarnej porzeczki 330ml - 100,00 l; Nektar z czarnej porzeczki 1000ml - 500,00 l; Sok jabłkowy 200ml - 2 000,00 l; Sok jabłkowy 1000ml - 1 000,00 l; Sok pomarańczowy 200ml - 2 000,00 l; Sok pomarańczowy 1000ml - 1 000,00 l; Sok pomidorowy 1000ml - 5,00 l; Sok wieloowocowy (multiwitamina) 200ml - 2 000,00 l; Sok wieloowocowy (multiwitamina) 1000ml - 1 000,00 l; Sok z czarnej porzeczki tłoczony 3000ml - 1,00 l. Zamawiający planuje wszczęcie procedury otwartej na okres sierpień/wrzesień 2026 r. z zastrzeżeniem ponownego przeprowadzenia procedury w przypadku uprzedniego jej unieważnienia, którego wszczęcie może przypadać również na okres IV kwartału 2026 r. Informacje ogólne o platformie, na której wystawiane są postępowania o udzielenie zamówienia publicznego znajdują się pod adresem: https://13wog.wp.mil.pl/bip/a-ogoszenia/-1025498y-zamowienia-realizowane-z-wykorzystaniem-platformy-zakupowej/",Automation / software,Software / automation,buy_e4d061caa68fce2f60e7,Skarb Państwa - 13 Wojskowy Oddział Gospodarczy (13 WOG),POL,2026-08-13,74.0,
CATEGORY_COHORT,95.55333333333333,United Kingdom,ten_1b77ec6ed07203ed35e2,Group messaging framework,,Automation / software,Software / automation,buy_e32c6a3ca52f0210eb6a,JISC,United Kingdom,2026-07-31,72.0,
CATEGORY_COHORT,95.55333333333333,United Kingdom,ten_6504fc4ee388c2685bb5,Retail Telecommunications Maintenance Services Extension and Associated Renewal Works,,Automation / software,Software / automation,buy_884cdee5f8d00c5976af,TRANSPORT UK EAST MIDLANDS LIMITED,United Kingdom,2026-07-31,72.0,
CATEGORY_COHORT,95.55333333333333,United Kingdom,ten_053373a992df90c7743e,Estates Strategy,,Automation / software,Software / automation,buy_ab977368d8cf533ad22c,City College Plymouth,United Kingdom,2026-07-31,72.0,
CATEGORY_COHORT,95.34333333333333,TED,ted_3c579b3084b28991a9f0,"Concurso Público com publicidade no Jornal Oficial da União Europeia n.º 03/NGAC/2026 para a aquisição de serviços de higiene e limpeza para as instalações do Instituto Superior Técnico, campus da Alameda, em Lisboa, designadamente nos Edifícios de Matemática e Física","Aquisição de serviços de higiene e limpeza para as instalações do Instituto Superior Técnico, campus daAlameda, em Lisboa, designadamente nos Edifícios de Matemática e Física",Creative / communications,Design / publishing,buy_091d5eef279cbb542f9f,Instituto Superior Técnico,PRT,2026-08-12,82.0,
CATEGORY_COHORT,95.34333333333333,TED,ted_ad85fca625570063cb84,Provision of a secondary ISP service,"The European Centre for Medium-Range Weather Forecasts (ECMWF) intends to issue an Invitation to Tender (ITT) for an IP Transit service to complement its current external connectivity capabilities. ECMWF relies on external network connectivity for acquisition of observation data, the dissemination of operational data products, and external access to services hosted in its Bologna Data Centre. Currently this includes a resilient 100 Gbps IP transit service provided by the GARR consortium and, historically, a lower-capacity managed private IP network through Regional Meteorological Data Communications Network (RMDCN). With the planned retirement of RMDCN, product dissemination will increasingly depend on general-purpose Internet connectivity. To improve resilience, supplier diversity and operational continuity, ECMWF intends to procure an additional independent IP transit service from a second Internet Service Provider, complementary to the existing GARR consortium service. The envisaged service should provide scalable bandwidth up to 100 Gbps on Day One and be supported by a contractual service level agreement, including a target service availability of at least 99.95%, defined restoration targets, 24/7 incident support, proactive monitoring and reporting, clear maintenance and escalation procedures, support for BGP-based Internet routing, IPv4 and IPv6 connectivity, suitable physical hand-off options, and sufficient technical and commercial flexibility to support ECMWF’s high-availability operational dissemination requirements. The intended service duration is 3 years with possible 2-year extension. The estimated date of publication of a contract notice within this procedure and of the ITT is 11 September 2026.",Creative / communications,Design / publishing,buy_811f3d14bc58dffafbdd,European Centre for Medium Range Weather Forecasts (ECMWF),ITA,2026-08-12,82.0,
CATEGORY_COHORT,95.34333333333333,TED,ted_ae89490bb8e889a8355e,Endoskopy II.,"Předmětem veřejné zakázky je dodávka, instalace a uvedení do provozu 1ks videogastroskopu a 1ks videoduodenoskopu a 1ks videokolonoskopu pro II. Interní kliniku – gastroenterologickou a geriatrickou včetně příslušenství, a to dle minimálních technických podmínek, které jsou uvedeny v příloze č. 3 zadávací dokumentace.",Creative / communications,Design / publishing,buy_85fe87d2665464f38efa,Fakultní nemocnice Olomouc,CZE,2026-08-12,82.0,
CATEGORY_COHORT,95.25833333333333,TED,ted_c3ba1e0e98e48f3d7d8a,Verksamhetssystem för Avfall,"Upphandlingen avser ett molnbaserat verksamhetssystem för kommunens avfallshantering, inklusive fordonsapplikation. Systemet ska stödja hantering av kundregister, abonnemang, ordrar, reklamationer, körlistor, tjänster samt tillhörande ekonomi. I uppdraget ingår även införande, migrering, drift, underhåll och support.",Automation / software,IT services / software,buy_3d59e3bbb5e2f64301ba,Upplands Väsby kommun,SWE,2026-08-13,60.0,
CATEGORY_COHORT,95.25833333333333,TED,ted_4599eee737f71910c7ac,METIS 2026-2033,-,Automation / software,IT services / software,buy_3d59e3bbb5e2f64301ba,FMV,SWE,2026-08-13,60.0,
CATEGORY_COHORT,95.25833333333333,TED,ted_498fe56173c52ffe1376,Serwis oprogramowania,Przedmiotem zamówienia jest: Serwis oprogramowania: Zad. 1 - Serwis systemu DMS Zamawiający nie dopuszcza składania ofert częściowych. Szczegółowy opis przedmiotu zamówienia zawierają Załączniki 2b i 3 do SWZ.,Automation / software,IT services / software,buy_e4d061caa68fce2f60e7,Górnośląskie Centrum Medyczne im. prof. Leszka Gieca Śląskiego Uniwersytetu Medycznego w Katowicach,POL,2026-08-13,60.0,
CATEGORY_COHORT,94.97166666666666,Germany,ten_3f68d0d533325cd3e4f0,Ersatzbeschaffung eines Oracle-Servers,,Automation / software,IT services / software,,,Germany,2026-07-31,60.0,
CATEGORY_COHORT,94.97166666666666,Germany,ten_8a312ccf4e60a742b3ed,"Beratungs- und Entwicklungsleistungen zur Migration auf S/4HANA und SAP Analytics (6 Lose: Programmsteuerung (Los 1), Projekt KAP&LOG – übergreifende Projektsteuerung (Los 2), Projekt KAP&LOG – KAP-Scope (Los 3), Projekt KAP&LOG – LOG-Scope (Los 4), Projekt SAP Analytics (Los 5), Projekt SAP Berechtigungen (Los 6))",,Automation / software,IT services / software,buy_2ad32500674a48681de3,Berliner Stadtreinigungsbetriebe AöR,Germany,2026-07-30,60.0,
CATEGORY_COHORT,94.97166666666666,Germany,ten_be6fbc5e0cf95b4dd755,Jira Confluence,,Automation / software,IT services / software,,,Germany,2026-07-30,60.0,
CATEGORY_COHORT,94.94166666666666,TED,ted_b566bcccd5eea3328e8b,Monitoring osadów dennych zbiorników zaporowych i wybranych rzek w 2026 roku,"Przedmiotem zamówienia „Monitoring osadów dennych zbiorników zaporowych i wybranych rzek w 2026 roku” jest badanie i ocena stanu chemicznego osadów dennych w 45 zbiornikach zaporowych i 55 wybranych rzekach, w celu zaktualizowania wiedzy niezbędnej do gospodarowania wodami na obszarach dorzeczy, w szczególności do ochrony wód przed zanieczyszczeniami będącymi skutkiem działalności człowieka",Monitoring / research,Monitoring / analysis,buy_e4d061caa68fce2f60e7,Główny Inspektorat Ochrony Środowiska,POL,2026-08-12,70.0,
CATEGORY_COHORT,94.94166666666666,TED,ted_60197e53dfce39e5e21d,"II/503 Nymburk, most ev.č.503-004 přes Labe II.","Rekonstrukce mostu ev.č. 503-004 přes řeku Labe, který je situován v intravilánu města Nymburk ve Středočeském kraji. Bude provedena sanace nosné konstrukce mostu, včetně úpravy jejího statického modelu. Most je chráněnou technickou památkou - rekonstrukce včetně částečné výměny mostního vybavení bude prováděno za dohledu pracovníků památkové péče NPÚ. Rozsah stavby je podrobně specifikován v přiložené zadávací dokumentaci. Objednatel zajistil provedení Geotechnického monitoringu přilehlého okolí a budov, který bude aktivní až do doby kolaudace stavby a několik týdnů po jejím ukončení. Zhotovitel provede vymístění většiny inženýrských síti z mostu do podzemního kolektoru. Výstavba kolektoru pod řekou Labe je podzemním dílem, které je součástí zadání. Silnice II/503 bude dotčena stavbou pouze v nutném rozsahu pro plynulé napojení nivelety mostu po rekonstrukci na její stávající stav. Součástí díla je také stavba spolu zadavatele - města Nymburk - lávka pro pěší ev.č. NB05 - stavební objekt SO 201.",Monitoring / research,Monitoring / analysis,buy_85fe87d2665464f38efa,"Krajská správa a údržba silnic Středočeského kraje, příspěvková organizace",CZE,2026-08-12,70.0,
CATEGORY_COHORT,94.94166666666666,TED,ted_c7bd46c2404119f22714,Usługi w zakresie ochrony osób i mienia oraz monitoringu świadczone przez specjalistyczne uzbrojone formacje ochronne (SUFO) na terenie administrowanym przez 24 WOG w latach 2026-2029,Usługi w zakresie ochrony osób i mienia oraz monitoringu świadczone przez specjalistyczne uzbrojone formacje ochronne (SUFO) na terenie administrowanym przez 24 WOG w latach 2026-2029,Monitoring / research,Monitoring / analysis,buy_e4d061caa68fce2f60e7,24 Wojskowy Oddział Gospodarczy,POL,2026-08-11,70.0,
CATEGORY_COHORT,94.91499999999999,TED,ted_532a6d0e9277e7813f0a,"„Przeglądy, naprawy i konserwacje w budynkach Specjalistycznego Zespołu Opieki Zdrowotnej nad Matką i Dzieckiem w Poznaniu cz.IV”","1. Przedmiotem zamówienia jest: przeglądy, naprawy i konserwacje w budynkach Specjalistycznego Zespołu Opieki Zdrowotnej nad Matką i Dzieckiem w Poznaniu cz.IV 2. Przedmiot zamówienia został szczegółowo opisany w załączniku nr 2, 3 do SWZ. 3. Zamawiający dopuszcza możliwość składania ofert częściowych, tj. Zamawiający dopuszcza możliwość złożenia oferty na jedną, kilka lub wszystkie części zamówienia. Zamawiający nie dopuszcza składania ofert równoważnych. 4. Zamówienie zostało podzielone na 4 części tj.: 5.1 Część nr 1: Świadczenie usług okresowych przeglądów i napraw dwóch agregatów prądotwórczych w WCP przy ul A. Wrzoska 1 w Poznaniu oraz agregatu prądotwórczego typu FD 300 ACG w Szpitalu Św. Rodziny przy ul. Jarochowskiego 18 w Poznaniu, agregatu prądotwórczego typu APD 300 NR D 9467, typ silnika P126TI- 2*429867, typ prądnicy SK250LL*30034 z silnikiem Perkins w Szpitalu Łazarskim przy ul. Bogusławskiego 4 w Poznaniu, 5.2 Część nr 2: Świadczenie usług konserwacji, bram segmentowych i kraty rolowanej na terenie Szpitala WCP ul. Wrzoska 1 w Poznaniu wraz z niezbędnymi naprawami, 5.3 Część nr 3: Świadczenie usług konserwacji, przeglądów oraz niezbędnych napraw systemu sygnalizacji Pożaru oraz Dźwiękowego Systemu Ostrzegawczego w obiekcie WCP przy ul. Adama Wrzoska 1 w Poznaniu, 5.4 Część nr 4: Świadczenie usług konserwacji, przeglądów oraz niezbędnych napraw systemu sygnalizacji włamania i napadu , systemu kontroli dostępu, systemu telewizji dozorowej, systemu rejestracji czasu pracy, systemu SMS w obiektach – Szpital WCP ul. Wrzoska 1 w Poznaniu oraz Szpital Św. Rodziny przy ul. Jarochowskiego 18 w Poznaniu",Other,UNKNOWN,buy_e4d061caa68fce2f60e7,SPECJALISTYCZNY ZESPÓŁ OPIEKI ZDROWOTNEJ NAD MATKĄ I DZIECKIEM W POZNANIU,POL,2026-08-13,20.0,
CATEGORY_COHORT,94.91499999999999,TED,ted_16019f397a6d65de55ca,"Ustanowienie Dynamicznego Systemu Zakupów dotyczącego zakupu usług przewozu węgla kamiennego, mączki wapiennej oraz kamienia wapiennego transportem kolejowym do Oddziałów GK PGE","1. Przedmiotem Zamówienia są usługi przewozu węgla kamiennego, mączki wapiennej oraz kamienia wapiennego transportem kolejowym dla Oddziałów Zamawiającego, opisane w Załączniku do Informacji o ustanowieniu DSZ 2. Zamawiający zastrzega, że opis Przedmiotu Zamówienia stanowiący Załącznik do Informacji o ustanowieniu DSZ oraz Projektowane postanowienia Umowy stanowiące Załącznik do Informacji o DSZ mają charakter wstępny, a określone w nich wymagania mogą ulec zmianie. Ostateczne wymagania Zamawiającego dotyczące opisu przedmiotu oraz zasad realizacji danego Zamówienia Wykonawczego zostaną określone w SWZ, przekazywanej w ramach danego Zamówienia Wykonawczego. . 3. Zamawiający zastrzega sobie prawo do dokonania w ramach Postępowań Wykonawczych podziału Przedmiotu Zamówienia na Części, z jednoczesnym określeniem maksymalnej liczby Części, które mogą zostać udzielone jednemu Wykonawcy",Other,UNKNOWN,buy_e4d061caa68fce2f60e7,PGE Energia Ciepła S.A.,POL,2026-08-13,20.0,
CATEGORY_COHORT,94.91499999999999,TED,ted_087bfbd1f4668f8546bd,Huvudbesiktningsman inom fastighet,Upphandlingen avser ramavtal för konsultuppdrag avseende huvudbesiktningsman inom fastighet/bygg med underliggande discipliner som biträdande besiktningsmän för Kristianstads kommun.,Other,UNKNOWN,buy_3d59e3bbb5e2f64301ba,Kristianstads kommun,SWE,2026-08-13,20.0,
CATEGORY_COHORT,94.88166666666666,Germany,ten_0a809c457bd8d46b239b,Rahmenvertrag über die Planung und Umsetzung von Blitzschutzmaßnahmen an ODL-Messstellen sowie unvorhersehbare Tätigkeiten bei ODL-Messstellen,,Automation / software,Software / automation,,,Germany,2026-07-31,74.0,
CATEGORY_COHORT,94.88166666666666,Germany,ten_bd1ae8018e8c964a3df0,Rahmenvertrag Steuerberatungsleistungen,,Automation / software,Software / automation,buy_28e75b982d2cfc293cb4,Charité Universitätsmedizin Berlin,Germany,2026-07-31,74.0,
CATEGORY_COHORT,94.88166666666666,Germany,ten_bc89d7547d8bdbbc5217,"Elektro-, Sicherheits- und informationstechnische Anlagen nach DIN 18382 - 1943/2026",,Automation / software,Software / automation,,,Germany,2026-07-31,74.0,
CATEGORY_COHORT,94.85499999999999,Germany,ten_510a63c405b4f25ab759,"Realisierungswettbewerb ""Studentisches Wohnen ehemaliger Schiebeparkplatz, Tübingen""",,Monitoring / research,Monitoring / analysis,buy_427f62c83e602496f5e3,Studierendenwerk Tübingen-Hohenheim A.d.ö.R.,Germany,2026-07-31,70.0,
CATEGORY_COHORT,94.85499999999999,Germany,ten_3ec7cee5214f2eccf70d,Forschungsprojekt zur Rezeption der Rahmenpläne für die Pflegefachassistenzausbildung der Fachkommission nach § 53 PflBG,,Monitoring / research,Monitoring / analysis,buy_2ca71ba43f3d07aa7b39,Bundesinstitut für Berufsbildung (BIBB),Germany,2026-07-31,70.0,
CATEGORY_COHORT,94.85499999999999,Germany,ten_ddbba809ac1e8e7e5188,18-0850-26 Zentrale Beschaffung von Liefer- und Dienstleistungen; Rahmenvereinbarung zur Durchführung von Eignungsuntersuchungen für verschiedene Verwaltungsausbildungen für das Einstellungsjahr 2027,,Monitoring / research,Monitoring / analysis,,,Germany,2026-07-30,70.0,
CATEGORY_COHORT,94.82333333333334,Germany,ten_f9c9768da2f33693fe06,"Rahmenvertrag über Prepress (Satz u. Gestaltung) sowie für den Druck, Bindung und Auslieferung der wiss. Zeitschrift ""Eurasia Antiqua"" (EA)",,Creative / communications,Design / publishing,,,Germany,2026-07-31,82.0,
CATEGORY_COHORT,94.82333333333334,Germany,ten_b0d32c377edd7621ecc3,"WASEB, Inhauser Landstraße 20. 26388 Wilhelmshaven",,Creative / communications,Design / publishing,buy_9bdd03910c3a814a89f5,"Stadt Wilhelmshaven, FB 30 Rechtsamt, Zentrale Vergabestelle",Germany,2026-07-31,82.0,
CATEGORY_COHORT,94.82333333333334,Germany,ten_2e92b884bf0ea23a1ec6,Stadt Michelstadt - Städtebauförderprogramm „Wachstum und nachhaltige Erneuerung“ Fördergebietsmanagement und Fördermittelmanagement,,Creative / communications,Design / publishing,buy_94344f65351fecb52b77,Magistrat der Stadt Michelstadt,Germany,2026-07-31,82.0,
CATEGORY_COHORT,94.55833333333334,TenderNed,tn_659ef9b76ccc63dfa6f4,"33176 | Design, Build & Maintain huisvesting KNMI de Bilt","De opgave omvat het ontwerpen (Design), het realiseren (Build) en het langjarig onderhouden (Maintain) van een - in relatie met de omgeving integraal ontworpen - toekomstbestendige huisvesting voor het KNMI, in de vorm van nieuwbouw in één of meerdere volumes op het eigen landgoed, inclusief aanpassingen van bestaande bebouwing en in beperkte mate aan het KNMI-landgoed. Hiervoor is het noodzakelijk dat de huidige kantoorgebouwen A en B gedemonteerd en circulair geoogst zullen worden. In het ontwerp dient rekening te worden gehouden met de landschappelijke waarden, de historische continuïteit, de unieke positie van het KNMI in De Bilt en de directe omgeving.",Creative / communications,Design / publishing,buy_3bf0a34cd3e9c81ede61,Rijksvastgoedbedrijf,Netherlands,2026-06-30,82.0,https://www.tenderned.nl/tenderned-tap/aankondigingen/431334
CATEGORY_COHORT,94.55833333333334,TenderNed,tn_fc2318913420ee21a47a,Communicatiezuilen met geïntegreerde inzamelfunctie,De gemeente heeft de ambitie om inwoners laagdrempelig de mogelijkheid te bieden om deze grondstoffen gescheiden aan te bieden en tegelijkertijd inwoners te informeren over circulariteit en afvalscheiding. Hiervoor zijn momenteel circa 16 communicatiezuilen aanwezig op locaties in de openbare ruimte. Maar de huidige overeenkomst loopt af. Voorafgaand aan een eventuele aanbesteding wil de gemeente inzicht verkrijgen in de mogelijkheden die de markt biedt en onderzoeken welke partijen vergelijkbare dienstverlening kunnen leveren. De uitkomsten van deze marktconsultatie worden gebruikt bij het bepalen van de toekomstige inkoopstrategie.,Creative / communications,Design / publishing,buy_a46cc28d438505d57258,Gemeente Lansingerland,Netherlands,2026-06-30,82.0,https://www.tenderned.nl/tenderned-tap/aankondigingen/431275
CATEGORY_COHORT,94.55833333333334,TenderNed,tn_3493bbd07937d8cd7475,Marktconsultatie Netwerkdiensten Openbare Ruimte,"De gemeente Utrecht onderzoekt of het beheer en onderhoud van haar datacommunicatienetwerken in de openbare ruimte kan worden uitbesteed. Deze netwerken ondersteunen kritische OT‑assets, zoals verkeerslichten, beweegbare bruggen en openbare verlichting, en bestaan uit een combinatie van eigen infrastructuur en diensten van externe partijen. Op dit moment is nog niet vastgesteld of, en in welke vorm, een aanbesteding passend is. Met deze marktconsultatie wil de gemeente inzicht krijgen in hoe marktpartijen aankijken tegen deze opgave en welke realistische mogelijkheden er zijn om de dienstverlening te organiseren en contracteren. Daarbij ligt de focus op scope, contractvormen, prijsmodellen en OT‑specifieke eisen.",Creative / communications,Design / publishing,buy_952ce065abf0b13fe41a,Gemeente Utrecht,Netherlands,2026-06-29,82.0,https://www.tenderned.nl/tenderned-tap/aankondigingen/431272
CATEGORY_COHORT,94.42000000000002,United Kingdom,ten_83c85c7d358d42147c9f,Research Services for the period 01-Jan-2026 to 31-March 2026 relating to Hannah Slevin PhD.,,Monitoring / research,Monitoring / analysis,buy_01026ea7384f69c26499,The Christie NHS Foundation Trust,United Kingdom,2026-07-31,70.0,
CATEGORY_COHORT,94.42000000000002,United Kingdom,ten_e3aa70dd8c32bf7acbf1,For research services already provided under overarching ophthalmology SLA for,,Monitoring / research,Monitoring / analysis,buy_01026ea7384f69c26499,The Christie NHS Foundation Trust,United Kingdom,2026-07-31,70.0,
CATEGORY_COHORT,94.42000000000002,United Kingdom,ten_d816b5e2e59bb0e0144b,"MOPAC: Research Services: Public Attitude Survey, User Satisfaction Survey & Telephone & Digital Investigation Unit",,Monitoring / research,Monitoring / analysis,buy_ae74a3e0a946884e7de8,The Mayor's Office for Policing and Crime (MOPAC),United Kingdom,2026-07-30,70.0,
CATEGORY_COHORT,94.12833333333333,Canada federal,ten_2a07126dc1e23561819a,TBIPS - G.1. Geomatics Analyst – Level 2,,Automation / software,Software / automation,buy_73af9093eb082788092b,Department of National Defence (DND),Canada,2026-07-30,72.0,
CATEGORY_COHORT,94.12833333333333,Canada federal,ten_907f9f593bbed19bede8,Data Management & Data Science Support for Digital Investment Projects.,,Automation / software,Software / automation,buy_803708fca2c5c433c387,Department of Transport (TC),Canada,2026-07-28,72.0,
CATEGORY_COHORT,94.12833333333333,Canada federal,ten_470f426a1c1ed156f45b,NPP- TBIPS RFP i3A Technical Expertise,,Automation / software,Software / automation,buy_56922b37cba1c3a0869c,Department of Agriculture and Agri-Food (AAFC),Canada,2026-07-23,72.0,
CATEGORY_COHORT,94.10166666666666,TenderNed,tn_323d1866718af5bd8b4e,Physical Identity & Access Management / Card Management System,"Algemene informatie Universiteit Maastricht De Universiteit Maastricht (UM) staat in binnen- en buitenland bekend om haar unieke onderwijssysteem: het probleemgestuurde onderwijs (PGO). Bovendien profileert de UM zich door de sterk internationale oriëntatie. Een toenemend aantal studenten uit zowel heel Nederland als ook het buitenland kiest voor het Maastrichtse systeem. De UM is de jongste universiteit van Nederland en groeit snel. Er zijn momenteel ongeveer 20.000 studenten en 5.000 medewerkers. Onderwijs en onderzoek van de UM is voornamelijk georganiseerd op basis van faculteiten en schools. Meer informatie over de UM is te vinden op de internetsite www.maastrichtuniversity.nl. Algemene info organisatie MUMC+ Het Maastricht UMC+ heeft nationaal en internationaal een unieke profilering. De 'plus' in de naam staat voor de integratie van geneeskunde én gezondheidswetenschappen in de zorgketen. Het Maastricht Universitair Medisch Centrum+ heeft drie taken: patiëntenzorg, onderzoek en onderwijs en opleiding. Het Maastricht UMC+ behandelt patiënten met alle mogelijke aandoeningen: van eenvoudig tot zeer complex. Dat behelst niet alleen basispatiëntenzorg, maar met name bijzondere patiëntenzorg: topreferente en topklinische zorg. Het Maastricht UMC+ is aangesloten bij de NFU, de Nederlandse Federatie van Universitair Medische Centra (zie ook: www.nfu.nl). Aanleiding van de Tender De Universiteit Maastricht en het Maastricht UMC+ hebben behoefte aan een software oplossing voor het beheren van toegangspassen en het autoriseren van alle fysieke toegangsrechten die gelinkt zijn aan een toegangspas. Beschrijving van de Opdracht De opdracht omvat levering, implementatie en onderhoud van een Physical Identity & Access Management / Card Management System en de INPUT- en OUTPUT-koppelingen, inclusief training en support. Doel en beoogd resultaat van de Tender Het doel van deze Tender is om een toekomstbestendige oplossing te selecteren die aansluit bij de functionele en technische eisen van UM en MUMC, werkprocessen optimaliseert en voldoet aan geldende wet- en regelgeving. Het betreft het aangaan van een Overeenkomst met één partij voor de periode van 8 jaar met de optie om deze overeenkomst driemaal te verlengen met 2 jaar (totale contractduur 14 jaar). Hulp nodig? Voor vragen met betrekking tot deze aanbestedingssoftware kunt u terecht bij de helpdesk van Source-to-Contract via tel. 085 0014593 of https://help.negometrix.com/nl/support/solutions. Informatie voor aanbieders is ook te vinden onder de kop Inkopers.",Automation / software,Software / automation,buy_5d9974431899fd4319f1,Universiteit Maastricht,Netherlands,2026-06-30,74.0,https://www.tenderned.nl/tenderned-tap/aankondigingen/430998
CATEGORY_COHORT,94.10166666666666,TenderNed,tn_08b3043ace03d9fba0d0,"Secret Management, Privileged Access Management (PAM) en Identity Governance & Administration (IGA)","Binnen DUO is een programma gestart om DUO verder aantoonbaar in control te brengen op het gebied van credential- en identity management. Daarmee het risico van misbruik in te perken en te voldoen aan wet- en regelgeving (BIO2, NIS2.0, AVG). Daarmee een belangrijke bijdrage te leveren aan de ambitie om op het gebied van IAM aantoonbaar compliant te zijn. De gebruikte tools en services binnen DUO voor; Secret Management (SeM), Privileged Acces Management (PAM) en Identity Governance & Administration (IGA) zijn onvoldoende om aantoonbaar compliant te zijn. Het is de verwachting dat met deze aanbesteding nieuwe en moderne tools worden aangeschaft die dit wel kunnen en dat mogelijke verbeteringen kunnen worden doorgevoerd en/of processen kunnen worden geautomatiseerd dan wel vereenvoudigd.",Automation / software,Software / automation,buy_55d92c6c42db21b0b731,IUC-Noord,Netherlands,2026-06-30,74.0,https://www.tenderned.nl/tenderned-tap/aankondigingen/430969
CATEGORY_COHORT,94.10166666666666,TenderNed,tn_51fdc597db66c081d450,"Leveren, implementeren en onderhouden van een Identity and Access Management-systeem","De scope van de Opdracht omvat het leveren, implementeren, configureren en beheren van een IAM-oplossing, inclusief de migratie vanuit de huidige autorisatiestructuur uit G4Gem (dit is een database waarin dat geregistreerd staat), de inrichting volgens het functioneel ontwerp en het realiseren van de benodigde integraties. Het IAM-systeem dient in ieder geval de volgende componenten en integraties te omvatten: • Componenten: IDU-automatisering (instroom, doorstroom, uitstroom), aanvragen/goedkeuren/mandateren van Procesrollen en los aan te vragen autorisaties, autorisatiebeheer van Autorisaties, Procesrollen en HR-attributen. Integraties: HR-systeem YouForce, Active Directory (AD), ITSM Topdesk, e-mail-voorziening, datapakhuis en Microsoft Entra ID voor SSO. Zie aanbestedingsdocumenten.",Automation / software,Software / automation,buy_ca31e7e4d3e19f9048ff,Gemeente Zaanstad,Netherlands,2026-06-30,74.0,https://www.tenderned.nl/tenderned-tap/aankondigingen/430963
CATEGORY_COHORT,94.02833333333334,TenderNed,tn_80b4c160bf0c62aed88a,Accountantsdienstverlening 2026-2030(2032),"De opdracht betreft het uitvoeren van de accountantscontrole zoals bedoeld in artikel 213 Gemeentewet. Dit houdt in dat de accountant een oordeel geeft over de getrouwheid van de jaarrekening, de rechtmatigheid van specifieke uitkeringen en de rechtmatigheidsverantwoording van het college",Other,UNKNOWN,buy_59e89609113e04473287,Gemeente Borger-Odoorn,Netherlands,2026-06-30,20.0,https://www.tenderned.nl/tenderned-tap/aankondigingen/430966
CATEGORY_COHORT,94.02833333333334,TenderNed,tn_bf8f3593188d0ff9d6f1,"Schuldhulpverlening voor de gemeenten Barendrecht, Albrandswaard en Ridderkerk","Schuldhulpverlening voor inwoners en ondernemers van de gemeenten Barendrecht, Albrandswaard en Ridderkerk",Other,UNKNOWN,buy_894eb0cb5e92f5808eb3,"De Bedrijfsvoeringspartner (Barendrecht, Albrandswaard, Ridderkerk, De Bedrijfsvoeringspartner)",Netherlands,2026-06-30,20.0,https://www.tenderned.nl/tenderned-tap/aankondigingen/430964
CATEGORY_COHORT,94.02833333333334,TenderNed,tn_1704f1e90b8c0c6adb68,Ontwikkeling en realisatie van 135 woningen in Park Delfzicht te Delfzijl,"Gemeente Eemsdelta zoekt, samen met Acantus, voor de realisatie van Park Delfzicht een partij of consortium (minimaal bestaande uit een ontwikkelaar, architect en aannemer), die het volledige woningbouwprogramma van 90 koopwoningen 45 sociale huurwoningen voor eigen rekening en risico ontwerpt, uitwerkt, in de verkoop brengt, de uitgeefbare grond afneemt en aansluitend voor eigen rekening en risico realiseert, waarbij rekening wordt gehouden met de zeer specifieke doelgroep vanuit de sloop/nieuwbouwopgave.",Other,UNKNOWN,buy_f8ed0d89ecd0854f9997,Gemeente Eemsdelta,Netherlands,2026-06-30,20.0,https://www.tenderned.nl/tenderned-tap/aankondigingen/430955
CATEGORY_COHORT,93.75833333333333,TenderNed,tn_702cccafe5fc66a37695,Marktconsultatie Identity & Access Management,"VISTA college is voornemens om een partij te contracteren voor Identity & Access Management (IAM). Aangezien de exacte inrichting van de (mogelijk) toekomstige aanbesteding nog niet is vastgesteld, organiseert VISTA college een marktconsultatie. Het doel hiervan is om inzicht te verkrijgen in de markt en de mogelijkheden die de markt biedt.",Automation / software,IT services / software,buy_d11f2860c7c45d01203c,VISTA college,Netherlands,2026-06-30,60.0,https://www.tenderned.nl/tenderned-tap/aankondigingen/431225
CATEGORY_COHORT,93.75833333333333,TenderNed,tn_bbcf5edf7425a832115e,Dataverbindingen,"De opdracht betreft het leveren en beheren van dataverbindingen tussen schoollocaties onderling, tussen schoollocaties en het datacenter[MH1.1][MH1.2] van Stichting Carmelcollege te Enschede. Met deze Europese aanbesteding beoogt opdrachtgever te komen tot een toekomstbestendige, kostenefficiënte en betrouwbare oplossing.",Automation / software,IT services / software,buy_18972ae5065f8cd7a79d,Stichting Carmelcollege,Netherlands,2026-06-30,60.0,https://www.tenderned.nl/tenderned-tap/aankondigingen/430957
CATEGORY_COHORT,93.75833333333333,TenderNed,tn_dbc56088af2b693c91cf,Pentesting,"TenneT TSO B.V. intends to conclude a framework agreement with a single service provider for the delivery of penetration testing services in the Netherlands. The services cover the planning, coordination, execution, reporting and governance of penetration tests across TenneT’s IT and Operational Technology (OT) environments. The scope includes network and infrastructure testing, cloud and application security testing, API testing, endpoint testing, source code reviews, OT/SCADA testing, threat modelling, retesting and related advisory services. The objective is to establish a structured, scalable and risk-based penetration testing service aligned with Continuous Threat Exposure Management (CTEM). Activities related to TenneT Germany and remediation activities are explicitly excluded from the scope.",Automation / software,IT services / software,buy_e112869d677cade3d75a,TenneT TSO,Netherlands,2026-06-30,60.0,https://www.tenderned.nl/tenderned-tap/aankondigingen/431020
CATEGORY_COHORT,93.67500000000001,TenderNed,tn_1aba3bc77ff9f770d4f2,AI 2020-0181 SBIR oproep Monitoring,"Momenteel worden bruggen en kademuren in de gemeente Amsterdam voornamelijk middels conventionele methoden op deformatie gemonitord. Dit wordt alleen verricht op de als zeer risicovol geclassificeerde bruggen en kademuren, circa 10% van het areaal (20 km kademuur en 85 bruggen). De overige 90% van het areaal is echter niet zonder risico, maar wordt momenteel niet gemonitord. SBIR is het pre-commerciële procedure waarmee de overheid als launching customer partijen (cross-sectoraal) via een betaalde opdracht uitdaagt en faciliteert in het ontwikkelen van innovaties die een bijdrage leveren aan het oplossen van een maatschappelijke probleem. Met deze SBIR uitvraag willen we het aanbod in het aantal (gevalideerde) oplossingen vergroten, eveneens als het aantal partijen die deze oplossingen kunnen aanbieden. De Gemeente Amsterdam werkt in de SBIR uitvraag samen met het Rijksdienst voor Ondernemend Nederland.",Monitoring / research,Monitoring / analysis,buy_7139e4425bf2a434774b,"Gemeente Amsterdam, Ingenieursbureau",Netherlands,2026-06-30,70.0,https://www.tenderned.nl/tenderned-tap/aankondigingen/431183
CATEGORY_COHORT,93.67500000000001,TenderNed,tn_08a51f35cc57179a1019,Projectleider implementatie Meldcode en AVE,"De (tijdelijke) projectleider is verantwoordelijk voor de implementatie van AVE (Aanpak ter Voorkomen van Escalatie) en de brede uitrol van de Meldcode binnen de gemeentelijke organisatie. Dit omvat het organiseren, co?rdineren en begeleiden van de implementatiestappen, het signaleren van knelpunten en het praktisch voorbereiden van borging door structuur aan te brengen, zodat de toepassing duurzaam kan worden voortgezet. Organiseren, co?rdineren en begeleiden van de implementatie van AVE binnen gemeentelijke teams. Implementatie van de Meldcode breed uitrollen binnen de organisatie. Ondersteunen van teams bij toepassing van AVE en Meldcode (bijeenkomsten, uitleg, materialen). Afstemmen met interne teams en waar nodig externe partners. Structuur aanbrengen of aansluiten op bestaande structuren (zoals bijvoorbeeld de verbinding tussen zorg &amp; veiligheid) voor evaluatie, monitoring en borging, zodat deze duurzaam kunnen worden voortgezet. Signaleren van knelpunten en terugkoppelen richting beleid en management. Verzorgen van (tussen)rapportages, verslagen en terugkoppeling richting opdrachtgever.",Monitoring / research,Monitoring / analysis,buy_ba72baf57d589ecb103b,Gemeente Oldambt,Netherlands,2026-06-30,70.0,https://www.tenderned.nl/tenderned-tap/aankondigingen/431137
CATEGORY_COHORT,93.67500000000001,TenderNed,tn_c40e3431250776ebf6e7,Geluidsanering gemeente Land van Cuijk,Het project omvat de bouwkundige begeleiding van 927 saneringswoningen. Dit betreft 453 schouwingswoningen met een geluidbelasting van 60 dB of minder en 474 saneringswoningen met een geluidbelasting van 61 dB of meer. De bewoners/eigenaren van deze 474 woningen worden door de ODBN uitgenodigd voor een gevelonderzoek. De woningen van alle bewoners/eigenaren die zich bij de ODBN aanmelden voor het gevelonderzoek dienen onderzocht te worden.,Monitoring / research,Monitoring / analysis,buy_49de1a67d09f409dd749,Gemeente Land van Cuijk,Netherlands,2026-06-30,70.0,https://www.tenderned.nl/tenderned-tap/aankondigingen/431023
CATEGORY_COHORT,93.13166666666666,France,ten_41ff898dba675e6036e6,Maintenance et suivi du logiciel CONCOURS,,Automation / software,Software / automation,buy_df3afa7a8e3a55184beb,ASSISTANCE PUBLIQUE HOPITAUX DE PARIS,France,2026-07-31,74.0,
CATEGORY_COHORT,93.13166666666666,France,ten_5d3668d438c73ebc8ca8,"Fourniture, hébergement et maintien de plateformes digitales",,Automation / software,Software / automation,buy_e71887503225164bad34,FRANCE TRAVAIL DSI,France,2026-07-31,74.0,
CATEGORY_COHORT,93.13166666666666,France,ten_a4df76a0c84304ebf954,"PRESTATIONS DE MAINTIEN EN CONDITION OPÉRATIONNELLE ET D’OPTIMISATION DES USAGES NUMÉRIQUES BUREAUTIQUES, COLLABORATIFS ET CLOUD",,Automation / software,Software / automation,buy_8f116bbeb01c582b5f87,CAIH.,France,2026-07-31,74.0,
CATEGORY_COHORT,92.64666666666668,France,ten_7c216cc93850a1f6b44a,ASSISTANCE A MAITRISE D'OUVRAGE (AMO) POUR LE SUIVI D'EXPLOITATION ET LE CONTROLE FINANCIER DE L'UNITE DE VALORISATION ENERGETIQUE (UVE) DE LUNEL-VIEL,,Creative / communications,Design / publishing,buy_62f62cea3a449854ce4a,SMEPE - Syndicat Mixte Entre Pic et Et,France,2026-07-31,82.0,
CATEGORY_COHORT,92.64666666666668,France,ten_892640a7edb73935c77b,Prestations de réalisations audiovisuelles promotionnelles et institutionnelles au profit de l'ISAE-SUPAERO,,Creative / communications,Design / publishing,buy_2eb43001052bb4182de0,Institut Supérieur de l'Aéronautique et de l'Espace,France,2026-07-31,82.0,
CATEGORY_COHORT,92.64666666666668,France,ten_5a491a6b6c1d24645f9b,Le présent marché a pour objet la redynamisation des bénéficiaires du RSA pour le compte de France Travail Martinique. Le marché sera alloti géographiquement.,,Creative / communications,Design / publishing,buy_85c16a42ef5a3fef35ba,FRANCE TRAVAIL,France,2026-07-31,82.0,
CATEGORY_COHORT,92.44166666666666,Ireland,ten_cfa791696572af6a2397,2025/011 Establishment of a Single Party Framework for the development of a Digital Transaction Management platform.,,Automation / software,IT services / software,buy_90e1d647b8c6cc38ff6e,Enterprise Ireland,Ireland,2026-03-31,60.0,
CATEGORY_COHORT,92.44166666666666,Ireland,ten_2160bef9581d1040e84c,Request for tender for the provision of a Network Detection and Response solution,,Automation / software,IT services / software,buy_0b4c77bd4c1c783c26e1,Public Appointments Service,Ireland,2026-03-31,60.0,
CATEGORY_COHORT,92.44166666666666,Ireland,ten_e1692dc6ebf30ee291f2,Provision of a Financial and Procurement Management System,,Automation / software,IT services / software,buy_c06fd954aae51929a66f,South Dublin County Partnership,Ireland,2026-03-31,60.0,
CATEGORY_COHORT,92.25166666666667,Ireland,ten_482e923470d45c13be6d,sRFT for the provision of technical support services to Configuration and Patch Management,,Automation / software,Software / automation,buy_295fe777c1b4035f74ec,Department of Social Protection,Ireland,2026-03-31,72.0,
CATEGORY_COHORT,92.25166666666667,Ireland,ten_b5950afb2ea9219dc760,IPS017F-05-013-PROJ000010418: Mini Competition for the provision of External ICT Technical Support Services (Teams) Lot 5 for Land Development Agency,,Automation / software,Software / automation,buy_860d15b68965ace7f85c,The Office of Government Procurement,Ireland,2026-03-30,72.0,
CATEGORY_COHORT,92.25166666666667,Ireland,ten_3545f5cf7315107e4b8f,Provision of a Senior ICT Project Manager and Business Analyst Services,,Automation / software,Software / automation,buy_dc6ed588a07ce6af7dd8,Approved Housing Bodies Regulatory Authority,Ireland,2026-03-30,72.0,
CATEGORY_COHORT,92.075,Canada federal,ten_dadb1c5f809143d6be77,Assessment of the Effectiveness of the Internal Control over Financial Management (ICFM),,Creative / communications,Design / publishing,buy_6c5519f88cd80a20be31,Canadian Institutes of Health Research (CIHR),Canada,2026-07-31,80.0,
CATEGORY_COHORT,92.075,Canada federal,ten_18a9bbfe44d4933d30b6,Envelope – Statement of Vote,,Creative / communications,Design / publishing,buy_a636142d966c713a50ef,Office of the Chief Electoral Officer (Elections),Canada,2026-07-28,80.0,
CATEGORY_COHORT,92.075,Canada federal,ten_2bb1fde23014e40b9d68,Maple Leaf Lapel Pins,,Creative / communications,Design / publishing,buy_0607a8a09c35020b4e75,Department of Public Works and Government Services (PSPC),Canada,2026-07-24,80.0,
CATEGORY_COHORT,91.83666666666667,France,ten_c58cfeaddf47c917ff6d,Missions de maîtrise d'oeuvre pour diverses opérations de création ou d'aménagements de voirie sur le périmètre des voiries d'intérêt communautaire de la CCLLA,,Monitoring / research,Monitoring / analysis,buy_8a6ab956659fbba1eb3c,Communauté de Communes Loire Layon Aubance,France,2026-07-31,70.0,
CATEGORY_COHORT,91.83666666666667,France,ten_bc0d5e98c3486cec208a,Mission d'Assistance à Maîtrise d'Ouvrage (AMO) AMÉNAGEMENT DE LA RESSOURCERIE BAS DE LA RIVIERE,,Monitoring / research,Monitoring / analysis,buy_bce6a1ac9cd1b5a6c0b8,COMMUNAUTE INTERCOMMUNALE NORD REUNION,France,2026-07-31,70.0,
CATEGORY_COHORT,91.83666666666667,France,ten_fdf86c2d50dd24473091,"Études de marché exploratoire "" Flash "", Études de marché classique et Études de Consolidation",,Monitoring / research,Monitoring / analysis,buy_43d3ef7bd2942c5b0b8a,SATT Linksium Grenoble Alpes,France,2026-07-31,70.0,
CATEGORY_COHORT,91.69166666666668,Quebec,ten_32984f14eb76e5b4de96,Acquisition d’un réseau cœur cellulaire et des fournitures et services professionnels apparentés pour le ministère de la Cybersécurité et du Numérique,,Creative / communications,Design / publishing,buy_b2fc071dc8e65c9cf119,Ministère de la Cybersécurité et du Numérique - Direction générale des services contractuels,Canada - Quebec,2026-07-31,82.0,
CATEGORY_COHORT,91.69166666666668,Quebec,ten_6e42a0ee935071a4a5a9,Maintenance et support d'unités de sauvegarde,,Creative / communications,Design / publishing,buy_0d4a1354d19c8a7c4937,Autorité des marchés financiers.,Canada - Quebec,2026-07-31,82.0,
CATEGORY_COHORT,91.69166666666668,Quebec,ten_8bc7463402be8b3af3e8,"Service annuel de téléphonie, d'internet et télévisuel",,Creative / communications,Design / publishing,buy_1108dac48ac6842f4f3e,École Nationale de Police du Québec,Canada - Quebec,2026-07-31,82.0,
CATEGORY_COHORT,90.86000000000001,Quebec,ten_c13df6a1bb0243492229,Acquisition de solutions de sauvegarde et de stockage,,Automation / software,Software / automation,buy_c85dc024421464c954c3,CISSS de la Côte-Nord.,Canada - Quebec,2026-07-31,74.0,
CATEGORY_COHORT,90.86000000000001,Quebec,ten_6376e0fe424d16ba5d11,Licences Gustav documente,,Automation / software,Software / automation,buy_d9d35b48cfc804d6e01e,CHU de Québec-Université Laval,Canada - Quebec,2026-07-31,74.0,
CATEGORY_COHORT,90.86000000000001,Quebec,ten_3fd8237a45149efec53c,Renouvellement des licences pour le logiciel SOFE,,Automation / software,Software / automation,buy_e1ee82c92601a3099b38,Société des traversiers du Québec,Canada - Quebec,2026-07-31,74.0,
CATEGORY_COHORT,90.35499999999999,United Kingdom,ten_0b87a963e1cbd1c531da,Digital Social Care Records,,Automation / software,IT services / software,buy_c4a64cf38006b0e82e31,GREENSQUAREACCORD LIMITED,United Kingdom,2026-07-30,60.0,
CATEGORY_COHORT,90.35499999999999,United Kingdom,ten_d8feeae0e5c1eadb5d51,Replacement Nutanix Platform,,Automation / software,IT services / software,buy_f9e0f62b803041a80242,Stockport Metropolitan Borough Council,United Kingdom,2026-07-30,60.0,
CATEGORY_COHORT,90.35499999999999,United Kingdom,ten_f97ec7b30cf6d1bc76f3,Choice Based Lettings system,,Automation / software,IT services / software,buy_43b6f8d5e525204c796c,London Borough of Haringey,United Kingdom,2026-07-29,60.0,
CATEGORY_COHORT,89.79833333333332,Ireland,ten_244c8f861505d4b9e441,Trocaire RFT - Consultancy for the provision of Research Services for Civil Society Space,,Monitoring / research,Monitoring / analysis,buy_5db68d565f17ed7f8059,Trócaire,Ireland,2026-03-30,70.0,
CATEGORY_COHORT,89.79833333333332,Ireland,ten_c203705cb51d175864d3,Tender to award a contract for the conducting of research into: 'Assessing the Health Aspects of Meal Delivery applications on the island of Ireland'.,,Monitoring / research,Monitoring / analysis,buy_321a3753e649e51d5849,Safefood,Ireland,2026-03-27,70.0,
CATEGORY_COHORT,89.79833333333332,Ireland,ten_fa60e5c2be2c3278ec34,Tender to award a contract for the conducting of research into: 'Food Safety that Works - Co-designing Practical Tools for Adults with Intellectual Disabilities.',,Monitoring / research,Monitoring / analysis,buy_321a3753e649e51d5849,Safefood,Ireland,2026-03-27,70.0,
CATEGORY_COHORT,89.46333333333334,Quebec,ten_dca72a109ca04276ce51,Étude de qualité de l’air et modélisation de la dispersion - Hôpital de Mont-Laurier,,Monitoring / research,Monitoring / analysis,buy_166cff44429cdc030ea4,SQI - Gestion de projets,Canada - Quebec,2026-07-31,70.0,
CATEGORY_COHORT,89.46333333333334,Quebec,ten_b2f26fac1b06ab3227cd,Analyses indicateurs écologiques et sédiments,,Monitoring / research,Monitoring / analysis,buy_96b794d02b99495ce5b6,Université Laval,Canada - Quebec,2026-07-31,70.0,
CATEGORY_COHORT,89.46333333333334,Quebec,ten_ff85c1dad17c79de10de,SERVICE PROFESSIONNEL ÉTUDE FAISABILITÉ_ CLIMATISATION PHARMACIE ET SALE BLANCHE_ HL,,Monitoring / research,Monitoring / analysis,buy_abb8ed450a4cbc7ef5d7,Centre intégré universitaire de santé et de services sociaux de l'Ouest-de-l'Île-de-Montréal,Canada - Quebec,2026-07-31,70.0,
CATEGORY_COHORT,87.0,Canada federal,ten_3ced2a587d67abed97f4,Market Research Services,,Monitoring / research,Monitoring / analysis,buy_be546aff06e1098a3120,Export Development Canada - EDC,Canada,2026-07-31,70.0,
CATEGORY_COHORT,87.0,Canada federal,ten_838b80a4e1df35d045db,Research and Advisory Services for Business Solutions,,Monitoring / research,Monitoring / analysis,buy_be546aff06e1098a3120,Export Development Canada - EDC,Canada,2026-07-13,70.0,
CATEGORY_COHORT,87.0,Canada federal,ten_b98d0fd9eb22cf84dbf6,Market Research Services,,Monitoring / research,Monitoring / analysis,buy_be546aff06e1098a3120,Export Development Canada - EDC,Canada,2026-06-09,70.0,
CATEGORY_COHORT,83.24166666666666,Ireland,ten_d8a198b4c9b67d134e45,The Provision of Past Exam Papers to Donegal ETB,,Creative / communications,Design / publishing,buy_9681a525fb36a17a6816,Donegal Education and Training Board,Ireland,2026-03-30,80.0,
CATEGORY_COHORT,83.24166666666666,Ireland,ten_9f196ee7fef551260d0e,"Request for Quote: Provision of Creative Services, Campaign Management, Strategic Planning and Media Buying",,Creative / communications,Design / publishing,buy_14c0d9ec5ff349dcdd27,Water Safety Ireland,Ireland,2026-03-09,80.0,
CATEGORY_COHORT,83.24166666666666,Ireland,ten_1287fd75386f2d60eae5,"Request for Tenders under Open Procedure for the Design, Editorial, Visual, Print Management and Print and Fulfilment of the UCD Alumni magazine.",,Creative / communications,Design / publishing,buy_1bb81034e151b78f20f9,University College Dublin ( UCD ),Ireland,2026-03-04,80.0,
CATEGORY_COHORT,75.455,United Kingdom,ten_52ac55cb96008908677e,Home Group Development Construction Consultants Framework 2026,,Other,UNKNOWN,buy_f5d93d41d4b0d16181a9,Home Group Limited,United Kingdom,2026-07-31,15.0,
CATEGORY_COHORT,75.455,United Kingdom,ten_4b5b26b76266a36053d8,713718450 - Light Mobility Vehicle,,Other,UNKNOWN,buy_1654b9a0aebf90aef3cf,Defence Equipment and Support,United Kingdom,2026-07-31,15.0,
CATEGORY_COHORT,75.455,United Kingdom,ten_906fe59cce73698be641,Care and Support in Extra Care Housing,,Other,UNKNOWN,buy_eccef005938b28d927ca,Leicestershire County Council,United Kingdom,2026-07-31,15.0,
CATEGORY_COHORT,74.53333333333333,Ireland,ten_6983fcf4421e9a6aaf87,Call for Tender for the provision of Hot School Meals under the School Meals Scheme to Urlingford NS 19930D,,Other,School meals.,buy_7dcc6b22d93f2fbc1771,Urlingford National School,Ireland,2026-03-31,15.0,
CATEGORY_COHORT,74.53333333333333,Ireland,ten_482c5ef07346287d76ac,CFT - Hot Meals- TullyleaseNS09815U,,Other,School meals.,buy_126a19904129cf9fdd51,Tullylease NS,Ireland,2026-03-27,15.0,
CATEGORY_COHORT,74.53333333333333,Ireland,ten_8645c402cf505d2cb06d,Call for Tenders for the Provision of Hot Meals under the School Meals Scheme to Scoil Mhuire agus Eoin 20497W,,Other,School meals.,buy_6f48d9ba4fb9d8b4c3f7,Scoil Mhuire Agus Eoin,Ireland,2026-03-26,15.0,
CATEGORY_COHORT,71.75833333333333,United Kingdom,ten_9234646da65c1b08fff5,Primary Care Enhanced Services,,Other,General-practitioner services,buy_f6eaea0ae42973d34c82,NHS LINCOLNSHIRE INTEGRATED CARE BOARD,United Kingdom,2026-07-31,15.0,
CATEGORY_COHORT,71.75833333333333,United Kingdom,ten_2ed393b7b67b98290349,Primary Care Enhanced Services,,Other,General-practitioner services,buy_f6eaea0ae42973d34c82,NHS LINCOLNSHIRE INTEGRATED CARE BOARD,United Kingdom,2026-07-31,15.0,
CATEGORY_COHORT,71.75833333333333,United Kingdom,ten_74ffb9de575b582f59f0,Primary Care Enhanced Services,,Other,General-practitioner services,buy_f6eaea0ae42973d34c82,NHS LINCOLNSHIRE INTEGRATED CARE BOARD,United Kingdom,2026-07-31,15.0,
CATEGORY_COHORT,71.66000000000001,Germany,ten_b650815a8ef4006d0c18,Regeneration der Ionenaustauschharze an bauseits vorhandenen Vollentsalzungspatronen (VEP) in den Sanitätseinrichtungen der Bundeswehr,,Other,UNKNOWN,,,Germany,2026-07-31,15.0,
CATEGORY_COHORT,71.66000000000001,Germany,ten_6a7569853c3d4dc42b50,Ausbau Transporter zu Probenahmefahrzeug,,Other,UNKNOWN,,,Germany,2026-07-31,15.0,
CATEGORY_COHORT,71.66000000000001,Germany,ten_7ce265418d36f611fecd,"Reparatur- und Bereitschaftsdienst für Abwasseranlagen des Wasserverband ""Südharz"" 2027-2028",,Other,UNKNOWN,,,Germany,2026-07-31,15.0,
CATEGORY_COHORT,70.83,United Kingdom,ten_81f326798480da8912fe,Contract for the provision of Histopathology Reporting,,Other,Pathology services,buy_4f1a790780e804fb4acf,Great Western Hospitals NHS Foundation Trust,United Kingdom,2026-07-15,15.0,
CATEGORY_COHORT,70.83,United Kingdom,ten_e1e0fa94644364aa23bb,Contract for the provision of Histopathology Reporting,,Other,Pathology services,buy_a7b084bf44e070baae73,Salisbury NHS Foundation Trust,United Kingdom,2026-07-15,15.0,
CATEGORY_COHORT,70.83,United Kingdom,ten_63e5088c27c92376e0c6,Specialist send away tests - Cambridge,,Other,Pathology services,buy_edb7370856d8491c96bd,Northampton General Hospital NHS Trust,United Kingdom,2026-07-10,15.0,
CATEGORY_COHORT,70.735,United Kingdom,ten_a527017bcb5bd1530e86,Elective Acute Services - Ophthalmology Services,,Other,Hospital and related services,buy_f756181f28979d0ba4b3,NHS SURREY AND SUSSEX INTEGRATED CARE BOARD,United Kingdom,2026-07-27,15.0,
CATEGORY_COHORT,70.735,United Kingdom,ten_59d572039c0cb6acf5f8,Elective Acute Health Care Services,,Other,Hospital and related services,buy_f756181f28979d0ba4b3,NHS SURREY AND SUSSEX INTEGRATED CARE BOARD,United Kingdom,2026-07-27,15.0,
CATEGORY_COHORT,70.735,United Kingdom,ten_4ca1b48a42300fbeb870,Elective Acute Services - Independent Sector 2026/27,,Other,Hospital and related services,buy_f756181f28979d0ba4b3,NHS SURREY AND SUSSEX INTEGRATED CARE BOARD,United Kingdom,2026-07-27,15.0,
CATEGORY_COHORT,70.49333333333333,United Kingdom,ten_409c7ba2bc594775e59c,NHS LLR & Northamptonshire ICBs - Lung Cancer Screening (MECSS Framework),,Other,Health services,buy_ab4d56a99a5d1805d677,"NHS Leicester, Leicestershire and Rutland Integrated Care Board",United Kingdom,2026-07-31,15.0,
CATEGORY_COHORT,70.49333333333333,United Kingdom,ten_eede06a2754ccea4b74a,"Provision of Acute Visiting, Single Point of Access & Urgent Care Centre appointments across St Helens",,Other,Health services,buy_b0190417cbafd88120c3,NHS CHESHIRE AND MERSEYSIDE INTEGRATED CARE BOARD,United Kingdom,2026-07-31,15.0,
CATEGORY_COHORT,70.49333333333333,United Kingdom,ten_e0f4d97e056a19087fe6,Intensive and Assertive Outreach Service: Recovery and Outreach Sub-Contracted Element,,Other,Health services,buy_243fe13deec5a093e291,NORFOLK AND SUFFOLK NHS FOUNDATION TRUST,United Kingdom,2026-07-31,15.0,
CATEGORY_COHORT,70.41333333333333,Ireland,ten_1c285f9742ea30c3d903,"Call for Tender for the provision of Hot Meals under the School Meals Scheme to Scoil Muire Bainríoghan, Roll number 17336E",,Other,School-meal services.,buy_79bc4a8d234e4a82d7c9,Scoil Muire Bainrioghan (Dunkerrin NS),Ireland,2026-03-18,15.0,
CATEGORY_COHORT,70.41333333333333,Ireland,ten_41bf66ac303a7a114909,"The provision of School Meal Services at Kennedy College, New Ross, Co. Wexford",,Other,School-meal services.,buy_4acefa94755464604cb1,Waterford and Wexford Education and Training Board,Ireland,2026-03-12,15.0,
CATEGORY_COHORT,70.41333333333333,Ireland,ten_567796df67110e70aaae,"Call for Tender for the provision of Hot Meals under the School Meals Scheme to Scoil Shinchill, Killeigh, Roll No: 17031F",,Other,School-meal services.,buy_ba1e242a119ebbc6ffb7,Scoil Shinchill,Ireland,2026-03-02,15.0,
CATEGORY_COHORT,70.37333333333333,United Kingdom,ten_024e124bf0f8b8e43763,LCHS Communtiy Pharmacy - Prior Market Engagement,,Other,Pharmacy services,buy_0e658ca03567d74f104e,Lincolnshire Community Health Services NHS Trust,United Kingdom,2026-07-03,15.0,
CATEGORY_COHORT,70.37333333333333,United Kingdom,ten_e0e6611ef2072b278e8b,LCHS Community Pharmacy - Prior Market Engagement,,Other,Pharmacy services,buy_0e658ca03567d74f104e,Lincolnshire Community Health Services NHS Trust,United Kingdom,2026-07-03,15.0,
CATEGORY_COHORT,70.37333333333333,United Kingdom,ten_53982337b5be314efe88,Public Health Medicines Optimisation Service,,Other,Pharmacy services,buy_bae3d602818206600a82,The North Yorkshire Council,United Kingdom,2026-07-01,15.0,
CATEGORY_COHORT,70.31,United Kingdom,ten_8ad43d52a8813ebfff2c,POW-CP-62804 - Provision of Dental Services - Welshpool,,Other,Dental practice and related services,buy_1c2a629fdf82c02f11a4,NHS Wales Shared Services Partnership-Procurement Services (hosted by Velindre University NHS Trust),United Kingdom,2026-07-10,15.0,
CATEGORY_COHORT,70.31,United Kingdom,ten_8b3581e3d45c6de221e0,NHSE1086 - Area Based Urgent Dental Treatment Service (AUDT),,Other,Dental practice and related services,buy_7412a0de80db24696dc9,NHS Humber and North Yorkshire Integrated Care Board and NHS West Yorkshire Integrated Care Board,United Kingdom,2026-07-06,15.0,
CATEGORY_COHORT,70.31,United Kingdom,ten_9d0ac15c3db6f4d65c22,POW-CP-62805 - Provision of Dental Services - Newtown,,Other,Dental practice and related services,buy_1c2a629fdf82c02f11a4,NHS Wales Shared Services Partnership-Procurement Services (hosted by Velindre University NHS Trust),United Kingdom,2026-06-30,15.0,
CATEGORY_COHORT,70.26333333333334,France,ten_0d3f84605dd0f2f084fd,Collecte et valorisation des biodéchets présentés en abri-bacs,,Other,Services,buy_1fa3fb585ba3e4d198d1,COMMUNAUTE D'AGGLOMERATION DU PAYS DE LANDERNEAU-DAOULAS,France,2026-07-31,15.0,
CATEGORY_COHORT,70.26333333333334,France,ten_93ad213c9d7eae36e1a0,Missions de contrôle technique dans le cadre d’opérations de bâtiment d’un montant supérieur à 5 500 000 € HT et de diagnostic PEMD et ESSP pour les opérations de tous montants (2 lots),,Other,Services,buy_106b4e1aa023e5241706,Ville de Marseille,France,2026-07-31,15.0,
CATEGORY_COHORT,70.26333333333334,France,ten_240ef977263350fde023,"EXPLOITATION DES INSTALLATIONS THERMIQUES DES ETABLISSEMENTS VILLE DE TROYES, TROYES CHAMPAGNE METROPOLE, CMAS ET LA MAISON DU BOULANGER Lot n°4 : Prestations d’entretien annuel des petits équipem…",,Other,Services,buy_3227bb3c81c3b9330680,Troyes Champagne Metropole,France,2026-07-31,15.0,
CATEGORY_COHORT,70.23333333333332,United Kingdom,ten_e604ecd42c80fbee6209,"Harborough, Charnwood and NW Leicestershire Phase 3 LBS",,Other,Public road transport services,buy_eccef005938b28d927ca,Leicestershire County Council,United Kingdom,2026-07-15,15.0,
CATEGORY_COHORT,70.23333333333332,United Kingdom,ten_4a1147ef8fecfb38e4de,Provision of bus service - Route U10,,Other,Public road transport services,buy_6288a5edf9dd8710a2ab,LONDON BUS SERVICES LIMITED,United Kingdom,2026-07-13,15.0,
CATEGORY_COHORT,70.23333333333332,United Kingdom,ten_1bd246903b4d29ab8a9b,Provision of bus service - Route 191,,Other,Public road transport services,buy_6288a5edf9dd8710a2ab,LONDON BUS SERVICES LIMITED,United Kingdom,2026-07-13,15.0,
CATEGORY_COHORT,70.04666666666667,France,ten_bf51fdc8dc8680505e32,Achat de 6 compacteurs monoblocs et de 5 bennes de 15m3 à toit hydraulique,,Other,Fournitures,buy_0af79b8781bbeed08e4a,HAGANIS,France,2026-07-31,15.0,
CATEGORY_COHORT,70.04666666666667,France,ten_f6f3624fa102105edee9,Achat et maintenance de matériels de restauration collective,,Other,Fournitures,buy_ed7e064677159db5725c,Communauté d'Agglomération du Niortais,France,2026-07-31,15.0,
CATEGORY_COHORT,70.04666666666667,France,ten_d2d65b8f2fef8a915c3a,"Achat de fournitures pour les écoles et satellites, les structures et services liés à la Petite Enfance, l’Enfance et la Jeunesse",,Other,Fournitures,buy_0848f7ce7ee0ed62c5c3,VILLE DE COUDEKERQUE BRANCHE,France,2026-07-31,15.0,
CATEGORY_COHORT,69.82166666666666,France,ten_d0a797c10da3e7f03ea8,Rénovation énergétique de la Gendarmerie,,Other,Travaux,buy_0e853717b9fb049af5c2,MAIRIE DE CHÂTELUS-MALVALEIX,France,2026-07-31,15.0,
CATEGORY_COHORT,69.82166666666666,France,ten_4606c296af971ea93a80,"Travaux de construction et de réparation de branchements, de collecteurs d'assainissement et des ouvrages annexes (29 lots)",,Other,Travaux,buy_71e90a3c59a346952485,Métropole européenne de Lille,France,2026-07-31,15.0,
CATEGORY_COHORT,69.82166666666666,France,ten_f378e0340043a3babe96,Marché de travaux pour la mise en oeuvre d'un système de Sprinklage des installations TRIGLAZ à Plouedern (29),,Other,Travaux,buy_368323121f35196c4886,SOTRAVAL SPL,France,2026-07-31,15.0,
CATEGORY_COHORT,69.61,United Kingdom,ten_505a1a7c5d8e6c0520e4,National Framework Agreement for Radiology Capacity Management Solutions (PSR) 2026 reopening,,Other,Medical imaging services,buy_498892c5e28658403a28,COUNTESS OF CHESTER HOSPITAL NHS FOUNDATION TRUST,United Kingdom,2026-07-30,15.0,
CATEGORY_COHORT,69.61,United Kingdom,ten_55ee97d5a5c11b11e7d8,Insourcing of Breast Radiology Services,,Other,Medical imaging services,buy_2fa100c117bb429cc9f3,Swansea Bay University Health Board,United Kingdom,2026-07-24,15.0,
CATEGORY_COHORT,69.61,United Kingdom,ten_0aa7361a213e9c6119da,UHL Radiology 26-28 / UHL_A_Radiology_2628.V.0.1,,Other,Medical imaging services,buy_a4ca58b767a51f9970e4,LEICESTERSHIRE PARTNERSHIP NHS TRUST,United Kingdom,2026-07-09,15.0,
CATEGORY_COHORT,69.34833333333333,Ireland,ten_16f11eecfb5f97bd493d,"HSE West Multi- Party Framework Agreement for Architect Including, (Planner, PSDP, Fire Safety, BIM) - FW 03 Non - Acute Healthcare Capital Works - Project Value €1M to €15M excl. Vat.",,Other,Architectural and related services.,buy_a53a2075be8b016ee75b,Health Service Executive (HSE),Ireland,2026-03-30,15.0,
CATEGORY_COHORT,69.34833333333333,Ireland,ten_93c8b6116d017e05fd6f,HSE West Multi- Party Framework Agreement for Employer Representative (ER) - FW 03 Non - Acute Healthcare Capital Works - Project Value €1M to €15M excl.,,Other,Architectural and related services.,buy_a53a2075be8b016ee75b,Health Service Executive (HSE),Ireland,2026-03-30,15.0,
CATEGORY_COHORT,69.34833333333333,Ireland,ten_f686496a3f01bc40ad7e,Multi- Party Framework Agreement for HSE West Assigned Certifier (AC)- FW 03 Non - Acute Healthcare Capital Works - Project Value €1M to €15M excl. Vat,,Other,Architectural and related services.,buy_a53a2075be8b016ee75b,Health Service Executive (HSE),Ireland,2026-03-30,15.0,
CATEGORY_COHORT,68.91833333333332,United Kingdom,ten_b40c2759dca0ca925bf7,"Adult ADHD assessments, titration, continued prescribing and annual reviews - waiting list backlog clearance",,Other,Psychiatrist or psychologist services,buy_260ee3ee92d7565578fe,NHS West and North London Integrated Care Board,United Kingdom,2026-07-31,15.0,
CATEGORY_COHORT,68.91833333333332,United Kingdom,ten_bbc62b49c68d6502f89b,NHS Talking Therapies (Hull),,Other,Psychiatrist or psychologist services,buy_5e6323dd9bd991a2fee3,NHS HUMBER AND NORTH YORKSHIRE INTEGRATED CARE BOARD,United Kingdom,2026-07-22,15.0,
CATEGORY_COHORT,68.91833333333332,United Kingdom,ten_137e3b81117cb2c8c8a2,Crisis Text Helpline Services,,Other,Psychiatrist or psychologist services,buy_260ee3ee92d7565578fe,NHS West and North London Integrated Care Board,United Kingdom,2026-07-07,15.0,
CATEGORY_COHORT,68.84166666666667,France,ten_e046e77db035bc0bb74c,Marché de prestations pour l'organisation et l'animation de l'évènement du 14 juillet 2026 à Colombes - Parc Pierre Lagravère,,Other,UNKNOWN,buy_10851831e1a30ce08bdb,Mairie de Colombes,France,2026-07-28,15.0,
CATEGORY_COHORT,68.84166666666667,France,ten_bcc11ff5af09ecbe7e84,Achat de formation : maître-nageur sauveteur PSE,,Other,UNKNOWN,buy_5807f791f3930877233e,COLLECTIVITE TERRITORIALE DE GUYANE,France,2026-07-24,15.0,
CATEGORY_COHORT,68.84166666666667,France,ten_6c0c5136b9191a7a3333,Concession du service public de distribution d'eau potable,,Other,UNKNOWN,buy_510c86fc2b39d763167b,COMMUNE DE PIETROSELLA,France,2026-07-24,15.0,
CATEGORY_COHORT,68.64,Canada federal,ten_270212a943375f066504,Office furniture sub-category 2 - Desk - Base Only,,Other,*Office furniture,buy_73af9093eb082788092b,Department of National Defence (DND),Canada,2026-07-27,15.0,
CATEGORY_COHORT,68.64,Canada federal,ten_631c139489f272f8be53,G9292-269534 - PSIB RFSO Work Surfaces and Ancillary Products,,Other,*Office furniture,buy_0607a8a09c35020b4e75,Department of Public Works and Government Services (PSPC),Canada,2026-07-14,15.0,
CATEGORY_COHORT,68.64,Canada federal,ten_a0450a09fd5de875154c,Workspaces - Office Furniture,,Other,*Office furniture,buy_732571b4d64044753982,Statistics Canada (StatCan),Canada,2026-07-13,15.0,
CATEGORY_COHORT,68.32166666666667,Quebec,ten_8dfc331c7bc48c526418,CONTRAT ENTRETIEN CONGELATEURS -80,,Other,UNKNOWN,buy_8b047c9f347dd0653132,CHU Ste-Justine,Canada - Quebec,2026-07-31,15.0,
CATEGORY_COHORT,68.32166666666667,Quebec,ten_158a15488099e93332ee,Service de remplacement de capitaine pour la traverse de l'Isle-aux-Grues,,Other,UNKNOWN,buy_e1ee82c92601a3099b38,Société des traversiers du Québec,Canada - Quebec,2026-07-31,15.0,
CATEGORY_COHORT,68.32166666666667,Quebec,ten_b80c994cd3639a97e019,Service de réparation sur la route pour les pneus de camions lourds et les équipements de génie civil,,Other,UNKNOWN,buy_88e34d93855f04ccc9f1,Ville de Québec,Canada - Quebec,2026-07-31,15.0,
CATEGORY_COHORT,68.07333333333334,United Kingdom,ten_590234b0b9696965f777,Integrated Children’s Occupational Therapy Service,,Other,Community health services,buy_d8d58115141643e33610,London Borough of Hackney,United Kingdom,2026-07-31,15.0,
CATEGORY_COHORT,68.07333333333334,United Kingdom,ten_2120fe8235a4001877da,Children's Integrated Speech and Language Therapy Service,,Other,Community health services,buy_d8d58115141643e33610,London Borough of Hackney,United Kingdom,2026-07-31,15.0,
CATEGORY_COHORT,68.07333333333334,United Kingdom,ten_58e6da6051668f3f0028,Community Vasectomy Service in Woking,,Other,Community health services,buy_f756181f28979d0ba4b3,NHS SURREY AND SUSSEX INTEGRATED CARE BOARD,United Kingdom,2026-07-31,15.0,
CATEGORY_COHORT,67.45666666666666,Ireland,ten_d7367c3ac7e74be5585e,WCC152026 Local Building Maintenance And Refurbishment Works,,Other,Construction work.,buy_05cac8debbc19bea0271,Wicklow County Council,Ireland,2026-03-31,15.0,
CATEGORY_COHORT,67.45666666666666,Ireland,ten_826dd3e2d59f36b8ccde,"Revised Single Party Framework Agreement for Public Realm and Civil Engineering Works for Carlow County Council, Initial Project: Carlow Town URDF Public Realm Enhancement Scheme",,Other,Construction work.,buy_b431e9dfa98a009341da,Carlow County Council,Ireland,2026-03-31,15.0,
CATEGORY_COHORT,67.45666666666666,Ireland,ten_6796551b1dedd850bcef,Replacement of Section of Boundary Wall at Custume Barracks,,Other,Construction work.,buy_356fa32b2fbda15365fc,Irish Defence Forces,Ireland,2026-03-30,15.0,
CATEGORY_COHORT,67.41333333333334,United Kingdom,ten_648f4b6b1807e581c9b6,Sunderland Dedicated Discharge Vehicle Royal Hospital,,Other,Ambulance services,buy_351fc0f99628e49bcf4b,NHS NORTH EAST AND NORTH CUMBRIA INTEGRATED CARE BOARD,United Kingdom,2026-07-31,15.0,
CATEGORY_COHORT,67.41333333333334,United Kingdom,ten_2f660fc04e701f1429da,Provision of secure patient transport,,Other,Ambulance services,buy_2b64f4a1bd6c12f7e773,Oxleas NHS Foundation Trust,United Kingdom,2026-07-15,15.0,
CATEGORY_COHORT,67.41333333333334,United Kingdom,ten_367aac52e9edf8c0075f,Secure Patient Transport,,Other,Ambulance services,buy_bb87040a0b0834b01786,Walsall Healthcare NHS Trust,United Kingdom,2026-07-14,15.0,
CATEGORY_COHORT,67.36833333333333,United Kingdom,ten_673b4ae3b8cbcab77c24,NNUH/QEHKL 26/31,,Other,Hospital services,buy_bccef7af0169d9717ee4,The Queen Elizabeth Hospital King's Lynn NHS Foundation Trust,United Kingdom,2026-06-24,15.0,
CATEGORY_COHORT,67.36833333333333,United Kingdom,ten_b42bd3f24ec827d89b75,Activity-based Bed Use for Cheshire and Merseyside adult secure patients,,Other,Hospital services,buy_7cd92a8aa6c72bc66815,MERSEY CARE NHS FOUNDATION TRUST,United Kingdom,2026-06-19,15.0,
CATEGORY_COHORT,67.36833333333333,United Kingdom,ten_52da4638b27be479d4ca,Activity-based Bed Use for Cheshire and Merseyside adult secure patients,,Other,Hospital services,buy_7cd92a8aa6c72bc66815,MERSEY CARE NHS FOUNDATION TRUST,United Kingdom,2026-06-19,15.0,
CATEGORY_COHORT,67.26833333333333,Ireland,ten_5bbcb535b9a726ba2036,Teagasc Postdoctoral Training and Development Programme,,Other,Education and training services.,buy_4534b020683c88ad1e0f,Teagasc - the Agriculture and Food Development Authority,Ireland,2026-03-27,15.0,
CATEGORY_COHORT,67.26833333333333,Ireland,ten_7daa6517e17033ab704f,DCU-26014-S Coláistí Gaeltachta / Gaeltacht Colleges,,Other,Education and training services.,buy_cee9f753d5b7f4c291b7,Dublin City University,Ireland,2026-03-27,15.0,
CATEGORY_COHORT,67.26833333333333,Ireland,ten_ae8bb3f9302df3614e21,Request for Tenders for the Development and Delivery of a Level 7 dual module programme in power systems and energy engineering.,,Other,Education and training services.,buy_e831f718cf7c0eb723ff,Engineering Skillnet,Ireland,2026-03-26,15.0,
CATEGORY_COHORT,67.21333333333332,United Kingdom,ten_c91cec0d479360a8e6cf,Lung Cancer Screening - DAP C,,Other,Medical practice services,buy_f4ad0895135d145e78df,NHS Essex Integrated Care Board,United Kingdom,2026-07-30,15.0,
CATEGORY_COHORT,67.21333333333332,United Kingdom,ten_9bee9525f9411837839e,GENERAL PRACTICE PRIMARY CARE MEDICAL SERVICES AT MEDDYGFA’R SARN,,Other,Medical practice services,buy_9a250ea626f0106e4475,Hywel Dda University Health Board,United Kingdom,2026-07-17,15.0,
CATEGORY_COHORT,67.21333333333332,United Kingdom,ten_bb8ab7f130290f595026,Ridgeway Secure In patient Healthcare service,,Other,Medical practice services,buy_ebfeae3f68d3759babcd,"TEES, ESK AND WEAR VALLEYS NHS FOUNDATION TRUST",United Kingdom,2026-07-02,15.0,
CATEGORY_COHORT,67.075,Ireland,ten_075a9caa3de546aae7ab,"Monaghan County Council wishes to tender for: Architect led design team for Clones Community Hub and Public Realm, St. Tiarnach's Quarter Regeneration",,Other,Financial consultancy services.,buy_0297a21804dcc09ccfbd,Monaghan County Council,Ireland,2026-03-26,15.0,
CATEGORY_COHORT,67.075,Ireland,ten_2b0078a0cb9304c61a95,PBF123F-04-098 PROJ000010868 SRFT for the Provision of External Audit Services Avista,,Other,Financial consultancy services.,buy_860d15b68965ace7f85c,The Office of Government Procurement,Ireland,2026-03-24,15.0,
CATEGORY_COHORT,67.075,Ireland,ten_9164c80e61f1fbd23ba3,RFT 03/26DL – Request for Tender for the Establishment of Single-Party Framework Agreement for Strategic Capital Planning and Support Consultancy Services,,Other,Financial consultancy services.,buy_543d7790becdc4cd9d56,Atlantic Technological University,Ireland,2026-03-23,15.0,
CATEGORY_COHORT,67.03666666666668,Ireland,ten_68d05e2b057e3aaf3257,Provision of Design Team Professional Services for CHI,,Other,"Architectural, construction, engineering and inspection services.",buy_10fcad074288637092c5,Children's Health Ireland (CHI),Ireland,2026-03-30,15.0,
CATEGORY_COHORT,67.03666666666668,Ireland,ten_92241d6cd72d55e62b7d,"TEN2600054 - CfT for Architect Led Design Team for the proposed Construction Works for a minimum of 20 Units at Kells Road, Kingscourt, Co. Cavan for Cavan County Council.",,Other,"Architectural, construction, engineering and inspection services.",buy_8a79fea4c4251c665421,Cavan County Council,Ireland,2026-03-26,15.0,
CATEGORY_COHORT,67.03666666666668,Ireland,ten_f92b015616c53c21b9b1,"The development of Supported Housing Services including High Support Rooms, Sheltered Housing and Accommodation for the Women’s and Families Services Prevention and Tenancy Sustainment Team.",,Other,"Architectural, construction, engineering and inspection services.",buy_bb5e5f2fe4923946894f,Galway Simon Community,Ireland,2026-03-25,15.0,
CATEGORY_COHORT,66.985,United Kingdom,ten_301ebfa0ff8cee99db45,Liverpool Baltic - Procurement Employers Agent Services using CCS Framework Competition,,Other,"Architectural, construction, engineering and inspection services",buy_2a4a33dfa358ff0446d5,Liverpool City Region Combined Authority,United Kingdom,2026-07-30,15.0,
CATEGORY_COHORT,66.985,United Kingdom,ten_8656b53499a76ce314dd,CCTV Tender Pack July 2026,,Other,"Architectural, construction, engineering and inspection services",buy_43b6f8d5e525204c796c,London Borough of Haringey,United Kingdom,2026-07-15,15.0,
CATEGORY_COHORT,66.985,United Kingdom,ten_569040ef370441849e2d,Bounds Green School and Tetherdown Primary School – Condition Works,,Other,"Architectural, construction, engineering and inspection services",buy_43b6f8d5e525204c796c,London Borough of Haringey,United Kingdom,2026-07-14,15.0,
CATEGORY_COHORT,66.82166666666666,United Kingdom,ten_5d9cf1696cf3f023a341,Specialist Inpatient Peer Support Worker Programme,,Other,Rehabilitation services,buy_33399f319d22ef01cbf9,Birmingham Women's and Children's NHS Foundation Trust,United Kingdom,2026-07-31,15.0,
CATEGORY_COHORT,66.82166666666666,United Kingdom,ten_6806ecc2d2cd5f70a6df,SR- Cygnet,,Other,Rehabilitation services,buy_246d9c08734083c58d1c,Aneurin Bevan University Health Board,United Kingdom,2026-07-30,15.0,
CATEGORY_COHORT,66.82166666666666,United Kingdom,ten_0dc80bac8aa5455d69e4,Rough Sleeping Drug and Alcohol Treatment (RSDAT) - Community Detox,,Other,Rehabilitation services,buy_45758162c0a4c1ac4261,Gloucestershire County Council,United Kingdom,2026-07-22,15.0,
CATEGORY_COHORT,66.375,United Kingdom,ten_e6ab81e2bbc8347dc5a1,Cambridgeshire Coroners – Direct Award B awards.,,Other,Medical specialist services,buy_7acc3925e2cc0755175e,Cambridgeshire County Council,United Kingdom,2026-07-23,15.0,
CATEGORY_COHORT,66.375,United Kingdom,ten_d1233f7e99603d0dd558,Rheumatology Services,,Other,Medical specialist services,buy_25aceac8a72289d9904c,Sussex Community NHS Foundation Trust,United Kingdom,2026-07-16,15.0,
CATEGORY_COHORT,66.375,United Kingdom,ten_1a215b0c8c7a62a65478,DGT - Vascular Service (Insourcing),,Other,Medical specialist services,buy_05f0edcf8002d93c4d56,Dartford and Gravesham NHS Trust,United Kingdom,2026-07-15,15.0,
CATEGORY_COHORT,66.10333333333332,Ireland,ten_853f9c1dbef4953eeed9,Legal Services for Irish Lights,,Other,Legal services.,buy_220f3bc38c4dd13892ad,Commissioners of Irish Lights,Ireland,2026-03-31,15.0,
CATEGORY_COHORT,66.10333333333332,Ireland,ten_16801cadd8ef71ed1676,PROJ000010555 - Mini-Competition for the Provision of Multi-Disciplinary Legal Services to Abbey Theatre,,Other,Legal services.,buy_860d15b68965ace7f85c,The Office of Government Procurement,Ireland,2026-03-24,15.0,
CATEGORY_COHORT,66.10333333333332,Ireland,ten_1824b2ef0226f7ce8963,Legal Advisory Services for LEAP,,Other,Legal services.,buy_5f9a4797bc2a12fd0bb7,The Department of Enterprise Tourism and Employment,Ireland,2026-03-17,15.0,
CATEGORY_COHORT,66.08,Ireland,ten_219ec1451d8164232097,Economic services to support the setting of environmental objectives for the fourth river basin planning cycle (2028-2033),,Other,Research and development services and related consultancy services.,buy_68c4c3dfb2694c432062,Department of Housing Local Government and Heritage,Ireland,2026-03-27,15.0,
CATEGORY_COHORT,66.08,Ireland,ten_8049a020e01a2d33fb65,A Review of the State’s tax model to identify measures and reforms to incentivise investment into scaling companies in Ireland,,Other,Research and development services and related consultancy services.,buy_5f9a4797bc2a12fd0bb7,The Department of Enterprise Tourism and Employment,Ireland,2026-03-24,15.0,
CATEGORY_COHORT,66.08,Ireland,ten_42316a09716dabe82655,Call for Tender for the Provision of an Updated Vessel Efficiency Guide and Climate Action Demonstrator Project Scoping Report,,Other,Research and development services and related consultancy services.,buy_d6fcc91a2b98be06e878,Bord Iascaigh Mhara - Irish Sea Fisheries Board ( BIM ),Ireland,2026-03-24,15.0,
CATEGORY_COHORT,66.07833333333333,Ireland,ten_af3c77030ea98392f6cd,"Úasghrádú Aonad 1, Casla",,Other,Building construction work.,buy_fe4116e01d01791a5cee,Údarás Na Gaeltachta,Ireland,2026-03-25,15.0,
CATEGORY_COHORT,66.07833333333333,Ireland,ten_84e04d3b6afa5f10afb3,"MA667: Proposed Development of 5 no. units at vacant site nos. 1 to 4, Drymill Lawns, Irishtown, Claremorris, Co. Mayo.",,Other,Building construction work.,buy_a0e149c513a9cd9a4a82,Mayo County Council,Ireland,2026-03-20,15.0,
CATEGORY_COHORT,66.07833333333333,Ireland,ten_8c3b12b6346bb0c23da7,"CFT3924 – Contract of Works – 12th Lock Studio, Grand Canal, Lucan",,Other,Building construction work.,buy_95b0f93d638e5e7091eb,South Dublin County Council,Ireland,2026-03-11,15.0,
CATEGORY_COHORT,65.85833333333333,Ireland,ten_6286fa0ecba91d3f7c20,Leadership/Management Training: Essential Skills of Management and Leadership,,Other,Personnel-training services.,buy_5167087cb714a538f1d3,Environmental Protection Agency,Ireland,2026-03-25,15.0,
CATEGORY_COHORT,65.85833333333333,Ireland,ten_bde35de710590a9a617d,Provision of Wheelchair Accessible Vehicle Training Services,,Other,Personnel-training services.,buy_73f96bb899eebd2f4cc9,National Transport Authority,Ireland,2026-03-09,15.0,
CATEGORY_COHORT,65.85833333333333,Ireland,ten_c06b3daae45f85a6552a,The provision of Training services for Peter McVerry Trust,,Other,Personnel-training services.,buy_24fdac93a280aaa20d4c,Peter McVerry Trust,Ireland,2026-02-24,15.0,
CATEGORY_COHORT,65.84666666666666,United Kingdom,ten_08cc509d2428907dbd62,Royal Borough of Kingston,,Other,Transport services (excl. Waste transport),buy_1f1dcc4e3b0db6bd1ab9,"Sutton, Achieving for Children and Kingston",United Kingdom,2026-07-31,15.0,
CATEGORY_COHORT,65.84666666666666,United Kingdom,ten_466fb9b28ef04381b4e2,Royal Borough of Kingston,,Other,Transport services (excl. Waste transport),buy_1f1dcc4e3b0db6bd1ab9,"Sutton, Achieving for Children and Kingston",United Kingdom,2026-07-30,15.0,
CATEGORY_COHORT,65.84666666666666,United Kingdom,ten_ff7567b0dd09cff0cf70,London Borough of Sutton,,Other,Transport services (excl. Waste transport),buy_1f1dcc4e3b0db6bd1ab9,"Sutton, Achieving for Children and Kingston",United Kingdom,2026-07-30,15.0,
CATEGORY_COHORT,65.75,United Kingdom,ten_6b388b4c72a733c509ef,"Development Management Services related to Sunniside, Sunderland",,Other,Construction project management services,buy_30f6dc1dec28e0c91ef0,Sunderland City Council,United Kingdom,2026-06-19,15.0,
CATEGORY_COHORT,65.75,United Kingdom,ten_57aba1200f4513d8b3cc,Smith Quay Extension - Professional Services Contract,,Other,Construction project management services,buy_321a63901d08d3e7236d,Peterhead Port Authority,United Kingdom,2026-06-09,15.0,
CATEGORY_COHORT,65.75,United Kingdom,ten_d09002047cb7093a1505,NEC Service Manager Support,,Other,Construction project management services,buy_44cefd4c9f91ed5d18c1,Government Property Agency,United Kingdom,2026-06-08,15.0,
CATEGORY_COHORT,65.64833333333333,United Kingdom,ten_87b8cd6e012d02e5d91f,Architect Led Multi Disciplinary Design Team,,Other,Construction consultancy services,buy_eeb842cd176deb96f605,Scottish Police Authority,United Kingdom,2026-07-16,15.0,
CATEGORY_COHORT,65.64833333333333,United Kingdom,ten_eeb6226e310ca428a067,Regeneration Framework,,Other,Construction consultancy services,buy_b9ba920d1807248a3c4b,Belfast City Council,United Kingdom,2026-07-10,15.0,
CATEGORY_COHORT,65.64833333333333,United Kingdom,ten_385b2600429995d163d5,Multi-disciplinary Consultancy Services Framework,,Other,Construction consultancy services,buy_aef992df66b2ead1454c,Dundee City Council,United Kingdom,2026-07-07,15.0,
CATEGORY_COHORT,65.63,United Kingdom,ten_c21c5d5ce77536e195ad,Provision of Various CAMHS Services,,Other,Psychiatric hospital services,buy_67b3496434d185bd868e,NORTHAMPTONSHIRE HEALTHCARE NHS FOUNDATION TRUST,United Kingdom,2026-07-31,15.0,
CATEGORY_COHORT,65.63,United Kingdom,ten_0c9505a9f61d51a7b641,Provision of Various CAMHS Services,,Other,Psychiatric hospital services,buy_67b3496434d185bd868e,NORTHAMPTONSHIRE HEALTHCARE NHS FOUNDATION TRUST,United Kingdom,2026-07-31,15.0,
CATEGORY_COHORT,65.63,United Kingdom,ten_6d43944a8a24ce1588d0,Provision of Various CAMHS Services,,Other,Psychiatric hospital services,buy_67b3496434d185bd868e,NORTHAMPTONSHIRE HEALTHCARE NHS FOUNDATION TRUST,United Kingdom,2026-07-31,15.0,
CATEGORY_COHORT,65.49499999999999,Ireland,ten_a4eeae51ca24a01ce6bf,Electrical Upgrade Works (Life Safety Systems) at Colaiste Eamman Ris St Patricks Road Cork,,Other,Electrical installation work.,buy_1dd11bb1ebb4fa4e9a02,Coláiste Éamann Rís Cork,Ireland,2026-03-30,15.0,
CATEGORY_COHORT,65.49499999999999,Ireland,ten_506ab3d2d192dd371d51,"Electrical works to St. Finian’s National School, Glenties Park, Finglas South, Dublin 11, D11 WN70.",,Other,Electrical installation work.,buy_d252b8794d8e82cf998c,St. Finian's National School (Finglas South),Ireland,2026-03-28,15.0,
CATEGORY_COHORT,65.49499999999999,Ireland,ten_6bec7bd85c79d7aa40d1,2609 - The Abbey School Tipperary - Electrical Upgrade Emergency Works 2026,,Other,Electrical installation work.,buy_4116eef78305892f83d2,The Abbey School,Ireland,2026-03-18,15.0,
CATEGORY_COHORT,65.46666666666667,United Kingdom,ten_6f008501f8812a303b6e,COV - Provision of Healthy Babies Best Start Family Hub offer,,Other,Miscellaneous health services,buy_04df06f9607807011df1,Coventry City Council,United Kingdom,2026-07-30,15.0,
CATEGORY_COHORT,65.46666666666667,United Kingdom,ten_85eea154eae5000f5315,"Northamptonshire Non-Custodial Services (Liaison and Diversion, MHTR and Reconnect)",,Other,Miscellaneous health services,buy_80e14296282f5f5b135c,NHS England,United Kingdom,2026-07-24,15.0,
CATEGORY_COHORT,65.46666666666667,United Kingdom,ten_bdbabe7eaeed9035f2e3,NENC044e North Cumbria Acute Respiratory Infection Services,,Other,Miscellaneous health services,buy_351fc0f99628e49bcf4b,NHS NORTH EAST AND NORTH CUMBRIA INTEGRATED CARE BOARD,United Kingdom,2026-07-20,15.0,
CATEGORY_COHORT,65.445,Ireland,ten_041fe2f179c19aef26f0,The Operational Lease of 1 Hybrid type Vehicle for a 36 Month Period,,Other,Motor vehicles.,buy_4785f1575193439542d6,KARE,Ireland,2026-03-31,15.0,
CATEGORY_COHORT,65.445,Ireland,ten_fb85716a00f6931dde2f,"Design, Build and Supply of Two Ambulances",,Other,Motor vehicles.,buy_f41c0a8743b6a227c861,Order of Malta Ireland – Ambulance Corps,Ireland,2026-03-23,15.0,
CATEGORY_COHORT,65.445,Ireland,ten_12a54097298e4882d2c6,Supply of one [1] Crew Cab Van Suitable for Fire Service Operations Offaly,,Other,Motor vehicles.,buy_32ac3885d94c92294f5e,Offaly County Council,Ireland,2026-03-04,15.0,
CATEGORY_COHORT,65.28833333333333,Canada federal,ten_351264c2ad9c2813b514,REFRIGERATED INCUBATOR SHAKER,,Other,*Laboratory and scientific equipment,buy_bd7a501a58ce640e04d0,Canadian Food Inspection Agency (CFIA),Canada,2026-07-31,15.0,
CATEGORY_COHORT,65.28833333333333,Canada federal,ten_2be07fa3f7f58078d9dc,Bio Safety Cabinets,,Other,*Laboratory and scientific equipment,buy_bd7a501a58ce640e04d0,Canadian Food Inspection Agency (CFIA),Canada,2026-07-30,15.0,
CATEGORY_COHORT,65.28833333333333,Canada federal,ten_89f16911bbbf523a7cd1,Bio-capacitance probe system,,Other,*Laboratory and scientific equipment,buy_a19d53cc25f83c792ad1,National Research Council of Canada (NRC),Canada,2026-07-29,15.0,
CATEGORY_COHORT,65.24999999999999,United Kingdom,ten_89dff476afb395b811cc,Step-up Dermatology - April 26 - GPHP,,Other,Dermatology services,buy_f756181f28979d0ba4b3,NHS SURREY AND SUSSEX INTEGRATED CARE BOARD,United Kingdom,2026-07-31,15.0,
CATEGORY_COHORT,65.24999999999999,United Kingdom,ten_1cc789c3fa45f12d505a,Outsourced Dermatology Services,,Other,Dermatology services,buy_a5e91016697f83289ab6,NHS Grampian,United Kingdom,2026-07-24,15.0,
CATEGORY_COHORT,65.24999999999999,United Kingdom,ten_f4c3479036f57deaf5a5,NH2563 - Plastic Surgery Triage (Map my Mole),,Other,Dermatology services,buy_73ce70432e61fbdfc63e,Northumbria Healthcare NHS Foundation Trust,United Kingdom,2026-07-20,15.0,
CATEGORY_COHORT,65.135,United Kingdom,ten_60bbbfbe0c32ee33c304,AZP - legal support,,Other,Legal services,buy_58c51a33289f49c59488,Liverpool City Council,United Kingdom,2026-07-29,15.0,
CATEGORY_COHORT,65.135,United Kingdom,ten_10df6690fe21373c4e5d,Legal Services for South Norfolk Council,,Other,Legal services,buy_37c688a126ec75c4a0d4,South Norfolk Council,United Kingdom,2026-07-29,15.0,
CATEGORY_COHORT,65.135,United Kingdom,ten_60cdd067a99db7b4b270,ID 1032027/L8 Legal Services for Strategic Partner Services & School Management System Solution Project,,Other,Legal services,buy_eba7c768ff423aaf447e,the Education Authority,United Kingdom,2026-07-24,15.0,
CATEGORY_COHORT,64.92833333333333,Canada federal,ten_1899d5aaad60308efa79,Polar Knowledge Canada’s Grants and Contributions Programs Recipient Audit,,Other,*Audit services,buy_2320b509cb3cdc163f06,Polar Knowledge Canada (POLAR),Canada,2026-07-17,15.0,
CATEGORY_COHORT,64.92833333333333,Canada federal,ten_3637c8f1dae2bacaada1,External Quality Assessment (/External Practice Inspection),,Other,*Audit services,buy_762391abd4f35173aa57,Office of Infrastructure of Canada (INFC),Canada,2026-07-15,15.0,
CATEGORY_COHORT,64.92833333333333,Canada federal,ten_439e960f52e648e87a5d,Internal Audit,,Other,*Audit services,buy_dbcefb82582869a653a0,Department of Citizenship & Immigration (IRCC),Canada,2026-06-22,15.0,
CATEGORY_COHORT,64.63833333333332,United Kingdom,ten_6c7b700652ee5710ebef,Optometry Local Enhanced Services 2026/27 Rotherham - Asda Opticians,,Other,Optician services,buy_934afe9ee332d9bec0bb,NHS South Yorkshire Integrated Care Board,United Kingdom,2026-07-14,15.0,
CATEGORY_COHORT,64.63833333333332,United Kingdom,ten_09ea4e81929239fca6ff,Optometry Local Enhanced Services 2026/27 Rotherham - Boots Opticians,,Other,Optician services,buy_934afe9ee332d9bec0bb,NHS South Yorkshire Integrated Care Board,United Kingdom,2026-07-14,15.0,
CATEGORY_COHORT,64.63833333333332,United Kingdom,ten_6326c173d0473f00dfe9,Optometry Local Enhanced Services 2026/27 Rotherham - Brumpton Opticians Ltd,,Other,Optician services,buy_934afe9ee332d9bec0bb,NHS South Yorkshire Integrated Care Board,United Kingdom,2026-07-14,15.0,
CATEGORY_COHORT,64.47166666666666,Ireland,ten_422a709980f1e28484c1,"St. Fiacc's FC Pitch Development, Astro Turf Pitch and Associated Site Works",,Other,Works for complete or part construction and civil engineering work.,buy_730ae970b4221ef050f4,St. Fiacc's FC,Ireland,2026-03-26,15.0,
CATEGORY_COHORT,64.47166666666666,Ireland,ten_289267c2531de00ad2dc,Design/Build Extensions to LA Properties for people with disabilities/poor mobility,,Other,Works for complete or part construction and civil engineering work.,buy_8adb92a904aa90596cb2,Cork City Council,Ireland,2026-03-26,15.0,
CATEGORY_COHORT,64.47166666666666,Ireland,ten_a5806d82729a26d8c8c7,"Monaghan County Council wishes to tender for: Multi Operator Monaghan County Minor Bridge Replacement/ Repair Works, Contract Framework",,Other,Works for complete or part construction and civil engineering work.,buy_0297a21804dcc09ccfbd,Monaghan County Council,Ireland,2026-03-12,15.0,
CATEGORY_COHORT,64.32333333333332,United Kingdom,ten_4e0b14e740c21f6647fe,WNL ICB - Fonthill Care (Harry Park) Limited,,Other,Residential nursing care services,buy_260ee3ee92d7565578fe,NHS West and North London Integrated Care Board,United Kingdom,2026-07-24,15.0,
CATEGORY_COHORT,64.32333333333332,United Kingdom,ten_c3ffb5d1ea65b01635c9,LP - Cwm Celyn,,Other,Residential nursing care services,buy_246d9c08734083c58d1c,Aneurin Bevan University Health Board,United Kingdom,2026-07-23,15.0,
CATEGORY_COHORT,64.32333333333332,United Kingdom,ten_28ac6d95fdc1d67a14a9,BSOL_Your Health Limited_2026-27_IFPCHC,,Other,Residential nursing care services,buy_3fb165441f28cd4ceb1b,NHS BIRMINGHAM AND SOLIHULL INTEGRATED CARE BOARD,United Kingdom,2026-07-23,15.0,
CATEGORY_COHORT,64.15166666666667,Ireland,ten_9749b9aacc7ae19a1939,Limerick City and County Council Road Safety Audit Services Framework,,Other,Civil engineering consultancy services.,buy_bf51adb7eb2f87c39acf,Limerick City and County Council,Ireland,2026-03-31,15.0,
CATEGORY_COHORT,64.15166666666667,Ireland,ten_fe6c3afaa269ec61ddde,Donegal County Council - Multi-Disciplinary Engineering and Other Specialist Technical Consultancy Services for Project Phases 5 to 7 for the Design and Implementation of the Northern Network Project,,Other,Civil engineering consultancy services.,buy_44ced8627c14aa20deed,Donegal County Council,Ireland,2026-03-31,15.0,
CATEGORY_COHORT,64.15166666666667,Ireland,ten_d488ded786571634f3d7,HSE West Multi- Party Framework Agreement for Civil Structural Engineer (C+S) - FW 03 Non - Acute Healthcare Capital Works - Project Value €1M to €15M excl. Vat,,Other,Civil engineering consultancy services.,buy_a53a2075be8b016ee75b,Health Service Executive (HSE),Ireland,2026-03-30,15.0,
CATEGORY_COHORT,64.13833333333332,United Kingdom,ten_290004848f0b94292eb9,Spire Healthcare General Surgery Procedures,,Other,Surgical hospital services,buy_bccef7af0169d9717ee4,The Queen Elizabeth Hospital King's Lynn NHS Foundation Trust,United Kingdom,2026-07-28,15.0,
CATEGORY_COHORT,64.13833333333332,United Kingdom,ten_2997b442cd283b310cd9,"Framework Agreement for the Provision of Insourcing / Outsourcing Clinical, Surgical and Diagnostic Procedures",,Other,Surgical hospital services,buy_f03813232c0875cbd288,NHS Wales Shared Services Partnership,United Kingdom,2026-07-24,15.0,
CATEGORY_COHORT,64.13833333333332,United Kingdom,ten_a7793f1d4c15497f75d9,Medacs Anaesthetics Insourcing,,Other,Surgical hospital services,buy_bccef7af0169d9717ee4,The Queen Elizabeth Hospital King's Lynn NHS Foundation Trust,United Kingdom,2026-07-23,15.0,
CATEGORY_COHORT,64.075,United Kingdom,ten_b351b08702d7e7143f04,Specsavers Hearcare Adult Hearing Services 2024-26,,Other,ENT or audiologist services,buy_f756181f28979d0ba4b3,NHS SURREY AND SUSSEX INTEGRATED CARE BOARD,United Kingdom,2026-07-31,15.0,
CATEGORY_COHORT,64.075,United Kingdom,ten_7f38a435b601089f5665,Audiology - Alistair Kinsey,,Other,ENT or audiologist services,buy_c99d8d30bfd70fb3c3a9,NHS Cornwall and the Isles of Scilly Integrated Care Board,United Kingdom,2026-07-23,15.0,
CATEGORY_COHORT,64.075,United Kingdom,ten_cb34557a898948fa5157,Insourced ENT OP Services (HHP),,Other,ENT or audiologist services,buy_60da1cda3db8d7a2355c,Hull University Teaching Hospitals NHS Trust,United Kingdom,2026-06-11,15.0,
CATEGORY_COHORT,63.94166666666667,Canada federal,ten_bdd36037d6cf1d328bab,NPP –S5837562 - THS SA – One (1) 10.6 Technical writer. Temporary Help Services against the Supply Arrangement for the National Capital Region(NCR).,,Other,*Temporary personnel services,buy_73af9093eb082788092b,Department of National Defence (DND),Canada,2026-07-21,15.0,
CATEGORY_COHORT,63.94166666666667,Canada federal,ten_79021b706b0ca7024a3b,"NPP – S6048508 - THS SA – Two (2) Computer, Application Support. Temporary Help Services against the Supply Arrangement for the National Capital Region (NCR).",,Other,*Temporary personnel services,buy_73af9093eb082788092b,Department of National Defence (DND),Canada,2026-07-21,15.0,
CATEGORY_COHORT,63.94166666666667,Canada federal,ten_692763521f4fb0677247,NPP – S5939366 - THS SA – One (1) Special Advisor. Temporary Help Services against the Supply Arrangement for the National Capital Region (NCR).,,Other,*Temporary personnel services,buy_73af9093eb082788092b,Department of National Defence (DND),Canada,2026-07-15,15.0,
CATEGORY_COHORT,63.92000000000001,United Kingdom,ten_a6de65870c2046a7303d,Hysteroscopic Tissue Removal Equipment and Consumables for HSCNI,,Other,Medical equipments,buy_75607abcdfaf5bd32c33,Procurement and Logistics Service,United Kingdom,2026-07-31,15.0,
CATEGORY_COHORT,63.92000000000001,United Kingdom,ten_0d61edb5f025fa440621,Islet Cell Processing Systems,,Other,Medical equipments,buy_9ffc45a73f9ede19ff3e,The Common Services Agency (more commonly known as NHS National Services Scotland) (NSS),United Kingdom,2026-07-22,15.0,
CATEGORY_COHORT,63.92000000000001,United Kingdom,ten_f30c39a784464a174485,BOSTON - ICEFX CRYOBLATION SYSTEM EQUIPMENT AND CONSUMABLE AGREEMENT,,Other,Medical equipments,buy_8697277396f89fc1a88a,Manchester University NHS Foundation Trust,United Kingdom,2026-07-13,15.0,
CATEGORY_COHORT,63.825,United Kingdom,ten_55e58fa1d021c1cea067,National Framework for Adults (18+) in Mental Health and Learning Disabilities Care Homes & Care Homes with Nursing for the National Health Service in Wales,,Other,Residential health facilities services,buy_1c2a629fdf82c02f11a4,NHS Wales Shared Services Partnership-Procurement Services (hosted by Velindre University NHS Trust),United Kingdom,2026-07-16,15.0,
CATEGORY_COHORT,63.825,United Kingdom,ten_4a41ee4b0852a1b78e08,WNL ICB - Voyage Care - 35/37 Solna Road,,Other,Residential health facilities services,buy_260ee3ee92d7565578fe,NHS West and North London Integrated Care Board,United Kingdom,2026-07-09,15.0,
CATEGORY_COHORT,63.825,United Kingdom,ten_fc3e608ef3035de329f3,AJ- Manor Lodge,,Other,Residential health facilities services,buy_246d9c08734083c58d1c,Aneurin Bevan University Health Board,United Kingdom,2026-06-19,15.0,
CATEGORY_COHORT,63.80166666666667,Canada federal,ten_71928338f25cb9e2c1cc,Senior ATIP Advisor - Information/Records Management/Recordkeeping Specialist in Support DGMPD Sea.,,Other,*Business and corporate management consultation services,buy_73af9093eb082788092b,Department of National Defence (DND),Canada,2026-07-28,15.0,
CATEGORY_COHORT,63.80166666666667,Canada federal,ten_2aa395d90589736299d1,CMRSJ DP4 PRESIDENT TRAINING (THEORY) DESIGN & DELIVERY,,Other,*Business and corporate management consultation services,buy_73af9093eb082788092b,Department of National Defence (DND),Canada,2026-07-16,15.0,
CATEGORY_COHORT,63.80166666666667,Canada federal,ten_864b9c0eb6449a78ba2c,Independent Review of the Rehabilitation Service Delivery,,Other,*Business and corporate management consultation services,buy_356baef6839bbd5b2e2e,Department of Veterans Affairs (VAC),Canada,2026-05-29,15.0,
CATEGORY_COHORT,63.595000000000006,United Kingdom,ten_2a56d18c24562354c90d,250086 - DFG - Lot 8,,Other,Building construction work,buy_d6fa9433ea4a31042185,North Lincolnshire Council,United Kingdom,2026-07-28,15.0,
CATEGORY_COHORT,63.595000000000006,United Kingdom,ten_ab6b3ae5d4e3e841d7be,250243 - DFG - Lot 8,,Other,Building construction work,buy_d6fa9433ea4a31042185,North Lincolnshire Council,United Kingdom,2026-07-28,15.0,
CATEGORY_COHORT,63.595000000000006,United Kingdom,ten_729a752ed1f53385d234,250316 - DFG - Lot 8,,Other,Building construction work,buy_d6fa9433ea4a31042185,North Lincolnshire Council,United Kingdom,2026-07-28,15.0,
CATEGORY_COHORT,63.46333333333333,Canada federal,ten_82cb420b9b3cc0df8766,TBIPS - Implementation and Deployment of Cloud Analytics Solutions,,Other,*Information technology consultation services,buy_73af9093eb082788092b,Department of National Defence (DND),Canada,2026-07-22,15.0,
CATEGORY_COHORT,63.46333333333333,Canada federal,ten_10a3829d4736627d02ef,OpenText Core (Livelink) Consultant.,,Other,*Information technology consultation services,buy_b7ba3be16f9b3da71a23,Canadian Space Agency (CSA),Canada,2026-06-23,15.0,
CATEGORY_COHORT,63.46333333333333,Canada federal,ten_a5e99b55b6b162742684,Programmer Analyst,,Other,*Information technology consultation services,buy_d86a2dceaa1880801b83,Department of Industry (ISED),Canada,2026-06-19,15.0,
CATEGORY_COHORT,63.403333333333336,Ireland,ten_759f827490fd578c115f,"Contract Cleaning, deep cleans and window cleaning for peter McVerry Trust",,Other,Cleaning services.,buy_24fdac93a280aaa20d4c,Peter McVerry Trust,Ireland,2026-03-27,15.0,
CATEGORY_COHORT,63.403333333333336,Ireland,ten_3ab4f32caecd471ea834,Provision of Commercial Cleaning,,Other,Cleaning services.,buy_b89c5748750ef3d3b3bc,National Shared Services Office,Ireland,2026-03-18,15.0,
CATEGORY_COHORT,63.403333333333336,Ireland,ten_316ca82966b9b6bb52d9,Commercial Cleaning Services for Bord Iascaigh Mhara (Clonakilty),,Other,Cleaning services.,buy_d6fcc91a2b98be06e878,Bord Iascaigh Mhara - Irish Sea Fisheries Board ( BIM ),Ireland,2026-03-09,15.0,
CATEGORY_COHORT,63.38166666666667,United Kingdom,ten_f635f55a9a90573d06de,"Advanced Physiological Monitoring Consumables (Pulse Oximetry, Depth of Anaesthesia EEG, and Cerebral Oximetry (NIRS))",,Other,Medical consumables,buy_9ffc45a73f9ede19ff3e,The Common Services Agency (more commonly known as NHS National Services Scotland) (NSS),United Kingdom,2026-07-31,15.0,
CATEGORY_COHORT,63.38166666666667,United Kingdom,ten_2a2ec93495174770c553,Sonosite ST Ultrasound System,,Other,Medical consumables,buy_1f2793507f3af18a0ab5,Swansea Bay University Health Board (SBUHB),United Kingdom,2026-07-24,15.0,
CATEGORY_COHORT,63.38166666666667,United Kingdom,ten_cdf4381da57913ed1cec,PROVISION OF 2 RADIOGRAHIC X-RAYS MACHINES,,Other,Medical consumables,buy_1f2793507f3af18a0ab5,Swansea Bay University Health Board (SBUHB),United Kingdom,2026-07-23,15.0,
CATEGORY_COHORT,63.01833333333334,United Kingdom,ten_c1a5df390107b7ede642,Project Management and Quantity Surveying Services,,Other,Building consultancy services,buy_29b4fe632131afa7e1da,The Police & Crime Commissioner for Sussex,United Kingdom,2026-06-16,15.0,
CATEGORY_COHORT,63.01833333333334,United Kingdom,ten_11cecbcf2a8f6869b221,"Multi-Discipline Consultancy, Unity Houses and BISF PV for Wave 3 Decarbonisation Project",,Other,Building consultancy services,buy_6e8df8953b5f827eecae,Citizen Housing Group Ltd,United Kingdom,2026-05-07,15.0,
CATEGORY_COHORT,63.01833333333334,United Kingdom,ten_7e2a247be2de905cae73,Willowfield (New Free School) JCT D&B 2016 Contract Administration and Quantity surveyor services,,Other,Building consultancy services,buy_97fa7c6e50c9a7ebdeb6,Hull City Council,United Kingdom,2026-04-29,15.0,
CATEGORY_COHORT,62.99666666666667,United Kingdom,ten_844e1d7f6e30fceed756,"Invitation to Tender for Works at King George V Playing Field, Station Road, Southminster",,Other,Construction work,buy_f96e1f36230e39a62702,Southminster Parish Council,United Kingdom,2026-07-29,15.0,
CATEGORY_COHORT,62.99666666666667,United Kingdom,ten_d3dba79e7e2f7ba24dbf,Building Refurbishments,,Other,Construction work,buy_c7601752054b4464dbe0,SCOTTISH POWER UK PLC,United Kingdom,2026-07-29,15.0,
CATEGORY_COHORT,62.99666666666667,United Kingdom,ten_3d821bc78da81ca626a3,"52 No New Housing Units, Rosskeen, Ross Shire",,Other,Construction work,buy_13d1a3413b526e9e4448,Highland Council,United Kingdom,2026-07-28,15.0,
CATEGORY_COHORT,62.94833333333334,Ireland,ten_329cd1fd543d6a2b9c87,Provision of High Voltage Electrical Systems Training Programme,,Other,Training services.,buy_926eb83acac04f25f154,Wind Energy Ireland,Ireland,2026-03-30,15.0,
CATEGORY_COHORT,62.94833333333334,Ireland,ten_e44c1a486600d6da2c12,PROGRAMME REVALIDATION,,Other,Training services.,buy_345bec0c2fd7d534b800,SOLAS,Ireland,2026-03-04,15.0,
CATEGORY_COHORT,62.94833333333334,Ireland,ten_b601921790694d7d758c,SIMI Skillnet Training,,Other,Training services.,buy_2e413be7a16e44b873de,Society of the Irish Motor Industry,Ireland,2026-02-25,15.0,
CATEGORY_COHORT,62.59666666666667,United Kingdom,ten_a2ba8ae3fd58a415eb1d,Housing Capital Programme Review and Improvement Consultancy,,Other,Business and management consultancy services,buy_402ba785d226871982b8,London Borough of Lewisham,United Kingdom,2026-07-28,15.0,
CATEGORY_COHORT,62.59666666666667,United Kingdom,ten_18139d0bdf01da2398a9,Strategic Culture Change Partner,,Other,Business and management consultancy services,buy_ed6c3bf8e68a5d89a16b,University Hospitals Sussex NHS Foundation Trust,United Kingdom,2026-07-22,15.0,
CATEGORY_COHORT,62.59666666666667,United Kingdom,ten_550b995162e196de6070,Glasgow Business Growth Programme- Phase 4 Framework,,Other,Business and management consultancy services,buy_bfd9cb285cfeecedd4b1,Glasgow City Council,United Kingdom,2026-07-17,15.0,
CATEGORY_COHORT,62.591666666666676,United Kingdom,ten_9c92bf448a109ab61a1b,"Strategic Consultancy Support for Stock Investment, Asset Management and Quality & Investment Transformation",,Other,Business and management consultancy and related services,buy_402ba785d226871982b8,London Borough of Lewisham,United Kingdom,2026-07-16,15.0,
CATEGORY_COHORT,62.591666666666676,United Kingdom,ten_b4b55fb83001060b49da,"FTS051 Research, Appraisal, Delivery and Support Framework - Lot 1 Support, Appraisal and Delivery",,Other,Business and management consultancy and related services,buy_c91d00600bdbe5871070,Highlands and Islands Enterprise,United Kingdom,2026-07-13,15.0,
CATEGORY_COHORT,62.591666666666676,United Kingdom,ten_f4c5db87b4506ec7a2a1,"FTS051 Research, Appraisal, Delivery and Support Framework - Lot 1 Support, Appraisal and Delivery",,Other,Business and management consultancy and related services,buy_c91d00600bdbe5871070,Highlands and Islands Enterprise,United Kingdom,2026-07-13,15.0,
CATEGORY_COHORT,62.55166666666668,Ireland,ten_b6d657c7fbe5cf01bad3,WCCC26 125 Consultants for Lismore Town Centre First Plan,,Other,Architectural design services.,buy_bc274bc0853d9d323913,Waterford City and County Council,Ireland,2026-03-25,15.0,
CATEGORY_COHORT,62.55166666666668,Ireland,ten_fc871e2bd1fcbba83112,Galway City Council - Single Operator Framework for the provision of Architectural Conservation Consultancy Services in Galway City for the period 2026 – 2030,,Other,Architectural design services.,buy_422269512876a365c8a3,Galway City Council,Ireland,2026-02-23,15.0,
CATEGORY_COHORT,62.55166666666668,Ireland,ten_5cee565744ed92d164f8,Design Consultancy Services for Ennis Fire Station,,Other,Architectural design services.,buy_b4129965b9a15a9f0cba,Clare County Council,Ireland,2026-02-04,15.0,
CATEGORY_COHORT,62.51833333333334,United Kingdom,ten_9e6785e95af7d88a2b90,NH2534 Provision of Microsuction Services to Private Patients,,Other,Medical practice and related services,buy_73ce70432e61fbdfc63e,Northumbria Healthcare NHS Foundation Trust,United Kingdom,2026-07-24,15.0,
CATEGORY_COHORT,62.51833333333334,United Kingdom,ten_b3d79e3d04c30fb794d0,POW-DAP2-63281 - General Medical Services - APMS Contract,,Other,Medical practice and related services,buy_1c2a629fdf82c02f11a4,NHS Wales Shared Services Partnership-Procurement Services (hosted by Velindre University NHS Trust),United Kingdom,2026-07-21,15.0,
CATEGORY_COHORT,62.51833333333334,United Kingdom,ten_6a818ac9304049877f81,Community Drug and Alcohol Treatment & Recovery Service (Adults),,Other,Medical practice and related services,buy_95066c0a54695fed306a,The Royal Borough of Kingston upon Thames,United Kingdom,2026-07-07,15.0,
CATEGORY_COHORT,62.32,United Kingdom,ten_f8760a869e91f9538424,Newmedica,,Other,Ophthalmologist services,buy_537eabcc17f77aa06642,"NHS BRISTOL, NORTH SOMERSET AND SOUTH GLOUCESTERSHIRE INTEGRATED CARE BOARD",United Kingdom,2026-07-30,15.0,
CATEGORY_COHORT,62.32,United Kingdom,ten_5efbc51fad1af868292d,Anglia Community Eyecare Services (ACES),,Other,Ophthalmologist services,buy_537eabcc17f77aa06642,"NHS BRISTOL, NORTH SOMERSET AND SOUTH GLOUCESTERSHIRE INTEGRATED CARE BOARD",United Kingdom,2026-07-30,15.0,
CATEGORY_COHORT,62.32,United Kingdom,ten_f2e8987c3739ceea8e4d,Community Ophthalmology Service,,Other,Ophthalmologist services,buy_1389054003c3794e69d5,NHS Dorset Integrated Care Board,United Kingdom,2026-06-18,15.0,
CATEGORY_COHORT,62.318333333333335,Ireland,ten_9cc038cbd9e963c6a5c8,"Tender for the Supply, Delivery and Installation of a Desktop Scanning Electron Microscope Instrument for Faculty of Engineering at MTU",,Other,"Laboratory, optical and precision equipments (excl. glasses).",buy_95e92ebd9a393e629b74,Munster Technological University.,Ireland,2026-03-31,15.0,
CATEGORY_COHORT,62.318333333333335,Ireland,ten_e7799b44253b567cd77c,LA3688C - Request for Tenders for the Supply of an Automated capillary-based immunoassay platform for Dundalk Institute of Technology,,Other,"Laboratory, optical and precision equipments (excl. glasses).",buy_5af3eed44adedc5c454a,Education Procurement Service (EPS),Ireland,2026-03-27,15.0,
CATEGORY_COHORT,62.318333333333335,Ireland,ten_f5774820fa0c0e9adaaa,"LA3634C-DCC-CFT for the Supply of a Gas Chromatography system with a Triple Quadrupole Mass Spectrometer (GC-QQQ), Helium Saver Autosamplers for Purge and Trap and Solid Phase Micro Extraction",,Other,"Laboratory, optical and precision equipments (excl. glasses).",buy_5af3eed44adedc5c454a,Education Procurement Service (EPS),Ireland,2026-03-27,15.0,
CATEGORY_COHORT,62.16333333333333,United Kingdom,ten_6457dafc5e93ef251087,NNUH_Cambridge University Hospitals NHS Foundation Trust 2628 (HPV),,Other,Services provided by medical laboratories,buy_59877271166fa295edd9,Norfolk and Norwich University Hospitals NHS Foundation Trust,United Kingdom,2026-07-16,15.0,
CATEGORY_COHORT,62.16333333333333,United Kingdom,ten_31757784a90ad253dc97,NNUH_West Suffolk NHS Foundation Trust 2628 (HPV),,Other,Services provided by medical laboratories,buy_59877271166fa295edd9,Norfolk and Norwich University Hospitals NHS Foundation Trust,United Kingdom,2026-07-13,15.0,
CATEGORY_COHORT,62.16333333333333,United Kingdom,ten_0f1bec3e044c439f25cd,HRD Companion Diagnostic Test,,Other,Services provided by medical laboratories,buy_a5e91016697f83289ab6,NHS Grampian,United Kingdom,2026-07-10,15.0,
CATEGORY_COHORT,62.02833333333334,Ireland,ten_70b5d074d8d11391ff60,General Consultancy Support Services in Support of Licensed Landfills in County Donegal,,Other,Consultative engineering and construction services.,buy_44ced8627c14aa20deed,Donegal County Council,Ireland,2026-03-27,15.0,
CATEGORY_COHORT,62.02833333333334,Ireland,ten_65f76a5a6f0206fc3a53,MEP Led Consultancy Services for TU Dublin Apprenticeship Expansion,,Other,Consultative engineering and construction services.,buy_744635b244d3bb6978a6,Technological University Dublin (TU Dublin),Ireland,2026-03-10,15.0,
CATEGORY_COHORT,62.02833333333334,Ireland,ten_ee73c154379573c6bb9a,The Provision of Secretariat Services [544B],,Other,Consultative engineering and construction services.,buy_ef04624df6ec2a43040d,Commission for Regulation of Utilities,Ireland,2026-03-09,15.0,
CATEGORY_COHORT,61.986666666666665,United Kingdom,ten_d22c910de7822f4d3cd4,Interim Director of Commercial & Investment,,Other,Supply services of personnel including temporary staff,buy_b28b7133f0300503a878,East Midlands Combined County Authority,United Kingdom,2026-07-28,15.0,
CATEGORY_COHORT,61.986666666666665,United Kingdom,ten_e964021a0186c09520bf,Supply of temporary teachers and agency staff,,Other,Supply services of personnel including temporary staff,buy_bc4de57ccd02ba83764d,Leeds City Council,United Kingdom,2026-07-23,15.0,
CATEGORY_COHORT,61.986666666666665,United Kingdom,ten_c3e4fcf0c3a3a46fb2e0,CO0096 Temporary and Permanent Worker Supply Chain,,Other,Supply services of personnel including temporary staff,buy_416ffc7f3cc27bdc9b3f,Essex County Council,United Kingdom,2026-07-22,15.0,
CATEGORY_COHORT,61.856666666666676,Ireland,ten_3b144f4d74912a61ac75,HSE West Multi- Party Framework Agreement for Quantity Surveyor (QS) - FW 03 Non - Acute Healthcare Capital Works - Project Value €1M to €15M excl. Vat.,,Other,Quantity surveying services.,buy_a53a2075be8b016ee75b,Health Service Executive (HSE),Ireland,2026-03-30,15.0,
CATEGORY_COHORT,61.856666666666676,Ireland,ten_e1f8da70865e77fab11f,Est Services HSE North West - Enterprise WLAN - Quantity Surveyor as Principal Service Provider,,Other,Quantity surveying services.,buy_a53a2075be8b016ee75b,Health Service Executive (HSE),Ireland,2026-03-12,15.0,
CATEGORY_COHORT,61.856666666666676,Ireland,ten_4a27ef832306d75441d8,Tender for full Quantity Surveying Services for Ennis Fire Station,,Other,Quantity surveying services.,buy_b4129965b9a15a9f0cba,Clare County Council,Ireland,2026-02-13,15.0,
CATEGORY_COHORT,61.848333333333336,Ireland,ten_79e1daef73988bae2bb4,Procurement Contracts Awarded Q1 2026 - Lex Consultancy Limited,,Other,Recruitment services.,buy_15a9667f96695349139f,Office of the Planning Regulator,Ireland,2026-03-25,15.0,
CATEGORY_COHORT,61.848333333333336,Ireland,ten_49d4c16d88d725dceaaa,The supply of Recruitment Services for Temporary Agency staff to University College Cork,,Other,Recruitment services.,buy_5b3c5586a0a82deb7c95,University College Cork,Ireland,2026-03-24,15.0,
CATEGORY_COHORT,61.848333333333336,Ireland,ten_310507b553a4f03043bc,RTÉ Production Resources Agency Frameworks,,Other,Recruitment services.,buy_0b65a6b4ce257fcfd126,Raidió Teilifís Éireann ( RTÉ ),Ireland,2026-03-19,15.0,
CATEGORY_COHORT,61.803333333333335,United Kingdom,ten_7754656c467bee7e95f2,Resilience and Prevention Service,,Other,Health and social work services,buy_0a92952326694e68e571,NHS Lancashire and South Cumbria Integrated Care Board,United Kingdom,2026-07-31,15.0,
CATEGORY_COHORT,61.803333333333335,United Kingdom,ten_a5f77fd33a51a2727e7f,Resilience and Prevention Service,,Other,Health and social work services,buy_0a92952326694e68e571,NHS Lancashire and South Cumbria Integrated Care Board,United Kingdom,2026-07-31,15.0,
CATEGORY_COHORT,61.803333333333335,United Kingdom,ten_72f80882e8888ce4c5d6,Resilience and Prevention Service,,Other,Health and social work services,buy_0a92952326694e68e571,NHS Lancashire and South Cumbria Integrated Care Board,United Kingdom,2026-07-31,15.0,
CATEGORY_COHORT,61.786666666666676,Ireland,ten_65af503620df1118f7d2,CfT for Procurement Specialist Services,,Other,Business and management consultancy and related services.,buy_3148924a0297ecc18530,IDA Ireland,Ireland,2026-03-10,15.0,
CATEGORY_COHORT,61.786666666666676,Ireland,ten_0b4a8e4f289746ad80c2,HRB 2026 - ICT and Business Consultant,,Other,Business and management consultancy and related services.,buy_9cf5fdd97a391869ff60,The Health Research Board,Ireland,2026-03-02,15.0,
CATEGORY_COHORT,61.786666666666676,Ireland,ten_82aefd5afec0e4be4442,RFT for provision of National Litter Pollution Monitoring System,,Other,Business and management consultancy and related services.,buy_c6c7d6f18d939cd28812,Department of Climate Energy and the Environment,Ireland,2026-02-27,15.0,
CATEGORY_COHORT,61.74833333333334,United Kingdom,ten_31d9bba31d8a149b0151,"2026-07 Building Works, Supplies & Services including specialists and consultancy",,Other,Repair and maintenance services,buy_85ece0ee1ffc7088e22b,Flagship Housing Limited,United Kingdom,2026-07-30,15.0,
CATEGORY_COHORT,61.74833333333334,United Kingdom,ten_9428ce5da5a331e6f812,Maintenance of Plasma Typhoon Plus System - PS5315/26,,Other,Repair and maintenance services,buy_c72b39ce35fb9889426a,NHS Wales Shared Services Partnership-Procurement Services,United Kingdom,2026-07-30,15.0,
CATEGORY_COHORT,61.74833333333334,United Kingdom,ten_1fd903220b389cb34c63,Maintenance of Sterilisers,,Other,Repair and maintenance services,buy_c72b39ce35fb9889426a,NHS Wales Shared Services Partnership-Procurement Services,United Kingdom,2026-07-28,15.0,
CATEGORY_COHORT,61.70666666666666,United Kingdom,ten_8336e70c0ded69f0f4e0,NH1170 Taxi Services,,Other,Taxi services,buy_c5b5a7f38d25dd61e131,Northumbria Healthcare Facilities Management,United Kingdom,2026-07-29,15.0,
CATEGORY_COHORT,61.70666666666666,United Kingdom,ten_2071567504c826252be1,FIF009-26 Assisted Transport (Private Ambulance) and Taxi Transport Services,,Other,Taxi services,buy_1e23dfce0887e0ce9263,NHS Fife,United Kingdom,2026-06-30,15.0,
CATEGORY_COHORT,61.70666666666666,United Kingdom,ten_e9c1d3d86e8e67507b69,Framework Agreement for the Provision of Taxi Services,,Other,Taxi services,buy_342496da459880a032cb,UHI Moray,United Kingdom,2026-06-10,15.0,
CATEGORY_COHORT,61.49333333333333,United Kingdom,ten_514f8661d95f0014d1e3,Elective Services Echo Insourcing,,Other,Medical hospital services,buy_bccef7af0169d9717ee4,The Queen Elizabeth Hospital King's Lynn NHS Foundation Trust,United Kingdom,2026-07-28,15.0,
CATEGORY_COHORT,61.49333333333333,United Kingdom,ten_83045594721a37e31f17,UHL_Radiopharmaceuticals Radiopharmacy Nuclear Medicine,,Other,Medical hospital services,buy_bccef7af0169d9717ee4,The Queen Elizabeth Hospital King's Lynn NHS Foundation Trust,United Kingdom,2026-07-14,15.0,
CATEGORY_COHORT,61.49333333333333,United Kingdom,ten_49aa2c17d671843c3646,THH - Delivery of an Insourced Endoscopy Outpatient Services,,Other,Medical hospital services,buy_d2306235dcb60ab135df,The Hillingdon Hospitals NHS Foundation Trust,United Kingdom,2026-07-03,15.0,
CATEGORY_COHORT,61.47166666666667,United Kingdom,ten_9b0c479e9109c63c3f52,Managed Training Services,,Other,Training services,buy_c838f385278a8e2c569d,Post Office Limited,United Kingdom,2026-07-28,15.0,
CATEGORY_COHORT,61.47166666666667,United Kingdom,ten_03ff103a308938130bdb,"Skills Bootcamps in Construction - Supervision, Management & Business Skills.",,Other,Training services,buy_2a4a33dfa358ff0446d5,Liverpool City Region Combined Authority,United Kingdom,2026-06-10,15.0,
CATEGORY_COHORT,61.47166666666667,United Kingdom,ten_9d95d9acd21c17edc5b4,Skills Bootcamps in Green - Domestic Renewables.,,Other,Training services,buy_2a4a33dfa358ff0446d5,Liverpool City Region Combined Authority,United Kingdom,2026-06-10,15.0,
CATEGORY_COHORT,61.435,Canada federal,ten_4a1557300538ecb901f7,Janitorial Services CFB Borden,,Other,*Cleaning and janitorial services,buy_0607a8a09c35020b4e75,Department of Public Works and Government Services (PSPC),Canada,2026-07-30,15.0,
CATEGORY_COHORT,61.435,Canada federal,ten_56a6259de3fa9af6a3ce,W6890-260088 - Janitorial Services,,Other,*Cleaning and janitorial services,buy_0607a8a09c35020b4e75,Department of Public Works and Government Services (PSPC),Canada,2026-07-24,15.0,
CATEGORY_COHORT,61.435,Canada federal,ten_bf3ee6dea157085703c0,Cleaning services for Saint-Hyacinthe,,Other,*Cleaning and janitorial services,buy_bd7a501a58ce640e04d0,Canadian Food Inspection Agency (CFIA),Canada,2026-07-21,15.0,
CATEGORY_COHORT,61.433333333333344,United Kingdom,ten_1d7da4f4ea2d2d51e93a,Materials - Transitional Arrangements,,Other,Building materials,buy_50c4d80e58b590e335fa,ASTER GROUP LIMITED,United Kingdom,2026-07-29,15.0,
CATEGORY_COHORT,61.433333333333344,United Kingdom,ten_c3681d5a4caebab7c1bd,Materials - Transitional Arrangements,,Other,Building materials,buy_50c4d80e58b590e335fa,ASTER GROUP LIMITED,United Kingdom,2026-07-29,15.0,
CATEGORY_COHORT,61.433333333333344,United Kingdom,ten_9586e0eab397723bbb79,Materials - Transitional Arrangements,,Other,Building materials,buy_50c4d80e58b590e335fa,ASTER GROUP LIMITED,United Kingdom,2026-07-29,15.0,
CATEGORY_COHORT,61.400000000000006,United Kingdom,ten_d344d93693036354508d,Executive Search,,Other,Recruitment services,buy_f315146376f9c079665f,MONEY AND PENSIONS SERVICE,United Kingdom,2026-07-08,15.0,
CATEGORY_COHORT,61.400000000000006,United Kingdom,ten_8405370e330cce95c291,Provision of Workforce and Associated Services,,Other,Recruitment services,buy_718b5233b03eefef607c,North Cumbria Integrated Care NHS Foundation Trust,United Kingdom,2026-06-24,15.0,
CATEGORY_COHORT,61.400000000000006,United Kingdom,ten_94dda2c73fff558a62f5,Recruitment of Non-Executive Directors,,Other,Recruitment services,buy_db7009246c9a25235f1f,RECLAIM FUND LTD,United Kingdom,2026-06-05,15.0,
CATEGORY_COHORT,61.343333333333334,United Kingdom,ten_347a0f6dfc3b5195095c,Provision of Accommodation with Support for Young People who are looked after and/or care leavers aged 16-24 years old in Dumfries,,Other,Social work services with accommodation,buy_1d7be25cdca8e72d5b83,Dumfries and Galloway Council,United Kingdom,2026-07-22,15.0,
CATEGORY_COHORT,61.343333333333334,United Kingdom,ten_dc6980c66a0c2d261bb5,WNL ICB - Fairlie Healthcare Limited (Fairlie House),,Other,Social work services with accommodation,buy_260ee3ee92d7565578fe,NHS West and North London Integrated Care Board,United Kingdom,2026-07-21,15.0,
CATEGORY_COHORT,61.343333333333334,United Kingdom,ten_7b39327616483de46d7b,WNL ICB - Gentle Hands Care Agency Ltd,,Other,Social work services with accommodation,buy_260ee3ee92d7565578fe,NHS West and North London Integrated Care Board,United Kingdom,2026-07-21,15.0,
CATEGORY_COHORT,61.33166666666667,Ireland,ten_b1efc1421dd67137192d,Provision of the Collection and Disposal of Non-Hazardous Waste on behalf of Letterkenny University Hospital,,Other,Refuse and waste related services.,buy_a53a2075be8b016ee75b,Health Service Executive (HSE),Ireland,2026-03-31,15.0,
CATEGORY_COHORT,61.33166666666667,Ireland,ten_99eb37397b13d7550a80,Novas Waste Management Tender 2026,,Other,Refuse and waste related services.,buy_469924a640c9dd140fcb,Novas,Ireland,2026-03-06,15.0,
CATEGORY_COHORT,61.33166666666667,Ireland,ten_73ffc1518996def62d5d,FWF034F-05 Waste Management Services for Laois and Offaly Education and Training Board. Lot 7,,Other,Refuse and waste related services.,buy_860d15b68965ace7f85c,The Office of Government Procurement,Ireland,2026-02-23,15.0,
CATEGORY_COHORT,61.15166666666668,Canada federal,ten_e07a07e00afd9c51d2ed,Strategic Services for Identity and Access Management (IAM),,Other,UNKNOWN,buy_b0ad4dbb3810f970f64d,Business Development Bank of Canada,Canada,2026-07-28,15.0,
CATEGORY_COHORT,61.15166666666668,Canada federal,ten_51e5da432ea4cea23dca,RFI - Digital Assessment Tool,,Other,UNKNOWN,buy_b0ad4dbb3810f970f64d,Business Development Bank of Canada,Canada,2026-07-27,15.0,
CATEGORY_COHORT,61.15166666666668,Canada federal,ten_2df3960753b6604bf0b1,"RFQ 26-127 EfficientIP DNS, DHCP and IP Address Management (DDI) Platform",,Other,UNKNOWN,buy_be546aff06e1098a3120,Export Development Canada - EDC,Canada,2026-07-23,15.0,
CATEGORY_COHORT,61.11,United Kingdom,ten_0393ac06829fa633e592,External Audit 25/26,,Other,Auditing services,buy_05588be7a7f5f4dc4545,Cotswold District Council,United Kingdom,2026-06-23,15.0,
CATEGORY_COHORT,61.11,United Kingdom,ten_4cb8344804238699bef7,Internal Audit,,Other,Auditing services,buy_c90db3baa13707c1a34d,ACCENT HOUSING LIMITED,United Kingdom,2026-06-01,15.0,
CATEGORY_COHORT,61.11,United Kingdom,ten_4f61c00c9fa2fe5521a3,Provision of External Audit Services,,Other,Auditing services,buy_5f520dd56291f6950a81,University of Dundee,United Kingdom,2026-05-19,15.0,
CATEGORY_COHORT,61.00166666666667,Ireland,ten_3c182001f9f4c5c0725a,Meath Co Co -MH-ENV-26-01 - Stamullen Burial Ground and Playground,,Other,Playground equipment.,buy_4058b4446139e55f999d,Meath County Council,Ireland,2026-03-31,15.0,
CATEGORY_COHORT,61.00166666666667,Ireland,ten_a209b1910f66cb1afbcb,CFT 3903 - Multi-party framework agreement for supply and installation of public realm infrastructure and recreation facilities,,Other,Playground equipment.,buy_95b0f93d638e5e7091eb,South Dublin County Council,Ireland,2026-03-18,15.0,
CATEGORY_COHORT,61.00166666666667,Ireland,ten_65718d7771514a494149,CFT 3931- Quarterly and Annual Inspections of Play Spaces within the SDCC remit and the production of associated reports,,Other,Playground equipment.,buy_95b0f93d638e5e7091eb,South Dublin County Council,Ireland,2026-03-17,15.0,
CATEGORY_COHORT,60.97500000000001,United Kingdom,ten_5b0a9098f4ff59372ad6,Strathclyde Pharma Solutions Equipment Service & Maintenance,,Other,Repair and maintenance services of medical equipment,buy_ffe7f982def3cd7fbcc5,University of Strathclyde,United Kingdom,2026-07-16,15.0,
CATEGORY_COHORT,60.97500000000001,United Kingdom,ten_642b03a474f5a2d7a7ab,Extended warranty of Fuji Endoscopes,,Other,Repair and maintenance services of medical equipment,buy_ac54c8264db5a256a32a,SOMERSET NHS FOUNDATION TRUST,United Kingdom,2026-07-07,15.0,
CATEGORY_COHORT,60.97500000000001,United Kingdom,ten_28bc70274690386feead,V002/26 Macerator Service Contract,,Other,Repair and maintenance services of medical equipment,buy_bb5f2bc0a62ca4466553,NHS Golden Jubilee,United Kingdom,2026-06-19,15.0,
CATEGORY_COHORT,60.85333333333333,Ireland,ten_1569f41c26d49b3196d6,Cyclical Maintenance Contracts Novas 2026,,Other,Repair and maintenance services.,buy_469924a640c9dd140fcb,Novas,Ireland,2026-03-23,15.0,
CATEGORY_COHORT,60.85333333333333,Ireland,ten_ce2dc9e7f9828f9a8b1c,Request for Tender for the provision of Furniture and File distribution and Minor Maintenance,,Other,Repair and maintenance services.,buy_914642eaa2ffb2dd3711,Department of Transport,Ireland,2026-03-18,15.0,
CATEGORY_COHORT,60.85333333333333,Ireland,ten_29a09bc95782e0aed102,Provision of Services for Site Assessment Supply Installation Commissioning and Maintenance of Electric Vehicle Charging Points with Back Office capabilities for Laois County Council,,Other,Repair and maintenance services.,buy_72cc6ef6c3358f147950,Laois County Council,Ireland,2026-03-05,15.0,
CATEGORY_COHORT,60.75666666666667,Ireland,ten_b2e55a0be165d0fa5186,"Groundworks, landscaping and Installation of playground equipment at St Brigid's Place, Carlow Town.",,Other,Site preparation work.,buy_b431e9dfa98a009341da,Carlow County Council,Ireland,2026-03-26,15.0,
CATEGORY_COHORT,60.75666666666667,Ireland,ten_bae2edd6f927744a6e25,"Monaghan County Council wishes to tender for: Motor home stopover site and public realm enhancements at Old Cross Square, Monaghan.",,Other,Site preparation work.,buy_0297a21804dcc09ccfbd,Monaghan County Council,Ireland,2026-03-23,15.0,
CATEGORY_COHORT,60.75666666666667,Ireland,ten_afbf666c3fe870f3184b,Sixth Competitive Dialogue: Monaghan County Council wish to tender for Development and Sale of Housing 2025-2026 (No. 6),,Other,Site preparation work.,buy_0297a21804dcc09ccfbd,Monaghan County Council,Ireland,2026-03-12,15.0,
CATEGORY_COHORT,60.72833333333334,United Kingdom,ten_5d2c5bada8e37e6fc459,Light Commercial Vehicle,,Other,Motor vehicles,buy_2277fec5b623f48cbfd3,PLYMOUTH COMMUNITY HOMES LIMITED,United Kingdom,2026-06-15,15.0,
CATEGORY_COHORT,60.72833333333334,United Kingdom,ten_303137cf770e6bf83a2d,Ancillary Vehicles- Automatic Small Van,,Other,Motor vehicles,buy_4a4bf6dbcdb1f4c81eea,Hereford and Worcester Fire Authority,United Kingdom,2026-06-10,15.0,
CATEGORY_COHORT,60.72833333333334,United Kingdom,ten_95841a55cf3bdc1fea00,Lease of Wheelchair Accessible Vehicle,,Other,Motor vehicles,buy_b456108b0a747b2474fd,Cardiff and Vale University Health Board,United Kingdom,2026-05-21,15.0,
CATEGORY_COHORT,60.725,United Kingdom,ten_b3c9e2126c30698eebd4,A9 Dualling Delivery Framework Agreement,,Other,"Construction work for highways, roads",buy_3f148045f21c635b6ab2,Transport Scotland,United Kingdom,2026-06-04,15.0,
CATEGORY_COHORT,60.725,United Kingdom,ten_b62a3829b367c92deaa4,Traffic Management Services,,Other,"Construction work for highways, roads",buy_35225164a348d002b23d,NY HIGHWAYS LIMITED,United Kingdom,2026-04-20,15.0,
CATEGORY_COHORT,60.725,United Kingdom,ten_3656ca9ed5893ee1558e,Area 6 PSDP Cold Milling & Planing,,Other,"Construction work for highways, roads",buy_35225164a348d002b23d,NY HIGHWAYS LIMITED,United Kingdom,2026-04-20,15.0,
CATEGORY_COHORT,60.586666666666666,Canada federal,ten_5f43b2f5a39af2813ba0,RFI for Space Command and Control,,Other,*Software,buy_0607a8a09c35020b4e75,Department of Public Works and Government Services (PSPC),Canada,2026-07-28,15.0,
CATEGORY_COHORT,60.586666666666666,Canada federal,ten_bc770e35ca950bc82d20,Library Service Platform for the Crown Indigenous Relations and Northern Affairs Canada-Indigenous Services Canada,,Other,*Software,buy_0607a8a09c35020b4e75,Department of Public Works and Government Services (PSPC),Canada,2026-07-21,15.0,
CATEGORY_COHORT,60.586666666666666,Canada federal,ten_5a7b84da564dab72f473,M2989-260487B - FARO ZONE 3D Expert MAINTENANCE RENEWAL SOFTWARE SUBSCRIPTION,,Other,*Software,buy_0607a8a09c35020b4e75,Department of Public Works and Government Services (PSPC),Canada,2026-07-13,15.0,
CATEGORY_COHORT,60.425000000000004,Canada federal,ten_9f22871a079530d90577,Actuarial Costing and Return on Investment Analysis for the Modernization of the Federal Workers’ Compensation Regime,,Other,*Project management,buy_60dd6acaf56ca584feb2,Department of Employment and Social Development (ESDC),Canada,2026-07-28,15.0,
CATEGORY_COHORT,60.425000000000004,Canada federal,ten_f6ea0e890bb56b80ecd3,Technical advisory and project management services - Hypobaric Chamber (ACAN),,Other,*Project management,buy_73af9093eb082788092b,Department of National Defence (DND),Canada,2026-07-24,15.0,
CATEGORY_COHORT,60.425000000000004,Canada federal,ten_32fc8491f67e421276e5,Field Support Services (FSS) in Ghana,,Other,*Project management,buy_724fa8459a3d3d63ce6f,"Department of Foreign Affairs, Trade and Development (GAC)",Canada,2026-07-06,15.0,
CATEGORY_COHORT,60.41666666666667,United Kingdom,ten_81dd238442ecc3e1c1b4,Hard Facilities Management,,Other,Repair and maintenance services of building installations,buy_e7b16d58501e0fd8c1bd,The Common Services Agency (more commonly known as Public Services Delivery Scotland) (PSD Scotland),United Kingdom,2026-07-30,15.0,
CATEGORY_COHORT,60.41666666666667,United Kingdom,ten_0b87baf7ef6d9e1c901e,"Four Year Contract for Gutter Cleaning, Roof Inspections and Roof Safety System Testing Services",,Other,Repair and maintenance services of building installations,buy_3df6085370044afa6a23,Barrhead Housing Association,United Kingdom,2026-07-29,15.0,
CATEGORY_COHORT,60.41666666666667,United Kingdom,ten_ac3b3434f23e39993c66,Condensation & Mould Surveying and Remediation Services,,Other,Repair and maintenance services of building installations,buy_f5b32179a012045f5f68,ASTER PROPERTY LIMITED,United Kingdom,2026-07-10,15.0,
CATEGORY_COHORT,60.33833333333334,United Kingdom,ten_928db4d731e66cf0663e,Framework Agreement for Pest Control and Environmental Services,,Other,"Sewage, refuse, cleaning and environmental services",buy_2fad7cc01fa949022f6a,Curb Property Maintenance,United Kingdom,2026-07-28,15.0,
CATEGORY_COHORT,60.33833333333334,United Kingdom,ten_974f1fb319285aa89d75,Synergy Education Trust Limited - Cleaning Services - Case 006302,,Other,"Sewage, refuse, cleaning and environmental services",buy_c1b48f5ca39c727d25c7,Synergy Education Trust Limited,United Kingdom,2026-07-28,15.0,
CATEGORY_COHORT,60.33833333333334,United Kingdom,ten_33232abf825aedbb91ac,Alder Coppice Primary School- Catering Services- Case 005039,,Other,"Sewage, refuse, cleaning and environmental services",buy_225e9d9a0f3713daee11,Alder Coppice Primary School,United Kingdom,2026-07-22,15.0,
CATEGORY_COHORT,60.326666666666675,United Kingdom,ten_3030ea262f3812c959a5,Sack Holders,,Other,Waste and rubbish containers and bins,buy_e7b16d58501e0fd8c1bd,The Common Services Agency (more commonly known as Public Services Delivery Scotland) (PSD Scotland),United Kingdom,2026-06-04,15.0,
CATEGORY_COHORT,60.326666666666675,United Kingdom,ten_284074eea3a7ece370e4,Supply of wheeled bins,,Other,Waste and rubbish containers and bins,buy_64902744de2cf517b8b4,West Oxfordshire District Council,United Kingdom,2026-06-01,15.0,
CATEGORY_COHORT,60.326666666666675,United Kingdom,ten_3f96f90ae2b5cd34fc87,Recycling Stations,,Other,Waste and rubbish containers and bins,buy_b456108b0a747b2474fd,Cardiff and Vale University Health Board,United Kingdom,2026-05-19,15.0,
CATEGORY_COHORT,60.32333333333333,Ireland,ten_ce93f327b81f396ca686,Grounds Maintenance and Winter Services for Tailte Éireann (Roscommon Campus),,Other,Landscaping work.,buy_147123731ceebe18a46b,Tailte Éireann,Ireland,2026-03-20,15.0,
CATEGORY_COHORT,60.32333333333333,Ireland,ten_deb58a22cdd7334b1bda,"New Carpark and Walking Trail Development Works at Mweelin, Connemara National Park, Co. Galway",,Other,Landscaping work.,buy_68c4c3dfb2694c432062,Department of Housing Local Government and Heritage,Ireland,2026-02-17,15.0,
CATEGORY_COHORT,60.32333333333333,Ireland,ten_f697e0d2ce1670eeec69,IDA Oranmore Business and Technology Park Biodiversity Enhancement Project,,Other,Landscaping work.,buy_3148924a0297ecc18530,IDA Ireland,Ireland,2026-02-16,15.0,
CATEGORY_COHORT,60.23333333333334,Canada federal,ten_762f10797da20d39b64b,E60HN-16ELEC – Stream 2 - Oscilloscope and multimeters (Atlantic),,Other,*Electronic hardware and component parts and accessories,buy_73af9093eb082788092b,Department of National Defence (DND),Canada,2026-07-29,15.0,
CATEGORY_COHORT,60.23333333333334,Canada federal,ten_29ff1056e69cf42d2415,26-58075 Radio Frequency (RF) Test and Measurement Suite,,Other,*Electronic hardware and component parts and accessories,buy_a19d53cc25f83c792ad1,National Research Council of Canada (NRC),Canada,2026-07-20,15.0,
CATEGORY_COHORT,60.23333333333334,Canada federal,ten_f041357b1b35e65af41a,SA Connectors - 32130000,,Other,*Electronic hardware and component parts and accessories,buy_73af9093eb082788092b,Department of National Defence (DND),Canada,2026-07-17,15.0,
CATEGORY_COHORT,60.17166666666667,Ireland,ten_2494f3e3d197e827d2ed,Provision of Public Relations and Communications Services,,Other,Public relations services.,buy_dc6ed588a07ce6af7dd8,Approved Housing Bodies Regulatory Authority,Ireland,2026-03-30,15.0,
CATEGORY_COHORT,60.17166666666667,Ireland,ten_bfd0cabe851928009308,MMP076F-004 Mini Competition for for the provision of Public Relations and Communications Services for Limerick City and County Council,,Other,Public relations services.,buy_860d15b68965ace7f85c,The Office of Government Procurement,Ireland,2026-02-24,15.0,
CATEGORY_COHORT,60.17166666666667,Ireland,ten_a64e30f59173766bac4e,MMP076F-05 Mini Competition for The Office of the Regulator of the National Lottery for the provision of Public Relations and Communications Services,,Other,Public relations services.,buy_860d15b68965ace7f85c,The Office of Government Procurement,Ireland,2026-02-24,15.0,
CATEGORY_COHORT,60.14333333333333,Ireland,ten_63473bac3792f10b8cbb,Media Planning and Buying Services for Safefood,,Other,Advertising and marketing services.,buy_321a3753e649e51d5849,Safefood,Ireland,2026-03-27,15.0,
CATEGORY_COHORT,60.14333333333333,Ireland,ten_e7901e2385529fc0c16d,9348 – Creative Advertising Services,,Other,Advertising and marketing services.,buy_7f2d705d5f93e438d653,Iarnród Eireann-Irish Rail,Ireland,2026-03-10,15.0,
CATEGORY_COHORT,60.14333333333333,Ireland,ten_56d9a24fc368babd72f4,Provision of Individual Giving Fundraising Consultancy Services,,Other,Advertising and marketing services.,buy_50a07642e1dfd5479bcd,Depaul,Ireland,2026-03-09,15.0,
CATEGORY_COHORT,59.970000000000006,United Kingdom,ten_6e9adfd7fb1cb802e227,Anthem Schools Trust Cleaning,,Other,Cleaning services,buy_b4108c4686c3ae64a3cc,ANTHEM SCHOOLS TRUST,United Kingdom,2026-07-24,15.0,
CATEGORY_COHORT,59.970000000000006,United Kingdom,ten_edfb5825cc4ecbcb2b09,Regional Cleaning Services,,Other,Cleaning services,buy_1dad72b06aa48ef63215,Devon and Somerset Fire and Rescue Authority,United Kingdom,2026-07-21,15.0,
CATEGORY_COHORT,59.970000000000006,United Kingdom,ten_f254c165dda3b82611a1,Regional Cleaning Services,,Other,Cleaning services,buy_32b06661fe799707e6af,The Police and Crime Commissioner for Wiltshire,United Kingdom,2026-07-21,15.0,
CATEGORY_COHORT,59.96,Ireland,ten_52dddd88652b855f8cd9,Mechanical and Electrical Brief Pharmacy Refurbishment Connolly Hospital,,Other,Engineering services.,buy_24d86023ef5950ffa23f,Connolly Hospital,Ireland,2026-03-20,15.0,
CATEGORY_COHORT,59.96,Ireland,ten_270f44599b1c85518620,N61 Tulsk to Clashaganny Road Project - Technical Consultancy Service,,Other,Engineering services.,buy_87e522bfbe11a9900f37,Roscommon County Council,Ireland,2026-03-12,15.0,
CATEGORY_COHORT,59.96,Ireland,ten_137fda62a29444faf56b,MCC Mayo County Council Bridge Construction and Refurbishment Consultancy Services Framework 2026 - 2030,,Other,Engineering services.,buy_a0e149c513a9cd9a4a82,Mayo County Council,Ireland,2026-02-27,15.0,
CATEGORY_COHORT,59.85833333333334,United Kingdom,ten_a99c05539735fbe18a9e,Haulage and Processing of Green Waste,,Other,Refuse and waste related services,buy_286a2122f0b5ed5e64ff,Monmouthshire County Council,United Kingdom,2026-07-15,15.0,
CATEGORY_COHORT,59.85833333333334,United Kingdom,ten_044913b7063c6c97c6c8,Treatment & Disposal of WUDS containing POPs,,Other,Refuse and waste related services,buy_5de10964c173a334b298,West Lothian Council,United Kingdom,2026-07-14,15.0,
CATEGORY_COHORT,59.85833333333334,United Kingdom,ten_ffb81e82017b8e2592ab,Operation and Maintenance Services for the Ness Energy from Waste Facility,,Other,Refuse and waste related services,buy_26ce463f8eefb6f29d15,Aberdeen City Council,United Kingdom,2026-07-10,15.0,
CATEGORY_COHORT,59.68000000000001,Ireland,ten_2e6b49cf453607e6f3d8,"Prior Information Notice - Fire Safety Systems upgrade at St Colmcilles NS, Errill",,Other,Primary school construction work.,buy_3936788a26e5534f1551,St Colmcille's N.S.,Ireland,2026-03-19,15.0,
CATEGORY_COHORT,59.68000000000001,Ireland,ten_e634b688881b359d799e,Heating Upgrade at St Aidan's NS - Seeking Expressions of Interest,,Other,Primary school construction work.,buy_efed1031e5b0d8e7cd71,Ballaghameehan NS,Ireland,2026-03-04,15.0,
CATEGORY_COHORT,59.68000000000001,Ireland,ten_80b9d692faa155f7a3b4,"Request for Expressions of Interest for Electrical Works at St Patrick's SNS, Skerries",,Other,Primary school construction work.,buy_41d93a783efbd8b8d7d8,St. Patricks Senior National School (Skerries),Ireland,2026-01-28,15.0,
CATEGORY_COHORT,59.64666666666667,Ireland,ten_249a01a04b0388f26762,Services to design practical monitoring strategies for Harbour Porpoise Monitoring across Irish Natura 2000,,Other,Environmental services.,buy_68c4c3dfb2694c432062,Department of Housing Local Government and Heritage,Ireland,2026-03-30,15.0,
CATEGORY_COHORT,59.64666666666667,Ireland,ten_f7c9bfeb75b7aaddca2b,"Provision of technical support for water quality and water level monitoring in the Ownagappul River, Co. Cork",,Other,Environmental services.,buy_68c4c3dfb2694c432062,Department of Housing Local Government and Heritage,Ireland,2026-03-25,15.0,
CATEGORY_COHORT,59.64666666666667,Ireland,ten_1d65b5dece403af31787,"Provision of technical support for water quality and water level monitoring in the Owenmore River, Co. Kerry",,Other,Environmental services.,buy_68c4c3dfb2694c432062,Department of Housing Local Government and Heritage,Ireland,2026-03-25,15.0,
CATEGORY_COHORT,59.580000000000005,United Kingdom,ten_9b62037baa3cf382ffae,Commissioning Debt Advice in England,,Other,"Other community, social and personal services",buy_f315146376f9c079665f,MONEY AND PENSIONS SERVICE,United Kingdom,2026-07-22,15.0,
CATEGORY_COHORT,59.580000000000005,United Kingdom,ten_d4d1746dc526b76a1d76,Digital Planning Register,,Other,"Other community, social and personal services",buy_32a67a3cf8ee83fb2042,London Borough of Camden,United Kingdom,2026-07-06,15.0,
CATEGORY_COHORT,59.580000000000005,United Kingdom,ten_1ae5e684dba2b17a3ef2,Community Support Service,,Other,"Other community, social and personal services",buy_29040982e0c27f8e027c,North Ayrshire Council,United Kingdom,2026-07-01,15.0,
CATEGORY_COHORT,59.558333333333344,United Kingdom,ten_58ccdb79de67a251d2b1,Deed of Variation of John O'Conner Grounds Maintenance Contract,,Other,Grounds maintenance services,buy_66d8a3169c78925dbb2f,St Albans City and District Council,United Kingdom,2026-07-15,15.0,
CATEGORY_COHORT,59.558333333333344,United Kingdom,ten_a9e2f66da86d6c3f71e6,Planned Grounds Maintenance,,Other,Grounds maintenance services,buy_b76e261487467e8feeff,Scottish Water,United Kingdom,2026-06-19,15.0,
CATEGORY_COHORT,59.558333333333344,United Kingdom,ten_6c8264cf8fe2c43fbfb4,Grounds Maintenance Services,,Other,Grounds maintenance services,buy_a7eafdff6a77a0b1d242,ST CUTHBERT'S ROMAN CATHOLIC ACADEMY TRUST,United Kingdom,2026-06-16,15.0,
CATEGORY_COHORT,59.546666666666674,United Kingdom,ten_b50b803ec4f09762ef2e,4797400.47,,Other,Catering services,buy_f4ff1ffa563e465e36ab,Ministry of Justice,United Kingdom,2026-07-24,15.0,
CATEGORY_COHORT,59.546666666666674,United Kingdom,ten_9a25f2b71b325eb108f5,Provision of Catering Services,,Other,Catering services,buy_146b22acfee00a630910,Cleveland Fire Authority,United Kingdom,2026-07-20,15.0,
CATEGORY_COHORT,59.546666666666674,United Kingdom,ten_7a78bb2b612485872d87,Inverness Town House Catering,,Other,Catering services,buy_13d1a3413b526e9e4448,Highland Council,United Kingdom,2026-07-10,15.0,
CATEGORY_COHORT,59.45666666666667,Ireland,ten_93f46bfd74fbdc6ab39f,"Refurbishment Works - Munster Technological University (MTU) - Resurfacing of Existing Natural Grass Playing Pitches 6, 7 and 8 with Synthetic All-weather Surface and Pitch Floodlighting to Pitch 8",,Other,"Electrical machinery, apparatus, equipment and consumables; Lighting.",buy_95e92ebd9a393e629b74,Munster Technological University.,Ireland,2026-03-18,15.0,
CATEGORY_COHORT,59.45666666666667,Ireland,ten_229fcb3d4dae0d1589da,??The Provision of Electric Plant Equipment and Scaffolding to Laois and Offaly Education and Training Board?,,Other,"Electrical machinery, apparatus, equipment and consumables; Lighting.",buy_dc07c5a35735a92e36a0,Laois and Offaly Education and Training Board (Offaly),Ireland,2026-02-27,15.0,
CATEGORY_COHORT,59.45666666666667,Ireland,ten_4ed1fbee967f0632b9c9,Contract for services for a Simulation Suite for Our Lady's Hospice and Care Service,,Other,"Electrical machinery, apparatus, equipment and consumables; Lighting.",buy_b20fdbeccedb3ed1f2f7,Our Lady's Hospice and Care Services,Ireland,2026-02-17,15.0,
CATEGORY_COHORT,59.45333333333334,United Kingdom,ten_e6b7599311c9f3dcf963,Supported Living and adult social care panels ( consultancy),,Other,Financial consultancy services,buy_43b6f8d5e525204c796c,London Borough of Haringey,United Kingdom,2026-07-17,15.0,
CATEGORY_COHORT,59.45333333333334,United Kingdom,ten_834b9bac09ad0d210614,ESPO Call Off 664_25 Consultancy Services - Cost of Care,,Other,Financial consultancy services,buy_57897d52296f35314ac6,City of Bradford Metropolitan District Council,United Kingdom,2026-07-17,15.0,
CATEGORY_COHORT,59.45333333333334,United Kingdom,ten_3401193bae3112efdbfa,ESPO Call Off 664_25 Consultancy Services - Cost of Care,,Other,Financial consultancy services,buy_57897d52296f35314ac6,City of Bradford Metropolitan District Council,United Kingdom,2026-07-16,15.0,
CATEGORY_COHORT,59.38500000000001,United Kingdom,ten_d106fe17e717faf9c3ae,Insurance Services,,Other,Insurance services,buy_e058922b48c07e2f4b07,Parkhead Housing Association,United Kingdom,2026-06-11,15.0,
CATEGORY_COHORT,59.38500000000001,United Kingdom,ten_38f76581f3dc673b18fb,Modification Notice 02 - Crawley Council Further Competition for Insurance Placement DPS 978,,Other,Insurance services,buy_a15a1a07f32bdf42602c,Crawley Borough Council,United Kingdom,2026-04-21,15.0,
CATEGORY_COHORT,59.38500000000001,United Kingdom,ten_7600fc8308e7b62178c7,EC1089 Student Block Contents Insurance,,Other,Insurance services,buy_2dd836f2f6f86daa5cc9,University Of Edinburgh,United Kingdom,2026-04-20,15.0,
CATEGORY_COHORT,59.351666666666674,United Kingdom,ten_7df5222fc53194c25bd2,PROC 25 - 3260 Provision of Radio Masts Portfolio Marketing & Management and Maintenance services,,Other,Telecommunications services,buy_eeb842cd176deb96f605,Scottish Police Authority,United Kingdom,2026-07-14,15.0,
CATEGORY_COHORT,59.351666666666674,United Kingdom,ten_f7e96813dc5977f4427a,CWC25181 - Urban Traffic Control Managed Wide Area Network (WAN),,Other,Telecommunications services,buy_e4d459383fe52e44b278,Wolverhampton City Council,United Kingdom,2026-06-04,15.0,
CATEGORY_COHORT,59.351666666666674,United Kingdom,ten_00ab4ae4d67dad6962e0,Communication Circuits,,Other,Telecommunications services,buy_cae70702e6baff3e568f,Tyne and Wear Fire and Rescue Authority,United Kingdom,2026-06-02,15.0,
CATEGORY_COHORT,59.23666666666668,United Kingdom,ten_7567b771d21b15b6dcf1,OPENING ADULT LEARNING SERVICE PSEUDO-FRAMEWORK FOR DELIVERY PARTNERS 2023-2028,,Other,Education and training services,buy_6eddf15e6764fac8cc67,THE ROYAL BOROUGH OF KENSINGTON AND CHELSEA,United Kingdom,2026-07-28,15.0,
CATEGORY_COHORT,59.23666666666668,United Kingdom,ten_ea061f97564e75dca05b,C002181 Building on the NES Education and Career Pathway for Adult Integrated Community Nursing in Scotland.,,Other,Education and training services,buy_9ffc45a73f9ede19ff3e,The Common Services Agency (more commonly known as NHS National Services Scotland) (NSS),United Kingdom,2026-07-17,15.0,
CATEGORY_COHORT,59.23666666666668,United Kingdom,ten_8e7c8f0a9282ebae3893,COV - 8132 - Coventry Music - Music Tutor DPS Award Notice,,Other,Education and training services,buy_04df06f9607807011df1,Coventry City Council,United Kingdom,2026-07-10,15.0,
CATEGORY_COHORT,59.17666666666667,United Kingdom,ten_257c55949894a6b5c610,Physiotherapy Services,,Other,Physiotherapy services,buy_2d41b76dfbbc65f45930,Civil Nuclear Police Authority (CNPA) / Civil Nuclear Constabulary (CNC),United Kingdom,2026-06-16,15.0,
CATEGORY_COHORT,59.17666666666667,United Kingdom,ten_a5f86836144625d3324e,Provision of Specialised Therapy Services for Children with Neurological Disorders,,Other,Physiotherapy services,buy_cf987715df822111cfdc,Cwm Taf Morgannwg University Health Board,United Kingdom,2026-06-10,15.0,
CATEGORY_COHORT,59.17666666666667,United Kingdom,ten_6ab31ee5b584ab40b776,MSK Physiotherapy AI Service,,Other,Physiotherapy services,buy_c35997464cbf731e4131,KENT COMMUNITY HEALTH NHS FOUNDATION TRUST,United Kingdom,2026-05-14,15.0,
CATEGORY_COHORT,59.14833333333333,United Kingdom,ten_f1bd587b674b6f41a232,Facilities Management - Planned & Reactive Maintenance Services,,Other,Facilities management services,buy_3d36fc2e12d419546db9,West Midlands Ambulance Service University NHS Foundation Trust,United Kingdom,2026-04-14,15.0,
CATEGORY_COHORT,59.14833333333333,United Kingdom,ten_c79e8443195c4abbc1b0,Beachfront Public Realm Phase A - Operation & Management,,Other,Facilities management services,buy_26ce463f8eefb6f29d15,Aberdeen City Council,United Kingdom,2026-04-10,15.0,
CATEGORY_COHORT,59.14833333333333,United Kingdom,ten_c9f1543123123e3313af,Total Facilities Management,,Other,Facilities management services,buy_2d41b76dfbbc65f45930,Civil Nuclear Police Authority (CNPA) / Civil Nuclear Constabulary (CNC),United Kingdom,2026-02-18,15.0,
CATEGORY_COHORT,59.055000000000014,United Kingdom,ten_a772b16e041ef78a83e2,"Supply, Delivery and Installation of Optical Transceiver Tester",,Other,"Laboratory, optical and precision equipments (excl. glasses)",buy_ffe7f982def3cd7fbcc5,University of Strathclyde,United Kingdom,2026-07-31,15.0,
CATEGORY_COHORT,59.055000000000014,United Kingdom,ten_ff1c0c79e69d9be8740a,"Supply, Delivery, Installation & Commissioning of a Die Inspection Sorter",,Other,"Laboratory, optical and precision equipments (excl. glasses)",buy_ffe7f982def3cd7fbcc5,University of Strathclyde,United Kingdom,2026-07-31,15.0,
CATEGORY_COHORT,59.055000000000014,United Kingdom,ten_46245f3a375ba6ee19e9,"Supply, Delivery and Installation of Hermetic Sealing Kit",,Other,"Laboratory, optical and precision equipments (excl. glasses)",buy_ffe7f982def3cd7fbcc5,University of Strathclyde,United Kingdom,2026-07-30,15.0,
CATEGORY_COHORT,59.025000000000006,United Kingdom,ten_487cea0cc251e82eb2c1,"LIFT SERVICE, ROUTINE MAINTENANCE & RESPONSIVE REPAIRS 2026-2029",,Other,Lift-maintenance services,buy_13d01432ad5012a3f636,"Harbour Homes Scotland Limited, formerly Port of Leith Housing Association Ltd",United Kingdom,2026-07-10,15.0,
CATEGORY_COHORT,59.025000000000006,United Kingdom,ten_7a19aa2b0879d1a2058d,Lift Maintenance Services,,Other,Lift-maintenance services,buy_c6516899ce16c24e14a1,West Northamptonshire Council,United Kingdom,2026-06-05,15.0,
CATEGORY_COHORT,59.025000000000006,United Kingdom,ten_9fc9775303a1c23d2f95,Planned and Reactive Lift Maintenance,,Other,Lift-maintenance services,buy_a5e91016697f83289ab6,NHS Grampian,United Kingdom,2026-05-11,15.0,
CATEGORY_COHORT,58.94166666666666,United Kingdom,ten_e888eeb7ea04e0b142bf,CAS-01343-W5M8V4 - Licensed Asbestos Removals - 12-Month Award,,Other,Asbestos removal services,buy_50c4d80e58b590e335fa,Aster Group Limited,United Kingdom,2026-07-30,15.0,
CATEGORY_COHORT,58.94166666666666,United Kingdom,ten_5196a2e66ecc2ad63ab2,CHIC Asbestos - Dynamic Purchasing System [DPS],,Other,Asbestos removal services,buy_11dc01a05cefba016133,Communities & Housing Investment Consortium ltd (CHIC),United Kingdom,2026-02-20,15.0,
CATEGORY_COHORT,58.94166666666666,United Kingdom,ten_0154af16006a83dc99ab,Asbestos Surveying & Analytical Services,,Other,Asbestos removal services,buy_7febe1b6b4c23ad55946,NHS Greater Glasgow and Clyde,United Kingdom,2026-02-19,15.0,
CATEGORY_COHORT,58.881666666666675,United Kingdom,ten_ca71fd172dc6aac2215a,Bill Payments,,Other,Financial and insurance services,buy_b512edf4b0d09f06a1f1,South Tyneside Borough Council,United Kingdom,2026-07-23,15.0,
CATEGORY_COHORT,58.881666666666675,United Kingdom,ten_b4c6b40ea9a476ba2325,SPS-01873 Insurance Inspections for the Scottish Prison Service,,Other,Financial and insurance services,buy_5d49fef087d8ccdee039,Scottish Prison Service,United Kingdom,2026-07-16,15.0,
CATEGORY_COHORT,58.881666666666675,United Kingdom,ten_fe9652862e373cd7cddc,Early Payment Scheme,,Other,Financial and insurance services,buy_b512edf4b0d09f06a1f1,South Tyneside Borough Council,United Kingdom,2026-06-15,15.0,
CATEGORY_COHORT,58.87833333333334,United Kingdom,ten_d05da19da9212ec52610,Retrofit Assessment & Coordination for Decarb. Wave 3 and EPC & Stock Condition Surveys,,Other,Building surveying services,buy_6e8df8953b5f827eecae,Citizen Housing Group Ltd,United Kingdom,2026-06-17,15.0,
CATEGORY_COHORT,58.87833333333334,United Kingdom,ten_385cbaca657322114bb4,Condition Survey,,Other,Building surveying services,buy_b74d9b1db50fdbb65fc8,ASTON UNIVERSITY,United Kingdom,2026-06-04,15.0,
CATEGORY_COHORT,58.87833333333334,United Kingdom,ten_6415192336e7409642b7,Provision of Domestic Stock Condition Surveys,,Other,Building surveying services,buy_5797c5eb0b9d1b12580e,Orkney Islands Council,United Kingdom,2026-06-03,15.0,
CATEGORY_COHORT,58.87,Ireland,ten_a85da15002f6085ab2c8,"Construction of 5 No. Residential units at Cluain Airne Lanesboro Road, Roscommon, Co. Roscommon",,Other,Architectural services for buildings.,buy_87e522bfbe11a9900f37,Roscommon County Council,Ireland,2026-03-13,15.0,
CATEGORY_COHORT,58.87,Ireland,ten_6ba029166ee7c4b47b51,"Invitation to tender for Architectural Consultancy Services for Emergency Works Projects at Moville Community College, Carrownaffe, Moville, Co. Donegal, F93 DN29 3 No EWS Works",,Other,Architectural services for buildings.,buy_9681a525fb36a17a6816,Donegal Education and Training Board,Ireland,2026-02-16,15.0,
CATEGORY_COHORT,58.87,Ireland,ten_8e9eeb32c287a69bced6,Golf Ireland High Performance Centre. Appointment of Architect Led Integrated Design team. Single Stage Open Procedure,,Other,Architectural services for buildings.,buy_b7aea9401babda745a8c,Golf Ireland NBG CLG,Ireland,2026-02-13,15.0,
CATEGORY_COHORT,58.815000000000005,Ireland,ten_fe5cb65983357392427b,"Galway City Council is inviting Expressions of Interest (Stage 1) for the development of lands at Castlegar, Co. Galway for the provision of mixed tenure housing.",,Other,Construction work for multi-dwelling buildings and individual houses.,buy_422269512876a365c8a3,Galway City Council,Ireland,2026-03-10,15.0,
CATEGORY_COHORT,58.815000000000005,Ireland,ten_c440007bda43fa3e4174,Development Deal Agreement with stage payments 2026/01,,Other,Construction work for multi-dwelling buildings and individual houses.,buy_067934c865b8e35a0f51,Focus Housing Association clg,Ireland,2026-01-23,15.0,
CATEGORY_COHORT,58.815000000000005,Ireland,ten_c123deef1c9594b5ea58,"TEN2600004 - CfT for Construction of 7 No. Houses at Kilnavarragh and 3 No. Houses at Aughnaskerry, Cavan, Co. Cavan for Cavan County Council",,Other,Construction work for multi-dwelling buildings and individual houses.,buy_8a79fea4c4251c665421,Cavan County Council,Ireland,2026-01-13,15.0,
CATEGORY_COHORT,58.803333333333335,United Kingdom,ten_bcac045c72e74b68b5eb,NHS SYICB - Community Based Stoma Care Service,,Other,Services provided by nurses,buy_934afe9ee332d9bec0bb,NHS South Yorkshire Integrated Care Board,United Kingdom,2026-07-31,15.0,
CATEGORY_COHORT,58.803333333333335,United Kingdom,ten_da23dad5be7ae18087a0,NHS Health Checks,,Other,Services provided by nurses,buy_945324be357abab8f395,Somerset Council,United Kingdom,2026-07-27,15.0,
CATEGORY_COHORT,58.803333333333335,United Kingdom,ten_6870c1ef73f0596e6abf,Integrated Community Diabetes Service,,Other,Services provided by nurses,buy_c50f25a6b2f3c86ab7dd,MAIDSTONE AND TUNBRIDGE WELLS NHS TRUST,United Kingdom,2026-07-09,15.0,
CATEGORY_COHORT,58.638333333333335,United Kingdom,ten_68aa66b8bd770f14df18,Mystery Traveller and KPI,,Other,Road transport services,buy_c6516899ce16c24e14a1,West Northamptonshire Council,United Kingdom,2026-07-21,15.0,
CATEGORY_COHORT,58.638333333333335,United Kingdom,ten_f61df9e74a2b77140872,Passenger Transport DPS awards - April 2026 to June 2026,,Other,Road transport services,buy_3391c792fd1f70715d29,Norfolk County Council,United Kingdom,2026-07-06,15.0,
CATEGORY_COHORT,58.638333333333335,United Kingdom,ten_ea9f0f00b86435e21bd3,Secondary School to College Transport,,Other,Road transport services,buy_aef992df66b2ead1454c,Dundee City Council,United Kingdom,2026-06-23,15.0,
CATEGORY_COHORT,58.56666666666667,United Kingdom,ten_c70d6ed89ff4e9888864,BD Consolidated Service Contract,,Other,Laboratory services,buy_2dd836f2f6f86daa5cc9,University Of Edinburgh,United Kingdom,2026-07-28,15.0,
CATEGORY_COHORT,58.56666666666667,United Kingdom,ten_2aaf7e387cbd67845459,Microbiology Services Managed Service Contract,,Other,Laboratory services,buy_3d7e13ebec6fb6ed5cd7,Lothian Health Board,United Kingdom,2026-07-23,15.0,
CATEGORY_COHORT,58.56666666666667,United Kingdom,ten_a02b4fd962e2120d63d7,NHS Scotland hr-HPV Primary Screening & Cytology Triage Managed Service Renewal,,Other,Laboratory services,buy_e7b16d58501e0fd8c1bd,The Common Services Agency (more commonly known as Public Services Delivery Scotland) (PSD Scotland),United Kingdom,2026-06-19,15.0,
CATEGORY_COHORT,58.185,United Kingdom,ten_759f6733f67e3b4d4f3e,ITT Provision of Security Services for Orkney Harbour Authority,,Other,Security services,buy_5797c5eb0b9d1b12580e,Orkney Islands Council,United Kingdom,2026-07-15,15.0,
CATEGORY_COHORT,58.185,United Kingdom,ten_dd700aee524b534d64a2,East Sussex College Security provision,,Other,Security services,buy_79fabebd43f3a9def9da,East Sussex College Group,United Kingdom,2026-07-14,15.0,
CATEGORY_COHORT,58.185,United Kingdom,ten_1f6411c553b452fe1372,Provision of Cash Collection & Management Services for Midland Metro Limited,,Other,Security services,buy_b34d3b4d60c11aa67b89,West Midlands Combined Authority,United Kingdom,2026-07-09,15.0,
CATEGORY_COHORT,58.15166666666667,United Kingdom,ten_fbff930447586338e1c0,Echocardiography - April 2026 - InHealth Echotech,,Other,Cardiology services,buy_f756181f28979d0ba4b3,NHS SURREY AND SUSSEX INTEGRATED CARE BOARD,United Kingdom,2026-07-31,15.0,
CATEGORY_COHORT,58.15166666666667,United Kingdom,ten_682e3ea1f6675db1119b,Echocardiogram Services (Insourcing),,Other,Cardiology services,buy_ee2b4583e7998bd7d112,Gloucestershire Hospitals NHS Foundation Trust,United Kingdom,2026-07-20,15.0,
CATEGORY_COHORT,58.15166666666667,United Kingdom,ten_459696d104bc01377750,Community based cardiology diagnostic services (Electrocardiogram and blood pressure monitoring),,Other,Cardiology services,buy_59bace2258d003f1794e,NHS South East London Integrated Care Board,United Kingdom,2026-06-03,15.0,
CATEGORY_COHORT,57.973333333333336,United Kingdom,ten_bda6f2651eaa11e873c0,The Provision of Specialist Cleaning and Clearance Services,,Other,Cleaning and sanitation services,buy_6e8e1b72c601a24ee15c,South Lanarkshire Council,United Kingdom,2026-07-30,15.0,
CATEGORY_COHORT,57.973333333333336,United Kingdom,ten_9c316ff67f7d8f9d0ac3,"Southern Housing, May26, C17&19 - Four Corners Cleaning LOT5",,Other,Cleaning and sanitation services,buy_880c511d3c9c7cd57a5c,Southern Housing,United Kingdom,2026-07-16,15.0,
CATEGORY_COHORT,57.973333333333336,United Kingdom,ten_e125f4b971cdf3a84e43,"Southern Housing, May26, C17&19 -MD Clean LOT3",,Other,Cleaning and sanitation services,buy_880c511d3c9c7cd57a5c,Southern Housing,United Kingdom,2026-07-16,15.0,
CATEGORY_COHORT,57.858333333333334,Ireland,ten_4d656695fb46fe5aa57e,Provision of a Managed Service for Non-Emergency Transport for HSE Community Services in Donegal Integrated Health Area (IHA),,Other,Transport services (excl. Waste transport).,buy_a53a2075be8b016ee75b,Health Service Executive (HSE),Ireland,2026-03-20,15.0,
CATEGORY_COHORT,57.858333333333334,Ireland,ten_d07d3dc341b3fe71eb8c,Call for Tender for the provision of Haulage Services for BIM Mobile Coastal Training Units,,Other,Transport services (excl. Waste transport).,buy_d6fcc91a2b98be06e878,Bord Iascaigh Mhara - Irish Sea Fisheries Board ( BIM ),Ireland,2026-03-05,15.0,
CATEGORY_COHORT,57.858333333333334,Ireland,ten_3398db7d3608698c6a2f,E-Bikes shared mobility scheme,,Other,Transport services (excl. Waste transport).,buy_a0e149c513a9cd9a4a82,Mayo County Council,Ireland,2026-02-19,15.0,
CATEGORY_COHORT,57.79166666666667,United Kingdom,ten_80367ba327087390555b,Marketing Services - (2022-2026),,Other,Advertising and marketing services,buy_4f5b6403196c3bb275a2,Scottish Government,United Kingdom,2026-07-30,15.0,
CATEGORY_COHORT,57.79166666666667,United Kingdom,ten_0deb6bfccf99fa9b7f79,Digital Advertising & Paid Media Services,,Other,Advertising and marketing services,buy_82c4e311248b6ca859f3,HR Connect t/a Kent County Council,United Kingdom,2026-07-10,15.0,
CATEGORY_COHORT,57.79166666666667,United Kingdom,ten_38720baba37c9d4ae5fe,"Rail Network Customer Interfaces Merger: Structure, Purpose & Principles",,Other,Advertising and marketing services,buy_9e5c991158a94b5d9ae1,DFT OPERATOR LIMITED,United Kingdom,2026-07-10,15.0,
CATEGORY_COHORT,57.58166666666667,United Kingdom,ten_d290f5c96a7a7e33d0a5,846-NYC-HA Staff Flu Vaccinations,,Other,Services provided by medical personnel,buy_bae3d602818206600a82,The North Yorkshire Council,United Kingdom,2026-07-30,15.0,
CATEGORY_COHORT,57.58166666666667,United Kingdom,ten_a11c62ea9871a0761980,Adoption and Fostering Medical Advisory Service,,Other,Services provided by medical personnel,buy_37d2ab56f6de75b5d578,Kingston Upon Hull City Council,United Kingdom,2026-06-12,15.0,
CATEGORY_COHORT,57.58166666666667,United Kingdom,ten_a85c30bc7c3ecc5947d8,SEL ICB Lambeth Community Denosumab Service,,Other,Services provided by medical personnel,buy_59bace2258d003f1794e,NHS South East London Integrated Care Board,United Kingdom,2026-04-28,15.0,
CATEGORY_COHORT,57.455000000000005,Ireland,ten_78ced053fae4f1f84a11,Multi-party Framework Agreement for the Provision of Occupational Therapy (OT) Services for Offaly County Council,,Other,Health services.,buy_32ac3885d94c92294f5e,Offaly County Council,Ireland,2026-03-30,15.0,
CATEGORY_COHORT,57.455000000000005,Ireland,ten_6f6593fd4533e37db2cd,Bespoke Panel Arrangement for the Provision of Children’s Residential Services to complement existing community based residential services operated by/on Behalf Of Tusla - The Child and Family Agency,,Other,Health services.,buy_2d92e710eccaa6b73a01,Tusla Child and Family Agency,Ireland,2026-03-09,15.0,
CATEGORY_COHORT,57.455000000000005,Ireland,ten_d0f2f3a82d6273e07821,"RFT for the provision of Pharmacy Services to Milford Care Centre Nursing Home, Castletroy, Limerick",,Other,Health services.,buy_f0c461e0dc6815860156,Milford Care Centre,Ireland,2026-03-05,15.0,
CATEGORY_COHORT,57.36000000000001,United Kingdom,ten_e0254ea244a41b85e9e7,Fire Safety Consultancy Services,,Other,Fire-prevention services,buy_9b33f4326224565a8a24,The City of Liverpool College,United Kingdom,2026-06-26,15.0,
CATEGORY_COHORT,57.36000000000001,United Kingdom,ten_30d7ae724cce85dd9cbd,Fire Engineer Services (5 x High Risk Buildings),,Other,Fire-prevention services,buy_8095af9631e905cd453e,ORBIT GROUP LIMITED,United Kingdom,2026-06-19,15.0,
CATEGORY_COHORT,57.36000000000001,United Kingdom,ten_15e9710755d2abae8cc9,Fire Safety Systems Servicing and Reactive Maintenance Contract,,Other,Fire-prevention services,buy_d8849eeec6c774d719fd,Southside Housing Association Ltd,United Kingdom,2026-06-03,15.0,
CATEGORY_COHORT,57.343333333333334,United Kingdom,ten_daec7484f0a0e9c8592a,"Newry, Mourne & Down District Council Civil Engineering Minor Works Framework Agreement 2025-2029",,Other,Works for complete or part construction and civil engineering work,buy_0a96c4987310c6e6f94b,Newry Mourne & Down District Council,United Kingdom,2026-07-02,15.0,
CATEGORY_COHORT,57.343333333333334,United Kingdom,ten_07321edaa67ef3d53590,SC0150 Scottish Canals Contractor Works Framework,,Other,Works for complete or part construction and civil engineering work,buy_611668740f8983da16e2,Scottish Canals,United Kingdom,2026-06-18,15.0,
CATEGORY_COHORT,57.343333333333334,United Kingdom,ten_443a05755528e62b94d6,Scotland's Public Sector Heat Decarbonisation Framework,,Other,Works for complete or part construction and civil engineering work,buy_4f5b6403196c3bb275a2,Scottish Government,United Kingdom,2026-05-18,15.0,
CATEGORY_COHORT,57.335,United Kingdom,ten_a8ac35c17ae39346e7c6,Dynamic Purchasing System for Repairs and Maintenance 2026 - 31(36),,Other,Construction work for multi-dwelling buildings and individual houses,buy_6068e3da16abed394612,Bield Housing & Care,United Kingdom,2026-07-13,15.0,
CATEGORY_COHORT,57.335,United Kingdom,ten_6534564175999381890e,ID605 Ryepark Development,,Other,Construction work for multi-dwelling buildings and individual houses,buy_38c9e47f83e3d18ef6c0,Aspire Housing,United Kingdom,2026-05-11,15.0,
CATEGORY_COHORT,57.335,United Kingdom,ten_ca1f70f29990b6bc5b7e,Notice of Award of Contracts under CHIC Asbestos – DPS for Q3 of 2025/2026,,Other,Construction work for multi-dwelling buildings and individual houses,buy_11dc01a05cefba016133,Communities & Housing Investment Consortium Ltd (CHIC),United Kingdom,2026-04-29,15.0,
CATEGORY_COHORT,57.25000000000001,United Kingdom,ten_df15e4cd69118d72674a,Sandwiches and Food to Go,,Other,"Food, beverages, tobacco and related products",buy_f124be2536f80c97d5a6,Middlesbrough Council,United Kingdom,2026-06-29,15.0,
CATEGORY_COHORT,57.25000000000001,United Kingdom,ten_9954b92272c041b1a3b6,Delivery Ready Prepared Meals 2024,,Other,"Food, beverages, tobacco and related products",buy_79eed66a62cc5c7b4e40,MID CHESHIRE HOSPITALS NHS FOUNDATION TRUST,United Kingdom,2026-06-24,15.0,
CATEGORY_COHORT,57.25000000000001,United Kingdom,ten_4aadfafae43839b7cde3,Provision of Grocery Products (Multi-Temperature),,Other,"Food, beverages, tobacco and related products",buy_87c29328dc38eafdf5e9,Corporate Officer of the House of Commons,United Kingdom,2026-06-10,15.0,
CATEGORY_COHORT,57.20166666666666,United Kingdom,ten_899d4285a194deb89d9e,Community Vasectomy Service in Surrey Downs GPnWSI/GPwER,,Other,Family-planning services,buy_f756181f28979d0ba4b3,NHS SURREY AND SUSSEX INTEGRATED CARE BOARD,United Kingdom,2026-07-31,15.0,
CATEGORY_COHORT,57.20166666666666,United Kingdom,ten_925e5db0273855908c3a,Community Vasectomy Service in East Surrey GPnWSI/GPwER,,Other,Family-planning services,buy_f756181f28979d0ba4b3,NHS SURREY AND SUSSEX INTEGRATED CARE BOARD,United Kingdom,2026-07-31,15.0,
CATEGORY_COHORT,57.20166666666666,United Kingdom,ten_6adfe3cc1ccc7ed3fd3c,Sandwell Integrated Sexual Health Services,,Other,Family-planning services,buy_86b5bb3970981622d291,Sandwell Metropolitan Borough Council,United Kingdom,2026-07-23,15.0,
CATEGORY_COHORT,57.165,United Kingdom,ten_673e195c97dbce8af68e,PB0004 Ohio Building Roofing,,Other,Roof works and other special trade construction works,buy_a190ee670cad3fa80904,Peabody Trust,United Kingdom,2026-06-30,15.0,
CATEGORY_COHORT,57.165,United Kingdom,ten_22dfff388433ba6aa2f3,"Truman House, Flat Roof Replacement works",,Other,Roof works and other special trade construction works,buy_a190ee670cad3fa80904,Peabody Trust,United Kingdom,2026-06-11,15.0,
CATEGORY_COHORT,57.165,United Kingdom,ten_5c598786c7dfdfcc2301,"Framework Agreement for Responsive and Emergency Builder, Plastering, Roofing and Fencing Works",,Other,Roof works and other special trade construction works,buy_c183266b5911dfd8b563,C~urb Property Maintenance,United Kingdom,2026-04-13,15.0,
CATEGORY_COHORT,57.163333333333334,United Kingdom,ten_d7ba158372c3c208489f,Catering Services,,Other,School catering services,buy_e7916231069af826ff53,WINDSOR ACADEMY TRUST,United Kingdom,2026-07-13,15.0,
CATEGORY_COHORT,57.163333333333334,United Kingdom,ten_90f92912636d20f87fc5,Schools Catering Service,,Other,School catering services,buy_46dfebad3ff695137be1,Brookhurst Primary School,United Kingdom,2026-07-10,15.0,
CATEGORY_COHORT,57.163333333333334,United Kingdom,ten_3708c67bfd8df21988d6,School Meals Catering Service,,Other,School catering services,buy_b417e1e07a54925746f6,THE OLIVE TREE PRIMARY SCHOOL BOLTON LIMITED,United Kingdom,2026-05-22,15.0,
CATEGORY_COHORT,57.15333333333334,United Kingdom,ten_5e1980b2a955a5f405b8,Foundations for Change Framework – Supporting Adults Aged 18–65 Years with Additional Support Needs,,Other,Social work and related services,buy_cfacd5aa1e25aa12bbc6,West Dunbartonshire Council,United Kingdom,2026-07-22,15.0,
CATEGORY_COHORT,57.15333333333334,United Kingdom,ten_c945cf69cb1ec561f509,0-19 Health Visiting and School Nursing services,,Other,Social work and related services,buy_95066c0a54695fed306a,The Royal Borough of Kingston upon Thames,United Kingdom,2026-07-07,15.0,
CATEGORY_COHORT,57.15333333333334,United Kingdom,ten_f1ce5eb7051b22c7f1d1,AT1487 Independent Foster Agencies Provision,,Other,Social work and related services,buy_dd9635b72dca60fe77fe,Luton Council,United Kingdom,2026-06-23,15.0,
CATEGORY_COHORT,57.14333333333333,Ireland,ten_f9c7573713cee16b6844,AFBI03-ITT03 Working at Height Expertise and Supervision,,Other,Research consultancy services.,buy_90c957d8df5e20d6e21e,British Trust For Ornithology,Ireland,2026-03-24,15.0,
CATEGORY_COHORT,57.14333333333333,Ireland,ten_14a8f4e1f8d674e4bc11,"Implementation of the Water Framework Directive - Policy Coherence, Managing Trade-Offs, Financing and Capacity",,Other,Research consultancy services.,buy_73fc42fbdaceed216e13,Tipperary County Council,Ireland,2026-03-13,15.0,
CATEGORY_COHORT,57.14333333333333,Ireland,ten_d0642a2d9d0c1c9752b0,Climate Change Capacity Building - Scoping Study,,Other,Research consultancy services.,buy_b49a56d7aa599f7cf6ed,Donegal Local Development Company Ltd,Ireland,2026-03-09,15.0,
CATEGORY_COHORT,57.135,United Kingdom,ten_188df2ff88551655be24,Legal Services - NHS West Yorkshire Integrated Care Board (Wakefield Health and Care Partnership),,Other,Legal advisory services,buy_673bf7628e3ba929568f,NHS West Yorkshire Integrated Care Board,United Kingdom,2026-07-08,15.0,
CATEGORY_COHORT,57.135,United Kingdom,ten_f862d1d9751301a72a85,Legal Due Diligence Advisory Services,,Other,Legal advisory services,buy_b34d3b4d60c11aa67b89,West Midlands Combined Authority,United Kingdom,2026-06-25,15.0,
CATEGORY_COHORT,57.135,Canada federal,ten_d541f1c07b6125862340,NPP - A.6 Programmer/Software Developer (Level 3),,Other,*Information technology IT management services,buy_dff50038c8bdca161850,Department of the Environment (ECCC ),Canada,2026-06-15,15.0,
CATEGORY_COHORT,57.135,Canada federal,ten_ee202609329e1571178a,NOTICE OF PROPOSED PROCUREMENT (NPP) For TASK BASED INFORMATICS PROFESSIONAL SERVICES (TBIPS),,Other,*Information technology IT management services,buy_724fa8459a3d3d63ce6f,"Department of Foreign Affairs, Trade and Development (GAC)",Canada,2026-06-08,15.0,
CATEGORY_COHORT,57.135,United Kingdom,ten_65480da387cca5527d4b,Legal Panel Services,,Other,Legal advisory services,buy_3a163073a69f583c5bbe,SALIX FINANCE LTD,United Kingdom,2026-05-28,15.0,
CATEGORY_COHORT,57.135,Canada federal,ten_f1fba3f1a3909594ae5a,Notice of Planned Procurement (NPP) for The Provision of Multi-Tier IM/IT Research and Advisory Services for Fisheries and Oceans Canada under Supply Arrangement EN578-260567,,Other,*Information technology IT management services,buy_b9172563222715d8f59f,Department of Fisheries and Oceans (DFO),Canada,2026-04-16,15.0,
CATEGORY_COHORT,57.08500000000001,Ireland,ten_c5f58d4434a1c25aa83a,"Galway City Council - Expression of Interest - Stage 1 - Concession contract for the provision of catering services Civic offices, Crown Square, Galway",,Other,Canteen and catering services.,buy_422269512876a365c8a3,Galway City Council,Ireland,2026-03-06,15.0,
CATEGORY_COHORT,57.08500000000001,Ireland,ten_fabb0ad291783a52f3c2,"Multi Lot, Single Supplier Framework Agreement for the Provision of Catering and Hospitality Services to TU Dublin",,Other,Canteen and catering services.,buy_744635b244d3bb6978a6,Technological University Dublin (TU Dublin),Ireland,2026-02-27,15.0,
CATEGORY_COHORT,57.08500000000001,Ireland,ten_33fece59bb20f8bffb47,BE3606F - RFT to Establish a Single-Supplier Framework Agreement for the Provision of Catering Services Concession for University of Galway,,Other,Canteen and catering services.,buy_5af3eed44adedc5c454a,Education Procurement Service (EPS),Ireland,2026-02-23,15.0,
CATEGORY_COHORT,57.075,United Kingdom,ten_d9efbb2ff77b33d61a2e,Building Standards Research and Technical Services Framework,,Other,Research and development services and related consultancy services,buy_4f5b6403196c3bb275a2,Scottish Government,United Kingdom,2026-07-06,15.0,
CATEGORY_COHORT,57.075,United Kingdom,ten_f256bbcb0745f0fc71b8,Hugh's Report - MH Impact of Life-Threatening Child Illness on Families 2026,,Other,Research and development services and related consultancy services,buy_5ca115be1cde4809eeba,Department of Health & Social Care,United Kingdom,2026-06-26,15.0,
CATEGORY_COHORT,57.075,United Kingdom,ten_5bde0d90441f3f0be44b,Scottish Government Centres of Expertise x 4 Lots,,Other,Research and development services and related consultancy services,buy_4f5b6403196c3bb275a2,Scottish Government,United Kingdom,2026-05-21,15.0,
CATEGORY_COHORT,57.046666666666674,United Kingdom,ten_aa242ff05bf0d1110982,Assessment of wildfire resilience at Beinn Eighe National Nature Reserve,,Other,Environmental services,buy_98892626d74b154578b6,Scottish Natural Heritage,United Kingdom,2026-07-27,15.0,
CATEGORY_COHORT,57.046666666666674,United Kingdom,ten_0f91a574115ab2eaa1f9,Environmental survey services framework,,Other,Environmental services,buy_df723aee55b4e4cf6786,EAST WEST RAILWAY COMPANY LIMITED,United Kingdom,2026-07-07,15.0,
CATEGORY_COHORT,57.046666666666674,United Kingdom,ten_ccb127bb5365aaea3e42,MTC for General Repairs and Annual Maintenance of Sustainable Urban Drainage (SUD’s) Installations (Readvertisement),,Other,Environmental services,buy_29040982e0c27f8e027c,North Ayrshire Council,United Kingdom,2026-07-02,15.0,
CATEGORY_COHORT,57.02166666666668,United Kingdom,ten_a6e5e4096153ec086ccd,Ormiston Shelfield Community Academy Cleaning Services,,Other,School cleaning services,buy_ad78eabaa5876bd85111,ORMISTON ACADEMIES TRUST,United Kingdom,2026-07-31,15.0,
CATEGORY_COHORT,57.02166666666668,United Kingdom,ten_3cf5a1cbaa07cc5f436b,Cleaning and Caretaking Services,,Other,School cleaning services,buy_ec4633a260b72c0ef7f8,Low Moor C. of E. Primary School,United Kingdom,2026-07-22,15.0,
CATEGORY_COHORT,57.02166666666668,United Kingdom,ten_adb122ac59f3de1ef438,Cleaning Services,,Other,School cleaning services,buy_e7916231069af826ff53,WINDSOR ACADEMY TRUST,United Kingdom,2026-07-13,15.0,
CATEGORY_COHORT,56.86666666666667,Ireland,ten_d7c08a2c1d63a6dc2e41,Galway Weir Lodge Upgrade and Refurbishment,,Other,Building installation work.,buy_edb14929de92970b3b4a,Inland Fisheries Ireland,Ireland,2026-03-10,15.0,
CATEGORY_COHORT,56.86666666666667,Ireland,ten_bddb0d2a266a38ba16b2,Request For Tender for the Establishment of a Multi-supplier Framework Contract for Minor / Intermediate Electrical Building Services Works,,Other,Building installation work.,buy_f2a240d905f9a696e2ed,The Courts Service,Ireland,2026-03-01,15.0,
CATEGORY_COHORT,56.86666666666667,Ireland,ten_e0c82f61f06d1f09ca04,Refurbishment of room within Terenure Enterprise Centre (TEC) and construction of new accessible wc.,,Other,Building installation work.,buy_10ccec68b9c0de8fb610,Community Enterprise Society CLG,Ireland,2026-02-04,15.0,
CATEGORY_COHORT,56.77,United Kingdom,ten_ac9b5cce5f401c5896b2,Building Management System,,Other,Building and facilities management services,buy_452d6cf0f265d337f028,BUCKINGHAMSHIRE HEALTHCARE NHS TRUST,United Kingdom,2026-05-21,15.0,
CATEGORY_COHORT,56.77,United Kingdom,ten_d4034fff17d6140196ea,Building Management System (BMS),,Other,Building and facilities management services,buy_a76e07647c4d12434758,Coventry University,United Kingdom,2026-04-29,15.0,
CATEGORY_COHORT,56.77,United Kingdom,ten_a7a36b85e2ae0c4ed15f,Notice of Award of Contracts under CHIC Total Facilities Management – DPS for Q3 of 2025/2026,,Other,Building and facilities management services,buy_11dc01a05cefba016133,Communities & Housing Investment Consortium Ltd (CHIC),United Kingdom,2026-04-29,15.0,
CATEGORY_COHORT,56.65166666666667,United Kingdom,ten_774a89ed48c129e34d97,Maintenance and Refurbishment Works - Void Properties,,Other,Refurbishment work,buy_56c4af56ced6b18dfda8,Renfrewshire Council,United Kingdom,2026-07-21,15.0,
CATEGORY_COHORT,56.65166666666667,United Kingdom,ten_c57fe0d627d9c2cbab9a,Refurbishment and Improvements works at Adams Building,,Other,Refurbishment work,buy_dc7011a19536395b7a0a,Nottingham College,United Kingdom,2026-07-17,15.0,
CATEGORY_COHORT,56.65166666666667,United Kingdom,ten_a0151addaa04b73d075f,"FEC 2996796 FE Colleges Sector Framework for Planned Preventative Maintenance, Response Maintenance and Minor Works",,Other,Refurbishment work,buy_b8951d973fbeb3d9b4fc,CPD - Construction Division,United Kingdom,2026-07-09,15.0,
CATEGORY_COHORT,56.63000000000001,United Kingdom,ten_7315c18fdcd1c2e5faea,Energy Loans and Grants Administration,,Other,Energy-efficiency consultancy services,buy_4f5b6403196c3bb275a2,Scottish Government,United Kingdom,2026-07-23,15.0,
CATEGORY_COHORT,56.63000000000001,United Kingdom,ten_4c2d5879083c5821be2b,ITT for Ofgem Energy Redress Application Assessment,,Other,Energy-efficiency consultancy services,buy_a1c04e0c1a306ede8833,Energy Saving Trust Ltd,United Kingdom,2026-07-20,15.0,
CATEGORY_COHORT,56.63000000000001,United Kingdom,ten_66a6cc03d08cf20e4564,Energy Consultancy,,Other,Energy-efficiency consultancy services,buy_b53a5d20e4ba712eeafd,Metropolitan Housing Trust Limited,United Kingdom,2026-06-22,15.0,
CATEGORY_COHORT,56.54166666666667,United Kingdom,ten_139f35d759c380c6bccd,Procurement of Electricity Supplies,,Other,Electricity,buy_18af16d515d55176895a,DELTA ACADEMIES TRUST,United Kingdom,2026-07-08,15.0,
CATEGORY_COHORT,56.54166666666667,United Kingdom,ten_d2ca4a378038596e0368,Utilities - Electricity Supply,,Other,Electricity,buy_146b22acfee00a630910,Cleveland Fire Authority,United Kingdom,2026-06-26,15.0,
CATEGORY_COHORT,56.54166666666667,United Kingdom,ten_463600aae5c0f61402f9,Supply of Electricity and Gas,,Other,Electricity,buy_58c51a33289f49c59488,Liverpool City Council,United Kingdom,2026-04-15,15.0,
CATEGORY_COHORT,56.51500000000001,Canada federal,ten_3d754b9fcf5431651a87,Installation and Configuration Services for IT Infrastructure Equipment,,Other,*Computer services,buy_17ae8f3fa59b203c0404,Courts Administration Service (CAS),Canada,2026-07-27,15.0,
CATEGORY_COHORT,56.51500000000001,Canada federal,ten_4d78374033fe1698f555,Notice of Proposed Procurement (NPP) - Application Services for One (1) Programmer / Software Developer and One (1) Web Graphics Designer,,Other,*Computer services,buy_73af9093eb082788092b,Department of National Defence (DND),Canada,2026-06-23,15.0,
CATEGORY_COHORT,56.51500000000001,Canada federal,ten_a9b179f35d930267c93e,IT Professional services for radar electronic warfare modelling & simulation,,Other,*Computer services,buy_73af9093eb082788092b,Department of National Defence (DND),Canada,2026-05-27,15.0,
CATEGORY_COHORT,56.49,Ireland,ten_2698aeac4936935e9506,2025 68 Single Supplier Framework Agreement for the Supply and Delivery of Lockers and Library Shelving 2 Lots,,Other,"Furniture (incl. office furniture), furnishings, domestic appliances (excl. lighting) and cleaning products.",buy_8d5dcbb537f8c2f8c303,Louth and Meath Education and Training Board 1384,Ireland,2026-02-25,15.0,
CATEGORY_COHORT,56.49,Ireland,ten_51e8dbfa9a90962265c2,"BE3704F- Multi Supplier Framework Agreement for the Supply, Delivery and Installation/Assembly of Loose Furniture for the Technological University Dublin.",,Other,"Furniture (incl. office furniture), furnishings, domestic appliances (excl. lighting) and cleaning products.",buy_5af3eed44adedc5c454a,Education Procurement Service (EPS),Ireland,2026-02-09,15.0,
CATEGORY_COHORT,56.49,Ireland,ten_49e071be4031efb04d43,Dublin Airport Mobile Device Charging Solution,,Other,"Furniture (incl. office furniture), furnishings, domestic appliances (excl. lighting) and cleaning products.",buy_eb523f6b2aa17741ef0b,daa plc,Ireland,2026-01-30,15.0,
CATEGORY_COHORT,56.470000000000006,United Kingdom,ten_67cb4c2c2c93d8491f27,Cost Management for UHMB Diagnostic Schemes,,Other,Quantity surveying services,buy_e4203431ceeeeccc60ca,University Hospitals of Morecambe Bay NHS Foundation Trust,United Kingdom,2026-07-31,15.0,
CATEGORY_COHORT,56.470000000000006,United Kingdom,ten_4d9b18886406cdf9a79a,Peabody Surveyor Services,,Other,Quantity surveying services,buy_a190ee670cad3fa80904,Peabody Trust,United Kingdom,2026-07-08,15.0,
CATEGORY_COHORT,56.470000000000006,United Kingdom,ten_cc68363e1ee5712f38c4,Cost Assessments Commercial Support,,Other,Quantity surveying services,buy_4857d250a9e86c08f0d6,Scottish Hydro Electric Transmission plc,United Kingdom,2026-06-24,15.0,
CATEGORY_COHORT,56.43666666666667,United Kingdom,ten_3b65c7930df156158616,Utilities - Gas Supply,,Other,"Petroleum products, fuel, electricity and other sources of energy",buy_146b22acfee00a630910,Cleveland Fire Authority,United Kingdom,2026-06-26,15.0,
CATEGORY_COHORT,56.43666666666667,United Kingdom,ten_e3c261e05e7bf641ce2f,Liquid Fuels,,Other,"Petroleum products, fuel, electricity and other sources of energy",buy_146b22acfee00a630910,Cleveland Fire Authority,United Kingdom,2026-05-20,15.0,
CATEGORY_COHORT,56.43666666666667,United Kingdom,ten_12fbd6ddb497a4204de5,Notice of Award of Contracts under CHIC Energy – DPS for Q3 of 2025/2026,,Other,"Petroleum products, fuel, electricity and other sources of energy",buy_11dc01a05cefba016133,Communities & Housing Investment Consortium Ltd (CHIC),United Kingdom,2026-04-29,15.0,
CATEGORY_COHORT,56.36833333333334,Ireland,ten_5ba89db81af09e380d81,"Project Management and Professional Services for Infrastructure Works, Restoration Measures and Associated Works on Raised Bogs and Blanket Bogs",,Other,Environmental engineering consultancy services.,buy_68c4c3dfb2694c432062,Department of Housing Local Government and Heritage,Ireland,2026-03-10,15.0,
CATEGORY_COHORT,56.36833333333334,Ireland,ten_5d47ba83dac61a8d563b,TR4159 ESB Ecology Services Framework,,Other,Environmental engineering consultancy services.,buy_0f93ec9ff2c172c2cfb3,Electricity Supply Board ( ESB ),Ireland,2026-03-02,15.0,
CATEGORY_COHORT,56.36833333333334,Ireland,ten_85e267a0fa107aecb25a,Provision of Services for Ecological/Hydrogeological Assessment and Management Plan for Ballynafagh Lake SAC,,Other,Environmental engineering consultancy services.,buy_18d77bf53870e3154204,Kildare County Council,Ireland,2026-01-30,15.0,
CATEGORY_COHORT,56.36,United Kingdom,ten_3cf03b53fd5a78445051,"Acquisitions, Disposals and Professional Property Services",,Other,Real estate services,buy_eeb842cd176deb96f605,Scottish Police Authority,United Kingdom,2026-06-08,15.0,
CATEGORY_COHORT,56.36,United Kingdom,ten_02ed7a5dbaaa36aa7285,DPS Ref: 879 Building in Use - Support Services,,Other,Real estate services,buy_bd0b471baa9a3c5f31df,THE BLUE KITE ACADEMY TRUST,United Kingdom,2026-06-08,15.0,
CATEGORY_COHORT,56.36,United Kingdom,ten_a2f89e3fca7c33b80914,Hemel Town Centre Masterplan,,Other,Real estate services,buy_46e1d7e429316c63dca6,Dacorum Borough Council,United Kingdom,2026-05-21,15.0,
CATEGORY_COHORT,56.351666666666674,United Kingdom,ten_8de0fd4b2ab032612f8a,Provision of Services for Events Framework Agreement,,Other,Event services,buy_1c96e1e827f14698511d,South Ayrshire Council,United Kingdom,2026-07-01,15.0,
CATEGORY_COHORT,56.351666666666674,United Kingdom,ten_3af07acc867b5c1b7a4d,"Event Production (staging, Public Address, Audio Visual, Power & Power distribution, Equipment)",,Other,Event services,buy_26ce463f8eefb6f29d15,Aberdeen City Council,United Kingdom,2026-06-22,15.0,
CATEGORY_COHORT,56.351666666666674,United Kingdom,ten_d60378f250073f5aaaf5,"CQC Exhibition Stand Build, Storage and Maintenance",,Other,Event services,buy_8fe9ae912735c572e6b5,Care Quality Commission,United Kingdom,2026-06-05,15.0,
CATEGORY_COHORT,56.318333333333335,United Kingdom,ten_c31632b6d7586e05dadc,Provision of Travel Management Services,,Other,Travel management services,buy_ffe7f982def3cd7fbcc5,University of Strathclyde,United Kingdom,2026-07-23,15.0,
CATEGORY_COHORT,56.318333333333335,United Kingdom,ten_b9426b6e16a4931be08f,Business Travel Management Services,,Other,Travel management services,buy_0fe1f0f791097b5930c4,DE MONTFORT UNIVERSITY,United Kingdom,2026-07-17,15.0,
CATEGORY_COHORT,56.318333333333335,United Kingdom,ten_cefa6656b18ab2fd0e02,Provision of the Parliamentary Travel Office,,Other,Travel management services,buy_87c29328dc38eafdf5e9,Corporate Officer of the House of Commons,United Kingdom,2026-07-01,15.0,
CATEGORY_COHORT,56.31000000000001,Ireland,ten_ce9210b4d5ad2ea3714e,The Department of Defence (Defence Forces) have a requirement for 1 New 4x4 Telescopic Material Handling Unit and accessories.,,Other,Transport equipment and auxiliary products to transportation.,buy_356fa32b2fbda15365fc,Irish Defence Forces,Ireland,2026-03-11,15.0,
CATEGORY_COHORT,56.31000000000001,Ireland,ten_0b610ab94a8fb0fc77b5,The Supply and Delivery of Automotive Filters for the Irish Defence Forces,,Other,Transport equipment and auxiliary products to transportation.,buy_356fa32b2fbda15365fc,Irish Defence Forces,Ireland,2026-02-17,15.0,
CATEGORY_COHORT,56.31000000000001,Ireland,ten_89081207ee6bd437213c,Supply and Delivery Of Miscellaneous Spare Parts,,Other,Transport equipment and auxiliary products to transportation.,buy_356fa32b2fbda15365fc,Irish Defence Forces,Ireland,2026-02-06,15.0,
CATEGORY_COHORT,56.30666666666668,United Kingdom,ten_6268978171b6c87b10d0,"Janet Courtney Hostel Refurbishment, Lerwick, Shetland - Architectural Services and Principal Designer",,Other,Architectural and related services,buy_31492b8cfa3bb68e7860,Shetland Islands Council,United Kingdom,2026-06-15,15.0,
CATEGORY_COHORT,56.30666666666668,United Kingdom,ten_359f7f5dafa43932ac51,Block 14 Refurb Full Service Architectural Fees,,Other,Architectural and related services,buy_0eef4cbf42adde3215f8,Isle of Wight,United Kingdom,2026-04-21,15.0,
CATEGORY_COHORT,56.30666666666668,United Kingdom,ten_53db56028fc1017ece75,4 year Framework Agreement for the provision of CDM Advisor services for new build housing,,Other,Architectural and related services,buy_d18b527f7fb08702bc68,Link Group,United Kingdom,2026-02-26,15.0,
CATEGORY_COHORT,56.288333333333334,United Kingdom,ten_d5e147de3a8b53d9c926,"Dell PC's, Laptops, Servers and Storage",,Other,Hardware,buy_ac54c8264db5a256a32a,SOMERSET NHS FOUNDATION TRUST,United Kingdom,2026-07-24,15.0,
CATEGORY_COHORT,56.288333333333334,United Kingdom,ten_732ecceb685d418753bf,Conference Room Hardware,,Other,Hardware,buy_ab893128644146192f18,Police And Crime Commissioner For Durham,United Kingdom,2026-07-15,15.0,
CATEGORY_COHORT,56.288333333333334,United Kingdom,ten_685e7e141c7ba3b3a93d,Provision of New IT Hardware,,Other,Hardware,buy_97fa7c6e50c9a7ebdeb6,Hull City Council,United Kingdom,2026-06-19,15.0,
CATEGORY_COHORT,56.22666666666667,United Kingdom,ten_290d416b9a2fd8cfd77d,UKRI-3652_022 Call-off Contract for Condition Survey Development Phase 2,,Other,Building services consultancy services,buy_080697350037fb530071,UK Research & Innovation (UKRI),United Kingdom,2026-07-09,15.0,
CATEGORY_COHORT,56.22666666666667,United Kingdom,ten_f2934dcc1d06882f955e,Clerk of Works at Marske Sands Development,,Other,Building services consultancy services,buy_f93915a11079c109e32c,Beyond Housing Limited,United Kingdom,2026-07-03,15.0,
CATEGORY_COHORT,56.22666666666667,United Kingdom,ten_0ed072ba550fb80a86c5,Cost Management and Contract Administration for the Therapies Building Project,,Other,Building services consultancy services,buy_452d6cf0f265d337f028,BUCKINGHAMSHIRE HEALTHCARE NHS TRUST,United Kingdom,2026-06-08,15.0,
CATEGORY_COHORT,56.13000000000001,United Kingdom,ten_ba0cdc5cd3ab6661d3a2,Handling of Recyclable Materials,,Other,Refuse recycling services,buy_2a391e891ed08050c96f,Colchester City Council,United Kingdom,2026-06-25,15.0,
CATEGORY_COHORT,56.13000000000001,United Kingdom,ten_01b971491197fd8cd8c1,Waste Management Services,,Other,Refuse recycling services,buy_b08991d4422a542910b2,The Wheatley Housing Group Limited,United Kingdom,2026-06-22,15.0,
CATEGORY_COHORT,56.13000000000001,United Kingdom,ten_669d09619f86d0a88eb8,Provision of a Material Collection Service (MCS) for West London Waste Authority,,Other,Refuse recycling services,buy_74f1c4070700ad18adf2,West London Waste Authority,United Kingdom,2026-04-28,15.0,
CATEGORY_COHORT,56.11333333333334,United Kingdom,ten_616b4aa8716bde6650b6,Domestic Electrical Services,,Other,Electrical services,buy_95f944b2d4c5c6c5077c,City of Doncaster Council,United Kingdom,2026-07-16,15.0,
CATEGORY_COHORT,56.11333333333334,United Kingdom,ten_3ecc14cde5a6c4361701,The Provision of Mechanical and Electrical Services,,Other,Electrical services,buy_9b33f4326224565a8a24,The City of Liverpool College,United Kingdom,2026-06-22,15.0,
CATEGORY_COHORT,56.11333333333334,United Kingdom,ten_bd27daf0f6ad3e33270b,PKC12940 Electric Vehicle Infrastructure,,Other,Electrical services,buy_dbdef90b3eaa282bfe09,Perth & Kinross Council,United Kingdom,2026-04-15,15.0,
CATEGORY_COHORT,56.098333333333336,United Kingdom,ten_117928295e6e15845c3e,Energy Supply to VOID Council Residential Homes,,Other,Energy and related services,buy_e5c874991fec7c977832,The City of Edinburgh Council,United Kingdom,2026-07-31,15.0,
CATEGORY_COHORT,56.098333333333336,United Kingdom,ten_99a4adf9312a1cca8a6b,Gas Supply,,Other,Energy and related services,buy_ab893128644146192f18,Police And Crime Commissioner For Durham,United Kingdom,2026-06-15,15.0,
CATEGORY_COHORT,56.098333333333336,United Kingdom,ten_f2b6280c28665370ebd8,Call-off Contract Oldham Low Carbon Heat Network Commercialisation,,Other,Energy and related services,buy_e0b18308159b91893cf9,Oldham Metropolitan Borough Council,United Kingdom,2026-06-12,15.0,
CATEGORY_COHORT,56.074999999999996,Ireland,ten_e48b2b5f8d9be5cb4b30,FSU080F-5-4 Mini Competition for Managed Security Services for The Land Development Agency - Lot 5,,Other,Closed-circuit television cameras.,buy_860d15b68965ace7f85c,The Office of Government Procurement,Ireland,2026-03-31,15.0,
CATEGORY_COHORT,56.074999999999996,Ireland,ten_ffdf850ff13f524fd0dc,Security Services,,Other,Closed-circuit television cameras.,buy_db27443c4675273ac139,Dundalk Institute of Technology,Ireland,2026-03-19,15.0,
CATEGORY_COHORT,56.074999999999996,Ireland,ten_3042d9f25d543cf8f22c,Provision of Security Services for Teagasc – the Agriculture and Food Development Authority,,Other,Closed-circuit television cameras.,buy_860d15b68965ace7f85c,The Office of Government Procurement,Ireland,2026-03-19,15.0,
CATEGORY_COHORT,56.05333333333334,Ireland,ten_db40636a053c233ac699,"MEchanical Upgrade Works to Our Lady of Meadows School, Durrow, Co. Laois. R32 FW18",,Other,Mechanical installations.,buy_f328290ce88fb610ee4f,Our Lady’s Meadow Primary School,Ireland,2026-03-19,15.0,
CATEGORY_COHORT,56.05333333333334,Ireland,ten_0972d7db35b70903a6a8,Tender for Installation and Upgrade of Air Compressors + Aeration Blowers at Medite Europe DAC,,Other,Mechanical installations.,buy_d5fa0779f1dd70d698fb,Medite Europe DAC,Ireland,2026-02-23,15.0,
CATEGORY_COHORT,56.05333333333334,Ireland,ten_ca3245cb5353f133cd20,"St. Vincent’s Secondary School, St. Mary’s Road, Cork – EWS Heating Replacement",,Other,Mechanical installations.,buy_cb8796b7b60c65a4fd6c,St. Vincent's Secondary School (Cork),Ireland,2026-02-11,15.0,
CATEGORY_COHORT,56.02666666666667,Canada federal,ten_f1135926b4cc7e59067d,TBIPS - I.11 Technology Architect – Level 3,,Other,*Information Technology Service Delivery,buy_73af9093eb082788092b,Department of National Defence (DND),Canada,2026-07-22,15.0,
CATEGORY_COHORT,56.02666666666667,Canada federal,ten_99aaf13be66cf5f1f06d,TBIPS - I.10. Technical Architects,,Other,*Information Technology Service Delivery,buy_73af9093eb082788092b,Department of National Defence (DND),Canada,2026-07-15,15.0,
CATEGORY_COHORT,56.02666666666667,Canada federal,ten_3ad6787c6ecd8ae61775,Classified Solutions Modernization - DFATD,,Other,*Information Technology Service Delivery,buy_724fa8459a3d3d63ce6f,"Department of Foreign Affairs, Trade and Development (GAC)",Canada,2026-06-08,15.0,
CATEGORY_COHORT,56.025000000000006,United Kingdom,ten_78bf4c68634f339c0169,FRA Works,,Other,Electrical installation work,buy_8f40504a1bb71b20f3f7,STOCKPORT HOMES LIMITED,United Kingdom,2026-06-22,15.0,
CATEGORY_COHORT,56.025000000000006,United Kingdom,ten_605db977b96313366864,Beckingham Camp_Electrical Intake Upgrades to support DNO upgrades,,Other,Electrical installation work,buy_75b0676d59b8ca22663d,Ministry of Defence,United Kingdom,2026-06-19,15.0,
CATEGORY_COHORT,56.025000000000006,United Kingdom,ten_938a5751cbd37519edc6,LED Lighting - Royal Lancaster Infirmary,,Other,Electrical installation work,buy_e4203431ceeeeccc60ca,University Hospitals of Morecambe Bay NHS Foundation Trust,United Kingdom,2026-02-18,15.0,
CATEGORY_COHORT,56.02000000000001,United Kingdom,ten_85a5c150ad2f393d9104,Aseptically Prepared Dosebanded Medicines 2022,,Other,Pharmaceutical products,buy_682d637214d41ea8331d,HealthTrust Europe LLP (HTE) Acting On Behalf of University Hospital Coventry and Warwickshire,United Kingdom,2026-07-30,15.0,
CATEGORY_COHORT,56.02000000000001,United Kingdom,ten_ebb418a0139cb4aeb640,NP39726 Generic and Biosimilar Cancer Medicines,,Other,Pharmaceutical products,buy_e7b16d58501e0fd8c1bd,The Common Services Agency (more commonly known as Public Services Delivery Scotland) (PSD Scotland),United Kingdom,2026-07-24,15.0,
CATEGORY_COHORT,56.02000000000001,United Kingdom,ten_b301a89b2e1efd4acf92,Intravenous & Topical Fluids,,Other,Pharmaceutical products,buy_9ffc45a73f9ede19ff3e,"The Common Services Agency (more commonly known as NHS National Services Scotland) (""NSS"")",United Kingdom,2026-06-26,15.0,
CATEGORY_COHORT,56.013333333333335,United Kingdom,ten_c7f24cbcda333b0be0e4,FRAMEWORK AGREEMENT FOR MULTI-DISCIPLINE DESIGN SERVICES,,Other,Design consultancy services,buy_a5e91016697f83289ab6,NHS Grampian,United Kingdom,2026-06-02,15.0,
CATEGORY_COHORT,56.013333333333335,United Kingdom,ten_18219246ea20b8d1b6a6,Mull Vessel Concept Design,,Other,Design consultancy services,buy_7fbce42370e78a9a360e,Caledonian Maritime Assets Ltd (Utility),United Kingdom,2026-05-20,15.0,
CATEGORY_COHORT,56.013333333333335,United Kingdom,ten_4f24e2e92d807f6807b7,BLACKPOOL SOUTH SHORE AND MANCHESTER SQUARE OBC STUDIES,,Other,Design consultancy services,buy_0310eeb6cc80f7b6def6,BLACKPOOL COUNCIL,United Kingdom,2026-04-30,15.0,
CATEGORY_COHORT,55.98500000000001,United Kingdom,ten_d19a055f22f159d4fb32,DCAF - Secure Transport and Escort of Children to Scottish Ministers,,Other,Special-purpose road passenger-transport services,buy_4f5b6403196c3bb275a2,Scottish Government,United Kingdom,2026-07-06,15.0,
CATEGORY_COHORT,55.98500000000001,United Kingdom,ten_7bf4d25374cab982fc45,"CC/7351 Brunner Hall, 84B Greys Road, Henley-on-Thames, RG9 1TF (Lot 1)",,Other,Special-purpose road passenger-transport services,buy_8e12ae8c31e5e86ea1bb,West Berkshire Council,United Kingdom,2026-05-20,15.0,
CATEGORY_COHORT,55.98500000000001,United Kingdom,ten_5117763643ada1799757,CC/7344 - Greenfield House RG31 4XD & The Phoenix Centre RG14 7EB (Lot 1),,Other,Special-purpose road passenger-transport services,buy_8e12ae8c31e5e86ea1bb,West Berkshire Council,United Kingdom,2026-05-20,15.0,
CATEGORY_COHORT,55.95166666666667,United Kingdom,ten_0c15500ac0d3f5d21c1f,Carbon Calculator for Windfarms on Scottish Peatlands,,Other,"Agricultural, forestry, horticultural, aquacultural and apicultural services",buy_4f5b6403196c3bb275a2,Scottish Government,United Kingdom,2026-07-06,15.0,
CATEGORY_COHORT,55.95166666666667,United Kingdom,ten_e6ecd52ce93d8ec07019,Grounds Maintenance,,Other,"Agricultural, forestry, horticultural, aquacultural and apicultural services",buy_f0ddb2df7011037330df,LOCAL SPACE,United Kingdom,2026-05-07,15.0,
CATEGORY_COHORT,55.95166666666667,United Kingdom,ten_94592bdd1488b080a561,YPO - 000881 Ground Maintenance Services,,Other,"Agricultural, forestry, horticultural, aquacultural and apicultural services",buy_ed0cb20dc3c7f83436f7,YPO,United Kingdom,2026-04-17,15.0,
CATEGORY_COHORT,55.858333333333334,United Kingdom,ten_5e396a43307de300fb6b,Disagreement Resolution and Mediation Service Southwest Region,,Other,Welfare services for children and young people,buy_945324be357abab8f395,Somerset Council,United Kingdom,2026-07-28,15.0,
CATEGORY_COHORT,55.858333333333334,United Kingdom,ten_78faddc06e777006f682,Fostering & Continuing Care Services for Children and Young People,,Other,Welfare services for children and young people,buy_cfacd5aa1e25aa12bbc6,West Dunbartonshire Council,United Kingdom,2026-07-10,15.0,
CATEGORY_COHORT,55.858333333333334,United Kingdom,ten_00254df37e3ef01420be,What Would It Take? Community Support for Children Affected by Disabilities,,Other,Welfare services for children and young people,buy_cfacd5aa1e25aa12bbc6,West Dunbartonshire Council,United Kingdom,2026-07-03,15.0,
CATEGORY_COHORT,55.848333333333336,United Kingdom,ten_e33046d32102c829883a,All Bereavement Service - Redbridge and Waltham Forest,,Other,Counselling services,buy_b402077ba0b4349ffada,NHS North East London Integrated Care Board,United Kingdom,2026-07-28,15.0,
CATEGORY_COHORT,55.848333333333336,United Kingdom,ten_7ec50ed893ab96281db0,Multilingual Counselling for Croydon Talking Therapies,,Other,Counselling services,buy_f0c86cdded54c635729d,South London and Maudsley NHS Foundation Trust,United Kingdom,2026-07-16,15.0,
CATEGORY_COHORT,55.848333333333336,United Kingdom,ten_59955b1985a1710243e0,EDC/2025/4334 School Counselling Service,,Other,Counselling services,buy_ff7c3f215a2988ebfcf5,East Dunbartonshire Council,United Kingdom,2026-07-07,15.0,
CATEGORY_COHORT,55.66333333333334,Ireland,ten_da8ff77474e3b5af918a,"Single-party framework agreement for the Acquisition, delivery, installation and maintenance of hardware and software of CASPIr Supercomputer",,Other,"Office and computing machinery, equipment and supplies except furniture and software packages.",buy_dd50daa303ea980db923,University of Galway (ID 1400),Ireland,2026-03-30,15.0,
CATEGORY_COHORT,55.66333333333334,Ireland,ten_3f9a8d43ae952334a76b,"The Supply, Delivery and Installation(Assembly) of English Language Lab Pods(Complete Units) and Acoustic Ceiling Panels for Tipperary Education and Training FET Thurles and Clonmel",,Other,"Office and computing machinery, equipment and supplies except furniture and software packages.",buy_5faa0b07a6671966d56c,Tipperary Education and Training Board,Ireland,2026-03-18,15.0,
CATEGORY_COHORT,55.66333333333334,Ireland,ten_d5aa677aefaf6be403e3,Request for Tenders for the Provision of Thin Client Devices.,,Other,"Office and computing machinery, equipment and supplies except furniture and software packages.",buy_7d5da96dae82aea90677,Office of the Revenue Commissioners,Ireland,2026-03-06,15.0,
CATEGORY_COHORT,55.620000000000005,Ireland,ten_3487991b55aa74134c6f,VD 01/26 Site Investigation Works - Offaly West,,Other,Ground investigation work.,buy_193a3ed6e05a334e2bbc,Bord na Móna PLC,Ireland,2026-03-03,15.0,
CATEGORY_COHORT,55.620000000000005,Ireland,ten_694909b7ce16e8a87536,Dublin City Council Contract for Sandymount Flood Alleviation Scheme – Drainage Network Survey,,Other,Ground investigation work.,buy_776029063437768e428f,Dublin City Council,Ireland,2026-02-17,15.0,
CATEGORY_COHORT,55.620000000000005,Ireland,ten_d4a56908f209fd24c9f3,Galway City Council - Multi Party Framework for Site Investigation Services and Works,,Other,Ground investigation work.,buy_422269512876a365c8a3,Galway City Council,Ireland,2026-02-16,15.0,
CATEGORY_COHORT,55.53333333333334,United Kingdom,ten_64b807c05ece7163250e,Water Hygiene and Legionella Management Services,,Other,Health and safety services,buy_6a80726980e3fb4a6f0e,Dorset & Wiltshire Fire and Rescue Authority,United Kingdom,2026-07-28,15.0,
CATEGORY_COHORT,55.53333333333334,United Kingdom,ten_54979ce514c8426e428d,DSE Assessments and Equipment,,Other,Health and safety services,buy_808734143cc1fa8bdda2,WAYTHROUGH,United Kingdom,2026-06-11,15.0,
CATEGORY_COHORT,55.53333333333334,United Kingdom,ten_1c5b5834c3985f046051,Provision of Health and Safety Software,,Other,Health and safety services,buy_5e5b17cfa3e349defcf1,Government Internal Audit Agency,United Kingdom,2026-06-09,15.0,
CATEGORY_COHORT,55.35833333333334,Ireland,ten_ca3af2c98a3ae00a9fc5,"Roofing works at EPA Johnstown Castle, Co. Wexford",,Other,Construction structures and materials; auxiliary products to construction (excepts electric apparatus).,buy_5167087cb714a538f1d3,Environmental Protection Agency,Ireland,2026-03-31,15.0,
CATEGORY_COHORT,55.35833333333334,Ireland,ten_077b48b9a275d3ad00ce,Comeragh Pods Expansion - Supplies,,Other,Construction structures and materials; auxiliary products to construction (excepts electric apparatus).,buy_2a00f99966d09740e620,P.T. Quinlan Ltd,Ireland,2026-03-10,15.0,
CATEGORY_COHORT,55.35833333333334,Ireland,ten_6ae8855da8902102919a,Comeragh Pods Expansion (Supplies),,Other,Construction structures and materials; auxiliary products to construction (excepts electric apparatus).,buy_2a00f99966d09740e620,P.T. Quinlan Ltd,Ireland,2026-03-09,15.0,
CATEGORY_COHORT,55.215,United Kingdom,ten_003397314f07a03744d3,Browns Books Library Services E-Book Tender Call Off,,Other,Subscription services,buy_a76e07647c4d12434758,Coventry University,United Kingdom,2026-06-25,15.0,
CATEGORY_COHORT,55.215,United Kingdom,ten_a18623f9175cf1fcb60c,Libraries Scotland eNewspapers and eMagazines,,Other,Subscription services,buy_8356b8e7148640b78fb2,Scottish Library and Information Council,United Kingdom,2026-06-19,15.0,
CATEGORY_COHORT,55.215,United Kingdom,ten_6a566164335a447f58ee,Oxford University Press (OUP) Read and Publish 2026-2028 (JISC),,Other,Subscription services,buy_ffe7f982def3cd7fbcc5,University of Strathclyde,United Kingdom,2026-06-12,15.0,
CATEGORY_COHORT,55.201666666666675,United Kingdom,ten_2bfde3d17fe963e257ba,Cash Collection and Cash and Valuables in Transit,,Other,Banking services,buy_fe237724276ebeab3d2f,Dudley Metropolitan Borough Council,United Kingdom,2026-07-31,15.0,
CATEGORY_COHORT,55.201666666666675,United Kingdom,ten_f17ffd4817d209b47413,Contract Extension Payment card services,,Other,Banking services,buy_f4ff1ffa563e465e36ab,Ministry of Justice,United Kingdom,2026-06-16,15.0,
CATEGORY_COHORT,55.201666666666675,United Kingdom,ten_8b2ea04bd0f0710ac288,The Provision of Banking Services,,Other,Banking services,buy_bc4de57ccd02ba83764d,Leeds City Council,United Kingdom,2026-03-31,15.0,
CATEGORY_COHORT,55.185,Ireland,ten_ac7a15ace33249107352,Single Party Framework Agreement for Statutory Audit and Taxation Services,,Other,"Accounting, auditing and fiscal services.",buy_82a55c5cdb3dd87f7505,Irish National Stud DAC,Ireland,2026-03-25,15.0,
CATEGORY_COHORT,55.185,Ireland,ten_581a99a798b55b7af79d,"Request for Tender for the Provision of Statutory Audit Services, Company Secretarial Services and Advisory Services",,Other,"Accounting, auditing and fiscal services.",buy_b4129965b9a15a9f0cba,Clare County Council,Ireland,2026-03-23,15.0,
CATEGORY_COHORT,55.185,Ireland,ten_a0f265faec5fa4cafe10,"2025PR056 RFT for the provision of Tax Advisory and Tax Compliance services to the NTMA, HBFI and the SBCI",,Other,"Accounting, auditing and fiscal services.",buy_5f71f3c9971456a3fd4d,National Treasury Management Agency (NTMA),Ireland,2026-01-12,15.0,
CATEGORY_COHORT,55.053333333333335,Ireland,ten_ff8a31d978e6e45efeb0,"Pro346 - Provision of Safety, Health, Environmental and Quality (SHEQ) Auditing Services to the Land Development Agency (LDA)",,Other,Health and safety services.,buy_1cd83c0bd8ec52643b0e,The Land Development Agency,Ireland,2026-03-17,15.0,
CATEGORY_COHORT,55.053333333333335,Ireland,ten_24064ca135fd2f9a4684,A11 Health and Safety Advisor,,Other,Health and safety services.,buy_356fa32b2fbda15365fc,Irish Defence Forces,Ireland,2026-03-12,15.0,
CATEGORY_COHORT,55.053333333333335,Ireland,ten_2daf351e7f991350d35b,"HSE Estates NW: Delivery of Fire Safety Training Service Contract Tender package for HSE North West - Donegal, Sligo, Leitrim and West Cavan",,Other,Health and safety services.,buy_a53a2075be8b016ee75b,Health Service Executive (HSE),Ireland,2026-03-03,15.0,
CATEGORY_COHORT,55.02333333333333,Ireland,ten_0aee3e9c95fa37d8135d,Request for Quote for Professional Property Valuation Service,,Other,Real estate services.,buy_295fe777c1b4035f74ec,Department of Social Protection,Ireland,2026-03-23,15.0,
CATEGORY_COHORT,55.02333333333333,Ireland,ten_2d5554b73148f220ea45,Annual Total Cost of Development Study,,Other,Real estate services.,buy_68c4c3dfb2694c432062,Department of Housing Local Government and Heritage,Ireland,2026-02-26,15.0,
CATEGORY_COHORT,55.02333333333333,Ireland,ten_10713d2e141727faa180,"Provision of Valuation and, Marketing and Sales Services for Property and Land in County Carlow.",,Other,Real estate services.,buy_b431e9dfa98a009341da,Carlow County Council,Ireland,2026-02-09,15.0,
CATEGORY_COHORT,54.97833333333333,Ireland,ten_c146e8097e645d012c6f,"RFT for the continuation of pilot caseworker services by organisations involved in emergency food provision in the regions of Dublin, Cork, Limerick, and their environs",,Other,Health and social work services.,buy_295fe777c1b4035f74ec,Department of Social Protection,Ireland,2026-02-06,15.0,
CATEGORY_COHORT,54.97833333333333,Ireland,ten_04d304582ce4b30ebaad,NAT-25-2392 Panel for Occupational Therapist Services to Carlow County Council,,Other,Health and social work services.,buy_b431e9dfa98a009341da,Carlow County Council,Ireland,2026-02-03,15.0,
CATEGORY_COHORT,54.97833333333333,Ireland,ten_cfcf4c0623704c2b40af,HSE 28162 Authorisation Scheme for the Provision of Home Support Services - Round 3,,Other,Health and social work services.,buy_a53a2075be8b016ee75b,Health Service Executive (HSE),Ireland,2026-02-02,15.0,
CATEGORY_COHORT,54.96500000000001,Canada federal,ten_37fbe0d6e8492a041da7,Forklift Truck,,Other,*Forklifts,buy_4e5eb156769d319dbfef,Department of Natural Resources (NRCan),Canada,2026-07-15,15.0,
CATEGORY_COHORT,54.96500000000001,Canada federal,ten_b11cac1427186f1c32bb,K8D10-251226 SOL B-Electric Forklift,,Other,*Forklifts,buy_0607a8a09c35020b4e75,Department of Public Works and Government Services (PSPC),Canada,2026-04-01,15.0,
CATEGORY_COHORT,54.96500000000001,Canada federal,ten_7b7cee8d8c33c80313bd,Propane Engine Forklift - RCH,,Other,*Forklifts,buy_b9172563222715d8f59f,Department of Fisheries and Oceans (DFO),Canada,2026-03-06,15.0,
CATEGORY_COHORT,54.95166666666667,United Kingdom,ten_d9864ee33ad43ab865a3,ng homes: Mechanical & Electrical Services Maintenance Contract,,Other,Repair and maintenance services of electrical and mechanical building installations,buy_67c4114caac688047e52,ng homes,United Kingdom,2026-07-10,15.0,
CATEGORY_COHORT,54.95166666666667,United Kingdom,ten_dbe5793365e29682f8f7,Zehnder Air Filters Maintenance,,Other,Repair and maintenance services of electrical and mechanical building installations,buy_e7b16d58501e0fd8c1bd,The Common Services Agency (more commonly known as Public Services Delivery Scotland) (PSD Scotland),United Kingdom,2026-06-10,15.0,
CATEGORY_COHORT,54.95166666666667,United Kingdom,ten_c6e268685910483dadef,Maintenance of Building Management System (Hospital and SC),,Other,Repair and maintenance services of electrical and mechanical building installations,buy_bb5f2bc0a62ca4466553,NHS Golden Jubilee,United Kingdom,2026-05-25,15.0,
CATEGORY_COHORT,54.945,United Kingdom,ten_eb67a018444e54ea76c9,HR Advertising Services,,Other,Advertising services,buy_a5c0512212e6ffbd8d17,Civil Nuclear Police Authority,United Kingdom,2026-07-28,15.0,
CATEGORY_COHORT,54.945,United Kingdom,ten_44ab019b6cc27971136c,Provision of Media Advertising Services,,Other,Advertising services,buy_1c96e1e827f14698511d,South Ayrshire Council,United Kingdom,2026-05-15,15.0,
CATEGORY_COHORT,54.945,United Kingdom,ten_a77d106448094ab2450d,Provision of Advertising Agent Services,,Other,Advertising services,buy_0a043bb5caf18ff37a9f,Argyll and Bute Council,United Kingdom,2026-04-13,15.0,
CATEGORY_COHORT,54.94333333333334,United Kingdom,ten_458dc0bf32715f461784,WCC P547 Contract for Water Retail Services,,Other,Water distribution and related services,buy_bf8707993305270b974b,Westminster City Council,United Kingdom,2026-05-08,15.0,
CATEGORY_COHORT,54.94333333333334,United Kingdom,ten_b89055d5d0d5526aec71,"Supply of Water, Wastewater and Ancillary Services",,Other,Water distribution and related services,buy_dba756f02bf3866f8366,Sheffield City Council,United Kingdom,2026-02-12,15.0,
CATEGORY_COHORT,54.94333333333334,United Kingdom,ten_0180bf82594bc9409472,"Water, Wastewater and Ancillary Services",,Other,Water distribution and related services,buy_29b4fe632131afa7e1da,The Police & Crime Commissioner for Sussex,United Kingdom,2025-12-30,15.0,
CATEGORY_COHORT,54.91666666666667,Canada federal,ten_adebad8e86c34437b779,K'alemi Dene School Planning and Design,,Other,*Architectural engineering,buy_fbfe072526fa9b1b9e3f,Government of the Northwest Territories (GNWT),Canada,2026-07-27,15.0,
CATEGORY_COHORT,54.91666666666667,Canada federal,ten_63e6f1c9eabac75ebc1c,EB144-270014 - SABS Lauzier Building Fit-up and Warehouse Design Services – NB,,Other,*Architectural engineering,buy_0607a8a09c35020b4e75,Department of Public Works and Government Services (PSPC),Canada,2026-06-25,15.0,
CATEGORY_COHORT,54.91666666666667,Canada federal,ten_cfa8e6d2ad0c022e320c,"EW038-261471_Architecture and Engineering Services for ECCC Antenna Tower Inuvik Upper Air Station,NT",,Other,*Architectural engineering,buy_0607a8a09c35020b4e75,Department of Public Works and Government Services (PSPC),Canada,2026-06-14,15.0,
CATEGORY_COHORT,54.85833333333334,United Kingdom,ten_d6470df8f28af756e6c7,"SERVICES FOR PRE-CHOREOGRAPHED GROUP FITNESS PROGRAMMES AND ASSOCIATED TRAINING, EDUCATION AND LICENSING MATERIALS.",,Other,"Recreational, cultural and sporting services",buy_d6a552be551e7e680ae0,Glasgow Life (Culture & Sport Glasgow),United Kingdom,2026-06-01,15.0,
CATEGORY_COHORT,54.85833333333334,United Kingdom,ten_f990d820d4e4118eb3f8,Holiday Activities and Food (HAF) services DPS (SC240025),,Other,"Recreational, cultural and sporting services",buy_8ad1636769911c754b43,Kent County Council,United Kingdom,2026-05-29,15.0,
CATEGORY_COHORT,54.85833333333334,United Kingdom,ten_6c05a1c675778af3a64c,Healthy living partnering project – re-issue of contract award notice,,Other,"Recreational, cultural and sporting services",buy_946d4bf6745bd3491477,Bridgend County Borough Council,United Kingdom,2025-11-26,15.0,
CATEGORY_COHORT,54.836666666666666,United Kingdom,ten_f82d8942f90171f5c25e,Deer Larder Waster Management,,Other,Forestry services,buy_cca98cc69febcb69e9ca,Forestry and Land Scotland,United Kingdom,2026-06-23,15.0,
CATEGORY_COHORT,54.836666666666666,United Kingdom,ten_d8d6e897d59176b5c761,Invasive Vegetation Control (IVC) Dynamic Purchasing System (DPS),,Other,Forestry services,buy_cca98cc69febcb69e9ca,Forestry and Land Scotland,United Kingdom,2026-05-06,15.0,
CATEGORY_COHORT,54.836666666666666,United Kingdom,ten_1497865ad1236064543b,Specialised Peatland Restoration Dynamic Purchasing System (DPS),,Other,Forestry services,buy_cca98cc69febcb69e9ca,Forestry and Land Scotland,United Kingdom,2026-05-06,15.0,
CATEGORY_COHORT,54.76999999999999,Ireland,ten_2d501302621e6ffa68e1,Multi Disciplined Design Team Consultancy Services - Carlingford Greenway Coastal Erosion 2026,,Other,"Feasibility study, advisory service, analysis.",buy_dfdbeba4cc7481ab2061,Louth County Council,Ireland,2026-03-27,15.0,
CATEGORY_COHORT,54.76999999999999,Ireland,ten_9b06a0b88d861f093777,"Provision of Management Plan Screenings and Assessments for Development of Multi-access Connection Griston Bog to Ballylanders, Co Limerick.",,Other,"Feasibility study, advisory service, analysis.",buy_42a8a36ad7e68ff29dee,Ballyhoura Development CLG,Ireland,2026-03-12,15.0,
CATEGORY_COHORT,54.76999999999999,Ireland,ten_fb43bb2e3ad2940c8304,Irish National Opera Project Management/QS Services Procurement of an Integrated Design Team for Refurbishment Works of Property,,Other,"Feasibility study, advisory service, analysis.",buy_0b9e8eaac61472e09eac,Irish National Opera clg,Ireland,2026-01-20,15.0,
CATEGORY_COHORT,54.768333333333345,United Kingdom,ten_f2d85746325fc5a43cb5,Fire and Emergency Lighting Systems Maintenance and Repairs,,Other,Repair and maintenance services of firefighting equipment,buy_23306dc6ce765edca070,Albyn Housing Society Limited,United Kingdom,2026-06-05,15.0,
CATEGORY_COHORT,54.768333333333345,United Kingdom,ten_d56488243f955e3dbbc5,Fire and Emergency Lighting Systems Maintenance and Repairs,,Other,Repair and maintenance services of firefighting equipment,buy_23306dc6ce765edca070,Albyn Housing Society Limited,United Kingdom,2026-06-05,15.0,
CATEGORY_COHORT,54.768333333333345,United Kingdom,ten_7e17e16f9921362490cc,"BaDC-1568 Further Competition for Servicing, Maintenance and Repairs of Fire & Intruder Alarms, Emergency Lighting and Fire Protection Equipment for Bassetlaw District Council",,Other,Repair and maintenance services of firefighting equipment,buy_eee24a4823ba2104efa7,Bassetlaw District Council,United Kingdom,2026-05-21,15.0,
CATEGORY_COHORT,54.63333333333334,Ireland,ten_a27ae0705333534ba924,PEACEPLUS Multicultural / Inter - Cultural Programme,,Other,Provision of services to the community.,buy_dfdbeba4cc7481ab2061,Louth County Council,Ireland,2026-02-19,15.0,
CATEGORY_COHORT,54.63333333333334,Ireland,ten_6ea0ff7aa15d05f0a9a3,Provision of services for a community-led design and delivery of a multi-day EU funded food heritage festival under the SLOWTOUR project delivered by Limerick City and County Council (LCCC),,Other,Provision of services to the community.,buy_bf51adb7eb2f87c39acf,Limerick City and County Council,Ireland,2026-01-27,15.0,
CATEGORY_COHORT,54.63333333333334,Ireland,ten_de0f7a71498a297c8833,"Donegal County Council, Social Participation and Combating Exclusion, SPACE, Countywide PEACEPLUS Programme",,Other,Provision of services to the community.,buy_44ced8627c14aa20deed,Donegal County Council,Ireland,2026-01-08,15.0,
CATEGORY_COHORT,54.61166666666667,Ireland,ten_4a2684a255b28dfbe5fb,WCCC26 124 Environmental Consultants Services,,Other,"Architectural, engineering and planning services.",buy_bc274bc0853d9d323913,Waterford City and County Council,Ireland,2026-03-10,15.0,
CATEGORY_COHORT,54.61166666666667,Ireland,ten_c9bbbe1529bd1ecddfb5,The provision of Town Planning / Environmental Specialist Consultancy Services to carry out Strategic Environmental Assessment and Appropriate Assessment of Wicklow County Council plans and strategies,,Other,"Architectural, engineering and planning services.",buy_05cac8debbc19bea0271,Wicklow County Council,Ireland,2026-03-02,15.0,
CATEGORY_COHORT,54.61166666666667,Ireland,ten_0a0995e3ef952cc7b32b,"Provision of engineering and design services for the removal of boardwalk, reinstatement of a new walkway, upgrading of gravel path at Pollardstown Fen, Co Kildare",,Other,"Architectural, engineering and planning services.",buy_68c4c3dfb2694c432062,Department of Housing Local Government and Heritage,Ireland,2026-02-17,15.0,
CATEGORY_COHORT,54.60166666666667,Canada federal,ten_690c19faa76a587bdbbf,2026-0030 - RP Cultural Safety Program Evaluation,,Other,*Project monitoring and evaluation,buy_e337f15379dee125e90e,Workers Safety and Compensation Commission (WSCC),Canada,2026-07-28,15.0,
CATEGORY_COHORT,54.60166666666667,Canada federal,ten_5ef43d755923737e055a,RFP Northern Indigenous Economic Opportunities Program Evaluation,,Other,*Project monitoring and evaluation,buy_6a2673bfefdfead1e01f,Canadian Northern Economic Development Agency (CanNor),Canada,2026-07-23,15.0,
CATEGORY_COHORT,54.60166666666667,Canada federal,ten_3f6d5ef3f929f1c9af4e,Evaluation Services for the InnoVet-AMR 2.0 program,,Other,*Project monitoring and evaluation,buy_649a945d72b88b38d49a,International Development Research Centre (IDRC),Canada,2026-06-02,15.0,
CATEGORY_COHORT,54.491666666666674,United Kingdom,ten_2b1632cfea8a75361822,Framework Agreement for the Provision of Pest Control Services,,Other,Pest-control services,buy_8b923c2379d10e7fce78,Tayside Contracts,United Kingdom,2026-07-15,15.0,
CATEGORY_COHORT,54.491666666666674,United Kingdom,ten_949831789854ea2ffee9,Hawking pest control (Use of a hawk for bird control) at Banchory and Ellon Waste Transfer Stations,,Other,Pest-control services,buy_0718ee83bc174837cbdc,Aberdeenshire Council,United Kingdom,2026-05-20,15.0,
CATEGORY_COHORT,54.491666666666674,United Kingdom,ten_93601e5cba2888ccc355,Pest Control Services,,Other,Pest-control services,buy_c8ebe1824d4a8a4c6465,Moat Homes Limited,United Kingdom,2026-05-11,15.0,
CATEGORY_COHORT,54.49166666666667,United Kingdom,ten_14488a88ff6f1e0506ab,Belmont Cinema Refurbishment - design team procurement,,Other,Architectural design services,buy_347fbff1f3dea84c3d9b,Belmont Community Cinema,United Kingdom,2026-07-15,15.0,
CATEGORY_COHORT,54.49166666666667,United Kingdom,ten_483cee86216b99fa54b4,Sleep Studies and LTV - Design,,Other,Architectural design services,buy_8d323116364b9e788644,Chelsea and Westminster Hospital NHS Foundation Trust,United Kingdom,2026-06-29,15.0,
CATEGORY_COHORT,54.49166666666667,United Kingdom,ten_d5bb38381c70e28e317d,Tarbert Heritage Scheme – Design Team Framework,,Other,Architectural design services,buy_0a043bb5caf18ff37a9f,Argyll and Bute Council,United Kingdom,2026-04-27,15.0,
CATEGORY_COHORT,54.36000000000001,Ireland,ten_337609e28d627339e5a6,Upgrade of HVAC system - NML,,Other,Industrial machinery.,buy_9557d6a6a8a63514e37e,National Standards Authority of Ireland (NSAI),Ireland,2026-01-30,15.0,
CATEGORY_COHORT,54.36000000000001,Ireland,ten_4f795ec7d31918825020,"RFT for For the Supply, Delivery, Installation and Commissioning of a Direct-Drive Dual-Mill Pulverising System (Pellet-to-Powder)",,Other,Industrial machinery.,buy_67e0894450dbe927d724,Platinum Tanks Ltd.,Ireland,2026-01-20,15.0,
CATEGORY_COHORT,54.36000000000001,Ireland,ten_e0cfe18ccc1cfc31af4e,WCCC25 571 Purchase of Vacuum Truck Gully Sucker,,Other,Industrial machinery.,buy_bc274bc0853d9d323913,Waterford City and County Council,Ireland,2026-01-15,15.0,
CATEGORY_COHORT,54.33833333333334,United Kingdom,ten_eec53d7fa640582c5a62,The Provision of Multifunctional Print Devices and Associated Digital Transformation Solutions,,Other,"Office and computing machinery, equipment and supplies except furniture and software packages",buy_fe237724276ebeab3d2f,Dudley Metropolitan Borough Council,United Kingdom,2026-07-27,15.0,
CATEGORY_COHORT,54.33833333333334,United Kingdom,ten_da6112386430dd7330dc,Technology and associated services,,Other,"Office and computing machinery, equipment and supplies except furniture and software packages",buy_32ecbb605bb8ceb78e86,Planning Inspectorate,United Kingdom,2026-05-28,15.0,
CATEGORY_COHORT,54.33833333333334,United Kingdom,ten_da131349ca13a27fc783,Lightweight Pharmacy Carts,,Other,"Office and computing machinery, equipment and supplies except furniture and software packages",buy_b26100140fc1be8690e6,UNITED LINCOLNSHIRE TEACHING HOSPITALS NHS TRUST,United Kingdom,2026-04-15,15.0,
CATEGORY_COHORT,54.318333333333335,Canada federal,ten_d20957d12631c70dd3ea,Facilitation services for the Impact Assessment Agency of Canada (IAAC) to support the Indigenous Advisory Committee (IAC).,,Other,*Human resources consulting service,buy_a1cbd5177af58f367f07,Impact Assessment Agency of Canada (IAAC),Canada,2026-06-25,15.0,
CATEGORY_COHORT,54.318333333333335,Canada federal,ten_b14a983cb7ff996455d2,Organizational design and classification consultant for LAC,,Other,*Human resources consulting service,buy_9758d1734b086899f1a9,Library and Archives of Canada (LAC),Canada,2026-06-17,15.0,
CATEGORY_COHORT,54.318333333333335,Canada federal,ten_615b2cb0956de1405d41,One (1) Senior Business Consultant (Bilingual) & One (1) Intermediate Business Process Consultant (English essential),,Other,*Human resources consulting service,buy_73af9093eb082788092b,Department of National Defence (DND),Canada,2026-04-10,15.0,
CATEGORY_COHORT,54.300000000000004,Canada federal,ten_c384c4f3c02e5135f7b3,EC015-270056 - (Indigenous Set-Aside ) Snow Removal and Winter maintenance - JC Van Horne Bridge,,Other,*Snow removal services,buy_0607a8a09c35020b4e75,Department of Public Works and Government Services (PSPC),Canada,2026-07-28,15.0,
CATEGORY_COHORT,54.300000000000004,Canada federal,ten_895c36fe9624ee4cfcbd,"W6898-260813-B-RFP- Snow Removal - Woodstock Armory, NB",,Other,*Snow removal services,buy_0607a8a09c35020b4e75,Department of Public Works and Government Services (PSPC),Canada,2026-07-21,15.0,
CATEGORY_COHORT,54.300000000000004,Canada federal,ten_0d4dec24fca6fae90f1d,Snow Removal - St. Hyacinthe Laboratory,,Other,*Snow removal services,buy_bd7a501a58ce640e04d0,Canadian Food Inspection Agency (CFIA),Canada,2026-07-20,15.0,
CATEGORY_COHORT,54.296666666666674,United Kingdom,ten_c1b03eafbacdf0d592b0,Framework Agreement for ​​Gourock and Dunoon Replacement Bus Services​,,Other,Hire of passenger transport vehicles with driver,buy_83c0d1b69d5e0ec28516,CalMac Ferries Limited,United Kingdom,2026-07-31,15.0,
CATEGORY_COHORT,54.296666666666674,United Kingdom,ten_ef83740a21dab3609801,Dynamic Purchasing System (DPS) for Transport Related Contracts (2),,Other,Hire of passenger transport vehicles with driver,buy_dcb56e722a787d01bfb9,Strathclyde Partnership for Transport,United Kingdom,2026-05-22,15.0,
CATEGORY_COHORT,54.296666666666674,United Kingdom,ten_da2d145ae8455ffb21c3,Provision and Operation of Local Bus Services across South Yorkshire,,Other,Hire of passenger transport vehicles with driver,buy_a451ff9defe007e97c0e,South Yorkshire Mayoral Combined Authority Group,United Kingdom,2026-05-21,15.0,
CATEGORY_COHORT,54.28833333333334,United Kingdom,ten_28329b3a0a45fb9954f5,Adult Carers and Young Carers Support Services,,Other,Social work services,buy_6e8e1b72c601a24ee15c,South Lanarkshire Council,United Kingdom,2026-07-30,15.0,
CATEGORY_COHORT,54.28833333333334,United Kingdom,ten_cb1c72e756162c80374a,Children with Disabilities Social Inclusion Framework,,Other,Social work services,buy_02752c358816f249bbb6,Stirling Council,United Kingdom,2026-06-24,15.0,
CATEGORY_COHORT,54.28833333333334,United Kingdom,ten_0e569b3f92125be786dd,Children with Disabilities Care and Support Framework,,Other,Social work services,buy_02752c358816f249bbb6,Stirling Council,United Kingdom,2026-06-24,15.0,
CATEGORY_COHORT,54.25666666666667,United Kingdom,ten_e25639b81494840de8d4,Cleaning Services at Council sites,,Other,Building-cleaning services,buy_691f5d44d315cce87560,Huntingdonshire District Council,United Kingdom,2026-06-18,15.0,
CATEGORY_COHORT,54.25666666666667,United Kingdom,ten_c6c01e802280c4183636,"Knowes Housing Association Ltd. Common Area Cleaning, Various Locations, Faifley",,Other,Building-cleaning services,buy_f0017f0e2b7b200e0569,Knowes Housing Association Ltd.,United Kingdom,2026-06-02,15.0,
CATEGORY_COHORT,54.25666666666667,United Kingdom,ten_8e8b8bd96cc6e99f5e36,Cleaning and Ancillary Services for London and South East (L&SE) and Midlands and South West (SW),,Other,Building-cleaning services,buy_a16359c7476d58372668,NHS Blood and Transplant,United Kingdom,2026-05-27,15.0,
CATEGORY_COHORT,54.25666666666667,Ireland,ten_035db9e145224b76a3ba,"Call for tenders for the provision of schoolbooks through the Schoolbooks Scheme, funded by the Department of Education to Pobalscoil Neasáin 91342R",,Other,School books.,buy_58f53d4c615810c429e0,Pobalscoil Neasáin,Ireland,2025-05-29,15.0,
CATEGORY_COHORT,54.25666666666667,Ireland,ten_e7558ace0e69c54efc8e,"Call for Tenders for the provision of schoolbooks through the Junior Cycle Schoolbook Scheme funded by the Department of Education to Rice College, Ennis 61910K",,Other,School books.,buy_c4034fb82a68c96e5b51,Scoil Na mBrathar Rice college,Ireland,2024-06-27,15.0,
CATEGORY_COHORT,54.25666666666667,Ireland,ten_26faa63f6989e5d1cf3c,Call for Tenders for the provision of schoolbooks through the Junior Cycle Schoolbook Scheme funded by the Department of Education to Coláiste Rís 63880O,,Other,School books.,buy_4734e462d35863879fb9,Coláiste Rís,Ireland,2024-06-14,15.0,
CATEGORY_COHORT,54.171666666666674,United Kingdom,ten_508016156fee58042845,Endoscopy Accessories,,Other,"Medical equipments, pharmaceuticals and personal care products",buy_75607abcdfaf5bd32c33,Procurement and Logistics Service,United Kingdom,2026-07-27,15.0,
CATEGORY_COHORT,54.171666666666674,United Kingdom,ten_8a20018ac785b59cb95d,NCC1379,,Other,"Medical equipments, pharmaceuticals and personal care products",buy_fc268bc4f77231dbf48b,Northumberland County Council,United Kingdom,2026-07-16,15.0,
CATEGORY_COHORT,54.171666666666674,United Kingdom,ten_85d252fb1d966c387240,"JELS Equipment Supplies - Chairs, Grabrails etc",,Other,"Medical equipments, pharmaceuticals and personal care products",buy_fc268bc4f77231dbf48b,Northumberland County Council,United Kingdom,2026-07-16,15.0,
CATEGORY_COHORT,54.12833333333333,United Kingdom,ten_6657352adae26a5cd593,"George Hotel, Stranraer – Operator Opportunity",,Other,Commercial property management services,buy_1d7be25cdca8e72d5b83,Dumfries and Galloway Council,United Kingdom,2026-07-17,15.0,
CATEGORY_COHORT,54.12833333333333,United Kingdom,ten_71fa02b75f5b7c60819c,"AM, FM and PM and Rating Services for Wirral Council Properties",,Other,Commercial property management services,buy_77dc4d7e55b8c9aa3701,Wirral Council,United Kingdom,2026-06-09,15.0,
CATEGORY_COHORT,54.12833333333333,United Kingdom,ten_e713d39bec1c6a599eb1,Estate Management Services,,Other,Commercial property management services,buy_9b33440db91047dafeae,LONDON METROPOLITAN UNIVERSITY,United Kingdom,2026-04-24,15.0,
CATEGORY_COHORT,54.03,United Kingdom,ten_eabbae43ed1207ec851c,Thenue Housing Association - Repairs and Voids - 2027-2037,,Other,Building installation work,buy_b55faab2e59f20bc87ea,Thenue Housing Association Limited - AA17802,United Kingdom,2026-05-29,15.0,
CATEGORY_COHORT,54.03,United Kingdom,ten_82a0975a1b706686ce4a,Retrofit improvement works,,Other,Building installation work,buy_ecb92de9f163a885f8c2,HOMES IN SOMERSET LIMITED,United Kingdom,2026-05-11,15.0,
CATEGORY_COHORT,54.03,United Kingdom,ten_58108973e12339345223,Habinteg Housing Association - Planned Investment Works - North Region,,Other,Building installation work,buy_a436911e23de884a4e34,Habinteg Housing Association Limited,United Kingdom,2026-04-08,15.0,
CATEGORY_COHORT,53.833333333333336,Ireland,ten_3a07cf05d125e776618e,2026 - Low Calorific Landfill Flares for Cork County Council,,Other,"Sewage-, refuse-, cleaning-, and environmental services.",buy_79ab2ccd575c9d98aebe,Cork County Council,Ireland,2026-03-13,15.0,
CATEGORY_COHORT,53.833333333333336,Ireland,ten_c83fe17a09f59b895b9f,DLR Co Co - Single-Party Framework for the Provision of Footpath and Public Realm Power Washing Services in Dún Laoghaire-Rathdown,,Other,"Sewage-, refuse-, cleaning-, and environmental services.",buy_6df3354786c2d4a67053,Dun Laoghaire-Rathdown County Council,Ireland,2026-02-09,15.0,
CATEGORY_COHORT,53.833333333333336,Ireland,ten_086c6b3bfcd0d7ae32a9,Operation and Management of 2 No Civic Amenity Sites located at Mullingar and Athlone Co Westmeath.,,Other,"Sewage-, refuse-, cleaning-, and environmental services.",buy_288322a6fd11733adab0,Westmeath County Council,Ireland,2026-02-09,15.0,
CATEGORY_COHORT,53.80166666666668,United Kingdom,ten_d731b713c01067986bd9,SISAC OBC 2/4,,Other,Research and development consultancy services,buy_e88acf45f436bd2826fe,NCCC Operations Ltd T/A NCC - Innovating for Industry,United Kingdom,2026-07-10,15.0,
CATEGORY_COHORT,53.80166666666668,United Kingdom,ten_3953f68304e077906004,SISAC OBC WP1,,Other,Research and development consultancy services,buy_76ade2e921abf799d7cc,NCC Operations Ltd T/A NCC - Innovating for Industry,United Kingdom,2026-07-10,15.0,
CATEGORY_COHORT,53.80166666666668,United Kingdom,ten_72bfa10b631ccc029503,SISAC OBC WP2/4,,Other,Research and development consultancy services,buy_76ade2e921abf799d7cc,NCC Operations Ltd T/A NCC - Innovating for Industry,United Kingdom,2026-07-10,15.0,
CATEGORY_COHORT,53.73333333333334,United Kingdom,ten_fd791c3a579a41d6c04f,Endodontics and Periodontics Service,,Other,Dental-practice services,buy_f4ad0895135d145e78df,NHS Essex Integrated Care Board,United Kingdom,2026-06-18,15.0,
CATEGORY_COHORT,53.73333333333334,United Kingdom,ten_9f0aa125c97dc448c160,Clinical Lead Associate Dentist (Contract for Services),,Other,Dental-practice services,buy_e6a19e7198ecee3ac09d,UNIVERSITY OF EAST ANGLIA,United Kingdom,2026-06-11,15.0,
CATEGORY_COHORT,53.73333333333334,United Kingdom,ten_1dc0330e53f6bc1f3f75,Domiciliary Dental Care across Derbyshire and Nottinghamshire (including Bassetlaw),,Other,Dental-practice services,buy_f5b4b285888b8c126039,NHS Nottingham and Nottinghamshire Integrated Care Board,United Kingdom,2026-02-19,15.0,
CATEGORY_COHORT,53.65500000000001,United Kingdom,ten_6f712c0232197b938ba7,Provision of Staff Uniforms,,Other,"Occupational clothing, special workwear and accessories",buy_710798969778ca247584,Scottish Courts and Tribunals Service,United Kingdom,2026-05-15,15.0,
CATEGORY_COHORT,53.65500000000001,United Kingdom,ten_7b990acde5f91bf4f298,Healthcare Student Uniforms,,Other,"Occupational clothing, special workwear and accessories",buy_fa9593630c00e1234d51,University of Portsmouth Higher Education Corporation,United Kingdom,2026-05-12,15.0,
CATEGORY_COHORT,53.65500000000001,United Kingdom,ten_26de9a570576a6653954,Public Order Shields 2026+,,Other,"Occupational clothing, special workwear and accessories",buy_3b5c099a44fb447c36c8,Mayor's Office for Policing and Crime,United Kingdom,2026-02-13,15.0,
CATEGORY_COHORT,53.65166666666667,United Kingdom,ten_9d8cc056d8588bac517d,PPM & Repair of Swimming Pool Plant,,Other,Miscellaneous repair and maintenance services,buy_1d7be25cdca8e72d5b83,Dumfries and Galloway Council,United Kingdom,2026-06-16,15.0,
CATEGORY_COHORT,53.65166666666667,United Kingdom,ten_837e6f4b0da853c52c48,Firefighting Equipment and Services,,Other,Miscellaneous repair and maintenance services,buy_92912ecd80796802ccd6,University of Southampton,United Kingdom,2026-05-22,15.0,
CATEGORY_COHORT,53.65166666666667,United Kingdom,ten_f12b65739fab3c151f5a,Scottishpower - Services,,Other,Miscellaneous repair and maintenance services,buy_c7601752054b4464dbe0,SCOTTISH POWER UK PLC,United Kingdom,2026-04-01,15.0,
CATEGORY_COHORT,53.63333333333333,United Kingdom,ten_4b18e7a3997908b4ce5d,Cleaning and Janitorial Consumables,,Other,Cleaning products,buy_b74d9b1db50fdbb65fc8,ASTON UNIVERSITY,United Kingdom,2026-07-15,15.0,
CATEGORY_COHORT,53.63333333333333,United Kingdom,ten_19144f2f2a2c55a12bc5,Janitorial and Catering Consumables,,Other,Cleaning products,buy_83c0d1b69d5e0ec28516,CalMac Ferries Limited,United Kingdom,2026-07-14,15.0,
CATEGORY_COHORT,53.63333333333333,United Kingdom,ten_375d236bcd67ebe943dd,Cleaning Materials and Washroom Services,,Other,Cleaning products,buy_0a838d47c028c33f65e7,Wrexham County Borough Council,United Kingdom,2026-06-18,15.0,
CATEGORY_COHORT,53.51500000000001,Canada federal,ten_3559a643bcefdb339417,INVITATION TO SUBMIT AN EXPRESSION OF INTEREST (EOI) - Office Space,,Other,*Lease and rental of property or building,buy_0607a8a09c35020b4e75,Department of Public Works and Government Services (PSPC),Canada,2026-07-24,15.0,
CATEGORY_COHORT,53.51500000000001,Canada federal,ten_362dd01ac3ad3e0beb0b,Request for Information: Heated Storage / Warehouse Space,,Other,*Lease and rental of property or building,buy_6877742f950de9387508,Royal Canadian Mounted Police (RCMP),Canada,2026-06-04,15.0,
CATEGORY_COHORT,53.51500000000001,Canada federal,ten_e1f9dd71736bc2c33f69,"Request for Information (RFI) for Red Deer County, AB",,Other,*Lease and rental of property or building,buy_6877742f950de9387508,Royal Canadian Mounted Police (RCMP),Canada,2026-04-16,15.0,
CATEGORY_COHORT,53.48833333333334,United Kingdom,ten_460bdc0a640363a9392d,704FC11/25-01 Further competition under ESPO Framework 704_22 Lot 1 (Education Catering) for the supply of Catering Services to the Leicestershire Schools Group,,Other,Canteen and catering services,buy_569ffb96ce9671239f17,ESPO,United Kingdom,2026-05-18,15.0,
CATEGORY_COHORT,53.48833333333334,United Kingdom,ten_1c1e7f24f5b55168a22c,"Concession Contract for the Provision of Catering Services at the Modern Art Galleries, “Modern One” and “Modern Two”",,Other,Canteen and catering services,buy_1b53f2a1bc07ca40b7bc,National Galleries of Scotland,United Kingdom,2026-04-22,15.0,
CATEGORY_COHORT,53.48833333333334,United Kingdom,ten_01337d87e152a9ceb358,Provision of Outsourced Catering Services,,Other,Canteen and catering services,buy_cc39bb9bbea9a2eac38d,SRUC,United Kingdom,2026-02-13,15.0,
CATEGORY_COHORT,53.45166666666667,Ireland,ten_af3b117711a7f7bfaa90,WCCC26 165 Tramore Metal Man Remedial Works,,Other,Buildings of particular historical or architectural interest.,buy_bc274bc0853d9d323913,Waterford City and County Council,Ireland,2026-03-31,15.0,
CATEGORY_COHORT,53.45166666666667,Ireland,ten_e61f50da98f341724037,Multi-Party Framework Agreement for Conservation Architectural Services with Conservation Engineering Support (Projects under €1m),,Other,Buildings of particular historical or architectural interest.,buy_18d77bf53870e3154204,Kildare County Council,Ireland,2026-02-19,15.0,
CATEGORY_COHORT,53.45166666666667,Ireland,ten_6b443163e6d9a7826750,"Grade 3 Conservation Architect-led Integrated Design Team Consultancy Services for Conservation and Mixed-Use Redevelopment Project at J.D. Daly’s, Abbeyfeale, Co. Limerick",,Other,Buildings of particular historical or architectural interest.,buy_bf51adb7eb2f87c39acf,Limerick City and County Council,Ireland,2026-02-06,15.0,
CATEGORY_COHORT,53.42666666666667,Canada federal,ten_5c29b0239769b59996dc,EP168-270160 - Solicitation of Offers (RFP) - Alexandra Bridge - Comprehensive Detailed Inspection and Underwater Inspection,,Other,*Professional engineering services,buy_0607a8a09c35020b4e75,Department of Public Works and Government Services (PSPC),Canada,2026-07-22,15.0,
CATEGORY_COHORT,53.42666666666667,Canada federal,ten_20a12219bd6a1e496c86,Taltson Expansion Transmission Line Design,,Other,*Professional engineering services,buy_fbfe072526fa9b1b9e3f,Government of the Northwest Territories (GNWT),Canada,2026-07-21,15.0,
CATEGORY_COHORT,53.42666666666667,Canada federal,ten_2f9012cf047f25416878,NPP - TSPS - Physical Security and Structural Engineering Support Services,,Other,*Professional engineering services,buy_724fa8459a3d3d63ce6f,"Department of Foreign Affairs, Trade and Development (GAC)",Canada,2026-04-23,15.0,
CATEGORY_COHORT,53.38166666666667,United Kingdom,ten_fce98f0540dfc752fb32,"25/055 - Provision of Survey, Design, Installation and Maintenance and Remote Monitoring of Security Systems",,Other,Repair and maintenance services of security equipment,buy_3e5b2fb9ec2dd3a65a1b,Gas Networks Ireland,United Kingdom,2026-06-11,15.0,
CATEGORY_COHORT,53.38166666666667,United Kingdom,ten_72b6b1702d7920409b1b,"CCTV, Fire & Intruder Alarm & Access Control Maintenance and Upgrade for Glasgow Kelvin College",,Other,Repair and maintenance services of security equipment,buy_c1423df320b1911796c4,Glasgow Kelvin College,United Kingdom,2026-04-15,15.0,
CATEGORY_COHORT,53.38166666666667,United Kingdom,ten_6ab5753c2cc3f861ffd1,Provision of Public Space CCTV: Cameras and Management Software,,Other,Repair and maintenance services of security equipment,buy_0a043bb5caf18ff37a9f,Argyll and Bute Council,United Kingdom,2026-01-30,15.0,
CATEGORY_COHORT,53.35500000000001,United Kingdom,ten_22f831c9de44dc0332d0,Creative Marketing Services,,Other,Marketing services,buy_77e90f6334b10e23eba7,SOUTH WESTERN RAILWAY LIMITED,United Kingdom,2026-07-24,15.0,
CATEGORY_COHORT,53.35500000000001,United Kingdom,ten_91b907342b3a246d7146,Aberdeen Destination Marketing and Development Service,,Other,Marketing services,buy_26ce463f8eefb6f29d15,Aberdeen City Council,United Kingdom,2026-07-20,15.0,
CATEGORY_COHORT,53.35500000000001,United Kingdom,ten_0c4bd331b36f0b14699e,"Retail Specific Campaigns, Vinyl's and Hoardings",,Other,Marketing services,buy_910a7fff43ef045fd45c,Transport for London,United Kingdom,2026-02-19,15.0,
CATEGORY_COHORT,53.25166666666667,Canada federal,ten_5e768692245a6fd40c4d,NFS(Pacific) Seating,,Other,*Office or work chair,buy_73af9093eb082788092b,Department of National Defence (DND),Canada,2026-07-21,15.0,
CATEGORY_COHORT,53.25166666666667,Canada federal,ten_9220d79234f1aea572b2,"Supply Arrangement (SA) # E60PQ-120001/H Chairs for fit-up project",,Other,*Office or work chair,buy_0607a8a09c35020b4e75,Department of Public Works and Government Services (PSPC),Canada,2026-07-13,15.0,
CATEGORY_COHORT,53.25166666666667,Canada federal,ten_b8f2449f30997369e801,CFB Esquimalt Office Seating,,Other,*Office or work chair,buy_73af9093eb082788092b,Department of National Defence (DND),Canada,2026-07-10,15.0,
CATEGORY_COHORT,53.216666666666676,United Kingdom,ten_eac2c8d1df41cd65f207,Provision of Vouchers and Essential Household Items,,Other,"Furniture (incl. office furniture), furnishings, domestic appliances (excl. lighting) and cleaning products",buy_57897d52296f35314ac6,City of Bradford Metropolitan District Council,United Kingdom,2026-07-30,15.0,
CATEGORY_COHORT,53.216666666666676,United Kingdom,ten_4e470ddb6b898aad9aab,Kingdom Housing Association Business Estate Sustainable Furniture,,Other,"Furniture (incl. office furniture), furnishings, domestic appliances (excl. lighting) and cleaning products",buy_718dd834a3f91d7d92be,Kingdom Housing Association Limited,United Kingdom,2026-07-08,15.0,
CATEGORY_COHORT,53.216666666666676,United Kingdom,ten_0692c6c52849f7b50baf,Provision of Furniture for Temporary Accommodation,,Other,"Furniture (incl. office furniture), furnishings, domestic appliances (excl. lighting) and cleaning products",buy_b468927234cc13df4d2c,Northern Ireland Housing Executive,United Kingdom,2026-06-25,15.0,
CATEGORY_COHORT,53.190000000000005,United Kingdom,ten_053109fff3fd34ff5528,Electrical Maintenance Services,,Other,Repair and maintenance services of electrical building installations,buy_4ce856dad4ae49d333d1,Falmouth Exeter Plus,United Kingdom,2026-07-17,15.0,
CATEGORY_COHORT,53.190000000000005,United Kingdom,ten_2d25727e335f98a204d5,"Servicing, Maintenance & Reactive Repairs of Existing Fire Detection and Alarm Systems, Emergency Lighting, Smoke Vents and Dry Risers within Common Areas",,Other,Repair and maintenance services of electrical building installations,buy_e5b30a0acbd0e73b622d,Clyde Valley Housing Association Limited,United Kingdom,2026-06-29,15.0,
CATEGORY_COHORT,53.190000000000005,United Kingdom,ten_7930b71c1f4580a0ff62,Servicing and Maintenance of Secure Entry Doors and Door Entry Systems,,Other,Repair and maintenance services of electrical building installations,buy_e5b30a0acbd0e73b622d,Clyde Valley Housing Association Limited,United Kingdom,2026-05-13,15.0,
CATEGORY_COHORT,53.181666666666665,United Kingdom,ten_c8d2b103dfe04a76bf73,CC14832 - Gracies Wynd Principal Contractor Works,,Other,Construction work for houses,buy_5de10964c173a334b298,West Lothian Council,United Kingdom,2026-06-30,15.0,
CATEGORY_COHORT,53.181666666666665,United Kingdom,ten_4335a5b3fc95566546d6,Boiler Installs and Wave 3 Energy Efficiency Improvement Works,,Other,Construction work for houses,buy_6e8df8953b5f827eecae,Citizen Housing Group Ltd,United Kingdom,2026-06-18,15.0,
CATEGORY_COHORT,53.181666666666665,United Kingdom,ten_aa8ee075f5f76629edf1,Energy Efficiency Improvement Works for Decarbonisation Wave 3,,Other,Construction work for houses,buy_6e8df8953b5f827eecae,Citizen Housing Group Ltd,United Kingdom,2026-06-17,15.0,
CATEGORY_COHORT,53.15666666666667,United Kingdom,ten_ebbe766ecc634951d278,Purchase of Wheel Loader including R&M,,Other,Transport equipment and auxiliary products to transportation,buy_e4d459383fe52e44b278,Wolverhampton City Council,United Kingdom,2026-05-27,15.0,
CATEGORY_COHORT,53.15666666666667,United Kingdom,ten_9eb2039b5ab432675b7d,DDRT (Flexibus) Accessible Vehicle Rentals,,Other,Transport equipment and auxiliary products to transportation,buy_1b30d3555fd8147edc22,East Sussex County Council,United Kingdom,2026-04-29,15.0,
CATEGORY_COHORT,53.15666666666667,United Kingdom,ten_2421fa32c9bb1c8f0779,Refuse Collection Vehicles,,Other,Transport equipment and auxiliary products to transportation,buy_b512edf4b0d09f06a1f1,South Tyneside Borough Council,United Kingdom,2026-04-21,15.0,
CATEGORY_COHORT,53.14833333333334,United Kingdom,ten_90856549c0d5b5ce4943,ELC-26-0761,,Other,Repair and maintenance services of central heating,buy_428504662e2643f13471,East Lothian Council,United Kingdom,2026-07-22,15.0,
CATEGORY_COHORT,53.14833333333334,United Kingdom,ten_0909e2544543dea0e739,"Air Source Heat Pump Servicing, Repair and Replacement - Call Off Award under the PFH Asset Decarbonisation and Retrofit Solutions DPS",,Other,Repair and maintenance services of central heating,buy_ad1c110b67d730046e11,INCOMMUNITIES LIMITED,United Kingdom,2026-06-03,15.0,
CATEGORY_COHORT,53.14833333333334,United Kingdom,ten_958d0dde90496400fdcb,HTHW DHN Reactive Maintenance,,Other,Repair and maintenance services of central heating,buy_5f520dd56291f6950a81,University of Dundee,United Kingdom,2026-05-27,15.0,
CATEGORY_COHORT,53.10166666666667,United Kingdom,ten_2533968b61046dbc544c,ADAS AEB Programme 2026-27,,Other,Mechanical and electrical engineering services,buy_3249fb9bde6c1d64f6ff,Driver & Vehicle Standards Agency,United Kingdom,2026-07-17,15.0,
CATEGORY_COHORT,53.10166666666667,United Kingdom,ten_7262711b6ce161cb34a7,Motorcycle Noise Programme 2026-27,,Other,Mechanical and electrical engineering services,buy_3249fb9bde6c1d64f6ff,Driver & Vehicle Standards Agency,United Kingdom,2026-06-15,15.0,
CATEGORY_COHORT,53.10166666666667,United Kingdom,ten_3c2463bb508b04ed5fb9,Maintenance & Servicing on Refridgeration Plant on Vessels,,Other,Mechanical and electrical engineering services,buy_4f5b6403196c3bb275a2,Scottish Government,United Kingdom,2026-04-20,15.0,
CATEGORY_COHORT,53.085,United Kingdom,ten_c1cbb7d660038338ee06,"WNC support for BSIP,EP and zero Bus Emissions Strategy",,Other,Transport systems consultancy services,buy_c6516899ce16c24e14a1,West Northamptonshire Council,United Kingdom,2026-06-30,15.0,
CATEGORY_COHORT,53.085,United Kingdom,ten_e244407006ac5fac658f,West and North Stockton model re-base as part of Horse and Jockey Roundabout Improvements,,Other,Transport systems consultancy services,buy_1ea0065b5d90d3d30c65,Stockton on Tees Borough Council,United Kingdom,2026-06-04,15.0,
CATEGORY_COHORT,53.085,United Kingdom,ten_25f96cfaff705a05a076,Bus Services Specification Support,,Other,Transport systems consultancy services,buy_b34d3b4d60c11aa67b89,West Midlands Combined Authority,United Kingdom,2026-05-20,15.0,
CATEGORY_COHORT,53.00666666666667,United Kingdom,ten_8021627bd1be57b86a39,Early Learning and Childcare Flexible Framework (Nurseries)(Reopening July 2026),,Other,Pre-school education services,buy_ff7c3f215a2988ebfcf5,East Dunbartonshire Council,United Kingdom,2026-07-17,15.0,
CATEGORY_COHORT,53.00666666666667,United Kingdom,ten_186eca165063d78435d6,Nursery Services,,Other,Pre-school education services,buy_87c29328dc38eafdf5e9,Corporate Officer of the House of Commons,United Kingdom,2026-06-04,15.0,
CATEGORY_COHORT,53.00666666666667,United Kingdom,ten_2f62e8fc72648de21ea2,Provision of partner status to providers of Early Learning and Childcare - Dynamic Purchasing System,,Other,Pre-school education services,buy_862d69127ffcda7b3061,Clackmannanshire Council,United Kingdom,2026-05-20,15.0,
CATEGORY_COHORT,52.975,Ireland,ten_796a370dbcb98b2fae62,Treasury specialist to lead in refinancing bank facilities and providing treasury advice as required including a review and update of the current treasury policy,,Other,Financial and insurance services.,buy_9543495b9fc9e5c08efa,The Irish Air Navigation Service,Ireland,2026-03-23,15.0,
CATEGORY_COHORT,52.975,Ireland,ten_79aa3b81099e09b4f6d8,Insurance Brokerage Services,,Other,Financial and insurance services.,buy_1c1cba96ffe5ccca80c7,Dublin Port Company,Ireland,2025-12-09,15.0,
CATEGORY_COHORT,52.975,Ireland,ten_1a3d0bf3bd9721c8a750,Integrated Project Manager and Quantity Surveyor Consultancy Services,,Other,Financial and insurance services.,buy_9b4cb712013a7ca9c3cb,Galway County Council,Ireland,2025-12-03,15.0,
CATEGORY_COHORT,52.97333333333335,Canada federal,ten_5f252398313216ebf750,Project Leader/Executive,,Other,*Professional procurement services,buy_73af9093eb082788092b,Department of National Defence (DND),Canada,2026-06-17,15.0,
CATEGORY_COHORT,52.97333333333335,Canada federal,ten_be5e080ef360f0502b62,P.9 Project Manager,,Other,*Professional procurement services,buy_73af9093eb082788092b,Department of National Defence (DND),Canada,2026-05-27,15.0,
CATEGORY_COHORT,52.97333333333335,Canada federal,ten_8a4071a91da39d56d234,TSPS 3.7 PROCUREMENT SPECIALIST,,Other,*Professional procurement services,buy_17ae8f3fa59b203c0404,Courts Administration Service (CAS),Canada,2026-04-14,15.0,
CATEGORY_COHORT,52.96666666666667,Ireland,ten_883459a5b866f773f797,"St. Saviour’s National School, Ballybeg, Waterford – Roof Replacement Works",,Other,Construction work for school buildings.,buy_8570b0db49d4d347cdde,St Saviour's NS,Ireland,2026-03-31,15.0,
CATEGORY_COHORT,52.96666666666667,Ireland,ten_eaa83cd3c922eef9d738,Climate Action REPowerEU Schools Energy Retrofit Pathfinder Programme 2025 - Works Contractors Notice Lot 9.2 - Scoil Naomh Colmcille,,Other,Construction work for school buildings.,buy_46f3f7c45e22152d79a4,Scoil Naomh Colmcille (Tullamore),Ireland,2026-01-16,15.0,
CATEGORY_COHORT,52.96666666666667,Ireland,ten_5b0ee49a8866078e59d8,Clifden Community School - Special Education Needs Unit Extension,,Other,Construction work for school buildings.,buy_33f5dace8210d303ad3e,Clifden Community School,Ireland,2025-10-22,15.0,
CATEGORY_COHORT,52.96000000000001,United Kingdom,ten_595ce590f7248b3e9635,Show Home & Marketing Suite Cleaning,,Other,"Accommodation, building and window cleaning services",buy_8b14ea4b1ccf1ec40ee5,THE GUINNESS PARTNERSHIP LIMITED,United Kingdom,2026-07-08,15.0,
CATEGORY_COHORT,52.96000000000001,United Kingdom,ten_fb39577e004f9cd6ecaf,Window Cleaning Services,,Other,"Accommodation, building and window cleaning services",buy_2dd836f2f6f86daa5cc9,University Of Edinburgh,United Kingdom,2026-02-03,15.0,
CATEGORY_COHORT,52.96000000000001,United Kingdom,ten_f7bd9900d665f932f114,Window Cleaning Services,,Other,"Accommodation, building and window cleaning services",buy_8e107824490802357dda,Heriot-Watt University,United Kingdom,2026-02-03,15.0,
CATEGORY_COHORT,52.949999999999996,Ireland,ten_78e4553d7317e1d4e7e5,Tender for the Management of the WorldSkills Ireland 2026 Event,,Other,Event services.,buy_95e92ebd9a393e629b74,Munster Technological University.,Ireland,2026-02-17,15.0,
CATEGORY_COHORT,52.949999999999996,Ireland,ten_e46f1853bc8c24968f6f,Event Services: Professional Conference Organiser for Large Scale International Event - Global Bioeconomy Summit 2026,,Other,Event services.,buy_7b9a70ebebaddeb03c35,Department of Agriculture Food and the Marine,Ireland,2026-01-27,15.0,
CATEGORY_COHORT,52.949999999999996,Ireland,ten_6d26326ca620e4b013b5,"Limerick City and County Council - EVENT MANAGEMENT, PLANNING AND DELIVERY SERVICES FOR RIVERFEST LIMERICK",,Other,Event services.,buy_bf51adb7eb2f87c39acf,Limerick City and County Council,Ireland,2026-01-16,15.0,
CATEGORY_COHORT,52.896666666666675,Ireland,ten_aaca4395fad3b5b11bc4,Invitation to Tender for Quantity Surveying Services for Additional Accommodation Mount Saint Michael Secondary School Rosscarbery,,Other,Quantity surveying services for civil engineering works.,buy_984da4a8b64c32bf350c,Mount St Michael Secondary School (Rosscarbery),Ireland,2026-02-25,15.0,
CATEGORY_COHORT,52.896666666666675,Ireland,ten_a665d57b62d205a3817c,Multi-Party Framework Agreement for HSE Design Team Services 2025 - Major Capital Works DSE project value €50m - €400m excl. VAT - Quantity Surveying Services,,Other,Quantity surveying services for civil engineering works.,buy_a53a2075be8b016ee75b,Health Service Executive (HSE),Ireland,2026-01-09,15.0,
CATEGORY_COHORT,52.896666666666675,Ireland,ten_ccd95938df67c44cd224,Multi-Party Framework Agreement for Quantity Surveying Services 2025 for HSE major works projects,,Other,Quantity surveying services for civil engineering works.,buy_a53a2075be8b016ee75b,Health Service Executive (HSE),Ireland,2025-11-17,15.0,
CATEGORY_COHORT,52.895,Ireland,ten_9002edd942e6b9a256f9,Provision of Services for the development of an Energy Master Plan for Tooreen Sustainable Energy Community (SEC),,Other,Energy and related services.,buy_a0e149c513a9cd9a4a82,Mayo County Council,Ireland,2026-03-11,15.0,
CATEGORY_COHORT,52.895,Ireland,ten_bc97fab0d5ad5c119994,ENQEIR979 – DS3 System Services Qualification Trial Process 2025,,Other,Energy and related services.,buy_3493791e28aea4a8f056,EirGrid plc,Ireland,2026-01-16,15.0,
CATEGORY_COHORT,52.895,Ireland,ten_514df540f038b90b7d59,ENQEIR992 - DS3 System Services – Volume Uncapped – Gate 14,,Other,Energy and related services.,buy_3493791e28aea4a8f056,EirGrid plc,Ireland,2025-12-12,15.0,
CATEGORY_COHORT,52.76166666666668,United Kingdom,ten_d42e2cf74a9cd4da299d,nterim Strategic Leadership Support for Housing Quality and Investment Services,,Other,General management consultancy services,buy_402ba785d226871982b8,London Borough of Lewisham,United Kingdom,2026-07-28,15.0,
CATEGORY_COHORT,52.76166666666668,United Kingdom,ten_0031eeea564ba8f158ab,Executive Leadership and Development Support,,Other,General management consultancy services,buy_80e14296282f5f5b135c,NHS England,United Kingdom,2026-07-23,15.0,
CATEGORY_COHORT,52.76166666666668,United Kingdom,ten_6acea946d3f5f28e56fc,Consultancy Services - Care at Home ECM Readiness,,Other,General management consultancy services,buy_0a043bb5caf18ff37a9f,Argyll and Bute Council,United Kingdom,2026-07-01,15.0,
CATEGORY_COHORT,52.71833333333334,United Kingdom,ten_172e460bf0f0ebf867b3,Herts and Essex Fertility - IVF Spot Purchase NCL ICB,,Other,In vitro fertilisation services,buy_01138f47c541953bd7d6,NHS North Central London Integrated Care Board,United Kingdom,2026-04-01,15.0,
CATEGORY_COHORT,52.71833333333334,United Kingdom,ten_6a7efa8018d48e4ca946,Herts and Essex Fertility - IVF Spot Purchase NCL ICB,,Other,In vitro fertilisation services,buy_01138f47c541953bd7d6,NHS North Central London Integrated Care Board,United Kingdom,2026-04-01,15.0,
CATEGORY_COHORT,52.71833333333334,United Kingdom,ten_d6ac9234b6328404d053,Herts and Essex Fertility - IVF Spot Purchase NCL ICB,,Other,In vitro fertilisation services,buy_01138f47c541953bd7d6,NHS North Central London Integrated Care Board,United Kingdom,2026-04-01,15.0,
CATEGORY_COHORT,52.650000000000006,Ireland,ten_b94ca83299cd0da8c38a,National Drawdown Framework Agreement for Negative Pressure Wound Therapy,,Other,Medical equipments.,buy_a53a2075be8b016ee75b,Health Service Executive (HSE),Ireland,2026-03-16,15.0,
CATEGORY_COHORT,52.650000000000006,Ireland,ten_9fbbbc37ce5683ffe90b,HSE 28421 Open Competition for Cerebral Function (CFM) Monitors,,Other,Medical equipments.,buy_a53a2075be8b016ee75b,Health Service Executive (HSE),Ireland,2026-03-09,15.0,
CATEGORY_COHORT,52.650000000000006,Ireland,ten_43d320780801cc825398,Provision of Oesophageal Distensibility Equipment,,Other,Medical equipments.,buy_1b2425c11adb78a86547,Mercy University Hospital,Ireland,2026-01-28,15.0,
CATEGORY_COHORT,52.645,Ireland,ten_d137c09f7252c04f2a6c,DPS for training services to the Positive 2 Work Skillnet,,Other,Business and management consultancy services.,buy_fdae2594357b80bcd23c,Positive 2 Work Skillnet,Ireland,2026-03-18,15.0,
CATEGORY_COHORT,52.645,Ireland,ten_93dcad4f0b9e8b8c1851,TR4552 Sustainability Advice and Facilitation,,Other,Business and management consultancy services.,buy_0f93ec9ff2c172c2cfb3,Electricity Supply Board ( ESB ),Ireland,2026-01-20,15.0,
CATEGORY_COHORT,52.645,Ireland,ten_fe4f73dd6454a3ff051f,2025/030 Single Party Framework for the Development of a Sectoral Strategy and Transformation Roadmap for the Irish Dairy and Nutrition Sector,,Other,Business and management consultancy services.,buy_90e1d647b8c6cc38ff6e,Enterprise Ireland,Ireland,2026-01-15,15.0,
CATEGORY_COHORT,52.59,United Kingdom,ten_1b2b82aad5059441122d,Employee Assistance Programme,,Other,Guidance and counselling services,buy_56c4af56ced6b18dfda8,Renfrewshire Council,United Kingdom,2026-06-30,15.0,
CATEGORY_COHORT,52.59,United Kingdom,ten_f292a7ad12cb49ea5ed1,NHS South Yorkshire ICB British Sign Language (BSL) Talking Therapies,,Other,Guidance and counselling services,buy_934afe9ee332d9bec0bb,NHS South Yorkshire Integrated Care Board,United Kingdom,2026-04-23,15.0,
CATEGORY_COHORT,52.59,United Kingdom,ten_5a607a3ce176f02a1e1c,Digitial EAP Services,,Other,Guidance and counselling services,buy_82c4e311248b6ca859f3,HR Connect t/a Kent County Council,United Kingdom,2026-04-10,15.0,
CATEGORY_COHORT,52.545,United Kingdom,ten_b80e90b68c0a30933473,Professional Estate Management Services Framework,,Other,Property management services of real estate on a fee or contract basis,buy_81d2152e06f69765c753,National Records of Scotland,United Kingdom,2026-06-25,15.0,
CATEGORY_COHORT,52.545,United Kingdom,ten_fac08fe2d47f8b79fc37,Grant Funding to Support a Compulsory Purchase Order Project - ESPO2700_22,,Other,Property management services of real estate on a fee or contract basis,buy_7ee9cb22b7dadc6a4f51,North Tyneside Borough Council,United Kingdom,2026-02-06,15.0,
CATEGORY_COHORT,52.545,United Kingdom,ten_8c414b62d2c9595e3a6d,Extension to Prison TFM - Work Package C - Modification Notice,,Other,Property management services of real estate on a fee or contract basis,buy_f4ff1ffa563e465e36ab,Ministry of Justice,United Kingdom,2026-01-15,15.0,
CATEGORY_COHORT,52.518333333333345,United Kingdom,ten_5f74e151f337e1162534,Civil and Structural Engineering Services Consultancy Framework,,Other,Civil engineering consultancy services,buy_8e107824490802357dda,Heriot-Watt University,United Kingdom,2026-07-23,15.0,
CATEGORY_COHORT,52.518333333333345,United Kingdom,ten_1dd91c18c5a00f92acd9,Demolition Engineering consultancy Services,,Other,Civil engineering consultancy services,buy_594cfc7530f9a6e2e106,North Lanarkshire Council,United Kingdom,2026-02-11,15.0,
CATEGORY_COHORT,52.518333333333345,United Kingdom,ten_bdabbcec3906ab1cf007,Supply of Mechanical Engineering Support Services,,Other,Civil engineering consultancy services,buy_b34d3b4d60c11aa67b89,West Midlands Combined Authority,United Kingdom,2026-01-23,15.0,
CATEGORY_COHORT,52.49000000000001,Ireland,ten_a200b643edef8f06c3a3,Invitation to Tender for Auditing Services and Data Processing Services for the Pilot combinable Crop Assurance Scheme.,,Other,"Agricultural, farming, fishing, forestry and related products.",buy_e2c61025b3ab2cb672da,Bord Bia (Irish Food Board),Ireland,2026-03-17,15.0,
CATEGORY_COHORT,52.49000000000001,Ireland,ten_d3a7816d50e4c3307f7b,HRI ITT Issued Supply of Birch to HRI Racecourses,,Other,"Agricultural, farming, fishing, forestry and related products.",buy_bf6c6ea9403c805e0614,Horse Racing Ireland (HRI),Ireland,2026-01-14,15.0,
CATEGORY_COHORT,52.49000000000001,Ireland,ten_978db9729952034acedd,FCC/176/25F Single Supplier Framework for the Provision of Services for Planting and Maintenance of Council-Owned Summer/Winter Floral Display Baskets/Planters for various locations for Fingal Co Co,,Other,"Agricultural, farming, fishing, forestry and related products.",buy_ec527c2caa42a279ed45,Fingal County Council,Ireland,2026-01-08,15.0,
CATEGORY_COHORT,52.45333333333334,United Kingdom,ten_a29b67b22e5fa4e43b79,Bike Share Scheme VEAT Notice,,Other,Provision of services to the community,buy_7bb203aa02e063336648,Watford Borough Council,United Kingdom,2025-11-20,15.0,
CATEGORY_COHORT,52.45333333333334,United Kingdom,ten_9f74ed4901932d99f408,Bike Share Scheme VEAT Notice,,Other,Provision of services to the community,buy_7bb203aa02e063336648,Watford Borough Council,United Kingdom,2025-11-19,15.0,
CATEGORY_COHORT,52.45333333333334,United Kingdom,ten_f19868ebb782a37623e6,Market Engagement - NHS Lincolnshire ICB - Community Connectors & Mental Health and Wellbeing Hubs,,Other,Provision of services to the community,buy_f6eaea0ae42973d34c82,NHS Lincolnshire Integrated Care Board,United Kingdom,2025-10-08,15.0,
CATEGORY_COHORT,52.45333333333333,Ireland,ten_336879d0173c2b497bd7,"Grade I Conservation Architect led Integrated Design Team in relation to Electrical Upgrade and Associated Building Works to Belvedere House, Mullingar Co. Westmeath",,Other,Electrical engineering installation works.,buy_288322a6fd11733adab0,Westmeath County Council,Ireland,2026-03-25,15.0,
CATEGORY_COHORT,52.45333333333333,Ireland,ten_5d893c2cf4ea148095af,Casa Caterina Special School,,Other,Electrical engineering installation works.,buy_69a0d9efaefb3070e99e,Casa Caterina Special School,Ireland,2026-03-12,15.0,
CATEGORY_COHORT,52.45333333333333,Ireland,ten_dc9180eb2448b4d614c1,Cullina Primary School Beaufort Co Kerry Electrical Upgrade Works 2026,,Other,Electrical engineering installation works.,buy_0bb5e88be6ad8ad83ca8,Cullina National School,Ireland,2026-01-07,15.0,
CATEGORY_COHORT,52.41833333333334,Ireland,ten_d8b0c2abbab443fd4902,Multi Supplier Framework Agreement for the Supply of General Building Tools/Supplies and Plumbing Supplies to Technological University Dublin,,Other,Machine tools.,buy_744635b244d3bb6978a6,Technological University Dublin (TU Dublin),Ireland,2026-02-18,15.0,
CATEGORY_COHORT,52.41833333333334,Ireland,ten_20370191c4163b8c20aa,"CFT Call for Tenders for the Supply,Delivery and Installation of Tools,Machines and Equipment for T4 Subjects at Gort Community School,Gort, Co Galway",,Other,Machine tools.,buy_e3452e687aa4970eb63e,Gort Community School,Ireland,2026-02-17,15.0,
CATEGORY_COHORT,52.41833333333334,Ireland,ten_e689c77d0ff5da0a9b77,Finn Precision Engineering Ltd - CNC Lathe,,Other,Machine tools.,buy_1e2b79b8c1036d786967,Finn Precision Engineering Ltd,Ireland,2025-12-09,15.0,
CATEGORY_COHORT,52.396666666666675,Ireland,ten_d4dcfe7deae92c52285d,2026/32 Establishment of a Panel for the provision of Perishable and Non-Perishable Goods to LMETB schools and centres.,,Other,"Food, beverages, tobacco and related products.",buy_8d5dcbb537f8c2f8c303,Louth and Meath Education and Training Board 1384,Ireland,2026-02-13,15.0,
CATEGORY_COHORT,52.396666666666675,Ireland,ten_219fdc2cd93eb9548552,Establishment of a DPS for Food and Drink Supplies to Support Teaching and Learning at TU Dublin,,Other,"Food, beverages, tobacco and related products.",buy_744635b244d3bb6978a6,Technological University Dublin (TU Dublin),Ireland,2026-01-12,15.0,
CATEGORY_COHORT,52.396666666666675,Ireland,ten_56aa1a00e48d9b8ef36e,"ATU 25/273 Multi-Operator Framework Agreement for the provision of Food and Beverage Supplies to Atlantic Technological University, St Angelas, Sligo",,Other,"Food, beverages, tobacco and related products.",buy_543d7790becdc4cd9d56,Atlantic Technological University,Ireland,2025-11-28,15.0,
CATEGORY_COHORT,52.36166666666668,United Kingdom,ten_4ce360224d0d7bf45add,CO0334 Occupational Health Services,,Other,Company health services,buy_416ffc7f3cc27bdc9b3f,Essex County Council,United Kingdom,2026-05-06,15.0,
CATEGORY_COHORT,52.36166666666668,United Kingdom,ten_a376e6eec072a83e06a3,Occupational Health Services,,Other,Company health services,buy_7ab94fc84284d9746c23,ScotRail Trains Limited,United Kingdom,2026-04-24,15.0,
CATEGORY_COHORT,52.36166666666668,United Kingdom,ten_11bb4b13f692533f7dd7,Occupational Health,,Other,Company health services,buy_7e7a57b72f1771fc0169,STUDENT LOANS COMPANY,United Kingdom,2026-04-16,15.0,
CATEGORY_COHORT,52.32666666666667,Ireland,ten_0b37aeaed09e4279e331,Provision of Paper Mapping Products and Logistics Services for Tailte Éireann,,Other,Storage and warehousing services.,buy_147123731ceebe18a46b,Tailte Éireann,Ireland,2026-03-26,15.0,
CATEGORY_COHORT,52.32666666666667,Ireland,ten_f9a5b9728d98c248aedf,FSU072F-17 - Lot 2 - MC for the Provision of Record Management Services for The Companies Registration Office (CRO),,Other,Storage and warehousing services.,buy_860d15b68965ace7f85c,The Office of Government Procurement,Ireland,2026-01-19,15.0,
CATEGORY_COHORT,52.32666666666667,Ireland,ten_d7a8631148506a4cf27f,FSU072F-19 Lot 2 MC for the Provision of Record Management Services National Library of Ireland,,Other,Storage and warehousing services.,buy_860d15b68965ace7f85c,The Office of Government Procurement,Ireland,2026-01-19,15.0,
CATEGORY_COHORT,52.31000000000001,Ireland,ten_fc34a22e4c74519a775c,Project Archaeologist to provide consultant services to KCC for River Nore Facilities,,Other,Archaeological services.,buy_db9e76a045929e61daa2,Kilkenny County Council,Ireland,2026-02-27,15.0,
CATEGORY_COHORT,52.31000000000001,Ireland,ten_803996a74a083b431be8,Supply of Specialist Services for National Monuments Service Annual Archaeology Conference,,Other,Archaeological services.,buy_68c4c3dfb2694c432062,Department of Housing Local Government and Heritage,Ireland,2026-02-13,15.0,
CATEGORY_COHORT,52.31000000000001,Ireland,ten_58a7b7cf329309b84689,Expert Services to Support the Implementation of the Second Climate Change Sectoral Adaptation Plan for Archaeological and Built Heritage,,Other,Archaeological services.,buy_68c4c3dfb2694c432062,Department of Housing Local Government and Heritage,Ireland,2026-02-05,15.0,
CATEGORY_COHORT,52.29833333333334,United Kingdom,ten_e044cda75d7ddb9bbb3e,Soil Surveys,,Other,Horticultural services,buy_cca98cc69febcb69e9ca,Forestry and Land Scotland,United Kingdom,2026-06-19,15.0,
CATEGORY_COHORT,52.29833333333334,United Kingdom,ten_a2939a50e3fed442c11b,"Drone Training, Support & Maintenance",,Other,Horticultural services,buy_cca98cc69febcb69e9ca,Forestry and Land Scotland,United Kingdom,2026-06-08,15.0,
CATEGORY_COHORT,52.29833333333334,United Kingdom,ten_c25dd9f571267bcdae97,Environmental Surveys,,Other,Horticultural services,buy_cca98cc69febcb69e9ca,Forestry and Land Scotland,United Kingdom,2026-04-30,15.0,
CATEGORY_COHORT,52.248333333333335,Ireland,ten_536c3acd565101ffe460,"Call for Tenders for the supply, delivery, installation and maintenance of tools and equipment for T4 subjects to St. Louis Secondary School Monaghan, 64820B",,Other,Laser printers.,buy_aaccfa4e19424c827f05,St. Louis Secondary School (Monaghan),Ireland,2026-01-08,15.0,
CATEGORY_COHORT,52.248333333333335,Ireland,ten_5803b5d5d5d71a130958,"Call for Tenders for the supply and installation of T4 Subjects (Construction and Wood Tech, Graphics Design, Wood Machining) as multiple Lots to Meánscoil Iognáid Rís, Naas 61710C",,Other,Laser printers.,buy_ef3c888c38ff703f0efe,Meanscoil Iognaid Ris (Naas CBS),Ireland,2026-01-06,15.0,
CATEGORY_COHORT,52.248333333333335,Ireland,ten_cc007287e643e315aa4a,"Call for Tenders for the supply, delivery, installation and maintenance of Tools and Equipment for T4 Subjects",,Other,Laser printers.,buy_7009d24b1fb640529e7e,Colaiste Chiarain (Leixlip),Ireland,2025-11-24,15.0,
CATEGORY_COHORT,52.20666666666667,United Kingdom,ten_dba070aeb36cbf3ed392,Provision of Personal Protective Equipment (PPE) for use across its services.,,Other,Protective and safety clothing,buy_dcb56e722a787d01bfb9,Strathclyde Partnership for Transport,United Kingdom,2026-07-08,15.0,
CATEGORY_COHORT,52.20666666666667,United Kingdom,ten_3764a7099d27024fa8a2,PPE and Uniform,,Other,Protective and safety clothing,buy_dc7011a19536395b7a0a,Nottingham College,United Kingdom,2026-06-03,15.0,
CATEGORY_COHORT,52.20666666666667,United Kingdom,ten_55f5e215cf2021407483,"Provision of PPE , uniform and street cleaning consumables",,Other,Protective and safety clothing,buy_f530f5ce5276aa341b81,Canterbury Environment Company Ltd,United Kingdom,2026-04-10,15.0,
CATEGORY_COHORT,52.14833333333335,United Kingdom,ten_6e5f876f614e077b9caa,Supported Housing Domestic Violence,,Other,Housing services,buy_bf8707993305270b974b,Westminster City Council,United Kingdom,2026-04-29,15.0,
CATEGORY_COHORT,52.14833333333335,United Kingdom,ten_dca4270ab6265b64c389,Passage House Assessment Centre,,Other,Housing services,buy_bf8707993305270b974b,Westminster City Council,United Kingdom,2026-04-29,15.0,
CATEGORY_COHORT,52.14833333333335,United Kingdom,ten_ec7c898d396c188ab2af,Complex Needs Services,,Other,Housing services,buy_bf8707993305270b974b,Westminster City Council,United Kingdom,2026-04-29,15.0,
CATEGORY_COHORT,52.12,Ireland,ten_1184935f999af66c3308,County Biodiversity Areas: Field Verification and Development of Standard Methodology,,Other,Geographic information systems (GIS or equivalent).,buy_58c236e0c75e72a93395,The Heritage Council,Ireland,2026-03-31,15.0,
CATEGORY_COHORT,52.12,Ireland,ten_2d7bd254805596dec2c7,Project Management Led (PM) Multi Disciplinary Team to deliver a Mobility Management Plan (MMP) for IDA Waterford,,Other,Geographic information systems (GIS or equivalent).,buy_3148924a0297ecc18530,IDA Ireland,Ireland,2026-03-25,15.0,
CATEGORY_COHORT,52.12,Ireland,ten_d31b910971b7486bc831,WCCC26 094 Digital Orthophotography For Waterford 2026,,Other,Geographic information systems (GIS or equivalent).,buy_bc274bc0853d9d323913,Waterford City and County Council,Ireland,2026-03-20,15.0,
CATEGORY_COHORT,52.10333333333334,United Kingdom,ten_a9275369bdeaed6d4df7,Ad Hoc Removals Services - University of Aberdeen,,Other,Relocation services,buy_dc77260f5785d9d91900,University of Aberdeen,United Kingdom,2026-07-27,15.0,
CATEGORY_COHORT,52.10333333333334,United Kingdom,ten_126d6f0cc32a08e49da1,"PROC 25-3181 - Provision of Removals, Relocations, Disposal and Storage Services (Framework Agreement)",,Other,Relocation services,buy_eeb842cd176deb96f605,Scottish Police Authority,United Kingdom,2026-06-05,15.0,
CATEGORY_COHORT,52.10333333333334,United Kingdom,ten_f473c54defa2b5f97b37,"TENDER FOR DOMESTIC REMOVALS, STORAGE AND DISPOSAL FRAMEWORK",,Other,Relocation services,buy_aef992df66b2ead1454c,Dundee City Council,United Kingdom,2026-05-15,15.0,
CATEGORY_COHORT,52.08833333333334,United Kingdom,ten_c9964af1d37a8d8d45d3,September 2026 Bus Contracts,,Other,Hire of buses and coaches with driver,buy_3d7a328ecd620da825e3,East Riding of Yorkshire Council,United Kingdom,2026-07-24,15.0,
CATEGORY_COHORT,52.08833333333334,United Kingdom,ten_3ba0ad115c60418eba9a,Hire of Buses and Driver,,Other,Hire of buses and coaches with driver,buy_18af16d515d55176895a,DELTA ACADEMIES TRUST,United Kingdom,2026-07-08,15.0,
CATEGORY_COHORT,52.08833333333334,United Kingdom,ten_51a99abcdf1c8c9af79e,SPS-02290 Provision of Coach Hire Services,,Other,Hire of buses and coaches with driver,buy_5d49fef087d8ccdee039,Scottish Prison Service,United Kingdom,2026-06-02,15.0,
CATEGORY_COHORT,51.903333333333336,United Kingdom,ten_5c1c9014bbed0ee7c6a5,Landscape Maintenance Contract 2026-2029,,Other,Landscape gardening services,buy_c444e2ee0efd6d48d364,Almond Housing Association,United Kingdom,2026-02-16,15.0,
CATEGORY_COHORT,51.903333333333336,United Kingdom,ten_4e0072705e10d9b1b624,18/1265 Open Space Maintenance Services,,Other,Landscape gardening services,buy_69dc4d85372769d3630f,Moray Council,United Kingdom,2026-01-21,15.0,
CATEGORY_COHORT,51.903333333333336,United Kingdom,ten_1e6a050c9bc0f0659f92,Two Year Landscape Maintenance and Tree Survey Contract 2026-2028,,Other,Landscape gardening services,buy_2872326a85dcf085c5ef,Ferguslie Park Housing Association,United Kingdom,2026-01-14,15.0,
CATEGORY_COHORT,51.83,United Kingdom,ten_f749f2aa2c5e1a136731,Complex Domiciliary (Home) Care Service – Adults & Children and Young People (Lot 20),,Other,Home medical treatment services,buy_1389054003c3794e69d5,NHS Dorset Integrated Care Board,United Kingdom,2026-06-22,15.0,
CATEGORY_COHORT,51.83,United Kingdom,ten_d0bdb0c6b0fc87525118,NHS Surrey and Sussex Integrated Care Board Personalised Home Care Any Qualified Provider,,Other,Home medical treatment services,buy_f756181f28979d0ba4b3,NHS SURREY AND SUSSEX INTEGRATED CARE BOARD,United Kingdom,2026-06-22,15.0,
CATEGORY_COHORT,51.83,United Kingdom,ten_fc64a9a2ad0572b46e94,Hospice at Home (Pembrokeshire),,Other,Home medical treatment services,buy_614fc406515b67b6b94c,Hywel Dda Local University Health Board,United Kingdom,2026-05-26,15.0,
CATEGORY_COHORT,51.76,United Kingdom,ten_b4e9ad4133f34327f0f7,"Porterage, Removals and Storage Services",,Other,Storage and warehousing services,buy_87c29328dc38eafdf5e9,Corporate Officer of the House of Commons,United Kingdom,2026-07-27,15.0,
CATEGORY_COHORT,51.76,United Kingdom,ten_8eac874e2d3f450b0438,Removals & Storage,,Other,Storage and warehousing services,buy_428504662e2643f13471,East Lothian Council,United Kingdom,2026-07-01,15.0,
CATEGORY_COHORT,51.76,United Kingdom,ten_4f035951ee08288bd301,"Furniture Removal, Storage, Design and Move Management Framework Agreement",,Other,Storage and warehousing services,buy_e5c874991fec7c977832,The City of Edinburgh Council,United Kingdom,2026-01-23,15.0,
CATEGORY_COHORT,51.59333333333334,United Kingdom,ten_315e4a615bf577a7d921,Road Coring,,Other,"Technical testing, analysis and consultancy services",buy_02752c358816f249bbb6,Stirling Council,United Kingdom,2026-06-24,15.0,
CATEGORY_COHORT,51.59333333333334,United Kingdom,ten_d4f365be0b9688b8993c,Condition Monitoring,,Other,"Technical testing, analysis and consultancy services",buy_af49523002954336293f,Sellafield Limited,United Kingdom,2026-02-04,15.0,
CATEGORY_COHORT,51.59333333333334,United Kingdom,ten_e3ac1123db08292c3351,United Kingdom Nigeria Infrastructure Advisory Facility (UKNIAF),,Other,"Technical testing, analysis and consultancy services",buy_d72631fa0e35ba03b476,Foreign Commonwealth and Development Office,United Kingdom,2025-09-09,15.0,
CATEGORY_COHORT,51.52666666666667,United Kingdom,ten_02187725616eed9cd09d,HH005-26-HB Portable Appliance Testing (PAT),,Other,Technical inspection and testing services,buy_74682b8a70afff7f0172,NHS Highland,United Kingdom,2026-07-17,15.0,
CATEGORY_COHORT,51.52666666666667,United Kingdom,ten_4f0bc6a88ec12f3ba7d4,In-Service Inspection and Testing of Electrical Equipment,,Other,Technical inspection and testing services,buy_56c4af56ced6b18dfda8,Renfrewshire Council,United Kingdom,2026-07-07,15.0,
CATEGORY_COHORT,51.52666666666667,United Kingdom,ten_1191e67d06ca46bddeca,Portable Appliance Testing,,Other,Technical inspection and testing services,buy_428504662e2643f13471,East Lothian Council,United Kingdom,2026-06-17,15.0,
