Discovery_Type,Label,Warehouse_Source,Volume,Unique_Buyers,Countries,Recent_12m_Share_Pct,Lean_Fit,Open_World_Score
TITLE_TERM,platform,MULTI,2273,997,57,44.478662560492744,50.67966845441248,96.72559139784946
CATEGORY_COHORT,Creative / communications :: Design / publishing,United Kingdom,2091,797,1,40.17216642754663,80.0,96.26166666666667
TITLE_TERM,subscription,MULTI,1290,418,30,50.23255813953488,38.51529411764706,96.09320099255582
CATEGORY_COHORT,Automation / software :: Software / automation,TED,27343,2441,83,35.544746370186154,74.0,95.77833333333334
TITLE_PATTERN,vergabe einer dienstleistungskonzession fur den offentlich geforderten aufbau und betrieb eines gigabitnetzes nach # gigabit rahmenregelung des bundesministerium fur verkehr und digitale infrastruktur vom # # #,Germany,164,150,1,43.292682926829265,82.0,95.61054149311119
CATEGORY_COHORT,Automation / software :: Software / automation,United Kingdom,3989,1319,1,36.500376034093755,72.0,95.55333333333333
CATEGORY_COHORT,Creative / communications :: Design / publishing,TED,10836,1172,162,33.850129198966414,82.0,95.34333333333333
TITLE_TERM,client,MULTI,757,285,28,54.02906208718626,35.52309782608695,95.29728701406123
CATEGORY_COHORT,Automation / software :: IT services / software,TED,50131,3455,72,33.677764257644974,60.0,95.25833333333333
TITLE_TERM,software,MULTI,11452,2639,62,37.26859937128886,66.90218091469586,95.22547559966915
TITLE_TERM,tool,MULTI,1408,568,37,40.69602272727273,49.871530531324346,95.10034739454095
TITLE_TERM,license,MULTI,525,238,37,49.142857142857146,43.85299806576403,95.03626137303557
TITLE_TERM,renewal,MULTI,1269,421,31,52.79747832939322,31.74414850686037,95.03454094292805
CATEGORY_COHORT,Automation / software :: IT services / software,Germany,15168,2139,1,33.47837552742617,60.0,94.97166666666666
TITLE_TERM,monitoring,MULTI,3339,1189,65,37.97544174902666,55.297409657818996,94.95826302729529
CATEGORY_COHORT,Monitoring / research :: Monitoring / analysis,TED,4266,447,97,36.02906704172527,70.0,94.94166666666666
CATEGORY_COHORT,Other :: UNKNOWN,TED,729157,31824,267,31.58140153629465,20.0,94.91499999999999
CATEGORY_COHORT,Automation / software :: Software / automation,Germany,34425,2860,1,31.988380537400147,74.0,94.88166666666666
CATEGORY_COHORT,Monitoring / research :: Monitoring / analysis,Germany,6982,1405,1,33.543397307361786,70.0,94.85499999999999
TITLE_TERM,cloud,MULTI,2439,958,50,38.089380893808936,55.41847354726799,94.84997518610422
CATEGORY_COHORT,Creative / communications :: Design / publishing,Germany,10716,2258,1,31.886898096304588,82.0,94.82333333333334
TITLE_TERM,data,MULTI,4003,1331,61,39.57032225830627,40.286768581971536,94.76304383788255
CATEGORY_COHORT,Creative / communications :: Design / publishing,TenderNed,2020,434,1,33.910891089108915,82.0,94.55833333333334
TITLE_TERM,diagnostic,MULTI,2624,1370,27,42.33993902439025,33.65933641975309,94.48423490488007
TITLE_TERM,planning,MULTI,1259,633,45,44.8768864177919,33.20484949832776,94.46880066170391
CATEGORY_COHORT,Monitoring / research :: Monitoring / analysis,United Kingdom,819,438,1,36.26373626373626,70.0,94.42000000000002
TITLE_TERM,open,MULTI,3226,714,48,39.832610043397395,37.05160857908847,94.21645988420181
CATEGORY_COHORT,Automation / software :: Software / automation,Canada federal,582,123,1,37.80068728522337,72.0,94.12833333333333
CATEGORY_COHORT,Automation / software :: Software / automation,TenderNed,4609,779,1,31.481883271859406,74.0,94.10166666666666
TITLE_TERM,windows,MULTI,682,350,37,45.894428152492665,34.980509745127435,94.09363110008272
TITLE_TERM,pacs,MULTI,486,152,32,44.44444444444444,55.96631578947368,94.0378329197684
CATEGORY_COHORT,Other :: UNKNOWN,TenderNed,37132,1618,1,30.71205429279328,20.0,94.02833333333334
TITLE_TERM,market,MULTI,4654,1017,47,43.51095831542759,30.163652601027014,93.89740281224152
CATEGORY_COHORT,Automation / software :: IT services / software,TenderNed,2134,586,1,32.33364573570759,60.0,93.75833333333333
TITLE_TERM,analytics,MULTI,337,209,32,45.6973293768546,48.58074534161491,93.70916459884202
CATEGORY_COHORT,Monitoring / research :: Monitoring / analysis,TenderNed,2619,459,1,31.882397861779303,70.0,93.67500000000001
TITLE_TERM,asset,MULTI,804,449,45,42.288557213930346,35.590673575129536,93.67389578163773
TITLE_PATTERN,softwarebroker,TenderNed,30,24,1,46.666666666666664,74.0,93.65427747516821
TITLE_TERM,automation,MULTI,518,227,36,39.575289575289574,67.44948453608248,93.64286186931349
TITLE_TERM,implementation,MULTI,1130,508,80,37.9646017699115,44.228070175438596,93.59204301075269
TITLE_TERM,licenses,MULTI,411,207,28,45.01216545012166,42.351485148514854,93.53604631927212
TITLE_TERM,based,MULTI,1450,553,50,45.86206896551724,29.58939929328622,93.5294458229942
TITLE_TERM,digital,MULTI,5368,1304,63,36.661698956780924,39.228080120937264,93.46673283705542
TITLE_TERM,house,MULTI,2964,778,38,42.13900134952767,30.47476125511596,93.39048800661703
TITLE_TERM,enterprise,MULTI,2246,809,59,35.30721282279608,51.279208831646734,93.38904880066173
TITLE_TERM,cyber,MULTI,739,438,35,42.35453315290934,34.01571428571429,93.3478577336642
TITLE_TERM,research,MULTI,1752,623,43,39.6689497716895,33.577777777777776,93.2787758478081
TITLE_TERM,intelligence,MULTI,788,424,39,37.69035532994924,47.989203778677464,93.25791563275436
TITLE_TERM,access,MULTI,1842,803,49,40.60803474484256,31.66961815163254,93.19720430107526
TITLE_TERM,reporting,MULTI,538,321,35,43.86617100371747,34.66218809980806,93.15827956989247
TITLE_TERM,security,MULTI,3359,1313,95,38.34474545995832,33.43933312750849,93.1540777502068
CATEGORY_COHORT,Automation / software :: Software / automation,France,3992,1945,1,28.256513026052104,74.0,93.13166666666666
TITLE_TERM,finance,MULTI,647,407,35,43.12210200927357,33.15650741350906,93.11636062861871
TITLE_TERM,hana,MULTI,610,230,29,38.36065573770492,60.27545909849749,93.10535980148883
TITLE_TERM,licence,MULTI,1862,605,25,34.69387755102041,57.8772602739726,93.06438378825476
TITLE_TERM,saas,MULTI,1440,574,40,34.375,74.27186588921283,93.05470636889993
TITLE_TERM,network,MULTI,2002,793,63,40.05994005994006,31.476458546571138,92.99556658395367
TITLE_TERM,markterkundung,MULTI,1000,334,3,48.5,38.521,92.97172870140612
TITLE_TERM,case,MULTI,883,419,33,43.71460928652321,30.76511627906977,92.97105045492142
TITLE_TERM,systems,MULTI,4158,1368,63,39.15343915343915,31.267039922103212,92.91459057071961
TITLE_TERM,server,MULTI,2092,509,52,34.799235181644356,50.5129205265724,92.88411910669976
TITLE_TERM,survey,MULTI,1472,509,30,44.29347826086956,28.94162087912088,92.84813895781637
TITLE_TERM,adobe,MULTI,735,288,31,36.19047619047619,63.54545454545455,92.82522746071133
TITLE_TERM,advanced,MULTI,607,237,41,41.5156507413509,36.46192893401015,92.82220016542597
TITLE_TERM,solution,MULTI,5211,2190,49,33.37171368259451,51.716814159292035,92.81645988420183
TITLE_TERM,media,MULTI,2415,924,51,36.81159420289855,35.84718614718615,92.80009925558312
TITLE_TERM,study,MULTI,842,385,39,46.79334916864608,29.065853658536586,92.79159636062862
TITLE_TERM,managed,MULTI,1531,905,30,37.36120182887002,36.42338709677419,92.78807278742762
TITLE_TERM,licensing,MULTI,255,183,16,52.94117647058823,38.627450980392155,92.65882547559966
CATEGORY_COHORT,Creative / communications :: Design / publishing,France,10328,4588,1,26.2006196746708,82.0,92.64666666666668
TITLE_TERM,manager,MULTI,1350,558,44,36.666666666666664,37.869424168694245,92.57705541770059
TITLE_TERM,system,MULTI,18397,3457,83,35.5275316627711,35.438380281690144,92.54640198511169
TITLE_TERM,analysis,MULTI,1290,478,46,39.224806201550386,32.736421725239616,92.52896608767577
CATEGORY_COHORT,Automation / software :: IT services / software,Ireland,1136,244,1,29.753521126760564,60.0,92.44166666666666
TITLE_TERM,integration,MULTI,1851,860,40,35.116153430578066,39.949745906267644,92.43599669148057
TITLE_TERM,automated,MULTI,529,231,31,39.886578449905485,39.614481409001954,92.39488833746898
TITLE_TERM,business,MULTI,2568,975,61,35.90342679127726,35.46511627906977,92.3470140612076
TITLE_TERM,microsoft,MULTI,4071,1323,57,32.3262097764677,61.61687484068315,92.32911497105044
TITLE_TERM,migration,MULTI,1221,587,29,34.56183456183456,48.713913043478264,92.2957981803143
CATEGORY_COHORT,Automation / software :: Software / automation,Ireland,1023,212,1,29.03225806451613,72.0,92.25166666666667
TITLE_TERM,database,MULTI,466,237,37,38.8412017167382,44.63392857142857,92.25148056244831
TITLE_TERM,print,MULTI,526,350,12,38.21292775665399,41.73725490196078,92.2356989247312
TITLE_TERM,core,MULTI,703,312,42,38.54907539118066,36.46998535871157,92.18147229114972
TITLE_TERM,technical,MULTI,1948,598,94,36.652977412731005,34.27282211789254,92.17543424317618
TITLE_TERM,datacenter,MULTI,427,173,31,40.28103044496487,43.950520833333336,92.15523573200993
TITLE_TERM,design,MULTI,4828,1596,79,35.91549295774648,33.420394736842105,92.15227460711333
TITLE_TERM,film,MULTI,331,178,29,40.483383685800604,49.87850467289719,92.14547559966915
TITLE_TERM,betrieb,MULTI,2972,1272,8,36.33916554508748,41.36550793115086,92.12117452440033
CATEGORY_COHORT,Creative / communications :: Design / publishing,Canada federal,464,89,1,30.81896551724138,80.0,92.075
TITLE_TERM,content,MULTI,422,214,32,38.15165876777251,50.18939393939394,92.02213399503722
TITLE_TERM,experience,MULTI,488,313,33,40.16393442622951,34.79826464208243,91.97927212572372
TITLE_TERM,engineer,MULTI,711,240,23,39.66244725738397,34.2,91.94545905707196
TITLE_TERM,information,MULTI,5266,1937,58,33.383972654766424,38.75673565013667,91.8546071133168
TITLE_TERM,upgrade,MULTI,2647,939,48,39.93199848885531,28.557480314960628,91.84104218362282
CATEGORY_COHORT,Monitoring / research :: Monitoring / analysis,France,17105,6068,1,24.88161356328559,70.0,91.83666666666667
TITLE_TERM,communications,MULTI,907,588,31,33.73759647188534,52.235690235690235,91.7890653432589
TITLE_TERM,resource,MULTI,533,305,28,40.33771106941839,33.25868725868726,91.71412737799835
CATEGORY_COHORT,Creative / communications :: Design / publishing,Quebec,14342,782,1,24.466601589736438,82.0,91.69166666666668
TITLE_TERM,application,MULTI,1738,955,42,33.3716915995397,40.91957605985037,91.66861869313482
TITLE_TERM,user,MULTI,618,216,26,38.67313915857605,35.84,91.64780810587261
TITLE_TERM,online,MULTI,2086,738,48,33.988494726749764,38.85663082437276,91.63492142266338
TITLE_TERM,creative,MULTI,436,258,23,38.99082568807339,38.95465393794749,91.632688172043
TITLE_TERM,hardware,MULTI,3445,1083,48,33.120464441219156,41.70383586083854,91.59609594706369
TITLE_TERM,connect,MULTI,355,203,26,49.57746478873239,29.838805970149252,91.56850289495452
TITLE_TERM,oracle,MULTI,1747,450,55,32.11219232970807,60.67332549941246,91.55904052936313
TITLE_TERM,automatic,MULTI,386,199,35,38.86010362694301,42.634408602150536,91.49882547559967
TITLE_TERM,update,MULTI,275,147,23,44.0,38.72868217054263,91.47733664185277
TITLE_TERM,governance,MULTI,332,183,37,42.7710843373494,35.651612903225804,91.47523573200992
TITLE_TERM,secure,MULTI,381,196,24,43.56955380577428,32.86351706036746,91.45803143093465
TITLE_TERM,gateway,MULTI,375,198,44,40.8,36.12737127371274,91.43353184449958
TITLE_TERM,artificial,MULTI,516,114,20,40.69767441860465,38.025440313111545,91.39498759305212
TITLE_TERM,portfolio,MULTI,320,182,26,41.5625,37.616129032258065,91.39187758478081
TITLE_TERM,informatica,MULTI,1647,129,10,41.16575591985428,44.3131498470948,91.35961952026469
TITLE_TERM,code,MULTI,895,381,25,34.30167597765363,42.4052812858783,91.31025641025641
TITLE_TERM,identity,MULTI,336,166,32,37.79761904761905,55.829268292682926,91.28488006617039
TITLE_TERM,connection,MULTI,281,119,21,49.11032028469751,33.039855072463766,91.21488833746898
TITLE_TERM,marketing,MULTI,1271,614,37,34.146341463414636,37.67892976588629,91.20112489660877
TITLE_TERM,video,MULTI,2620,1089,57,30.419847328244273,69.54141656662665,91.14489660876757
TITLE_TERM,audio,MULTI,976,473,43,33.19672131147541,46.94918918918919,91.07576509511995
TITLE_TERM,external,MULTI,1349,668,28,43.587842846553,26.334082397003744,91.0679569892473
TITLE_TERM,development,MULTI,4288,1347,73,38.80597014925373,27.52003794166469,91.01909015715466
TITLE_TERM,strategic,MULTI,817,449,52,44.798041615667074,26.73423980222497,90.96686517783293
TITLE_TERM,interreg,MULTI,506,137,35,42.29249011857708,31.728813559322035,90.96181968569066
TITLE_TERM,lizenzen,MULTI,3165,602,4,35.00789889415482,57.69699842022117,90.93414392059555
TITLE_TERM,licences,MULTI,3698,1014,23,30.070308274743105,64.45601436265709,90.90090984284532
TITLE_TERM,power,MULTI,1503,548,60,36.72654690618762,30.182751540041068,90.89425971877586
CATEGORY_COHORT,Automation / software :: Software / automation,Quebec,7739,539,1,23.504328724641425,74.0,90.86000000000001
TITLE_TERM,storage,MULTI,2117,834,48,34.76617855455834,32.36420345489444,90.85781637717122
TITLE_TERM,corporate,MULTI,640,346,29,41.40625,28.656,90.84451612903226
TITLE_TERM,cisco,MULTI,1033,332,40,33.10745401742498,46.50588235294118,90.83520264681556
TITLE_TERM,teams,MULTI,427,218,30,35.831381733021075,46.948019801980195,90.81655913978496
TITLE_TERM,office,MULTI,3152,1120,55,36.6751269035533,28.70909090909091,90.75014061207611
TITLE_TERM,backup,MULTI,845,286,43,33.13609467455621,48.79496402877698,90.71872622001655
TITLE_TERM,library,MULTI,742,319,31,40.296495956873315,28.744154057771663,90.70436724565756
TITLE_TERM,verkehr,MULTI,501,259,4,41.516966067864274,42.45908183632734,90.70357320099255
TITLE_TERM,build,MULTI,1271,632,36,37.76553894571204,29.135813953488373,90.6985111662531
TITLE_TERM,senior,MULTI,1777,367,29,33.53967360720315,35.95843989769821,90.69723738626965
TITLE_TERM,gigabit,MULTI,844,463,2,36.25592417061611,61.98696682464455,90.69023986765922
TITLE_TERM,partner,MULTI,1230,626,29,36.58536585365854,30.57206012378426,90.67333333333333
TITLE_TERM,technologies,MULTI,637,297,43,34.065934065934066,44.306930693069305,90.65450785773366
TITLE_TERM,tracking,MULTI,288,184,23,41.31944444444444,35.0,90.62714640198512
TITLE_PATTERN,warme drankenvoorziening,TenderNed,35,23,1,31.428571428571427,74.0,90.60813841717399
TITLE_PATTERN,warme drankenautomaten,TenderNed,17,14,1,41.17647058823529,74.0,90.60253123998717
TITLE_PATTERN,services de telecommunications,France,36,32,1,27.77777777777778,82.0,90.59115668055111
TITLE_TERM,unified,MULTI,307,158,29,37.13355048859935,55.99317406143345,90.5777171215881
TITLE_TERM,consultancy,MULTI,4086,1186,44,39.13362701908957,26.89794344473008,90.57019023986767
TITLE_TERM,smart,MULTI,1325,447,56,34.41509433962264,33.63884555382215,90.56061207609596
TITLE_TERM,evaluation,MULTI,3155,1444,35,31.632329635499207,39.28694499668655,90.53118279569892
TITLE_TERM,studio,MULTI,493,180,32,39.553752535496955,32.05555555555556,90.52979321753516
TITLE_TERM,exchange,MULTI,285,150,36,39.64912280701754,40.10948905109489,90.5276923076923
TITLE_TERM,line,MULTI,892,306,56,37.10762331838565,30.78843930635838,90.50903225806454
TITLE_TERM,bereitstellung,MULTI,1635,601,9,36.02446483180428,44.63669724770642,90.49326716294459
TITLE_PATTERN,ki server,Germany,17,7,1,64.70588235294117,60.0,90.47052226850369
TITLE_TERM,linux,MULTI,293,95,27,38.225255972696246,59.044117647058826,90.45877584780811
TITLE_TERM,human,MULTI,462,223,36,38.095238095238095,33.64334085778781,90.43917287014061
TITLE_TERM,traffic,MULTI,630,269,34,43.80952380952381,27.176190476190477,90.42491315136476
TITLE_TERM,joint,MULTI,384,162,29,46.09375,28.63368983957219,90.41334987593052
TITLE_TERM,remote,MULTI,374,210,33,38.23529411764706,35.56983240223464,90.41182795698926
TITLE_TERM,resilience,MULTI,357,214,23,45.65826330532213,28.564179104477613,90.40057899090156
TITLE_TERM,imaging,MULTI,868,265,38,50.345622119815665,25.08533653846154,90.38458229942101
TITLE_TERM,review,MULTI,929,485,25,48.22389666307858,24.96637744034707,90.3791894127378
TITLE_TERM,handling,MULTI,596,278,27,50.83892617449664,25.598260869565216,90.36969396195202
TITLE_TERM,wide,MULTI,288,199,29,42.708333333333336,31.97508896797153,90.36767576509511
TITLE_TERM,edition,MULTI,660,347,26,31.96969696969697,64.98507462686567,90.36117452440034
CATEGORY_COHORT,Automation / software :: IT services / software,United Kingdom,1784,790,1,23.766816143497756,60.0,90.35499999999999
TITLE_TERM,natura,MULTI,675,185,33,36.592592592592595,35.146268656716416,90.34315963606286
TITLE_TERM,model,MULTI,611,303,42,41.243862520458265,28.061855670103093,90.33912324234905
TITLE_TERM,resources,MULTI,554,250,26,35.1985559566787,38.45810055865922,90.28306038047972
TITLE_TERM,designer,MULTI,256,176,18,45.3125,30.88888888888889,90.26588916459883
TITLE_TERM,weiterentwicklung,MULTI,1012,337,5,36.462450592885375,48.00494071146245,90.26572373862696
TITLE_TERM,uvre,MULTI,4086,2118,18,40.94468918257464,25.692584963954687,90.23684036393715
TITLE_TERM,voice,MULTI,247,147,20,43.7246963562753,33.916666666666664,90.23212572373863
TITLE_TERM,response,MULTI,642,334,37,35.046728971962615,35.0,90.18736145574856
TITLE_TERM,vmware,MULTI,1142,401,48,30.472854640980735,58.5663082437276,90.17763440860216
TITLE_TERM,vrijwillige,MULTI,931,265,2,37.70139634801289,42.22246220302376,90.16251447477254
TITLE_TERM,operational,MULTI,687,252,39,38.57350800582242,29.67551622418879,90.13556658395368
TITLE_TERM,infrastructure,MULTI,2712,1467,61,32.78023598820059,32.862776659959756,90.12813895781639
TITLE_TERM,professional,MULTI,1347,596,32,43.504083147735706,25.215892053973015,90.12287841191068
TITLE_TERM,cluster,MULTI,2159,324,28,34.27512737378416,32.328117591275486,90.11617866004963
TITLE_TERM,time,MULTI,729,263,42,35.80246913580247,32.527065527065524,90.10531017369729
TITLE_TERM,siem,MULTI,341,154,34,35.19061583577712,58.26392961876833,90.09255583126551
TITLE_TERM,risk,MULTI,1541,614,34,43.153796236210255,25.178217821782177,90.08395368072787
TITLE_TERM,patient,MULTI,1023,380,23,36.168132942326494,30.155,90.08279569892473
TITLE_TERM,affaires,MULTI,631,252,7,34.7068145800317,41.66779089376054,90.07273779983458
TITLE_TERM,quality,MULTI,788,359,37,39.08629441624365,28.28238341968912,90.05900744416874
TITLE_TERM,competition,MULTI,1256,231,20,34.63375796178344,33.61129032258064,90.02971050454923
TITLE_TERM,automatische,MULTI,204,120,6,40.19607843137255,74.0,90.01778329197685
TITLE_TERM,mapping,MULTI,392,185,27,38.01020408163265,34.3984375,90.01065343258892
TITLE_TERM,detection,MULTI,1604,983,40,33.915211970074814,31.173522812266267,89.98339123242349
TITLE_TERM,expansion,MULTI,400,205,33,42.5,28.797953964194374,89.96926385442515
TITLE_TERM,live,MULTI,413,185,33,39.70944309927361,30.844559585492227,89.93971877584781
TITLE_TERM,payroll,MULTI,413,307,19,36.803874092009686,33.96938775510204,89.93110008271299
TITLE_TERM,electronic,MULTI,791,354,47,33.24905183312263,39.08461538461538,89.91966914805624
TITLE_TERM,studie,MULTI,807,211,9,33.45724907063197,57.80608365019011,89.91735318444996
TITLE_TERM,contact,MULTI,683,349,29,35.72474377745242,31.624620060790274,89.90870140612077
TITLE_TERM,plant,MULTI,1074,453,48,39.85102420856611,26.78388625592417,89.90772539288669
TITLE_TERM,azure,MULTI,369,183,32,33.87533875338753,64.36414565826331,89.90602150537634
TITLE_TERM,document,MULTI,302,228,31,36.09271523178808,42.55749128919861,89.89991728701406
TITLE_TERM,strategy,MULTI,653,355,28,45.176110260336905,25.842105263157894,89.89660876757652
TITLE_TERM,firewall,MULTI,819,282,39,32.967032967032964,39.82793017456359,89.89584780810588
TITLE_TERM,level,MULTI,954,409,46,44.129979035639415,25.31871657754011,89.87968569065343
TITLE_TERM,einfuhrung,MULTI,1049,394,7,32.316491897044806,58.09702209414025,89.87161290322581
TITLE_TERM,hard,MULTI,444,223,23,34.909909909909906,40.03703703703704,89.8578329197684
TITLE_TERM,workspace,MULTI,198,89,19,41.41414141414141,50.833333333333336,89.85732009925559
TITLE_TERM,dienstleistungskonzession,MULTI,772,295,3,38.082901554404145,39.1619170984456,89.82491315136477
TITLE_TERM,vernieuwen,MULTI,929,351,2,37.78256189451022,37.515151515151516,89.819735318445
TITLE_TERM,discovery,MULTI,203,107,20,45.320197044334975,35.39795918367347,89.81722084367246
TITLE_TERM,source,MULTI,721,422,28,37.309292649098474,29.02212389380531,89.81111662531018
TITLE_TERM,environment,MULTI,482,210,37,36.09958506224066,35.2655601659751,89.81045492142266
CATEGORY_COHORT,Monitoring / research :: Monitoring / analysis,Ireland,227,92,1,27.75330396475771,70.0,89.79833333333332
TITLE_TERM,center,MULTI,2031,590,58,32.20088626292467,34.1250654107797,89.7836393713813
TITLE_TERM,dynamics,MULTI,320,153,33,34.6875,60.01960784313726,89.78180314309347
TITLE_TERM,locale,MULTI,921,307,10,37.56786102062975,29.951631046119235,89.77960297766751
TITLE_TERM,demand,MULTI,310,166,18,39.67741935483871,33.527868852459015,89.77789909015715
TITLE_TERM,tools,MULTI,686,369,33,34.69387755102041,33.24246987951807,89.76454921422663
TITLE_TERM,compliance,MULTI,467,305,27,39.82869379014989,28.92888888888889,89.72598842018196
TITLE_TERM,engineering,MULTI,2024,734,47,34.53557312252964,29.608053007135577,89.72403639371382
TITLE_TERM,verlangerung,MULTI,1701,315,6,35.390946502057616,42.57965902410347,89.72082712985939
TITLE_TERM,border,MULTI,243,69,35,46.50205761316872,35.43621399176955,89.6839205955335
TITLE_TERM,juridische,MULTI,248,173,2,45.564516129032256,43.13846153846154,89.68173697270471
TITLE_TERM,learning,MULTI,1622,784,31,36.80641183723798,27.34873417721519,89.65144747725392
TITLE_TERM,standard,MULTI,1007,403,38,33.06852035749752,34.82586558044807,89.6390405293631
TITLE_TERM,veeam,MULTI,320,110,25,35.3125,62.53674121405751,89.59331679073615
TITLE_TERM,foundation,MULTI,565,219,26,44.24778761061947,26.446017699115043,89.58428453267163
TITLE_PATTERN,microsoft lizenzen,Germany,22,14,1,36.36363636363637,60.0,89.56904838192887
TITLE_TERM,arcgis,MULTI,267,112,36,35.95505617977528,63.73929961089494,89.56842018196856
TITLE_TERM,cybersecurity,MULTI,157,81,19,46.496815286624205,44.833333333333336,89.55740281224152
TITLE_TERM,warehouse,MULTI,205,92,25,44.8780487804878,36.15609756097561,89.54789081885858
TITLE_TERM,relation,MULTI,474,298,17,35.232067510548525,34.349036402569595,89.53073614557485
TITLE_TERM,communication,MULTI,2753,1598,95,27.351979658554303,75.48667711598746,89.52736145574855
TITLE_TERM,reference,MULTI,358,216,29,41.06145251396648,29.279761904761905,89.51308519437552
TITLE_TERM,tests,MULTI,700,364,29,36.857142857142854,29.507763975155278,89.51129859387925
TITLE_TERM,expert,MULTI,1148,513,31,33.362369337979096,31.483505154639175,89.49634408602151
TITLE_TERM,science,MULTI,744,293,37,37.23118279569893,28.767857142857142,89.47760132340778
CATEGORY_COHORT,Monitoring / research :: Monitoring / analysis,Quebec,3678,684,1,21.0984230560087,70.0,89.46333333333334
TITLE_TERM,warme,MULTI,657,350,6,34.855403348554034,34.57962962962963,89.44077750206782
TITLE_TERM,schema,MULTI,1502,1025,10,30.02663115845539,49.818568391211905,89.42954507857735
TITLE_TERM,alarm,MULTI,636,327,18,47.16981132075472,25.046178343949045,89.40966087675764
TITLE_TERM,change,MULTI,567,321,31,38.80070546737213,28.016544117647058,89.40383788254758
TITLE_TERM,elections,MULTI,151,98,7,52.317880794701985,38.788079470198674,89.35374689826301
TITLE_TERM,customer,MULTI,486,283,26,33.1275720164609,41.806451612903224,89.35260545905707
TITLE_TERM,desk,MULTI,295,175,35,35.59322033898305,42.701438848920866,89.35047146401985
TITLE_TERM,google,MULTI,172,94,25,40.69767441860465,58.63522012578616,89.3170223325062
TITLE_TERM,analyst,MULTI,300,112,14,38.666666666666664,36.654761904761905,89.2943258891646
TITLE_TERM,impact,MULTI,989,525,39,32.153690596562186,34.446878422782035,89.28185277088502
TITLE_PATTERN,zaaksysteem,TenderNed,18,18,1,38.88888888888889,60.0,89.27314963152836
TITLE_TERM,centrum,MULTI,5812,546,13,37.59463179628355,26.822710622710623,89.27048800661703
TITLE_PATTERN,beschaffung von microsoft lizenzen,Germany,20,5,1,65.0,60.0,89.26690163409162
TITLE_TERM,base,MULTI,3413,1004,31,35.33548198066217,27.247592420006214,89.26529363110009
TITLE_TERM,master,MULTI,367,172,30,40.87193460490463,28.883040935672515,89.2018693134822
TITLE_TERM,esri,MULTI,234,111,37,36.324786324786324,62.54625550660793,89.19239040529362
TITLE_TERM,aankoop,MULTI,5236,826,2,34.950343773873186,34.63157894736842,89.18564102564102
TITLE_TERM,installatie,MULTI,1480,464,2,36.41891891891892,33.79234972677595,89.16129032258064
TITLE_TERM,third,MULTI,250,134,30,46.8,28.76954732510288,89.15996691480564
TITLE_TERM,water,MULTI,2943,952,74,41.45429833503228,24.410043352601157,89.15740281224151
TITLE_TERM,plattform,MULTI,657,214,8,34.70319634703196,69.38812785388127,89.15146401985112
TITLE_TERM,european,MULTI,545,180,94,35.596330275229356,32.58412098298677,89.14808933002482
TITLE_TERM,supervision,MULTI,1303,579,63,33.61473522640061,30.04104183109708,89.12752688172043
TITLE_TERM,technology,MULTI,1101,498,40,32.9700272479564,31.988106129917657,89.1133664185277
TITLE_TERM,financial,MULTI,841,408,42,38.763376932223544,26.699029126213592,89.10709677419355
TITLE_TERM,dell,MULTI,18649,1098,29,43.45005094106923,23.819132393157812,89.0935318444996
TITLE_TERM,salesforce,MULTI,173,79,15,41.61849710982659,56.005780346820806,89.07288668320928
TITLE_TERM,implementierung,MULTI,792,294,4,34.217171717171716,55.698232323232325,89.05331679073615
TITLE_TERM,solutions,MULTI,2102,1010,48,28.73453853472883,43.28698224852071,89.05258891645988
TITLE_TERM,desarrollo,MULTI,4170,295,7,33.621103117505996,42.40239808153477,89.05062034739456
TITLE_TERM,overheidsopdracht,MULTI,891,206,2,38.04713804713805,34.8,89.04613730355666
TITLE_TERM,administration,MULTI,1640,794,40,32.31707317073171,31.248062015503876,89.03682382133996
TITLE_TERM,marktconsultatie,MULTI,2434,463,2,34.38783894823336,37.86637362637363,89.01239040529363
TITLE_TERM,module,MULTI,1009,478,29,32.804757185332015,32.0,88.99806451612903
TITLE_TERM,nicht,MULTI,1548,179,6,34.30232558139535,48.85142118863049,88.99622828784119
TITLE_TERM,check,MULTI,352,165,31,36.36363636363637,35.07954545454545,88.99559966914805
TITLE_TERM,campaign,MULTI,316,176,22,49.050632911392405,26.246753246753247,88.98896608767576
TITLE_TERM,premise,MULTI,137,72,24,44.52554744525548,60.425196850393704,88.9631100082713
TITLE_TERM,basic,MULTI,179,85,25,46.36871508379888,34.3905325443787,88.93339950372209
TITLE_TERM,insight,MULTI,138,87,9,48.55072463768116,40.94927536231884,88.90671629445822
TITLE_TERM,dranken,MULTI,323,238,2,37.77089783281734,54.395833333333336,88.89394540942929
TITLE_TERM,intranet,MULTI,286,174,24,34.26573426573427,50.896946564885496,88.89260545905707
TITLE_TERM,endpoint,MULTI,247,102,25,35.62753036437247,59.15,88.88403639371381
TITLE_TERM,monate,MULTI,590,86,8,39.32203389830509,42.27457627118644,88.8566087675765
TITLE_TERM,social,MULTI,8144,1659,56,39.599705304518665,24.42427294473121,88.84403639371382
TITLE_TERM,matrix,MULTI,162,69,15,45.06172839506173,44.42763157894737,88.84200165425972
TITLE_TERM,pilot,MULTI,672,309,35,43.75,25.05790297339593,88.83851116625311
TITLE_TERM,vernieuwing,MULTI,408,239,2,37.990196078431374,41.903614457831324,88.8337799834574
TITLE_TERM,plus,MULTI,2501,836,46,35.305877648940424,26.82624845233182,88.82486352357321
TITLE_TERM,welfare,MULTI,406,130,10,46.30541871921182,28.103448275862068,88.80193548387096
TITLE_TERM,feasibility,MULTI,351,210,22,51.566951566951566,25.373219373219374,88.80142266335815
TITLE_TERM,festival,MULTI,785,294,19,35.4140127388535,29.20689655172414,88.79091811414393
TITLE_TERM,alto,MULTI,1099,137,23,38.39854413102821,28.35213830755232,88.79030603804799
TITLE_TERM,kader,MULTI,619,301,2,37.964458804523424,34.578947368421055,88.77617866004962
TITLE_TERM,zzgl,MULTI,291,36,3,59.79381443298969,52.09621993127148,88.7721753515302
TITLE_PATTERN,vmware lizenzen,Germany,29,11,1,31.03448275862069,60.0,88.75440563921819
TITLE_TERM,private,MULTI,660,318,35,38.333333333333336,27.094616639477977,88.74883374689826
TITLE_TERM,verlangerungsoption,MULTI,400,93,4,44.25,34.8225,88.74208436724567
TITLE_TERM,device,MULTI,464,214,36,38.36206896551724,28.470982142857142,88.73775020678247
TITLE_TERM,intercom,MULTI,180,75,11,44.44444444444444,37.660919540229884,88.7362282878412
TITLE_TERM,flow,MULTI,451,182,37,41.24168514412417,27.017031630170315,88.7221836228288
TITLE_TERM,safe,MULTI,341,201,30,45.16129032258065,26.444444444444443,88.71485525227462
TITLE_TERM,diagnostics,MULTI,1319,832,24,30.932524639878697,34.3394355453852,88.70889991728703
TITLE_TERM,rfid,MULTI,408,177,34,35.294117647058826,33.9263959390863,88.70775847808106
TITLE_TERM,intention,MULTI,646,77,5,34.8297213622291,39.153125,88.70397022332506
TITLE_TERM,modelling,MULTI,242,153,19,52.06611570247934,27.016528925619834,88.67167907361454
TITLE_TERM,ondersteuning,MULTI,1242,530,2,34.86312399355877,35.72769953051643,88.65521918941275
TITLE_TERM,virtual,MULTI,630,257,33,31.58730158730159,39.396103896103895,88.64294458229942
TITLE_TERM,cinema,MULTI,475,296,15,32.21052631578947,41.906724511930584,88.6213399503722
TITLE_TERM,angebot,MULTI,300,156,3,39.333333333333336,47.53,88.61493796526055
TITLE_PATTERN,citrix lizenzen,Germany,29,16,1,27.586206896551722,60.0,88.61182313361101
TITLE_TERM,autodesk,MULTI,275,145,27,33.45454545454545,60.034749034749034,88.60598842018197
TITLE_TERM,screening,MULTI,713,295,34,40.532959326788216,25.72378138847858,88.60114143920596
TITLE_TERM,officer,MULTI,331,201,16,52.87009063444109,25.08783783783784,88.57234077750208
TITLE_TERM,helios,MULTI,195,44,11,46.666666666666664,42.58461538461538,88.56595533498759
TITLE_TERM,consulting,MULTI,511,197,45,33.07240704500978,37.39959432048681,88.56570719602978
TITLE_TERM,dialogue,MULTI,1138,151,30,31.195079086115992,40.26977152899824,88.55996691480561
TITLE_TERM,territorial,MULTI,1463,534,16,33.56117566643882,29.29779917469051,88.55730355665838
TITLE_TERM,mobility,MULTI,390,182,37,37.43589743589744,30.13101604278075,88.5431100082713
TITLE_TERM,etudes,MULTI,4497,2145,15,26.72893039804314,69.59565935362113,88.54105872622003
TITLE_TERM,cameras,MULTI,709,443,18,32.01692524682652,33.802907915993536,88.53114971050455
TITLE_TERM,manutenzione,MULTI,7425,560,4,41.41414141414141,26.382760942760942,88.47938792390406
TITLE_TERM,gestion,MULTI,25792,6443,23,30.362127791563275,32.123311635476,88.47492142266336
TITLE_TERM,evidence,MULTI,182,89,13,43.40659340659341,35.04545454545455,88.47057071960297
TITLE_TERM,konzeption,MULTI,546,148,6,37.54578754578755,38.72893772893773,88.46395368072788
TITLE_TERM,test,MULTI,1761,624,40,34.12833617262919,27.69235364396655,88.45374689826303
TITLE_TERM,instrument,MULTI,729,221,34,35.939643347050755,28.356223175965667,88.42671629445823
TITLE_TERM,back,MULTI,416,206,30,34.61538461538461,33.20159151193634,88.42086021505378
TITLE_TERM,twin,MULTI,163,84,24,49.693251533742334,31.856164383561644,88.41897435897437
TITLE_TERM,recovery,MULTI,885,408,39,42.03389830508475,24.582480091012513,88.40084367245657
TITLE_TERM,citrix,MULTI,510,200,26,30.19607843137255,58.442424242424245,88.39444168734491
TITLE_TERM,records,MULTI,174,119,10,47.12643678160919,32.189655172413794,88.37556658395368
TITLE_TERM,processing,MULTI,497,265,28,38.028169014084504,27.641821946169774,88.35851116625311
TITLE_PATTERN,finance system,United Kingdom,13,11,1,46.15384615384615,60.0,88.35469400833065
TITLE_TERM,externe,MULTI,2121,974,16,31.023102310231025,31.515368120085775,88.3379818031431
TITLE_TERM,future,MULTI,762,430,28,35.69553805774278,27.58255033557047,88.33584780810588
TITLE_TERM,interior,MULTI,1132,96,17,43.109540636042404,26.023851590106005,88.33295285359802
TITLE_TERM,cctv,MULTI,751,399,29,46.33821571238349,23.778532608695652,88.32253101736973
TITLE_TERM,product,MULTI,336,175,26,36.30952380952381,32.146103896103895,88.32036393713813
TITLE_TERM,fibre,MULTI,711,433,26,30.239099859353026,39.56231454005935,88.3186435070306
TITLE_TERM,feder,MULTI,718,96,8,38.579387186629525,30.79597701149425,88.3170223325062
TITLE_TERM,computer,MULTI,488,169,31,34.631147540983605,32.19126819126819,88.30795698924732
TITLE_PATTERN,leisure management system,United Kingdom,12,11,1,50.0,72.0,88.29381608458827
TITLE_TERM,full,MULTI,1851,500,38,38.087520259319284,25.09284890426759,88.28827129859388
TITLE_TERM,elektronische,MULTI,475,168,6,36.0,32.154430379746834,88.2870306038048
TITLE_TERM,cross,MULTI,328,154,34,47.86585365853659,25.66355140186916,88.28415219189412
TITLE_TERM,innovation,MULTI,1051,513,43,34.15794481446242,28.109561752988046,88.26706368899917
TITLE_TERM,outsourcing,MULTI,449,189,28,35.41202672605791,31.34474885844749,88.26565756823821
TITLE_TERM,conference,MULTI,599,272,25,35.72621035058431,28.53157894736842,88.25995037220844
TITLE_TERM,richtlinie,MULTI,213,83,4,46.009389671361504,44.671361502347416,88.25821339950373
TITLE_TERM,ruimte,MULTI,617,253,2,35.49432739059968,38.98290598290598,88.23927212572376
TITLE_TERM,incident,MULTI,211,138,20,37.44075829383886,37.33,88.19225806451612
TITLE_TERM,ressources,MULTI,1524,670,12,29.855643044619423,35.53014553014553,88.18519437551694
TITLE_TERM,large,MULTI,364,229,29,40.10989010989011,27.126470588235293,88.18451612903226
TITLE_TERM,analyse,MULTI,2989,1290,20,29.37437269989963,33.92004590665646,88.15922249793218
TITLE_TERM,revision,MULTI,1503,688,23,31.204258150365934,31.458970792767733,88.15440860215054
TITLE_TERM,year,MULTI,679,284,27,43.29896907216495,24.52089552238806,88.11573200992557
TITLE_TERM,losung,MULTI,780,304,6,32.56410256410256,55.264102564102565,88.11440860215055
TITLE_TERM,evolution,MULTI,909,535,17,28.272827282728272,47.19908987485779,88.11159636062862
TITLE_TERM,domein,MULTI,554,230,2,34.65703971119134,45.248062015503876,88.09641025641025
TITLE_TERM,industrial,MULTI,1171,233,33,40.47822374039283,24.924398625429554,88.09525227460712
TITLE_TERM,transformation,MULTI,2507,1268,31,33.30674112485042,27.658737419945105,88.09220843672458
TITLE_TERM,internet,MULTI,1407,732,47,27.434257285003554,44.470193740685545,88.08818858560795
TITLE_TERM,edge,MULTI,177,89,26,42.93785310734463,33.76271186440678,88.07612903225808
TITLE_TERM,preliminary,MULTI,633,262,18,64.45497630331754,23.81042654028436,88.05545078577337
TITLE_TERM,brabant,MULTI,442,103,2,39.59276018099548,36.607142857142854,88.0436393713813
TITLE_TERM,beratungs,MULTI,363,141,4,38.01652892561984,41.887052341597794,88.04362282878411
TITLE_TERM,outil,MULTI,775,492,8,29.032258064516128,52.761310452418094,88.04258064516128
TITLE_TERM,supports,MULTI,1018,707,15,27.406679764243616,50.22689938398357,88.03392886683208
TITLE_TERM,etude,MULTI,6732,3079,12,24.92572786690434,69.8709003215434,88.03346567411083
TITLE_TERM,refresh,MULTI,228,155,10,52.19298245614035,26.359649122807017,88.0294458229942
TITLE_TERM,condition,MULTI,634,430,14,38.48580441640379,25.831230283911673,88.01381306865177
TITLE_TERM,lead,MULTI,455,251,18,45.05494505494506,24.725118483412324,88.00481389578164
TITLE_TERM,plateforme,MULTI,2504,1239,8,27.396166134185304,47.19133893062307,87.97516956162119
TITLE_TERM,room,MULTI,560,304,28,50.714285714285715,23.491651205936922,87.94294458229942
TITLE_TERM,campagne,MULTI,932,497,9,27.682403433476395,54.746153846153845,87.93411083540116
TITLE_TERM,logiciel,MULTI,3088,1048,7,25.582901554404145,76.4410333208536,87.91386269644335
TITLE_TERM,abschluss,MULTI,2368,366,5,32.05236486486486,40.945523648648646,87.91326716294458
TITLE_TERM,capacity,MULTI,490,212,43,40.0,26.24793388429752,87.90539288668322
TITLE_TERM,virtualisation,MULTI,129,86,10,41.86046511627907,51.75892857142857,87.8986600496278
TITLE_TERM,premium,MULTI,303,132,26,33.333333333333336,49.485915492957744,87.89371381306866
TITLE_TERM,elaboration,MULTI,2683,1674,16,26.798360044726053,44.71911005164879,87.89326716294457
TITLE_TERM,horizon,MULTI,358,171,26,32.68156424581006,40.01592356687898,87.88712985938793
TITLE_TERM,diffusion,MULTI,515,357,8,29.902912621359224,47.925690021231425,87.88441687344914
TITLE_TERM,topographiques,MULTI,627,477,3,29.34609250398724,82.0,87.87735318444996
TITLE_TERM,disaster,MULTI,143,60,25,46.15384615384615,39.86713286713287,87.85808105872621
TITLE_TERM,confluence,MULTI,327,138,19,32.415902140672785,53.638364779874216,87.85359801488832
TITLE_TERM,cooperation,MULTI,285,115,48,37.89473684210526,33.81640625,87.83897435897435
TITLE_TERM,strategique,MULTI,804,518,15,29.104477611940297,41.38317757009346,87.81844499586435
TITLE_TERM,pacte,MULTI,249,194,2,42.971887550200805,33.30923694779116,87.81831265508686
TITLE_TERM,process,MULTI,761,385,36,34.82260183968462,27.602442333785618,87.81477253928867
TITLE_TERM,lich,MULTI,890,270,3,37.52808988764045,30.113483146067416,87.78881720430108
TITLE_TERM,education,MULTI,3503,973,57,49.272052526405936,22.253839466821212,87.7799834574028
TITLE_TERM,systeme,MULTI,10249,3561,22,29.48580349302371,31.720132153895342,87.77809760132342
TITLE_TERM,organisatie,MULTI,376,218,2,42.5531914893617,29.727272727272727,87.75085194375517
TITLE_TERM,rise,MULTI,146,79,17,55.47945205479452,34.363013698630134,87.74665012406949
TITLE_TERM,inzake,MULTI,346,195,2,36.41618497109827,43.338582677165356,87.7424483043838
TITLE_TERM,investment,MULTI,417,238,28,46.52278177458034,24.446913580246914,87.74047973531844
TITLE_TERM,bestehenden,MULTI,752,184,7,34.70744680851064,31.613119143239626,87.71659222497932
TITLE_TERM,donnees,MULTI,1985,896,7,26.952141057934508,49.782415136338344,87.71121588089329
TITLE_TERM,multimedia,MULTI,504,262,23,31.746031746031747,35.89705882352941,87.70524400330852
TITLE_TERM,actualisation,MULTI,237,191,3,35.44303797468354,47.20091324200913,87.70274607113318
TITLE_TERM,directeur,MULTI,1337,929,7,27.44951383694839,43.114197530864196,87.69234077750207
TITLE_TERM,policy,MULTI,321,144,35,49.84423676012461,25.25545171339564,87.68994210090983
TITLE_TERM,clinical,MULTI,818,352,27,43.88753056234719,23.687810945273633,87.68358974358975
TITLE_TERM,wastewater,MULTI,220,107,32,36.81818181818182,39.31818181818182,87.68249793217535
TITLE_TERM,meeting,MULTI,221,100,20,41.1764705882353,30.814634146341465,87.67877584780811
TITLE_TERM,renouvellement,MULTI,7642,2391,11,26.95629416383146,42.01481155594662,87.67133167907363
TITLE_TERM,digitalen,MULTI,725,228,4,33.93103448275862,40.2,87.66732837055417
TITLE_TERM,dispositif,MULTI,1304,900,6,29.217791411042946,36.9146049481245,87.65182795698925
TITLE_TERM,measures,MULTI,241,90,28,43.56846473029046,29.00414937759336,87.6449958643507
TITLE_TERM,productie,MULTI,352,114,5,40.90909090909091,29.660714285714285,87.62663358147229
TITLE_TERM,studies,MULTI,308,184,26,39.935064935064936,27.597345132743364,87.61085194375516
TITLE_PATTERN,gpu server,Germany,47,4,1,40.42553191489361,60.0,87.60845882729893
TITLE_TERM,behoeve,MULTI,804,331,2,35.82089552238806,31.91738382099828,87.60330851943755
TITLE_TERM,magazine,MULTI,276,186,9,31.884057971014492,55.39344262295082,87.59933829611249
TITLE_TERM,sustainability,MULTI,226,142,18,41.5929203539823,29.98230088495575,87.59313482216709
TITLE_TERM,infrastruktur,MULTI,1800,624,18,31.88888888888889,38.135555555555555,87.58592224979323
TITLE_TERM,control,MULTI,6944,1185,59,33.0213133640553,26.630595393307257,87.58564102564102
TITLE_TERM,department,MULTI,1048,285,19,32.25190839694657,30.114093959731544,87.57897435897436
TITLE_TERM,booking,MULTI,140,105,14,43.57142857142857,37.84285714285714,87.56994210090986
TITLE_TERM,engagement,MULTI,2531,925,33,47.60964045831687,22.353245718837115,87.56683209263855
TITLE_TERM,educational,MULTI,455,213,23,41.0989010989011,25.713333333333335,87.56089330024813
TITLE_TERM,wind,MULTI,306,120,30,37.254901960784316,30.868512110726645,87.56033085194376
TITLE_TERM,radios,MULTI,164,102,16,37.19512195121951,48.210191082802545,87.55923904052935
TITLE_TERM,critical,MULTI,178,104,18,46.62921348314607,29.471910112359552,87.55791563275434
TITLE_TERM,mail,MULTI,311,188,20,32.79742765273312,39.466442953020135,87.55679073614559
TITLE_TERM,intelligent,MULTI,140,104,17,42.142857142857146,37.25954198473283,87.55283705541771
TITLE_TERM,publication,MULTI,548,252,16,29.744525547445257,42.2,87.55017369727048
TITLE_TERM,simulation,MULTI,493,281,28,31.440162271805274,34.714285714285715,87.54358974358973
TITLE_PATTERN,prestations de communication,France,11,8,1,54.54545454545454,82.0,87.54181352130726
TITLE_PATTERN,leistungen des inbetriebnahmemanagements und technischen monitorings,Germany,22,10,1,27.27272727272727,70.0,87.53700736943287
TITLE_TERM,decision,MULTI,191,145,12,36.12565445026178,39.71739130434783,87.51321753515302
TITLE_TERM,abonnement,MULTI,1653,414,10,25.71082879612825,57.38481012658228,87.5087841191067
TITLE_TERM,entwicklung,MULTI,1610,415,11,31.987577639751553,39.05652173913043,87.49913978494624
TITLE_TERM,implementatie,MULTI,500,286,2,32.8,55.56613756613756,87.49842845326717
TITLE_TERM,central,MULTI,3075,756,56,33.49593495934959,26.238576909661667,87.49062034739455
TITLE_TERM,agency,MULTI,1372,519,38,37.46355685131196,24.860703812316714,87.48491315136476
TITLE_TERM,bundesministerium,MULTI,362,191,3,34.530386740331494,55.494475138121544,87.47313482216708
TITLE_TERM,offshore,MULTI,373,120,25,34.85254691689008,32.432203389830505,87.47108354011579
TITLE_TERM,laboratory,MULTI,913,324,46,37.78751369112815,25.18756936736959,87.45905707196029
TITLE_PATTERN,it drift,TED,17,9,4,35.294117647058826,60.0,87.45257930150592
TITLE_TERM,assistenza,MULTI,2888,284,3,38.57340720221607,27.12915512465374,87.44534325889164
TITLE_TERM,optimisation,MULTI,880,609,10,29.65909090909091,34.04283965728274,87.42183622828784
TITLE_TERM,investigations,MULTI,427,311,17,31.381733021077284,35.741706161137444,87.41760132340778
TITLE_TERM,activities,MULTI,392,175,31,42.60204081632653,25.456632653061224,87.40180314309347
TITLE_TERM,ecologique,MULTI,798,529,7,31.07769423558897,33.01794871794872,87.3969065343259
TITLE_TERM,ticketing,MULTI,248,124,21,34.274193548387096,43.374468085106386,87.39194375516956
TITLE_TERM,palo,MULTI,181,68,23,38.67403314917127,51.54696132596685,87.38382133995037
TITLE_TERM,electronique,MULTI,795,479,7,29.056603773584907,40.8857938718663,87.35007444168735
TITLE_TERM,satisfaction,MULTI,140,123,7,41.42857142857143,36.36296296296296,87.33775020678246
TITLE_TERM,scada,MULTI,374,109,40,32.0855614973262,45.06301369863014,87.33751861042184
TITLE_TERM,consultants,MULTI,402,211,16,33.830845771144276,31.33681462140992,87.33497105045493
TITLE_TERM,lidar,MULTI,314,133,29,33.439490445859875,36.00673400673401,87.32908188585608
TITLE_TERM,netapp,MULTI,264,99,18,35.984848484848484,35.246212121212125,87.31773366418528
TITLE_TERM,sauvegarde,MULTI,429,323,8,30.06993006993007,48.79952267303103,87.31429280397023
TITLE_TERM,mode,MULTI,622,406,19,28.29581993569132,45.675392670157066,87.31050454921423
TITLE_TERM,videosurveillance,MULTI,335,271,6,30.149253731343283,70.9261744966443,87.30549214226633
TITLE_TERM,pflege,MULTI,1888,436,4,32.78601694915254,34.04025423728814,87.30529363110008
TITLE_PATTERN,prestations topographiques,France,12,8,1,41.66666666666667,82.0,87.29718039090035
TITLE_TERM,suivi,MULTI,3550,1994,12,28.0,34.08007224563516,87.29406120760959
TITLE_TERM,appui,MULTI,617,384,19,32.090761750405186,31.237037037037037,87.2842183622829
TITLE_TERM,camera,MULTI,1095,506,28,36.16438356164384,25.234086242299796,87.26529363110009
TITLE_TERM,well,MULTI,330,136,23,40.0,27.15625,87.23942100909844
TITLE_TERM,concept,MULTI,606,224,25,30.693069306930692,34.433048433048434,87.23665839536807
TITLE_TERM,common,MULTI,206,120,25,37.37864077669903,34.56310679611651,87.23032258064516
TITLE_TERM,servicenow,MULTI,146,68,23,38.35616438356164,60.884892086330936,87.20613730355666
TITLE_TERM,musee,MULTI,1650,517,6,30.060606060606062,32.16880616174583,87.20019851116626
TITLE_TERM,wifi,MULTI,575,273,33,30.608695652173914,34.62192816635161,87.19308519437553
TITLE_PATTERN,wmo consulent,TenderNed,20,6,1,35.0,70.0,87.18856135853893
TITLE_TERM,publicitaires,MULTI,582,350,3,29.209621993127147,58.192239858906525,87.1802812241522
TITLE_TERM,networks,MULTI,264,142,32,33.71212121212121,38.61363636363637,87.17667493796526
TITLE_TERM,exposition,MULTI,1028,414,7,27.626459143968873,41.62235649546828,87.16873449131515
TITLE_TERM,droits,MULTI,419,210,6,30.548926014319807,47.906172839506176,87.15659222497933
TITLE_TERM,inbetriebnahme,MULTI,1485,368,7,36.7003367003367,28.21818181818182,87.15645988420182
TITLE_TERM,production,MULTI,4154,2265,50,30.813673567645644,27.79101007491604,87.15124896608768
TITLE_TERM,direct,MULTI,776,379,33,43.170103092783506,23.411140583554378,87.14800661703887
TITLE_TERM,switch,MULTI,297,119,24,38.38383838383838,28.767123287671232,87.14137303556659
TITLE_TERM,advisory,MULTI,829,385,25,41.3751507840772,23.78528347406514,87.13495450785774
TITLE_TERM,payment,MULTI,375,240,19,39.2,26.253333333333334,87.13373035566585
TITLE_TERM,evolutive,MULTI,217,150,9,37.327188940092164,37.59090909090909,87.11912324234906
TITLE_TERM,systeem,MULTI,899,435,2,30.03337041156841,57.952782462057336,87.11119933829612
TITLE_TERM,binnen,MULTI,381,232,3,35.43307086614173,31.596153846153847,87.09746898263028
TITLE_TERM,recruitment,MULTI,912,516,21,45.833333333333336,22.75720620842572,87.09414392059553
TITLE_TERM,standards,MULTI,387,226,23,36.69250645994832,27.436507936507937,87.09301902398676
TITLE_TERM,developpement,MULTI,3203,1463,17,26.443958788635655,37.91535714285714,87.07913978494625
TITLE_TERM,assistance,MULTI,10507,4402,108,27.600647187589225,32.05531167690957,87.07760132340778
TITLE_TERM,faisabilite,MULTI,1120,781,6,25.178571428571427,68.22211981566821,87.07301902398677
TITLE_TERM,engine,MULTI,315,141,28,35.55555555555556,30.83809523809524,87.06623655913978
TITLE_PATTERN,fastighetssystem,TED,48,7,2,25.0,60.0,87.05959628324254
TITLE_TERM,francais,MULTI,649,276,10,37.750385208012325,25.651273885350317,87.04767576509511
TITLE_TERM,invitation,MULTI,1429,360,24,31.280615815255423,29.23054114158636,87.03465674110835
TITLE_TERM,provider,MULTI,904,476,27,35.39823008849557,25.744558991981673,87.03209263854426
TITLE_TERM,arts,MULTI,1105,503,18,31.402714932126695,28.85829145728643,87.02931348221671
TITLE_TERM,transparency,MULTI,195,43,10,48.205128205128204,33.03076923076923,87.02655086848637
TITLE_TERM,field,MULTI,504,216,40,36.111111111111114,26.99795081967213,87.02267990074441
TITLE_TERM,leveren,MULTI,4491,896,2,33.66733466933868,29.614545454545453,87.01718775847809
TITLE_TERM,territoriale,MULTI,1377,393,7,34.059549745824256,27.12767527675277,87.0148717948718
TITLE_TERM,trade,MULTI,387,145,34,35.65891472868217,29.20899470899471,87.01131513647643
TITLE_TERM,facility,MULTI,1440,558,81,34.791666666666664,25.47406340057637,87.00764267990075
TITLE_TERM,negotiated,MULTI,550,37,17,45.09090909090909,29.558823529411764,87.00008271298594
CATEGORY_COHORT,Monitoring / research :: Monitoring / analysis,Canada federal,119,56,1,26.89075630252101,70.0,87.0
TITLE_TERM,architect,MULTI,1058,423,20,35.72778827977316,25.34602463605823,86.992158808933
TITLE_TERM,threat,MULTI,136,69,22,41.1764705882353,51.06617647058823,86.9885194375517
TITLE_TERM,report,MULTI,245,156,12,44.48979591836735,26.016326530612243,86.98660049627793
TITLE_TERM,workplace,MULTI,200,129,22,36.0,35.646153846153844,86.98474772539291
TITLE_TERM,servers,MULTI,276,130,27,31.884057971014492,49.17872340425532,86.9839205955335
TITLE_TERM,sociaal,MULTI,435,213,2,34.02298850574713,42.458471760797345,86.97880893300248
TITLE_TERM,strategie,MULTI,1088,733,22,25.36764705882353,49.42743538767396,86.96731182795699
TITLE_TERM,inclusief,MULTI,842,387,2,32.541567695961994,36.723076923076924,86.96415219189413
TITLE_TERM,documents,MULTI,1213,735,20,27.287716405605934,36.403614457831324,86.9554011579818
TITLE_TERM,drone,MULTI,266,145,23,36.8421052631579,29.788793103448278,86.9534987593052
TITLE_TERM,operations,MULTI,3128,1575,47,29.827365728900254,28.826910516002613,86.95275434243177
TITLE_TERM,associees,MULTI,3362,1483,3,31.97501487209994,28.801026570048307,86.95268817204303
TITLE_PATTERN,soortenmanagementplan smp,TenderNed,10,8,1,70.0,70.0,86.9415251521948
TITLE_TERM,zeit,MULTI,704,38,3,37.07386363636363,60.48295454545455,86.93808105872623
TITLE_TERM,globale,MULTI,679,366,9,32.1060382916053,29.973466003316748,86.93559966914808
TITLE_TERM,impacts,MULTI,195,123,13,35.8974358974359,37.39673913043478,86.93151364764269
TITLE_TERM,developer,MULTI,341,89,12,31.964809384164223,47.65638766519824,86.9068982630273
TITLE_TERM,employee,MULTI,360,242,15,43.611111111111114,24.597733711048157,86.8815053763441
TITLE_TERM,premises,MULTI,318,108,27,40.25157232704402,27.37735849056604,86.87124896608768
TITLE_TERM,tijdens,MULTI,213,91,2,40.84507042253521,41.75,86.85786600496279
TITLE_TERM,intrusion,MULTI,784,555,13,28.316326530612244,37.32086330935252,86.84165425971878
TITLE_TERM,operationnel,MULTI,498,341,6,30.522088353413654,36.733333333333334,86.84019851116625
TITLE_TERM,ukraine,MULTI,377,62,26,41.37931034482759,27.80845070422535,86.83998345740281
TITLE_TERM,geometre,MULTI,419,313,4,31.026252983293556,37.761273209549074,86.83958643507032
TITLE_TERM,space,MULTI,693,305,33,42.56854256854257,23.54558823529412,86.83253928866833
TITLE_TERM,basis,MULTI,659,289,18,29.28679817905918,35.71057513914657,86.82704714640198
TITLE_TERM,cpas,MULTI,930,265,3,38.60215053763441,27.272727272727273,86.79789909015716
TITLE_TERM,collection,MULTI,1440,627,45,38.888888888888886,23.5890218156228,86.7944913151365
TITLE_TERM,real,MULTI,1451,284,39,33.49414197105445,26.38504542278127,86.7854094292804
TITLE_TERM,economic,MULTI,379,199,30,40.89709762532981,25.311827956989248,86.78342431761787
TITLE_TERM,logiciels,MULTI,1123,583,5,24.66607301869991,76.26718296224588,86.78079404466502
TITLE_TERM,strategische,MULTI,274,137,6,35.03649635036496,34.05769230769231,86.75889164598843
TITLE_TERM,plan,MULTI,9380,2665,54,28.35820895522388,29.940805761872607,86.75713813068651
TITLE_TERM,digitaal,MULTI,225,155,2,36.0,59.42857142857143,86.75118279569892
TITLE_TERM,email,MULTI,123,77,16,41.46341463414634,42.642276422764226,86.75047146401985
TITLE_TERM,audiovisuels,MULTI,548,374,3,31.751824817518248,34.43502824858757,86.7373200992556
TITLE_TERM,dienstleistungen,MULTI,2641,783,15,30.443014009844756,36.20598258235517,86.73545078577337
TITLE_TERM,delle,MULTI,8573,671,7,41.42073953108597,24.45794937594774,86.73156327543424
TITLE_TERM,aankondiging,MULTI,419,155,2,34.84486873508353,39.21256038647343,86.72043010752688
TITLE_TERM,climate,MULTI,551,218,35,39.201451905626136,24.86764705882353,86.71348221670803
TITLE_TERM,prevention,MULTI,1870,1144,26,33.68983957219251,25.421375921375923,86.70656741108354
TITLE_TERM,sustainable,MULTI,406,171,45,38.423645320197046,26.17721518987342,86.70072787427627
TITLE_TERM,devices,MULTI,707,354,39,38.47241867043847,24.478005865102638,86.6978329197684
TITLE_TERM,point,MULTI,1181,637,45,31.668077900084675,27.628801431127012,86.69478908188586
TITLE_TERM,sequencing,MULTI,287,103,29,36.933797909407666,29.875486381322958,86.6939288668321
TITLE_TERM,linkedin,MULTI,136,93,11,38.23529411764706,45.68702290076336,86.69161290322582
TITLE_TERM,acces,MULTI,3660,1866,16,27.6775956284153,32.1765944645006,86.68577336641854
TITLE_TERM,arzneimittel,MULTI,568,34,3,40.316901408450704,42.978873239436616,86.6831100082713
TITLE_TERM,stockage,MULTI,1717,1083,8,30.05241700640652,29.995400788436267,86.6732671629446
TITLE_TERM,geotechniques,MULTI,913,668,7,25.082146768893757,60.06494960806271,86.67068651778328
TITLE_TERM,deploiement,MULTI,1109,744,7,27.051397655545536,40.55420560747663,86.66881720430109
TITLE_TERM,micro,MULTI,967,489,39,31.12719751809721,28.60310421286031,86.66635235732011
TITLE_TERM,licenties,MULTI,383,195,2,32.37597911227154,63.32773109243698,86.66497932175352
TITLE_TERM,einer,MULTI,19870,2991,9,32.269753397081026,27.479788039364117,86.6591894127378
TITLE_TERM,presse,MULTI,883,546,7,26.500566251415627,43.11217183770883,86.65794871794873
TITLE_TERM,scale,MULTI,307,146,27,39.08794788273616,26.883802816901408,86.64885028949546
TITLE_TERM,beheer,MULTI,1268,540,2,30.126182965299684,41.17948717948718,86.63262200165427
TITLE_TERM,clients,MULTI,293,145,17,32.42320819112628,37.48028673835125,86.63209263854425
TITLE_TERM,alle,MULTI,2454,391,16,39.64955175224124,23.685070671378092,86.61937138130688
TITLE_TERM,numerique,MULTI,1623,836,6,26.062846580406653,41.871202113606344,86.6174524400331
TITLE_TERM,authority,MULTI,740,187,22,32.432432432432435,29.613513513513514,86.61639371381307
TITLE_TERM,package,MULTI,444,228,29,38.73873873873874,25.288990825688074,86.60646815550041
TITLE_TERM,mobile,MULTI,4166,1720,52,32.7652424387902,25.53951975987994,86.59181141439205
TITLE_TERM,sage,MULTI,174,105,11,35.05747126436781,47.89655172413793,86.58342431761787
TITLE_TERM,adhesion,MULTI,259,120,5,41.31274131274131,27.617760617760617,86.58125723738627
TITLE_TERM,assessment,MULTI,1695,778,39,45.6047197640118,22.13329275715155,86.56064516129032
TITLE_TERM,controller,MULTI,224,102,22,38.839285714285715,29.54679802955665,86.55875930521091
TITLE_TERM,appliance,MULTI,218,115,18,35.321100917431195,34.637614678899084,86.55864350703061
TITLE_TERM,hydrauliques,MULTI,744,444,5,33.87096774193548,27.381172839506174,86.55826302729528
TITLE_TERM,areas,MULTI,1347,299,29,36.82256867112101,24.70824053452116,86.55485525227459
TITLE_PATTERN,hr payroll system,United Kingdom,11,11,1,45.45454545454545,60.0,86.54549823774431
TITLE_TERM,wdrozenie,MULTI,1284,103,2,59.034267912772584,53.54984423676012,86.53373035566584
TITLE_TERM,digitale,MULTI,3701,952,20,25.371521210483653,36.6597486115171,86.53124896608767
TITLE_TERM,radio,MULTI,1223,425,52,29.354047424366314,30.473413379073758,86.53090157154674
TITLE_PATTERN,dostawa serwerow,TED,29,5,2,34.48275862068966,60.0,86.52242870874719
TITLE_TERM,campagnes,MULTI,360,245,4,29.166666666666668,58.93687707641196,86.51866004962781
TITLE_TERM,card,MULTI,321,150,26,39.56386292834891,26.39252336448598,86.51273779983458
TITLE_TERM,cafm,MULTI,159,95,8,37.106918238993714,59.55974842767296,86.50658395368073
TITLE_TERM,nieuwe,MULTI,868,426,2,36.40552995391705,27.948387096774194,86.50302729528536
TITLE_TERM,conception,MULTI,5372,2692,16,26.45197319434103,33.11647783740807,86.50289495450785
TITLE_TERM,urban,MULTI,507,166,36,33.333333333333336,29.572874493927124,86.49788254755997
TITLE_TERM,reduction,MULTI,426,296,22,31.92488262910798,30.930787589498806,86.4967576509512
TITLE_TERM,naar,MULTI,570,295,2,31.57894736842105,45.2695652173913,86.49354838709678
TITLE_TERM,inclusion,MULTI,594,203,23,38.72053872053872,24.824742268041238,86.484317617866
TITLE_TERM,uitvoering,MULTI,738,368,2,33.739837398373986,31.94927536231884,86.47252274607115
TITLE_TERM,plateformes,MULTI,395,286,5,30.632911392405063,37.939655172413794,86.46234904880066
TITLE_TERM,electoral,MULTI,112,54,10,50.892857142857146,36.80357142857143,86.4511993382961
TITLE_TERM,collections,MULTI,433,246,15,33.94919168591224,28.552380952380954,86.45090157154672
TITLE_TERM,consultant,MULTI,1750,734,28,35.25714285714286,24.44745122718691,86.42681555004137
TITLE_TERM,defence,MULTI,443,84,15,39.27765237020316,26.75846501128668,86.40221670802316
TITLE_TERM,broadcom,MULTI,119,52,18,42.857142857142854,61.84873949579832,86.39497105045493
TITLE_TERM,relatives,MULTI,928,612,11,28.879310344827587,33.56692913385827,86.39311827956988
TITLE_TERM,automate,MULTI,300,169,11,32.333333333333336,38.49420849420849,86.39272125723738
TITLE_TERM,high,MULTI,2145,783,46,37.80885780885781,23.419099455714992,86.38908188585609
TITLE_TERM,interne,MULTI,720,427,17,32.916666666666664,27.381205673758867,86.38114143920596
TITLE_TERM,fortinet,MULTI,333,145,22,29.42942942942943,55.211009174311926,86.36193548387098
TITLE_TERM,between,MULTI,205,92,26,41.46341463414634,29.507317073170732,86.3458229942101
TITLE_TERM,projets,MULTI,2174,997,8,26.770929162833486,35.569479535118745,86.34565756823821
TITLE_TERM,initiative,MULTI,356,177,24,36.235955056179776,27.267241379310345,86.3266170388751
TITLE_TERM,onderhoudscontract,MULTI,509,205,2,39.29273084479372,27.77777777777778,86.32492969396195
TITLE_TERM,next,MULTI,2037,294,40,28.91507118311242,30.392625809666168,86.32302729528536
TITLE_TERM,alla,MULTI,4591,370,8,43.97734698322805,23.826835112175996,86.31702233250621
TITLE_TERM,applicative,MULTI,501,311,7,30.538922155688624,34.002053388090346,86.31214226633583
TITLE_TERM,nach,MULTI,11223,1699,6,33.003653212153615,28.662835249042146,86.29328370554178
TITLE_TERM,dati,MULTI,476,83,4,34.87394957983193,41.29621848739496,86.292423490488
TITLE_TERM,qualification,MULTI,1319,361,21,30.477634571645186,28.364176570458405,86.29200992555832
TITLE_TERM,calcul,MULTI,270,117,9,33.333333333333336,40.642857142857146,86.28944582299422
TITLE_TERM,definition,MULTI,525,406,20,26.476190476190474,49.245098039215684,86.28746071133168
TITLE_TERM,regime,MULTI,1126,243,7,40.319715808170514,23.815275310834814,86.2812076095947
TITLE_TERM,academic,MULTI,231,113,25,34.1991341991342,35.789237668161434,86.28029776674938
TITLE_TERM,fittings,MULTI,202,70,17,41.08910891089109,30.18811881188119,86.27425971877585
TITLE_TERM,tester,MULTI,179,74,15,42.45810055865922,29.56774193548387,86.27232423490489
TITLE_TERM,dual,MULTI,361,127,31,39.05817174515236,26.043227665706052,86.26320926385442
TITLE_TERM,fully,MULTI,224,107,15,36.160714285714285,32.61467889908257,86.26236559139787
TITLE_TERM,aruba,MULTI,194,73,12,35.56701030927835,42.98453608247423,86.26077750206784
TITLE_TERM,transfer,MULTI,462,205,30,34.63203463203463,27.315673289183223,86.26071133167906
TITLE_TERM,outils,MULTI,879,545,6,27.417519908987487,38.0873417721519,86.26006617038877
TITLE_TERM,operationnelle,MULTI,707,515,6,27.581329561527582,39.88,86.25975186104219
TITLE_TERM,reseller,MULTI,118,58,6,40.67796610169491,57.898305084745765,86.25776674937964
TITLE_TERM,clinic,MULTI,1226,118,18,32.78955954323002,30.76345840130506,86.25111662531017
TITLE_TERM,collaboration,MULTI,306,181,20,29.73856209150327,45.611486486486484,86.24565756823822
TITLE_TERM,helpdesk,MULTI,153,88,32,35.947712418300654,46.4485294117647,86.2335318444996
TITLE_TERM,student,MULTI,580,248,21,36.206896551724135,25.782758620689656,86.22936311000828
TITLE_TERM,portefeuille,MULTI,291,223,5,33.67697594501718,32.265957446808514,86.22180314309347
TITLE_TERM,nature,MULTI,648,333,24,36.111111111111114,25.11755233494364,86.20638544251447
TITLE_TERM,strategisch,MULTI,171,90,3,41.52046783625731,33.14754098360656,86.1993382961125
TITLE_TERM,ontwerp,MULTI,686,339,2,34.839650145772595,29.952662721893493,86.19584780810588
TITLE_TERM,robot,MULTI,2217,357,37,35.40820929183582,24.347241539174778,86.19513647642682
TITLE_TERM,gmbh,MULTI,3659,987,22,36.54003826182017,25.837387264279858,86.19116625310173
TITLE_TERM,transition,MULTI,703,393,31,31.0099573257468,28.883582089552238,86.187047146402
TITLE_PATTERN,microsoft licenties,TenderNed,18,17,1,22.22222222222222,60.0,86.18375520666453
TITLE_TERM,validation,MULTI,325,210,22,33.23076923076923,30.762376237623762,86.17693961952027
TITLE_TERM,continuite,MULTI,331,244,3,33.53474320241692,32.885802469135804,86.17631100082714
TITLE_TERM,area,MULTI,5844,872,44,38.50102669404517,22.85217240782413,86.17154673283704
TITLE_TERM,platforms,MULTI,131,74,19,38.93129770992366,43.492063492063494,86.16956162117452
TITLE_TERM,sale,MULTI,436,167,24,40.137614678899084,24.76605504587156,86.14267990074441
TITLE_TERM,openbare,MULTI,1509,562,2,32.40556660039761,30.71106941838649,86.13593052109181
TITLE_TERM,adaptation,MULTI,836,531,29,31.9377990430622,27.184986595174262,86.12795698924731
TITLE_TERM,workforce,MULTI,219,141,15,38.81278538812786,29.091324200913242,86.11953680727873
TITLE_TERM,einschlie,MULTI,765,262,3,37.12418300653595,27.605228758169936,86.11563275434244
TITLE_TERM,telephony,MULTI,211,137,14,40.28436018957346,29.578199052132703,86.11232423490488
TITLE_TERM,oplossing,MULTI,229,148,2,34.49781659388646,63.57037037037037,86.1088006617039
TITLE_TERM,government,MULTI,407,132,25,34.152334152334156,29.542997542997544,86.10339123242349
TITLE_TERM,lies,MULTI,599,433,6,32.3873121869783,28.68679245283019,86.10170388751035
TITLE_TERM,gate,MULTI,209,122,22,46.889952153110045,25.282178217821784,86.08845326716295
TITLE_TERM,role,MULTI,262,144,24,35.87786259541985,29.06614785992218,86.0821670802316
TITLE_TERM,form,MULTI,485,174,27,34.43298969072165,27.31887201735358,86.07103391232422
TITLE_TERM,centers,MULTI,110,62,20,45.45454545454545,41.55172413793103,86.06565756823821
TITLE_TERM,delta,MULTI,218,93,19,41.74311926605505,27.218274111675125,86.05523573200992
TITLE_TERM,offentlich,MULTI,285,185,2,32.98245614035088,60.24912280701754,86.04833746898264
TITLE_TERM,awareness,MULTI,215,132,26,33.95348837209303,35.196172248803826,86.03253928866832
TITLE_TERM,technique,MULTI,7632,3374,34,27.67295597484277,29.84731543624161,86.02772539288668
TITLE_TERM,self,MULTI,432,265,30,36.80555555555556,25.55424528301887,86.0152688172043
TITLE_TERM,vervanging,MULTI,878,427,2,30.637813211845103,37.334792122538296,86.01354838709678
TITLE_TERM,testing,MULTI,1853,770,43,41.93200215866163,22.321782178217823,86.01348221670803
TITLE_TERM,annuel,MULTI,880,388,3,27.386363636363637,43.061868686868685,86.00980976013234
TITLE_TERM,journal,MULTI,187,109,20,33.155080213903744,50.69832402234637,86.00587262200166
TITLE_TERM,pollution,MULTI,291,201,16,30.927835051546392,36.927536231884055,86.00266335814723
TITLE_TERM,vote,MULTI,113,89,3,44.24778761061947,40.299065420560744,86.00008271298594
TITLE_PATTERN,elder services,Canada federal,65,6,1,20.0,80.0,85.98093559756488
TITLE_TERM,individual,MULTI,732,174,31,38.797814207650276,24.389344262295083,85.97348221670802
TITLE_TERM,uitvoeren,MULTI,1146,358,2,31.849912739965095,32.67142857142857,85.97334987593052
TITLE_TERM,informatiques,MULTI,1666,1092,10,25.09003601440576,38.541504539559014,85.96832092638545
TITLE_TERM,opera,MULTI,2122,299,22,36.47502356267672,24.078598484848484,85.95998345740281
TITLE_TERM,operating,MULTI,261,158,25,42.52873563218391,25.19921875,85.95778329197684
TITLE_TERM,expertise,MULTI,1476,794,23,27.574525745257453,30.698016164584864,85.93928866832093
TITLE_TERM,unterstutzungsleistungen,MULTI,659,185,4,30.804248861911987,45.025796661608496,85.93601323407776
TITLE_TERM,local,MULTI,5007,1593,38,34.551627721190336,23.972840514600776,85.93161290322581
TITLE_TERM,technologie,MULTI,1094,367,18,27.879341864716636,32.470699432892246,85.92903225806452
TITLE_TERM,accompagnement,MULTI,5847,2415,11,26.85137677441423,30.946072263167355,85.92703060380481
TITLE_TERM,commvault,MULTI,116,52,14,40.51724137931034,61.13793103448276,85.92678246484698
TITLE_TERM,image,MULTI,321,211,25,29.28348909657321,42.17333333333333,85.92655086848634
TITLE_TERM,mini,MULTI,1687,580,48,30.409010077059868,27.20876288659794,85.92324234904882
TITLE_TERM,novembre,MULTI,360,146,8,39.166666666666664,26.102639296187682,85.91900744416876
TITLE_TERM,wartung,MULTI,5752,933,9,31.98887343532684,26.998259961719157,85.91182795698926
TITLE_TERM,atlassian,MULTI,363,130,29,28.925619834710744,64.02881844380403,85.91182795698924
TITLE_TERM,environnementales,MULTI,434,317,3,28.341013824884794,54.619897959183675,85.88926385442515
TITLE_TERM,stage,MULTI,917,259,30,39.040348964013084,23.545866364665912,85.8818858560794
TITLE_TERM,treasury,MULTI,155,83,13,39.354838709677416,33.42580645161291,85.87947063689
TITLE_TERM,simple,MULTI,247,130,18,39.27125506072875,27.149321266968325,85.86823821339951
TITLE_TERM,entreprise,MULTI,784,426,15,27.168367346938776,38.33444816053512,85.86560794044667
TITLE_TERM,dossiers,MULTI,564,392,11,27.4822695035461,40.92827868852459,85.8593217535153
TITLE_TERM,sonorisation,MULTI,508,357,5,29.52755905511811,34.43092783505155,85.85435897435897
TITLE_TERM,marine,MULTI,941,307,32,34.53772582359192,25.11886586695747,85.85200992555832
TITLE_TERM,promotion,MULTI,611,365,25,26.67757774140753,38.90373280943025,85.84858560794045
TITLE_TERM,automatisation,MULTI,232,167,6,30.17241379310345,74.79245283018868,85.84661703887511
TITLE_TERM,applicatie,MULTI,327,187,2,31.498470948012233,74.21917808219177,85.82383788254756
TITLE_PATTERN,dostawa serwera,TED,14,4,2,64.28571428571429,60.0,85.82377443127203
TITLE_TERM,safety,MULTI,1502,715,44,43.40878828229028,22.06364251861882,85.8151364764268
TITLE_TERM,logicielle,MULTI,339,244,3,28.613569321533923,75.58389261744966,85.81048800661705
TITLE_TERM,onderzoek,MULTI,516,246,2,29.45736434108527,70.45283018867924,85.8085194375517
TITLE_TERM,broker,MULTI,300,176,18,31.666666666666668,35.02047781569966,85.80797353184451
TITLE_TERM,grid,MULTI,267,98,36,34.45692883895131,31.62934362934363,85.80630272952854
TITLE_TERM,herstel,MULTI,268,138,2,38.43283582089552,32.07843137254902,85.78987593052109
TITLE_TERM,health,MULTI,5878,1155,51,38.02313712146989,22.75008547008547,85.78092638544253
TITLE_TERM,regional,MULTI,2634,690,46,31.093394077448746,26.127160968113714,85.7801488833747
TITLE_TERM,aufbau,MULTI,1778,572,5,31.327334083239595,31.248031496062993,85.77748552522746
TITLE_TERM,missions,MULTI,3751,1956,14,26.712876566249,30.899133836267115,85.76456575682383
TITLE_TERM,bestaande,MULTI,455,264,2,30.98901098901099,46.25,85.74903225806452
TITLE_TERM,dienstleistung,MULTI,911,234,6,31.174533479692645,35.8364434687157,85.748105872622
TITLE_TERM,portail,MULTI,264,214,5,31.060606060606062,40.214285714285715,85.74266335814724
TITLE_TERM,informatique,MULTI,1921,1109,11,23.841749089016137,41.338758288125376,85.74263027295285
TITLE_TERM,beratung,MULTI,1349,332,9,29.206819866567827,32.39360119047619,85.74038047973532
TITLE_TERM,event,MULTI,988,466,36,39.068825910931174,23.142559833506763,85.74008271298594
TITLE_TERM,optimalisatie,MULTI,186,102,2,38.17204301075269,44.35897435897436,85.73601323407775
TITLE_TERM,uitbreiding,MULTI,683,359,2,32.650073206442165,32.1764705882353,85.72383788254756
TITLE_TERM,unterstutzung,MULTI,1416,356,7,29.096045197740114,40.083333333333336,85.72340777502068
TITLE_TERM,vers,MULTI,1111,703,11,27.902790279027904,31.26182618261826,85.72165425971878
TITLE_TERM,elements,MULTI,684,415,24,32.60233918128655,26.636515912897824,85.6993217535153
TITLE_TERM,cell,MULTI,593,205,35,35.24451939291737,25.528130671506354,85.69508684863524
TITLE_TERM,actifs,MULTI,510,318,3,32.35294117647059,30.210953346855984,85.68277915632756
TITLE_TERM,environnementale,MULTI,1300,657,3,25.76923076923077,41.823015873015876,85.66130686517785
TITLE_TERM,regio,MULTI,615,160,13,34.146341463414636,27.43048128342246,85.65920595533498
TITLE_TERM,labs,MULTI,168,103,22,41.07142857142857,28.583333333333332,85.6555500413565
TITLE_TERM,direction,MULTI,2736,1025,18,29.276315789473685,27.784507622579316,85.65369727047147
TITLE_TERM,medicine,MULTI,260,96,25,37.30769230769231,28.696153846153845,85.6528535980149
TITLE_TERM,agriculture,MULTI,575,252,21,32.34782608695652,27.534172661870503,85.64747725392887
TITLE_TERM,systemen,MULTI,512,199,7,31.4453125,30.877777777777776,85.64387096774195
TITLE_TERM,operative,MULTI,285,98,12,41.75438596491228,26.119298245614036,85.64334160463193
TITLE_TERM,value,MULTI,316,144,21,48.41772151898734,23.515822784810126,85.64167080231597
TITLE_TERM,switches,MULTI,280,118,20,35.714285714285715,28.846743295019156,85.62813895781639
TITLE_TERM,erfassung,MULTI,491,86,5,35.64154786150713,33.45417515274949,85.62749379652605
TITLE_TERM,search,MULTI,315,179,25,39.36507936507937,25.070234113712374,85.62360628618694
TITLE_TERM,utilisation,MULTI,924,396,10,23.051948051948052,54.18335343787696,85.62043010752689
TITLE_TERM,jour,MULTI,1467,777,9,25.903203817314246,35.41752577319588,85.61819685690654
TITLE_TERM,sales,MULTI,256,130,24,39.0625,26.38152610441767,85.61301902398677
TITLE_TERM,oprogramowania,MULTI,2351,168,2,43.300723096554655,53.269247128881325,85.60688172043012
TITLE_TERM,identification,MULTI,456,327,30,28.94736842105263,33.35813953488372,85.60367245657568
TITLE_TERM,jira,MULTI,299,108,27,29.096989966555185,65.21223021582733,85.60315963606286
TITLE_TERM,maintien,MULTI,1033,556,8,30.00968054211036,28.814778325123154,85.60105872622003
TITLE_TERM,vsphere,MULTI,194,60,16,34.5360824742268,56.70103092783505,85.59816377171217
TITLE_TERM,insights,MULTI,98,76,11,51.02040816326531,34.09183673469388,85.59369727047147
TITLE_TERM,mobiele,MULTI,448,269,2,33.25892857142857,34.42307692307692,85.58372208436724
TITLE_TERM,face,MULTI,208,151,20,35.57692307692308,30.724489795918366,85.57578163771711
TITLE_TERM,intelligente,MULTI,162,77,10,38.888888888888886,32.24503311258278,85.57550041356492
TITLE_TERM,dienstverlening,MULTI,991,444,2,29.46518668012109,38.380434782608695,85.5668817204301
TITLE_TERM,ontwikkeling,MULTI,600,311,2,32.833333333333336,32.229885057471265,85.556741108354
TITLE_TERM,bord,MULTI,353,174,14,31.728045325779036,31.598784194528875,85.55601323407777
TITLE_TERM,burgerzaken,MULTI,139,80,2,41.007194244604314,53.37931034482759,85.54522746071135
TITLE_TERM,nutanix,MULTI,98,47,13,44.89795918367347,54.16326530612245,85.54238213399503
TITLE_TERM,ouvrage,MULTI,6789,3214,12,27.603476211518633,29.620776901324604,85.53766749379653
TITLE_TERM,norme,MULTI,231,120,12,35.497835497835496,30.511312217194572,85.53682382133996
TITLE_TERM,prise,MULTI,684,444,7,28.216374269005847,33.767885532591414,85.53275434243176
TITLE_TERM,integral,MULTI,5603,407,13,32.25058004640371,25.43674052894925,85.52734491315138
TITLE_TERM,hitachi,MULTI,168,43,16,45.23809523809524,34.17261904761905,85.52699751861043
TITLE_TERM,capital,MULTI,995,294,26,44.221105527638194,22.246231155778894,85.52625310173697
TITLE_TERM,alimentation,MULTI,1492,930,11,30.697050938337803,27.271551724137932,85.52226633581472
TITLE_TERM,programmes,MULTI,639,421,25,31.29890453834116,27.6231884057971,85.51598014888339
TITLE_TERM,softwarelosung,MULTI,169,73,5,37.8698224852071,74.28402366863905,85.51359801488833
TITLE_TERM,herstellers,MULTI,752,128,3,31.117021276595743,40.6781914893617,85.50909842845327
TITLE_TERM,itsm,MULTI,296,167,29,27.7027027027027,62.16606498194946,85.50845326716293
TITLE_TERM,projectleider,MULTI,714,102,2,32.773109243697476,36.44017725258493,85.50291149710506
TITLE_TERM,configuration,MULTI,256,174,19,29.296875,46.967592592592595,85.49677419354839
TITLE_TERM,conseil,MULTI,3637,1493,8,26.89029419851526,30.074222095346844,85.49536807278744
TITLE_TERM,cybersecurite,MULTI,367,208,5,27.52043596730245,58.26724137931034,85.49166253101737
TITLE_TERM,knowledge,MULTI,181,101,20,37.569060773480665,30.373563218390803,85.48655086848636
TITLE_TERM,machbarkeitsstudie,MULTI,587,106,3,30.153321976149915,69.87393526405451,85.48617038875105
TITLE_TERM,operationnelles,MULTI,289,200,3,30.44982698961938,46.70609318996416,85.4747394540943
TITLE_TERM,talent,MULTI,148,89,13,38.513513513513516,32.84251968503937,85.46332506203474
TITLE_TERM,computing,MULTI,151,71,23,37.086092715231786,39.33793103448276,85.46191894127378
TITLE_TERM,applications,MULTI,774,466,34,23.385012919896642,45.28027210884354,85.46044665012407
TITLE_TERM,preservation,MULTI,127,97,9,40.15748031496063,32.67796610169491,85.4566253101737
TITLE_TERM,telephonie,MULTI,737,519,7,23.337856173677068,59.09327217125382,85.44842018196857
TITLE_TERM,digitales,MULTI,1025,222,10,26.4390243902439,38.92723697148476,85.4477088502895
TITLE_TERM,programm,MULTI,289,92,6,40.13840830449827,30.15916955017301,85.43750206782465
TITLE_TERM,regarding,MULTI,271,73,21,32.103321033210335,40.77606177606177,85.41930521091811
TITLE_TERM,further,MULTI,343,154,18,36.734693877551024,26.88338192419825,85.4101571546733
TITLE_TERM,programme,MULTI,8084,2844,77,34.11677387431964,23.685373285931945,85.40554177005791
TITLE_TERM,farm,MULTI,433,194,28,44.80369515011547,22.98329355608592,85.3776840363937
TITLE_TERM,union,MULTI,2644,328,107,26.399394856278366,31.38153376573827,85.37293631100083
TITLE_TERM,documentation,MULTI,270,134,19,30.74074074074074,38.07421875,85.36916459884202
TITLE_TERM,generation,MULTI,2004,409,44,26.89620758483034,30.388379204892967,85.367047146402
TITLE_TERM,regionale,MULTI,1972,492,19,34.33062880324544,24.219321148825067,85.36233250620347
TITLE_TERM,gestaltung,MULTI,567,117,5,33.50970017636684,29.52135231316726,85.3609429280397
TITLE_TERM,flight,MULTI,228,105,35,43.421052631578945,25.24774774774775,85.35945409429281
TITLE_TERM,della,MULTI,22047,1235,7,40.82641629246609,23.400462647979317,85.35511993382961
TITLE_TERM,ante,MULTI,833,116,20,34.213685474189674,26.900360144057622,85.34971050454922
TITLE_TERM,softwarelizenzen,MULTI,119,53,3,45.378151260504204,74.1344537815126,85.348105872622
TITLE_TERM,fixe,MULTI,424,304,9,28.30188679245283,38.99476439790576,85.34143920595534
TITLE_TERM,relations,MULTI,637,422,22,24.646781789638933,41.703821656050955,85.33819685690654
TITLE_TERM,risque,MULTI,433,349,3,32.5635103926097,29.7046004842615,85.33151364764268
TITLE_TERM,bases,MULTI,716,240,15,27.094972067039105,35.01157742402315,85.32782464846981
TITLE_TERM,complementaires,MULTI,765,499,3,27.973856209150327,35.464383561643835,85.32440033085194
TITLE_TERM,animation,MULTI,2127,1271,10,26.14010343206394,30.416023166023166,85.32370554177007
TITLE_TERM,triennale,MULTI,1454,125,4,41.40302613480055,23.679558011049725,85.32218362282879
TITLE_TERM,evenement,MULTI,446,242,4,29.59641255605381,34.10379746835443,85.30129032258066
TITLE_TERM,interface,MULTI,295,164,23,27.796610169491526,53.163120567375884,85.27483870967743
TITLE_TERM,guide,MULTI,319,211,23,28.213166144200628,42.26989619377163,85.27397849462365
TITLE_TERM,renovatie,MULTI,2562,851,2,34.54332552693209,26.173361522198732,85.26928039702233
TITLE_PATTERN,elder helper services,Canada federal,34,5,1,20.588235294117645,80.0,85.25760974046779
TITLE_TERM,vivo,MULTI,176,72,24,39.77272727272727,29.795180722891565,85.25531844499586
TITLE_TERM,file,MULTI,138,79,16,39.130434782608695,32.8796992481203,85.25219189412738
TITLE_TERM,licencias,MULTI,2026,123,2,42.497532082922014,62.334649555774924,85.2520264681555
TITLE_TERM,opentext,MULTI,146,64,23,34.93150684931507,60.5,85.23761786600497
TITLE_TERM,election,MULTI,95,53,5,54.73684210526316,36.17894736842105,85.22949545078578
TITLE_TERM,liees,MULTI,436,324,7,28.89908256880734,35.066838046272494,85.2254094292804
TITLE_TERM,systemow,MULTI,1656,113,2,47.94685990338164,42.04710144927536,85.22317617866005
TITLE_TERM,front,MULTI,498,279,33,31.12449799196787,28.22431865828092,85.21235732009924
TITLE_TERM,erstellung,MULTI,3333,513,7,29.942994299429945,28.328021647624773,85.20807278742764
TITLE_TERM,ongoing,MULTI,106,65,8,47.16981132075472,34.18867924528302,85.20734491315136
TITLE_TERM,onderhoud,MULTI,6160,1302,2,32.24025974025974,27.572916666666668,85.20600496277916
TITLE_TERM,serveurs,MULTI,743,424,6,23.82234185733513,49.992548435171386,85.20408602150539
TITLE_TERM,international,MULTI,1326,549,60,32.35294117647059,25.1046511627907,85.20029776674937
TITLE_TERM,politique,MULTI,319,210,3,30.407523510971785,40.09252669039146,85.19950372208437
TITLE_TERM,technisch,MULTI,494,241,8,30.364372469635626,31.176258992805757,85.1940446650124
TITLE_TERM,aanschaf,MULTI,544,215,2,32.35294117647059,33.494163424124515,85.19263854425145
TITLE_TERM,barrage,MULTI,674,268,6,31.008902077151337,28.75,85.17464019851116
TITLE_TERM,mission,MULTI,13235,5372,43,26.754816773706082,28.42486881857211,85.17384615384616
TITLE_TERM,manufacturing,MULTI,212,125,21,36.79245283018868,28.354679802955665,85.17346567411083
TITLE_TERM,soutien,MULTI,2535,606,10,21.104536489151872,42.011831905344756,85.16933002481389
TITLE_TERM,railway,MULTI,244,96,25,35.24590163934426,31.2172131147541,85.16755996691481
TITLE_TERM,artificielle,MULTI,201,155,3,33.333333333333336,42.06521739130435,85.16489660876758
TITLE_TERM,pilotage,MULTI,1023,700,10,32.06256109481916,26.16949152542373,85.16408602150537
TITLE_TERM,vision,MULTI,387,211,28,36.434108527131784,25.136,85.15409429280399
TITLE_TERM,raman,MULTI,248,114,34,39.11290322580645,26.08786610878661,85.15220843672458
TITLE_TERM,environnemental,MULTI,391,262,6,29.156010230179028,35.95026178010471,85.1429776674938
TITLE_TERM,extensions,MULTI,221,172,6,36.65158371040724,27.603864734299517,85.1382464846981
TITLE_TERM,captage,MULTI,182,137,3,34.61538461538461,38.88235294117647,85.13741935483871
TITLE_TERM,chain,MULTI,164,102,14,40.853658536585364,27.98709677419355,85.13641025641026
TITLE_TERM,verlenging,MULTI,277,114,2,34.65703971119134,39.10843373493976,85.13588089330025
TITLE_TERM,projet,MULTI,9216,3068,24,26.19357638888889,29.49762262262262,85.1350041356493
TITLE_TERM,commercialisation,MULTI,208,158,8,32.69230769230769,34.99,85.13217535153018
TITLE_TERM,help,MULTI,498,120,15,39.558232931726906,24.329317269076306,85.12846980976013
TITLE_TERM,caracterisation,MULTI,1047,459,3,25.310410697230182,41.47295968534907,85.12195202646816
TITLE_TERM,graphique,MULTI,287,220,3,28.571428571428573,82.0,85.11912324234905
TITLE_TERM,group,MULTI,1166,468,38,43.481989708404804,21.892080069625763,85.10259718775848
TITLE_TERM,nursery,MULTI,173,89,8,45.664739884393065,27.61849710982659,85.09591397849462
TITLE_TERM,onderwijs,MULTI,634,298,2,31.07255520504732,34.202298850574714,85.09535153019024
TITLE_TERM,performance,MULTI,2018,1224,47,30.079286422200198,25.927121290994275,85.09009098428453
TITLE_TERM,lizenz,MULTI,330,48,3,35.15151515151515,54.124242424242425,85.07909015715467
TITLE_TERM,plaatsen,MULTI,1896,577,2,34.49367088607595,26.232558139534884,85.07652605459057
TITLE_TERM,appels,MULTI,369,241,5,29.539295392953928,35.33048433048433,85.07516956162118
TITLE_TERM,programmation,MULTI,1385,905,3,23.465703971119133,45.985304922850844,85.06933002481391
TITLE_TERM,durch,MULTI,1181,292,5,35.732430143945805,26.227773073666384,85.0589081885856
TITLE_TERM,subscriptions,MULTI,152,78,19,34.21052631578947,48.27142857142857,85.05136476426799
TITLE_TERM,prior,MULTI,683,105,21,28.69692532942899,34.833827893175076,85.0501240694789
TITLE_TERM,supporting,MULTI,255,148,30,40.78431372549019,25.12156862745098,85.04691480562448
TITLE_TERM,liquid,MULTI,500,211,33,36.4,24.581545064377682,85.04531017369727
TITLE_TERM,modul,MULTI,500,113,18,34.6,31.592,85.03847808105873
TITLE_TERM,measuring,MULTI,125,62,15,43.2,31.56,85.0282382133995
TITLE_TERM,post,MULTI,2226,668,45,36.97214734950584,22.75590179414542,85.0193382961125
TITLE_TERM,notes,MULTI,118,74,13,36.440677966101696,51.09322033898305,85.01559966914805
TITLE_TERM,integree,MULTI,373,229,6,28.15013404825737,40.81468531468531,85.00185277088502
TITLE_TERM,dossier,MULTI,695,397,16,23.453237410071942,45.76447105788423,85.00044665012408
TITLE_TERM,associe,MULTI,209,170,5,33.49282296650718,32.94054054054054,85.00031430934658
TITLE_TERM,reglementaires,MULTI,973,727,3,33.710174717368965,25.54564315352697,84.99809760132342
TITLE_TERM,version,MULTI,318,150,21,27.358490566037737,51.04304635761589,84.99478908188586
TITLE_TERM,bergen,MULTI,684,71,7,35.96491228070175,26.725609756097562,84.9939288668321
TITLE_TERM,erbringung,MULTI,658,264,7,35.714285714285715,27.21276595744681,84.9816542597188
TITLE_TERM,release,MULTI,109,58,17,40.36697247706422,40.85576923076923,84.97725392886683
TITLE_TERM,agenda,MULTI,283,83,17,32.50883392226148,34.360424028268554,84.97690653432588
TITLE_TERM,zentralen,MULTI,440,144,4,35.22727272727273,30.102272727272727,84.97005789909016
TITLE_TERM,audiovisuelle,MULTI,123,88,8,36.58536585365854,42.53508771929825,84.96401985111663
TITLE_TERM,urbanisme,MULTI,676,496,3,26.035502958579883,41.67244094488189,84.9629776674938
TITLE_TERM,uberlassung,MULTI,375,114,3,31.2,55.032,84.95968569065343
TITLE_TERM,strategies,MULTI,133,102,12,34.58646616541353,43.483870967741936,84.9593217535153
TITLE_TERM,serveur,MULTI,359,218,3,27.855153203342617,55.888535031847134,84.95368072787429
TITLE_TERM,modernisation,MULTI,2253,1236,20,31.691078561917443,24.98611753817677,84.94294458229942
TITLE_TERM,atlas,MULTI,233,124,27,31.759656652360515,35.93518518518518,84.94208436724566
TITLE_TERM,actions,MULTI,1074,541,17,26.629422718808193,30.66698935140368,84.93677419354839
TITLE_TERM,beratungsleistungen,MULTI,730,281,5,31.36986301369863,32.22054794520548,84.91330024813897
TITLE_TERM,kliniken,MULTI,501,143,7,40.5189620758483,25.790419161676645,84.91235732009926
TITLE_TERM,scenographique,MULTI,171,125,3,32.16374269005848,82.0,84.90668320926386
TITLE_TERM,placements,MULTI,174,88,2,40.804597701149426,34.160919540229884,84.904052936311
TITLE_TERM,soft,MULTI,584,267,28,33.56164383561644,25.409335727109514,84.90291149710504
TITLE_TERM,program,MULTI,1528,355,47,30.759162303664922,26.003992015968063,84.90153846153846
TITLE_TERM,telecommunications,MULTI,524,368,16,21.374045801526716,74.74803149606299,84.90143920595534
TITLE_TERM,environnement,MULTI,1154,685,7,25.996533795493935,32.85443037974684,84.89862696443342
TITLE_TERM,conversion,MULTI,474,316,22,37.76371308016878,23.831533477321813,84.89727047146403
TITLE_PATTERN,ekonomisystem,TED,52,4,2,30.76923076923077,60.0,84.89698814482537
TITLE_TERM,humides,MULTI,418,299,3,30.382775119617225,32.85230024213075,84.89303556658396
TITLE_TERM,paie,MULTI,248,190,3,30.241935483870968,47.76569037656904,84.88894954507857
TITLE_PATTERN,microsoft,TED,26,4,3,34.61538461538461,60.0,84.88737584107658
TITLE_TERM,cablage,MULTI,493,326,6,26.97768762677485,38.18403547671841,84.88517783291977
TITLE_TERM,tenant,MULTI,95,69,9,49.473684210526315,31.896551724137932,84.88287841191068
TITLE_TERM,industry,MULTI,239,118,24,39.33054393305439,25.94871794871795,84.87586435070305
TITLE_TERM,kommunikation,MULTI,349,107,9,30.945558739255013,67.11174785100286,84.86607113316792
TITLE_TERM,europe,MULTI,642,268,42,33.333333333333336,25.707563025210085,84.86550868486353
TITLE_TERM,meter,MULTI,361,175,24,40.443213296398895,23.81791907514451,84.86425144747724
TITLE_TERM,electroniques,MULTI,687,417,7,25.32751091703057,38.65837479270315,84.86352357320101
TITLE_TERM,potentiel,MULTI,188,140,3,32.4468085106383,48.16860465116279,84.85445822994211
TITLE_TERM,visant,MULTI,707,447,3,26.73267326732673,37.65424430641822,84.84089330024814
TITLE_TERM,lifecycle,MULTI,86,50,14,51.16279069767442,39.4320987654321,84.83598014888338
TITLE_TERM,opnv,MULTI,275,82,2,41.09090909090909,28.92,84.8327047146402
TITLE_TERM,implantation,MULTI,943,552,10,23.01166489925769,42.98522727272727,84.830835401158
TITLE_TERM,info,MULTI,204,72,21,34.31372549019608,34.87755102040816,84.82837055417701
TITLE_TERM,rooms,MULTI,201,130,15,52.23880597014925,23.860696517412936,84.82532671629446
TITLE_TERM,enhancement,MULTI,161,105,19,43.47826086956522,27.099378881987576,84.81935483870967
TITLE_TERM,komponenten,MULTI,612,214,4,33.333333333333336,30.357843137254903,84.8178494623656
TITLE_TERM,visibilite,MULTI,174,123,8,36.206896551724135,31.49056603773585,84.81682382133997
TITLE_TERM,licencji,MULTI,1093,85,2,45.28819762122598,58.52150045745654,84.80976013234078
TITLE_TERM,partners,MULTI,196,101,15,38.775510204081634,27.511627906976745,84.80633581472293
TITLE_TERM,ochrony,MULTI,2103,156,2,49.02520209224917,33.92106514503091,84.80092638544252
TITLE_TERM,sloop,MULTI,229,137,2,38.8646288209607,30.25,84.7941770057899
TITLE_TERM,evaluatie,MULTI,126,53,2,42.06349206349206,70.6,84.78833746898263
TITLE_TERM,bassin,MULTI,1724,902,11,28.53828306264501,27.63089330024814,84.7778494623656
TITLE_TERM,proces,MULTI,168,79,16,35.714285714285715,36.43421052631579,84.77533498759306
TITLE_TERM,fusion,MULTI,250,119,20,30.8,36.11618257261411,84.76995864350704
TITLE_TERM,pare,MULTI,420,268,9,27.61904761904762,38.05486284289277,84.76481389578163
TITLE_TERM,specialist,MULTI,1700,711,22,43.23529411764706,21.576342788171395,84.75100082712987
TITLE_TERM,anti,MULTI,1339,803,42,30.918595967139655,25.38649789029536,84.74985938792392
TITLE_TERM,publications,MULTI,190,127,13,31.57894736842105,42.168539325842694,84.74942928039701
TITLE_TERM,modes,MULTI,180,131,6,33.888888888888886,33.55952380952381,84.73591397849461
TITLE_TERM,culture,MULTI,840,492,22,31.666666666666668,25.581863979848865,84.73401157981803
TITLE_PATTERN,etude geotechnique et caracterisation environnementale,Quebec,11,10,1,36.36363636363637,70.0,84.73117590515861
TITLE_TERM,infrastruktury,MULTI,2634,247,6,44.72285497342445,34.86408504176158,84.72347394540944
TITLE_TERM,benefits,MULTI,202,154,7,47.02970297029703,24.465346534653467,84.72267990074442
TITLE_TERM,classification,MULTI,115,62,10,39.130434782608695,39.417391304347824,84.71760132340778
TITLE_TERM,mobiles,MULTI,921,484,12,30.510314875135723,26.640547263681594,84.71143093465673
TITLE_TERM,habitat,MULTI,1672,762,18,25.179425837320576,30.34418324291742,84.71138130686518
TITLE_TERM,equipment,MULTI,6020,1536,71,40.36544850498339,21.681627868028805,84.71052109181142
TITLE_TERM,observatoire,MULTI,201,125,3,34.32835820895522,35.1968085106383,84.70866832092639
TITLE_TERM,spatial,MULTI,112,73,19,39.285714285714285,35.87755102040816,84.70785773366418
TITLE_TERM,unit,MULTI,1371,554,47,39.53318745441284,22.18866459627329,84.70727874276261
TITLE_TERM,geotechnique,MULTI,894,490,3,22.371364653243848,59.582392776523704,84.70719602977668
TITLE_TERM,conservation,MULTI,881,473,11,33.82519863791146,24.29009433962264,84.70497932175351
TITLE_TERM,treatment,MULTI,1524,491,36,34.84251968503937,23.679630850362557,84.69636062861869
TITLE_TERM,train,MULTI,434,178,22,37.78801843317972,24.163265306122447,84.6932506203474
TITLE_TERM,rozwoj,MULTI,1132,57,2,67.84452296819788,40.59540636042403,84.68454921422662
TITLE_TERM,systemes,MULTI,4704,2101,9,28.9328231292517,26.870482603815937,84.67118279569894
TITLE_TERM,leves,MULTI,259,171,6,27.7992277992278,62.57539682539682,84.6645988420182
TITLE_TERM,platforme,MULTI,276,50,16,34.42028985507246,74.0,84.66307692307691
TITLE_TERM,betreffende,MULTI,438,141,2,31.050228310502284,40.48,84.65707196029777
TITLE_TERM,raamcontract,MULTI,772,232,2,38.3419689119171,25.142857142857142,84.65100082712986
TITLE_TERM,numeriques,MULTI,890,561,7,24.04494382022472,37.79599056603774,84.64661703887509
TITLE_TERM,rehaussement,MULTI,397,131,3,28.463476070528966,48.80878552971576,84.64239867659222
TITLE_TERM,bank,MULTI,429,150,28,33.7995337995338,26.565947242206235,84.64104218362283
TITLE_TERM,gebouwen,MULTI,1185,425,2,33.08016877637131,27.549295774647888,84.64084367245658
TITLE_TERM,heritage,MULTI,374,157,16,38.23529411764706,24.398395721925134,84.64049627791564
TITLE_PATTERN,licenspartner,TED,26,3,2,50.0,60.0,84.63393143223325
TITLE_TERM,heat,MULTI,566,271,31,39.75265017667844,23.024734982332156,84.62653432588917
TITLE_TERM,sowie,MULTI,6227,1627,10,32.150313152400834,25.123691415686906,84.62456575682383
TITLE_TERM,gebruik,MULTI,226,125,2,34.51327433628319,39.94117647058823,84.62191894127378
TITLE_TERM,consolidation,MULTI,291,196,14,32.64604810996563,28.697080291970803,84.59377998345741
TITLE_TERM,deuren,MULTI,101,75,2,43.56435643564357,60.5,84.58896608767577
TITLE_TERM,infrastructures,MULTI,2533,1201,13,27.556257402289773,28.333333333333332,84.58724565756825
TITLE_TERM,hybrid,MULTI,593,244,38,31.197301854974704,26.916239316239317,84.58104218362283
TITLE_TERM,modules,MULTI,967,583,26,28.024819027921406,28.039340101522843,84.57555004135651
TITLE_TERM,infrastructuur,MULTI,347,226,2,30.259365994236312,46.68468468468468,84.57354838709678
TITLE_TERM,focus,MULTI,165,105,25,32.72727272727273,39.845588235294116,84.57308519437552
TITLE_TERM,desktop,MULTI,312,126,31,28.525641025641026,40.5,84.56792390405293
TITLE_TERM,portables,MULTI,342,192,8,27.19298245614035,42.47038327526133,84.56754342431762
TITLE_TERM,legal,MULTI,1474,637,38,43.08005427408413,21.497939560439562,84.56688172043013
TITLE_TERM,conditions,MULTI,458,325,15,33.18777292576419,25.92063492063492,84.56436724565758
TITLE_TERM,gemeente,MULTI,4086,530,2,31.05726872246696,28.122399020807833,84.55864350703061
TITLE_TERM,blue,MULTI,302,149,33,39.735099337748345,24.26530612244898,84.54165425971877
TITLE_TERM,abonnements,MULTI,445,321,6,26.741573033707866,35.77427184466019,84.53976840363939
TITLE_TERM,optimierung,MULTI,537,95,4,36.49906890130354,28.28119180633147,84.5363275434243
TITLE_TERM,within,MULTI,1044,279,31,32.8544061302682,25.083333333333332,84.53536807278743
TITLE_TERM,regions,MULTI,366,143,26,36.612021857923494,25.045180722891565,84.52681555004136
TITLE_TERM,economique,MULTI,702,501,8,24.074074074074073,39.45371775417299,84.5234077750207
TITLE_TERM,systemu,MULTI,8294,574,7,38.46153846153846,43.238485652278754,84.52251447477254
TITLE_TERM,sector,MULTI,2089,387,41,28.865485878410723,26.84083212385099,84.52081058726219
TITLE_TERM,mesures,MULTI,951,564,10,29.758149316508938,27.410693970420933,84.51952026468157
TITLE_TERM,probe,MULTI,203,68,21,41.37931034482759,27.334975369458128,84.51664185277087
TITLE_TERM,ceiling,MULTI,103,67,20,57.28155339805825,29.097087378640776,84.51184449958643
TITLE_TERM,strada,MULTI,628,61,8,37.5796178343949,28.55483870967742,84.49639371381306
TITLE_TERM,beam,MULTI,222,109,24,42.792792792792795,24.706806282722514,84.49194375516956
TITLE_TERM,integrated,MULTI,1798,665,36,36.76307007786429,22.60798650168729,84.48562448304384
TITLE_TERM,openbaar,MULTI,334,159,2,36.82634730538922,28.528301886792452,84.48334160463193
TITLE_TERM,motion,MULTI,127,63,23,43.30708661417323,29.474137931034484,84.47839536807278
TITLE_TERM,provincie,MULTI,461,57,3,32.53796095444685,34.781893004115226,84.47672456575683
TITLE_TERM,urbaine,MULTI,1756,816,8,24.08883826879271,33.20493247210805,84.47573200992557
TITLE_TERM,france,MULTI,3136,1123,23,30.261479591836736,25.207662588538312,84.47305210918114
TITLE_TERM,adviseur,MULTI,865,110,2,33.75722543352601,29.212264150943398,84.4725889164599
TITLE_TERM,locks,MULTI,132,29,6,50.0,39.90909090909091,84.4651447477254
TITLE_TERM,distribution,MULTI,3295,1796,52,28.80121396054628,25.90093085106383,84.46067824648472
TITLE_PATTERN,housing management system,United Kingdom,11,11,1,36.36363636363637,60.0,84.45770586350528
TITLE_TERM,zones,MULTI,871,576,15,26.40642939150402,30.338983050847457,84.45409429280397
TITLE_TERM,transmission,MULTI,370,214,31,29.18918918918919,31.18487394957983,84.44727874276262
TITLE_TERM,duty,MULTI,205,77,20,43.41463414634146,25.42439024390244,84.44104218362283
TITLE_TERM,part,MULTI,682,274,34,35.63049853372434,23.832572298325722,84.43834574028122
TITLE_TERM,financieel,MULTI,300,168,2,31.0,47.91304347826087,84.43723738626966
TITLE_TERM,lorawan,MULTI,122,55,18,40.16393442622951,35.122950819672134,84.42438378825474
TITLE_TERM,quantum,MULTI,208,84,29,34.13461538461539,32.0,84.4233912324235
TITLE_TERM,foncieres,MULTI,324,250,5,26.85185185185185,60.20987654320987,84.41928866832093
TITLE_TERM,cable,MULTI,520,190,34,35.19230769230769,24.506958250497018,84.41101736972703
TITLE_TERM,eines,MULTI,27914,4637,13,32.696854624919396,24.517204146271236,84.40539288668322
TITLE_TERM,autorisation,MULTI,418,232,6,31.818181818181817,28.292978208232444,84.38669975186104
TITLE_PATTERN,patientenportal,Germany,26,16,1,7.6923076923076925,60.0,84.37552066645306
TITLE_TERM,zero,MULTI,443,218,28,32.27990970654628,26.52216748768473,84.37321753515303
TITLE_TERM,universal,MULTI,574,161,31,29.965156794425088,28.760984182776802,84.37220843672456
TITLE_TERM,economy,MULTI,201,84,27,39.80099502487562,27.36318407960199,84.36703060380478
TITLE_TERM,umsetzung,MULTI,2101,457,7,30.842455973346027,28.526415992384578,84.36638544251447
TITLE_TERM,tech,MULTI,493,195,29,32.251521298174445,26.4004329004329,84.36574028122416
TITLE_TERM,second,MULTI,483,287,32,35.61076604554865,24.16737288135593,84.3401157981803
TITLE_TERM,opleiding,MULTI,233,112,2,37.33905579399141,31.42105263157895,84.33609594706368
TITLE_TERM,nexus,MULTI,107,49,15,42.05607476635514,37.88235294117647,84.32610421836227
TITLE_TERM,programma,MULTI,773,175,6,35.70504527813713,24.963609898107716,84.31983457402812
TITLE_TERM,ordinateurs,MULTI,326,181,6,26.687116564417177,50.21818181818182,84.30397022332505
TITLE_TERM,danych,MULTI,1212,89,2,44.554455445544555,47.18481848184818,84.3016211745244
TITLE_TERM,award,MULTI,1362,388,20,38.25256975036711,22.484581497797357,84.3003970223325
TITLE_TERM,piano,MULTI,845,115,8,44.260355029585796,22.498803827751196,84.29657568238213
TITLE_TERM,evenements,MULTI,816,512,3,30.024509803921568,28.021164021164022,84.29020678246486
TITLE_TERM,posa,MULTI,1373,151,4,39.475600873998545,24.266569555717407,84.28236559139785
TITLE_TERM,wartungs,MULTI,415,105,4,36.144578313253014,28.833734939759037,84.27877584780812
TITLE_TERM,scenographie,MULTI,370,222,3,28.10810810810811,40.50437317784257,84.27818031430935
TITLE_TERM,consultations,MULTI,155,132,10,39.354838709677416,27.45205479452055,84.27315136476426
TITLE_TERM,lecture,MULTI,200,155,4,32.5,33.86413043478261,84.27219189412739
TITLE_TERM,eine,MULTI,1571,346,7,30.42647994907702,27.10939510939511,84.26562448304385
TITLE_TERM,fonciere,MULTI,349,250,3,29.226361031518625,35.68167202572347,84.25821339950373
TITLE_TERM,exercise,MULTI,196,134,10,54.08163265306123,23.637755102040817,84.2516459884202
TITLE_TERM,gmao,MULTI,96,66,7,38.541666666666664,60.15909090909091,84.24747725392888
TITLE_TERM,forensic,MULTI,218,113,20,41.74311926605505,24.81192660550459,84.24656741108355
TITLE_PATTERN,mise a disposition installation entretien maintenance et exploitation des mobiliers urbains publicitaires et non publicitaires,France,9,9,1,44.44444444444444,82.0,84.24447292534444
TITLE_TERM,avant,MULTI,790,510,13,25.443037974683545,31.829396325459317,84.24142266335815
TITLE_TERM,protection,MULTI,6222,3200,57,31.29218900675024,24.054595715272978,84.24077750206783
TITLE_TERM,canal,MULTI,1420,377,18,30.56338028169014,25.422238372093023,84.2370388751034
TITLE_TERM,active,MULTI,794,385,31,31.612090680100756,25.32198952879581,84.23341604631928
TITLE_TERM,firewalls,MULTI,206,71,18,32.03883495145631,39.44845360824742,84.23050454921423
TITLE_TERM,premier,MULTI,313,193,23,30.35143769968051,30.622837370242216,84.22954507857733
TITLE_TERM,assets,MULTI,202,139,17,44.554455445544555,24.14814814814815,84.22881720430108
TITLE_TERM,beta,MULTI,254,62,26,36.22047244094488,28.73228346456693,84.22491315136477
TITLE_TERM,connectivity,MULTI,154,113,21,35.714285714285715,32.74025974025974,84.22286186931348
TITLE_TERM,videos,MULTI,335,230,12,23.582089552238806,72.96518987341773,84.21976840363936
TITLE_TERM,electro,MULTI,261,84,18,34.099616858237546,29.078189300411523,84.21897435897435
TITLE_TERM,terra,MULTI,239,57,15,37.23849372384937,28.38888888888889,84.21272125723738
TITLE_TERM,publicitaire,MULTI,300,209,5,25.666666666666668,64.69852941176471,84.20736145574855
TITLE_TERM,betrekking,MULTI,235,126,2,33.61702127659574,38.94117647058823,84.19467328370554
TITLE_TERM,aktualisierung,MULTI,209,56,4,41.14832535885167,31.904306220095695,84.19366418527709
TITLE_TERM,sharepoint,MULTI,198,112,27,28.78787878787879,58.90449438202247,84.19225806451612
TITLE_TERM,modelisation,MULTI,235,180,8,28.51063829787234,49.018957345971565,84.18130686517785
TITLE_TERM,anpr,MULTI,110,76,13,46.36363636363637,29.414141414141415,84.17975186104218
TITLE_TERM,procedures,MULTI,429,213,15,33.7995337995338,25.43811881188119,84.1764929693962
TITLE_TERM,advertising,MULTI,436,258,15,34.174311926605505,25.07728337236534,84.17553349875931
TITLE_TERM,date,MULTI,469,123,11,26.439232409381663,39.04545454545455,84.17144747725393
TITLE_TERM,plate,MULTI,497,259,22,34.00402414486921,24.836829836829835,84.16951199338295
TITLE_TERM,consumer,MULTI,113,64,12,44.24778761061947,30.141592920353983,84.168105872622
TITLE_TERM,qualitative,MULTI,93,57,9,40.86021505376344,42.83132530120482,84.15593052109182
TITLE_TERM,audiovisual,MULTI,377,44,9,43.50132625994695,25.824933687002652,84.14377171215882
TITLE_TERM,siti,MULTI,621,63,7,47.66505636070853,24.373590982286636,84.14241521918942
TITLE_TERM,telephoniques,MULTI,233,182,3,30.042918454935624,41.949771689497716,84.1410752688172
TITLE_TERM,mobilite,MULTI,1092,670,8,25.641025641025642,31.08884073672806,84.13510339123243
TITLE_TERM,suite,MULTI,3955,1691,36,28.31858407079646,25.813385826771654,84.12916459884201
TITLE_TERM,selection,MULTI,592,307,33,31.08108108108108,26.16377649325626,84.12881720430107
TITLE_TERM,nutzung,MULTI,468,109,4,33.11965811965812,32.23717948717949,84.12607113316791
TITLE_PATTERN,renouvellement de licences,Quebec,10,6,1,50.0,74.0,84.12447933354694
TITLE_TERM,humaines,MULTI,518,346,7,26.833976833976834,33.49372384937239,84.12444995864351
TITLE_TERM,week,MULTI,191,84,16,35.602094240837694,29.58433734939759,84.11722084367247
TITLE_TERM,rapid,MULTI,311,174,30,33.762057877813504,26.504983388704318,84.11612903225807
TITLE_TERM,protect,MULTI,110,45,12,40.0,49.345454545454544,84.11133167907363
TITLE_TERM,agricole,MULTI,771,433,13,28.66407263294423,28.394736842105264,84.09616211745245
TITLE_TERM,volet,MULTI,641,350,3,28.0811232449298,31.73841059602649,84.08962779156329
TITLE_TERM,airport,MULTI,634,133,33,35.488958990536275,24.282571912013537,84.08759305210917
TITLE_TERM,generale,MULTI,1748,688,19,29.633867276887873,26.143827160493828,84.0836724565757
TITLE_TERM,sewage,MULTI,366,80,15,34.42622950819672,29.169398907103826,84.08302729528536
TITLE_TERM,mass,MULTI,451,193,36,34.146341463414636,25.1,84.0663523573201
TITLE_TERM,radiation,MULTI,125,60,16,41.6,30.752,84.06115798180315
TITLE_TERM,durchfuhrung,MULTI,3774,777,8,35.66507684154743,23.233404142326076,84.05409429280398
TITLE_TERM,inspectie,MULTI,334,190,5,33.23353293413174,28.674329501915707,84.05253928866833
TITLE_TERM,logistique,MULTI,628,422,7,32.32484076433121,25.603174603174605,84.05101736972705
TITLE_TERM,rozbudowa,MULTI,2881,203,2,41.92988545643874,35.836862200624786,84.04990901571547
TITLE_TERM,commissioning,MULTI,973,290,36,35.45734840698869,23.306016597510375,84.04764267990075
TITLE_TERM,channel,MULTI,210,103,27,38.095238095238095,26.325,84.0464846980976
TITLE_TERM,jahr,MULTI,1135,189,5,36.29955947136564,25.209691629955948,84.04251447477253
TITLE_TERM,jaar,MULTI,1051,217,2,32.159847764034254,28.210526315789473,84.03103391232423
TITLE_TERM,printer,MULTI,124,61,6,37.096774193548384,37.57272727272727,84.02446650124068
TITLE_TERM,oost,MULTI,571,162,2,33.62521891418564,28.520661157024794,84.02425144747727
TITLE_TERM,patch,MULTI,96,41,15,47.916666666666664,37.708333333333336,84.02302729528537
TITLE_TERM,cost,MULTI,370,191,19,42.972972972972975,22.655882352941177,84.02124069478909
TITLE_TERM,ausbildung,MULTI,397,85,4,41.30982367758186,25.947103274559193,84.01765095119934
TITLE_TERM,produkte,MULTI,317,106,5,30.914826498422713,49.39116719242902,84.01614557485526
TITLE_TERM,prac,MULTI,838,93,6,35.08353221957041,27.533412887828163,84.01564929693961
TITLE_TERM,publicite,MULTI,352,192,3,26.136363636363637,57.81024096385542,84.00989247311828
TITLE_TERM,licencing,MULTI,91,58,2,59.34065934065934,39.989010989010985,84.00464846980975
TITLE_TERM,sign,MULTI,115,69,12,37.391304347826086,41.54782608695652,84.00281224152192
TITLE_TERM,dynamic,MULTI,1232,390,28,28.49025974025974,26.935192780968006,83.9963606286187
TITLE_TERM,record,MULTI,136,84,9,39.705882352941174,30.029411764705884,83.9928535980149
TITLE_PATTERN,managed print service,United Kingdom,9,5,1,77.77777777777779,80.0,83.64770906760653
TITLE_PATTERN,contrato de servicios contr # #,TED,95,9,2,84.21052631578947,20.0,83.54133290611983
CATEGORY_COHORT,Creative / communications :: Design / publishing,Ireland,45,38,1,33.33333333333333,80.0,83.24166666666666
TITLE_PATTERN,# # # # # # # #,TED,243,24,6,50.20576131687243,20.0,83.21179109259852
TITLE_PATTERN,klantmanager inkomen,TenderNed,12,4,1,41.66666666666667,70.0,82.82457545658443
TITLE_PATTERN,licences,Quebec,10,5,1,50.0,74.0,82.81480294777315
TITLE_PATTERN,contrato de suministros contr # #,TED,56,7,1,96.42857142857143,20.0,82.60525472604934
TITLE_PATTERN,das schoolmeubilair primair onderwijs,TenderNed,42,42,1,52.38095238095239,20.0,82.59692406280038
TITLE_PATTERN,software broker,TenderNed,16,12,1,6.25,74.0,82.53156039730855
TITLE_PATTERN,# # # # #,TED,562,65,7,40.213523131672595,20.0,82.37295738545338
TITLE_PATTERN,serwis oprogramowania,TED,27,4,2,22.22222222222222,60.0,82.37007369432874
TITLE_PATTERN,dostawa sprzetu komputerowego,TED,125,18,2,48.8,20.0,82.33018263377122
TITLE_PATTERN,hr system,TED,17,3,3,41.17647058823529,60.0,82.29750080102531
TITLE_PATTERN,contrato de suministro contr # #,TED,110,18,2,50.0,20.0,82.28949054790131
TITLE_PATTERN,warme dranken automaten,TenderNed,11,7,1,27.27272727272727,74.0,81.86863184876641
TITLE_PATTERN,adobe lizenzen,Germany,18,4,1,27.77777777777778,60.0,81.78148029477731
TITLE_PATTERN,bevakningstjanster,TED,58,12,2,43.103448275862064,20.0,81.16404998397948
TITLE_PATTERN,prestations topographiques et foncieres,France,12,9,1,16.666666666666664,82.0,81.15716116629285
TITLE_PATTERN,jaen primer cbam am # #,TED,17,12,1,100.0,20.0,81.10253123998717
TITLE_PATTERN,arendehanteringssystem,TED,12,5,3,33.33333333333333,60.0,81.02755527074655
TITLE_PATTERN,dostawa srodkow czystosci,TED,44,11,2,47.72727272727273,20.0,81.01730214674782
TITLE_PATTERN,# # # # # # #,TED,181,27,5,39.226519337016576,20.0,80.7694649150913
TITLE_PATTERN,das kantoormeubilair,TenderNed,20,20,1,60.0,20.0,80.75152194809355
TITLE_PATTERN,senior communicatieadviseur,TenderNed,8,6,1,50.0,82.0,80.74575456584428
TITLE_PATTERN,spracherkennung,Germany,10,7,1,30.0,60.0,80.60701698173662
TITLE_PATTERN,dostawa produktow leczniczych,TED,473,37,2,34.46088794926004,20.0,80.56728612624158
TITLE_PATTERN,campagne publicitaire,Quebec,11,8,1,18.181818181818183,82.0,80.45818647869272
TITLE_PATTERN,standardsoftware,TED,9,8,2,33.33333333333333,74.0,80.38833707145145
TITLE_PATTERN,senior projectleider,TenderNed,9,5,1,44.44444444444444,60.0,80.32505607177185
TITLE_PATTERN,sanitaire voorzieningen,TenderNed,27,20,1,40.74074074074074,20.0,80.1903236142262
TITLE_PATTERN,# # # # # # # # #,TED,84,13,4,39.285714285714285,20.0,79.95850688881768
TITLE_PATTERN,catering,TenderNed,24,19,1,41.66666666666667,20.0,79.85100929189362
TITLE_PATTERN,# # # # # # # # # #,TED,67,15,5,35.82089552238806,20.0,79.63633450817045
TITLE_PATTERN,dodavka elektriny na obdobi # # # # # #,TED,264,45,2,33.33333333333333,20.0,79.58907401473886
TITLE_PATTERN,foretagshalsovard,TED,71,14,3,33.80281690140845,20.0,79.49967958987503
TITLE_PATTERN,das schoonmaakdiensten,TenderNed,31,31,1,38.70967741935484,20.0,79.48974687600128
TITLE_PATTERN,# speisinger stra e # #,TED,13,13,1,100.0,20.0,79.46123037487983
TITLE_PATTERN,almeria # cbam contr # # #,TED,81,4,1,100.0,20.0,79.44681191925665
TITLE_PATTERN,neubau rebstockbad frankfurt am main,Germany,43,2,1,44.18604651162791,82.0,79.41765459788529
TITLE_PATTERN,arbodienstverlening,TenderNed,89,74,1,32.58426966292135,20.0,79.38417173982697
TITLE_PATTERN,services professionnels en cybersecurite,Quebec,10,8,1,20.0,82.0,79.37151553989105
TITLE_PATTERN,dostawa implantow ortopedycznych,TED,72,11,2,37.5,20.0,79.3407561678949
TITLE_PATTERN,formansportal,TED,18,3,2,27.77777777777778,60.0,79.20057673822492
TITLE_PATTERN,vakuutusten hankinta,TED,78,11,2,34.61538461538461,20.0,79.19064402435117
TITLE_PATTERN,contr # #,TED,94,5,1,57.446808510638306,20.0,79.16597244472925
TITLE_PATTERN,almeria # cbam contr # #,TED,54,4,1,100.0,20.0,79.14402435116949
TITLE_PATTERN,offres infonuagiques de collaboration et de bureautique,Quebec,9,9,1,22.22222222222222,74.0,79.14033963473244
TITLE_PATTERN,firewall,Germany,18,5,1,5.555555555555555,60.0,79.10205062479974
TITLE_PATTERN,kantoormeubilair,TenderNed,26,23,1,38.46153846153847,20.0,78.90019224607497
TITLE_PATTERN,marketplace,TED,10,4,2,40.0,60.0,78.89955142582505
TITLE_PATTERN,dostawa materia ow opatrunkowych,TED,82,19,2,32.926829268292686,20.0,78.8920217878885
TITLE_PATTERN,darbinieku veselibas apdrosinasana,TED,83,9,2,36.144578313253014,20.0,78.85933995514257
TITLE_PATTERN,dostawy produktow leczniczych,TED,80,8,2,40.0,20.0,78.82601730214674
TITLE_PATTERN,warme dranken,TenderNed,9,8,1,22.22222222222222,74.0,78.7798782441525
TITLE_PATTERN,dodavka zemniho plynu na obdobi # # # # # #,TED,160,18,2,29.375,20.0,78.77234860621594
TITLE_PATTERN,sukcesivna dobava konvencionalnih zivil in zivil iz shem kakovosti,TED,154,43,2,28.57142857142857,20.0,78.77218840115347
TITLE_PATTERN,dostawa lekow,TED,259,32,2,28.185328185328185,20.0,78.76594040371675
TITLE_PATTERN,# # # # # #,TED,632,68,7,25.158227848101266,20.0,78.75264338353091
TITLE_PATTERN,hr and payroll system,United Kingdom,8,8,1,37.5,60.0,78.70538289009933
TITLE_PATTERN,opskrba elektricnom energijom,TED,135,34,3,28.14814814814815,20.0,78.67334187760332
TITLE_PATTERN,# # # # # # # # # # # #,TED,32,7,5,40.625,20.0,78.59804549823774
TITLE_PATTERN,onderhoud e w installaties,TenderNed,15,12,1,60.0,20.0,78.5911566805511
TITLE_PATTERN,reactivi de laborator # loturi,TED,16,3,2,25.0,74.0,78.57433514899071
TITLE_PATTERN,schoonmaakonderhoud,TenderNed,47,45,1,29.78723404255319,20.0,78.56135853892982
TITLE_PATTERN,# franz koci stra e # #,TED,12,12,1,91.66666666666666,20.0,78.49951938481254
TITLE_PATTERN,gpu cluster,Germany,8,5,1,50.0,60.0,78.35950016020507
TITLE_PATTERN,dostawa mebli,TED,35,9,2,40.0,20.0,78.35501441845561
TITLE_PATTERN,elektricna energija,TED,55,14,5,32.72727272727273,20.0,78.30903556552386
TITLE_PATTERN,leermiddelen,TenderNed,36,34,1,30.555555555555557,20.0,78.26513937840434
TITLE_PATTERN,dodavka it infrastruktury a licenci pro zvyseni kyberneticke bezpecnosti,TED,11,6,2,18.181818181818183,60.0,78.20890740147388
TITLE_PATTERN,rekryteringssystem,TED,18,2,2,72.22222222222221,60.0,78.18679910285164
TITLE_PATTERN,sukcesivna dobava zivil,TED,48,8,2,37.5,20.0,78.1560397308555
TITLE_PATTERN,eindejaarsgeschenken,TenderNed,35,25,1,31.428571428571427,20.0,78.15395706504324
TITLE_PATTERN,services professionnels en communication,Quebec,13,5,1,7.6923076923076925,82.0,78.14194168535725
TITLE_PATTERN,meubilair,TenderNed,53,47,1,26.41509433962264,20.0,78.06296058955462
TITLE_PATTERN,sahkoenergian hankinta,TED,297,33,2,22.895622895622896,20.0,78.05639218199295
TITLE_PATTERN,contrat de services,Quebec,9,6,1,22.22222222222222,82.0,78.03973085549502
TITLE_PATTERN,accountantsdiensten,TenderNed,147,132,1,21.768707482993197,20.0,77.98734380006407
TITLE_PATTERN,aquisicao de apolices de seguro,TED,21,6,2,52.38095238095239,20.0,77.94216597244473
TITLE_PATTERN,personalmanagementsystem,Germany,9,5,1,33.33333333333333,74.0,77.90595962832424
TITLE_PATTERN,swiadczenie us ug w zakresie publicznego transportu zbiorowego,TED,133,15,2,25.563909774436087,20.0,77.88833707145145
TITLE_PATTERN,og oszenie o zamiarze bezposredniego zawarcia umowy o swiadczenie us ug w zakresie publicznego transportu zbiorowego,TED,119,4,2,58.82352941176471,20.0,77.86975328420378
TITLE_PATTERN,aquisicao de manuais digitais bens e servicos conexos,TED,30,3,1,16.666666666666664,60.0,77.85773790451779
TITLE_PATTERN,electricity,TED,63,15,3,26.984126984126984,20.0,77.65523870554308
TITLE_PATTERN,sukcesivne nabave konvencionalnih in ekoloskih zivil,TED,47,12,2,29.78723404255319,20.0,77.64098045498237
TITLE_PATTERN,dostawa energii elektrycznej,TED,125,26,2,21.6,20.0,77.61054149311117
TITLE_PATTERN,acquisition de licences,Quebec,8,4,1,50.0,74.0,77.60733739186159
TITLE_PATTERN,soortenmanagementplan,TenderNed,31,22,1,29.03225806451613,20.0,77.57481576417814
TITLE_PATTERN,financieel systeem,TenderNed,8,6,1,37.5,60.0,77.53268183274591
TITLE_PATTERN,postdiensten,TenderNed,17,10,1,41.17647058823529,20.0,77.51634091637295
TITLE_PATTERN,achat d equipements informatiques,Quebec,8,3,1,87.5,74.0,77.49487343800064
TITLE_PATTERN,revisionstjanster,TED,95,16,2,24.210526315789473,20.0,77.46651714194168
TITLE_PATTERN,patientenmonitoring,Germany,9,6,1,22.22222222222222,70.0,77.44569048381928
TITLE_PATTERN,servizi assicurativi,TED,56,5,2,42.857142857142854,20.0,77.4263056712592
TITLE_PATTERN,licences adobe,Quebec,10,8,1,10.0,74.0,77.37023389939121
TITLE_PATTERN,cleaning services,TED,21,6,4,47.61904761904761,20.0,77.3487664210189
TITLE_PATTERN,services informatiques,Quebec,10,7,1,10.0,82.0,77.34139698814482
TITLE_PATTERN,wmo hulpmiddelen,TenderNed,24,23,1,33.33333333333333,20.0,77.26049343159244
TITLE_PATTERN,jaen # cbam am # #,TED,11,10,1,100.0,20.0,77.223966677347
TITLE_PATTERN,furnizare alimente,TED,51,13,2,25.49019607843137,20.0,77.19128484460107
TITLE_PATTERN,furnizare energie electrica,TED,62,23,2,20.967741935483872,20.0,77.15235501441845
TITLE_PATTERN,raamovereenkomst ingenieursdiensten,TenderNed,18,14,1,38.88888888888889,20.0,77.15059275873116
TITLE_PATTERN,aktive netzwerktechnik,Germany,10,4,1,30.0,44.5,77.13216917654597
TITLE_PATTERN,schoonmaakdienstverlening,TenderNed,45,32,1,22.22222222222222,20.0,77.08186478692726
TITLE_PATTERN,neubau studierendenwohnheim kunzelsau,Germany,13,2,1,84.61538461538461,70.0,77.05302787568087
TITLE_PATTERN,inhuur personeel,TenderNed,22,21,1,31.818181818181817,20.0,76.91044537007369
TITLE_PATTERN,acquisition de licences adobe,Quebec,10,7,1,10.0,74.0,76.90884331944889
TITLE_PATTERN,aquisicao de servicos de seguros,TED,41,12,2,26.82926829268293,20.0,76.9086831143864
TITLE_PATTERN,bibliotekssystem,TED,17,2,2,58.82352941176471,60.0,76.84027555270747
TITLE_PATTERN,communicatieadviseur,TenderNed,8,7,1,25.0,82.0,76.82008971483499
TITLE_PATTERN,das kantinemeubilair,TenderNed,12,12,1,58.333333333333336,20.0,76.80519064402434
TITLE_PATTERN,market research,United Kingdom,7,4,1,85.71428571428571,70.0,76.8048702338994
TITLE_PATTERN,raadsinformatiesysteem,TenderNed,7,7,1,42.857142857142854,60.0,76.77891701377763
TITLE_PATTERN,stadtjanster,TED,41,8,3,31.70731707317073,20.0,76.7528035885934
TITLE_PATTERN,renouvellement de licences adobe,Quebec,7,5,1,57.14285714285714,74.0,76.675905158603
TITLE_PATTERN,verhuisdiensten,TenderNed,32,22,1,25.0,20.0,76.6408202499199
TITLE_PATTERN,contrato de servicio contr # #,TED,30,9,2,33.33333333333333,20.0,76.60205062479974
TITLE_PATTERN,dostawa wyrobow medycznych,TED,123,9,2,24.390243902439025,20.0,76.5863505286767
TITLE_PATTERN,swiadczenie us ug telekomunikacyjnych telefonii komorkowej dla urzedu miasta p ocka i jednostek organizacyjnych spo ek,TED,55,3,1,98.18181818181819,20.0,76.58330663248958
TITLE_PATTERN,profilprodukter,TED,41,10,2,26.82926829268293,20.0,76.56504325536686
TITLE_PATTERN,tryckeritjanster,TED,59,7,2,30.508474576271187,20.0,76.56488305030437
TITLE_PATTERN,procedura aperta,TED,197,5,1,37.56345177664975,20.0,76.54645946811918
TITLE_PATTERN,# # # # # # # # # # # # # # #,TED,83,3,3,80.72289156626506,20.0,76.54181352130726
TITLE_PATTERN,usluge osiguranja,TED,29,4,2,58.620689655172406,20.0,76.48670297981415
TITLE_PATTERN,dostawa sprzetu jednorazowego uzytku,TED,35,10,2,28.57142857142857,20.0,76.47004165331624
TITLE_PATTERN,materiale sanitare,TED,42,11,2,23.809523809523807,20.0,76.30759371996155
TITLE_PATTERN,suministro de energia electrica,TED,48,10,2,25.0,20.0,76.28035885933996
TITLE_PATTERN,acord cadru de furnizare reactivi de laborator,TED,72,5,2,38.88888888888889,20.0,76.25905158603011
TITLE_PATTERN,contrat de licence et d abonnement edilexpert,Quebec,9,9,1,11.11111111111111,74.0,76.23357898109579
TITLE_PATTERN,hjullastare,TED,43,7,3,30.23255813953488,20.0,76.23149631528355
TITLE_PATTERN,bg rrp # # # c #,TED,100,6,2,31.0,20.0,76.21243191284844
TITLE_PATTERN,leermiddelen po,TenderNed,8,8,1,25.0,47.0,76.16837552066646
TITLE_PATTERN,upphandlingskonsulter,TED,48,10,2,22.916666666666664,20.0,76.1496315283563
TITLE_PATTERN,aansprakelijkheidsverzekering,TenderNed,23,21,1,26.08695652173913,20.0,76.13857737904517
TITLE_PATTERN,ict hardware,TenderNed,60,55,1,20.0,20.0,76.08747196411406
TITLE_PATTERN,sukcesivna dobava konvencionalnih in ekoloskih zivil,TED,82,27,2,19.51219512195122,20.0,76.05479013136815
TITLE_PATTERN,# elisenstra e # #,TED,10,10,1,100.0,20.0,76.02963793655879
TITLE_PATTERN,# waldvogelstra e # #,TED,10,10,1,100.0,20.0,76.02963793655879
TITLE_PATTERN,# wendstattgasse #,TED,10,10,1,100.0,20.0,76.02963793655879
TITLE_PATTERN,onderhoud openbare verlichting,TenderNed,13,9,1,46.15384615384615,20.0,76.01586030118551
TITLE_PATTERN,degvielas iegade,TED,49,5,2,38.775510204081634,20.0,75.9368792053829
TITLE_PATTERN,dostawa sprzetu medycznego jednorazowego uzytku,TED,61,8,2,24.59016393442623,20.0,75.89698814482537
TITLE_PATTERN,dostawa produktow farmaceutycznych,TED,58,7,2,25.862068965517242,20.0,75.75857097084267
TITLE_PATTERN,energie electrica,TED,33,10,2,24.242424242424242,20.0,75.7423902595322
TITLE_PATTERN,villamos energia beszerzese # evre,TED,20,5,2,45.0,20.0,75.70201858378724
TITLE_PATTERN,# # # kv,TED,32,10,5,25.0,20.0,75.68679910285165
TITLE_PATTERN,financieel adviseur,TenderNed,15,11,1,40.0,20.0,75.67798782441524
TITLE_PATTERN,catering,TED,27,10,8,25.925925925925924,20.0,75.67574495354053
TITLE_PATTERN,dobava gasilskega vozila gvc #,TED,22,5,2,40.909090909090914,20.0,75.61022108298621
TITLE_PATTERN,contrato acuerdo marco de suministro contr # #,TED,28,3,1,89.28571428571429,20.0,75.47260493431591
TITLE_PATTERN,aquisicao de equipamento informatico,TED,28,4,2,46.42857142857143,20.0,75.47100288369111
CATEGORY_COHORT,Other :: UNKNOWN,United Kingdom,64946,3392,1,74.5342284359314,15.0,75.455
TITLE_PATTERN,offres infonuagiques de solutions iaas paas et saas reliees,Quebec,9,7,1,11.11111111111111,74.0,75.41172701057353
TITLE_PATTERN,furnizare gaze naturale,TED,28,12,2,21.428571428571427,20.0,75.39138096763857
TITLE_PATTERN,furnizare echipamente medicale,TED,38,9,2,21.052631578947366,20.0,75.37423902595322
TITLE_PATTERN,das ict laptops,TenderNed,17,17,1,29.411764705882355,20.0,75.29157321371355
TITLE_PATTERN,elektroenergijas iegade,TED,60,13,2,20.0,20.0,75.26321691765459
TITLE_PATTERN,multifunctionals,TenderNed,21,17,1,23.809523809523807,20.0,75.25024030759371
TITLE_PATTERN,etude geotechnique et caracterisation environnementale des sols,Quebec,9,7,1,11.11111111111111,70.0,75.25024030759371
TITLE_PATTERN,partikas produktu piegade,TED,42,8,2,21.428571428571427,20.0,75.1751041332906
TITLE_PATTERN,produse petroliere pentru anul #,TED,15,5,2,60.0,20.0,75.14033963473246
TITLE_PATTERN,ingenieursdiensten,TenderNed,21,15,1,23.809523809523807,20.0,75.12768343479652
TITLE_PATTERN,dostawa sprzetu medycznego,TED,105,17,2,16.19047619047619,20.0,75.09740467798781
TITLE_PATTERN,consulent jeugd,TenderNed,10,3,1,30.0,70.0,75.09147709067607
TITLE_PATTERN,medicinos iranga,TED,32,5,2,37.5,20.0,75.08010253123999
TITLE_PATTERN,medical consumables,TED,26,8,4,26.923076923076923,20.0,75.05366869593078
TITLE_PATTERN,procurement of electricity,TED,35,5,4,34.285714285714285,20.0,75.05206664530598
TITLE_PATTERN,warme dranken voorziening,TenderNed,8,6,1,25.0,47.0,74.99567446331304
TITLE_PATTERN,interieurbeplanting,TenderNed,12,8,1,50.0,20.0,74.96010893944248
TITLE_PATTERN,prestacao de servicos de seguros,TED,25,4,2,44.0,20.0,74.95706504325537
TITLE_PATTERN,cateringdiensten,TenderNed,10,9,1,70.0,20.0,74.95402114706823
TITLE_PATTERN,cse ah # # # po,TED,83,5,2,32.53012048192771,20.0,74.91429029157321
TITLE_PATTERN,zakup i dostawa lekow,TED,45,6,2,26.666666666666668,20.0,74.83611022108299
TITLE_PATTERN,dostawa artyku ow spozywczych,TED,40,6,2,27.500000000000004,20.0,74.83450817045818
TITLE_PATTERN,dostawy produktow farmaceutycznych,TED,31,6,2,29.03225806451613,20.0,74.82329381608459
TITLE_PATTERN,acuerdo marco suministro contr # #,TED,105,9,2,20.0,20.0,74.81624479333547
TITLE_PATTERN,dostawa oleju napedowego,TED,19,6,2,36.84210526315789,20.0,74.80503043896186
TITLE_PATTERN,afvalverwerking,TenderNed,13,12,1,38.46153846153847,20.0,74.76930471002883
TITLE_PATTERN,rahmenvertrag medientechnik,Germany,9,7,1,11.11111111111111,60.0,74.76770265940402
TITLE_PATTERN,flyttjanster,TED,43,6,2,25.581395348837212,20.0,74.73197693047099
TITLE_PATTERN,udzielenie kredytu d ugoterminowego,TED,38,13,2,18.421052631578945,20.0,74.72220442165971
TITLE_PATTERN,konkurs ofert na udzielanie swiadczen zdrowotnych,TED,63,3,2,53.96825396825397,20.0,74.71259211791092
TITLE_PATTERN,renouvellement des licences adobe,Quebec,9,6,1,11.11111111111111,74.0,74.70041653316244
TITLE_PATTERN,zakup energii elektrycznej,TED,24,9,2,25.0,20.0,74.6895225889138
TITLE_PATTERN,das ict touchscreens,TenderNed,11,11,1,45.45454545454545,20.0,74.68007049022748
TITLE_PATTERN,servers storage,TenderNed,7,4,1,57.14285714285714,60.0,74.63569368792054
TITLE_PATTERN,europese aanbesteding multifunctionals,TenderNed,19,19,1,21.052631578947366,20.0,74.61727010573534
TITLE_PATTERN,# # cpv # #,TED,35,14,2,17.142857142857142,20.0,74.5719320730535
TITLE_PATTERN,presentkort,TED,16,7,2,37.5,20.0,74.56344120474206
TITLE_PATTERN,medicamente,TED,40,11,2,20.0,20.0,74.5495033643063
TITLE_PATTERN,vintervaghallning,TED,49,10,2,18.367346938775512,20.0,74.54293495674463
CATEGORY_COHORT,Other :: School meals.,Ireland,1264,1049,1,92.48417721518987,15.0,74.53333333333333
TITLE_PATTERN,beveiligingsdiensten,TenderNed,36,28,1,16.666666666666664,20.0,74.5328420378084
TITLE_PATTERN,# # ii # #,TED,17,10,4,29.411764705882355,20.0,74.52499198974688
TITLE_PATTERN,servicii de exploatare forestiera # # d s arges,TED,40,2,2,25.0,74.0,74.50833066324896
TITLE_PATTERN,lonesystem,TED,20,2,2,35.0,60.0,74.4407241268824
TITLE_PATTERN,medicines,TED,26,5,2,34.61538461538461,20.0,74.41813521307273
TITLE_PATTERN,europese openbare aanbesteding multifunctionals,TenderNed,6,6,1,100.0,74.0,74.39218199295098
TITLE_PATTERN,inhuur uitzendkrachten,TenderNed,15,12,1,33.33333333333333,20.0,74.37199615507849
TITLE_PATTERN,suministro contr # #,TED,148,17,2,9.45945945945946,20.0,74.36911246395385
TITLE_PATTERN,wykonywanie us ug z zakresu gospodarki lesnej na terenie nadlesnictwa jozefow w roku #,TED,21,3,2,80.95238095238095,20.0,74.3599807753925
TITLE_PATTERN,dostawa srodkow dezynfekcyjnych,TED,40,10,2,20.0,20.0,74.34043575776994
TITLE_PATTERN,dodavka elektrickej energie,TED,54,13,2,14.814814814814813,20.0,74.3375520666453
TITLE_PATTERN,brandverzekering,TenderNed,18,16,1,22.22222222222222,20.0,74.26545978852931
TITLE_PATTERN,cpv # # cpv # #,TED,17,9,2,29.411764705882355,20.0,74.26065363665492
TITLE_PATTERN,acord cadru furnizare materiale sanitare,TED,40,5,2,32.5,20.0,74.2592117910926
TITLE_PATTERN,servicio de limpieza,TED,19,4,2,47.368421052631575,20.0,74.22925344440884
TITLE_PATTERN,servicii de curatenie,TED,22,4,3,40.909090909090914,20.0,74.21403396347324
TITLE_PATTERN,aquisicao de apolices de seguros,TED,22,4,2,40.909090909090914,20.0,74.21403396347324
TITLE_PATTERN,prehrambeni proizvodi,TED,28,6,3,28.57142857142857,20.0,74.2063441204742
TITLE_PATTERN,dostawa produktow ropopochodnych,TED,23,6,2,30.434782608695656,20.0,74.19993591797501
TITLE_PATTERN,elelmiszer alapanyagok beszerzese,TED,15,5,2,46.666666666666664,20.0,74.18551746235181
TITLE_PATTERN,# schlosselgasse #,TED,9,9,1,100.0,20.0,74.17206023710348
TITLE_PATTERN,nabava elektricne energije,TED,23,7,2,26.08695652173913,20.0,74.1320089714835
TITLE_PATTERN,elektroenergijas piegade,TED,40,6,2,22.5,20.0,74.12063441204742
TITLE_PATTERN,dostawa endoprotez,TED,21,5,2,38.095238095238095,20.0,74.10765780198653
TITLE_PATTERN,acquisition de donnees d inventaire numerique de certains actifs dans l emprise municipale pour les annees # # et #,Quebec,10,10,1,0.0,82.0,74.09307914130086
TITLE_PATTERN,belastingapplicatie,TenderNed,6,6,1,83.33333333333334,74.0,74.06664530599167
TITLE_PATTERN,cateringdienstverlening,TenderNed,15,10,1,33.33333333333333,20.0,74.02835629605896
TITLE_PATTERN,nabava goriva,TED,22,5,2,36.36363636363637,20.0,74.01970522268503
TITLE_PATTERN,dostawa sprzetu i aparatury medycznej,TED,35,5,2,31.428571428571427,20.0,74.00624799743672
TITLE_PATTERN,dostawa lekow #,TED,83,5,2,25.301204819277107,20.0,73.96459468119193
TITLE_PATTERN,livsmedel grossist,TED,22,8,2,22.727272727272727,20.0,73.95161807113105
TITLE_PATTERN,servicio contr # #,TED,41,12,2,14.634146341463413,20.0,73.90836270426145
TITLE_PATTERN,dostawa jednorazowego sprzetu medycznego,TED,32,6,2,25.0,20.0,73.88929830182633
TITLE_PATTERN,acord cadru de furnizare medicamente,TED,37,6,2,21.62162162162162,20.0,73.86783082345401
TITLE_PATTERN,resebyratjanster,TED,45,8,2,20.0,20.0,73.86462672220442
TITLE_PATTERN,touchscreens,TenderNed,16,16,1,25.0,20.0,73.86286446651714
TITLE_PATTERN,dodavka elektriny v ramci sdruzenych sluzeb dodavky elektriny na rok #,TED,44,31,2,4.545454545454546,20.0,73.81496315283563
TITLE_PATTERN,elaboration du plan local d urbanisme intercommunal,France,7,7,1,28.57142857142857,70.0,73.78436398590195
TITLE_PATTERN,travaux et mise en oeuvre d un dispositif de videoprotection,France,6,6,1,66.66666666666666,82.0,73.76738224927908
TITLE_PATTERN,potraviny,TED,67,10,2,13.432835820895523,20.0,73.76449855815443
TITLE_PATTERN,winter maintenance,TED,18,4,3,44.44444444444444,20.0,73.719961550785
TITLE_PATTERN,acord cadru furnizare medicamente,TED,81,11,2,11.11111111111111,20.0,73.71131047741109
TITLE_PATTERN,# # # # # # # # # # #,TED,31,6,4,22.58064516129032,20.0,73.67750720922781
TITLE_PATTERN,dabasgazes piegade,TED,35,4,2,34.285714285714285,20.0,73.65587952579301
TITLE_PATTERN,dostawa wyposazenia medycznego,TED,130,5,2,23.076923076923077,20.0,73.63505286767061
TITLE_PATTERN,accountantsdiensten # #,TenderNed,16,13,1,25.0,20.0,73.62976610060878
TITLE_PATTERN,dostawa sprzetu laboratoryjnego,TED,33,6,2,21.21212121212121,20.0,73.61166292854854
TITLE_PATTERN,bg # ffpr # # # # #,TED,25,3,2,60.0,20.0,73.53989106055751
TITLE_PATTERN,laboratorietjanster,TED,20,5,2,35.0,20.0,73.53091957705863
TITLE_PATTERN,furnizare diverse medicamente,TED,27,5,2,33.33333333333333,20.0,73.50929189362384
TITLE_PATTERN,schoonmaakonderhoud en glasbewassing,TenderNed,21,16,1,19.047619047619047,20.0,73.50176225568727
TITLE_PATTERN,procedura aperta telematica,TED,59,3,1,42.3728813559322,20.0,73.48381928868952
TITLE_PATTERN,personenbeforderung mit omnibussen nach dem pbefg mvv regionalbuslinie #,Germany,67,25,1,70.1492537313433,15.0,73.48109580262737
TITLE_PATTERN,trapliften,TenderNed,15,12,1,26.666666666666668,20.0,73.4735661646908
TITLE_PATTERN,das laptops,TenderNed,14,14,1,28.57142857142857,20.0,73.47100288369113
TITLE_PATTERN,das ict desktops,TenderNed,14,14,1,28.57142857142857,20.0,73.47100288369113
TITLE_PATTERN,e hrm systeem,TenderNed,7,7,1,28.57142857142857,60.0,73.30182633771227
TITLE_PATTERN,it managed services,United Kingdom,7,7,1,28.57142857142857,60.0,73.30182633771227
TITLE_PATTERN,biztositasi szolgaltatasok beszerzese,TED,25,6,2,24.0,20.0,73.2592117910926
TITLE_PATTERN,groenonderhoud,TenderNed,20,15,1,20.0,20.0,73.23982697853252
TITLE_PATTERN,acquisition d un serveur,Quebec,7,6,1,28.57142857142857,74.0,73.23454021147067
TITLE_PATTERN,vienkartines medicinines priemones,TED,27,5,2,29.629629629629626,20.0,73.22604934315923
TITLE_PATTERN,sukcesivna dobava prehrambenega blaga konvencionalna in ekoloska zivila,TED,12,6,2,41.66666666666667,20.0,73.18247356616469
TITLE_PATTERN,furnizare medicamente,TED,38,7,2,18.421052631578945,20.0,73.15539891060557
TITLE_PATTERN,accountancydiensten,TenderNed,10,9,1,50.0,20.0,73.14818968279397
TITLE_PATTERN,dostawa artyku ow zywnosciowych,TED,34,3,2,44.11764705882353,20.0,73.10685677667414
TITLE_PATTERN,furnizare produse alimentare,TED,36,7,2,19.444444444444446,20.0,73.0951618071131
TITLE_PATTERN,servicio de ayuda a domicilio,TED,70,6,2,20.0,20.0,73.09083627042614
TITLE_PATTERN,dokument och arendehanteringssystem,TED,13,3,2,7.6923076923076925,60.0,73.08827298942646
TITLE_PATTERN,kantoorartikelen,TenderNed,27,22,1,11.11111111111111,20.0,73.05527074655559
TITLE_PATTERN,consultancy services,United Kingdom,43,22,1,72.09302325581395,15.0,73.04774110861904
TITLE_PATTERN,baumeisterarbeiten,TED,26,20,4,11.538461538461538,20.0,73.044056392182
TITLE_PATTERN,dostawa p ynow infuzyjnych,TED,26,4,2,34.61538461538461,20.0,73.02194809355976
TITLE_PATTERN,avis d attribution,France,59,14,1,72.88135593220339,15.0,73.02050624799743
TITLE_PATTERN,beschaffung der it losung orbis medication,Germany,10,10,1,0.0,60.0,73.01650112143543
TITLE_PATTERN,sukcesywne dostawy oleju napedowego,TED,16,4,2,43.75,20.0,73.01361743031079
TITLE_PATTERN,acord cadru de furnizare materiale sanitare,TED,17,4,2,41.17647058823529,20.0,73.01297661006087
TITLE_PATTERN,furnizare materiale sanitare,TED,34,9,2,14.705882352941178,20.0,73.00849086831143
TITLE_PATTERN,dostawa produktow leczniczych i wyrobow medycznych,TED,44,4,2,31.818181818181817,20.0,72.95978852931752
TITLE_PATTERN,dostawa energii elektrycznej w okresie od # # # r do # # # r,TED,18,8,2,22.22222222222222,20.0,72.92694649150913
TITLE_PATTERN,alimente,TED,34,7,2,17.647058823529413,20.0,72.87744312720281
TITLE_PATTERN,cpv # # #,TED,32,13,3,9.375,20.0,72.86462672220442
TITLE_PATTERN,telefonanlage,Germany,10,4,1,10.0,44.5,72.78997116308875
TITLE_PATTERN,lokalvard,TED,31,10,2,12.903225806451612,20.0,72.76433835309196
TITLE_PATTERN,fourniture et livraison de sel pour le deglacage des chaussees chlorure de sodium saison # #,Quebec,25,24,1,100.0,15.0,72.74367190003204
TITLE_PATTERN,consumabile medicale,TED,23,6,2,21.73913043478261,20.0,72.73373918615827
TITLE_PATTERN,dostawa urzadzen medycznych,TED,19,6,2,26.31578947368421,20.0,72.72364626722204
TITLE_PATTERN,iii # # # # #,TED,21,4,2,38.095238095238095,20.0,72.71147068247356
TITLE_PATTERN,internal audit services,United Kingdom,38,38,1,60.526315789473685,15.0,72.69929509772508
TITLE_PATTERN,marche public de prestation d assurance,France,26,25,1,84.61538461538461,15.0,72.68952258891382
TITLE_PATTERN,hulp bij het huishouden,TenderNed,14,9,1,28.57142857142857,20.0,72.62992630567126
TITLE_PATTERN,acquisition d equipements informatiques,Quebec,8,6,1,12.5,74.0,72.62848446010894
TITLE_PATTERN,offres infonuagiques de collaboration et bureautique,Quebec,8,6,1,12.5,74.0,72.62848446010894
TITLE_PATTERN,servicii de transport aerian,TED,22,9,2,18.181818181818183,20.0,72.62031400192247
TITLE_PATTERN,cyber security services,United Kingdom,6,6,1,66.66666666666666,37.5,72.61390579942326
TITLE_PATTERN,projectleider,TenderNed,7,6,1,28.57142857142857,60.0,72.59051586030118
TITLE_PATTERN,dostawa implantow,TED,16,6,2,31.25,20.0,72.57818007049023
TITLE_PATTERN,bell canada,Quebec,11,3,1,9.090909090909092,82.0,72.47869272669016
TITLE_PATTERN,servizio di refezione scolastica,TED,13,4,2,53.84615384615385,20.0,72.45994873438
TITLE_PATTERN,reactivi de laborator,TED,52,7,2,13.461538461538462,20.0,72.45129766100608
TITLE_PATTERN,dodavka zemneho plynu,TED,41,8,2,12.195121951219512,20.0,72.4311118231336
TITLE_PATTERN,acquisition de telephones cellulaires,Quebec,7,5,1,28.57142857142857,82.0,72.35741749439282
TITLE_PATTERN,dostawa pieczywa i wyrobow cukierniczych,TED,19,5,2,31.57894736842105,20.0,72.2752322973406
TITLE_PATTERN,nakup gasilskega vozila gvc #,TED,20,4,2,35.0,20.0,72.13473245754565
TITLE_PATTERN,sukcesywna dostawa lekow,TED,23,3,2,43.47826086956522,20.0,72.11214354373598
TITLE_PATTERN,contrato de obras contr # #,TED,10,5,2,70.0,20.0,72.1111823133611
TITLE_PATTERN,servicio de agencia de viajes,TED,23,5,2,26.08695652173913,20.0,72.11102210829861
TITLE_PATTERN,bedrijfskleding,TenderNed,16,16,1,18.75,20.0,72.10445370073694
TITLE_PATTERN,consultazione preliminare di mercato,TED,30,4,2,30.0,20.0,72.09388016661326
TITLE_PATTERN,servicios contr # #,TED,22,5,2,27.27272727272727,20.0,72.08186478692727
CATEGORY_COHORT,UNKNOWN :: UNKNOWN,Belgium,100037,4401,1,34.57120865279846,,72.08166666666666
TITLE_PATTERN,das chromebooks,TenderNed,13,13,1,23.076923076923077,20.0,72.08026273630246
TITLE_PATTERN,uitzendkrachten,TenderNed,21,17,1,9.523809523809524,20.0,71.99615507850048
TITLE_PATTERN,bg rrp # #,TED,35,4,2,28.57142857142857,20.0,71.96667734700416
TITLE_PATTERN,dostawa urzadzen komputerowych,TED,25,5,2,24.0,20.0,71.9495354053188
TITLE_PATTERN,parkeerautomaten,TenderNed,7,5,1,28.57142857142857,74.0,71.92486382569689
TITLE_PATTERN,legal services,United Kingdom,39,28,1,56.41025641025641,15.0,71.88881768663889
TITLE_PATTERN,servicii de exploatare forestiera pentru directia silvica brasov,TED,17,2,2,23.52941176470588,74.0,71.87455943607817
TITLE_PATTERN,dostawa oleju opa owego,TED,12,5,2,41.66666666666667,20.0,71.87279718039089
TITLE_PATTERN,# # # # # # # # # # # # #,TED,14,3,2,78.57142857142857,20.0,71.87087471964114
TITLE_PATTERN,postanske usluge,TED,14,4,2,42.857142857142854,20.0,71.8679910285165
TITLE_PATTERN,prestation de services d assurance,France,76,72,1,44.73684210526316,15.0,71.86783082345401
TITLE_PATTERN,banktjanster,TED,34,8,2,8.823529411764707,20.0,71.8367510413329
TITLE_PATTERN,achizitie energie electrica,TED,14,7,2,28.57142857142857,20.0,71.80807433514899
TITLE_PATTERN,renouvellement des licences microsoft,Quebec,6,6,1,50.0,74.0,71.77507209227812
CATEGORY_COHORT,Other :: General-practitioner services,United Kingdom,900,105,1,45.44444444444444,15.0,71.75833333333333
TITLE_PATTERN,travaux de cablage,Quebec,8,5,1,12.5,82.0,71.75136174303108
TITLE_PATTERN,sukcesywna dostawa produktow leczniczych,TED,27,6,2,18.51851851851852,20.0,71.73662287728291
TITLE_PATTERN,skadedjursbekampning,TED,20,3,2,45.0,20.0,71.72492790772188
TITLE_PATTERN,sukcesivna dobava prehrambnega blaga konvencionalna in ekoloska zivila,TED,21,7,2,19.047619047619047,20.0,71.70185837872475
TITLE_PATTERN,terex tlb # ps #,TED,27,7,2,14.814814814814813,20.0,71.67254085229092
TITLE_PATTERN,ii # # # # #,TED,14,3,2,71.42857142857143,20.0,71.66581223966678
CATEGORY_COHORT,Other :: UNKNOWN,Germany,549715,18937,1,32.261444566730034,15.0,71.66000000000001
TITLE_PATTERN,udzielenie i obs uga kredytu d ugoterminowego,TED,24,9,2,12.5,20.0,71.64178148029478
TITLE_PATTERN,etude geotechnique,Quebec,9,9,1,0.0,70.0,71.64146107016981
TITLE_PATTERN,financial management system,United Kingdom,6,6,1,50.0,66.0,71.60397308554951
TITLE_PATTERN,medicinine iranga,TED,35,3,2,40.0,20.0,71.53508490868312
TITLE_PATTERN,dostawa materia ow medycznych,TED,25,7,2,16.0,20.0,71.51874399231015
TITLE_PATTERN,diverse medicamente,TED,28,7,2,14.285714285714285,20.0,71.48926626081384
TITLE_PATTERN,kompleksowa dostawa paliwa gazowego,TED,22,4,2,31.818181818181817,20.0,71.48670297981417
TITLE_PATTERN,kuchentechnik,Germany,54,28,1,46.2962962962963,15.0,71.45546299263057
TITLE_PATTERN,learning management system,United Kingdom,22,21,1,68.18181818181817,15.0,71.45450176225569
TITLE_PATTERN,dostawa wyrobow medycznych jednorazowego uzytku,TED,33,6,2,15.151515151515152,20.0,71.43543735982057
TITLE_PATTERN,bkp # sanitaranlagen,TED,23,5,2,21.73913043478261,20.0,71.42406280038449
TITLE_PATTERN,snorojning och halkbekampning,TED,17,5,2,29.411764705882355,20.0,71.41781480294777
TITLE_PATTERN,zaciagniecie kredytu d ugoterminowego,TED,21,5,2,23.809523809523807,20.0,71.37648189682793
TITLE_PATTERN,kommunikationsbyra,TED,17,4,2,35.294117647058826,20.0,71.34812560076898
TITLE_PATTERN,acquisition de serveurs,Quebec,8,5,1,12.5,74.0,71.31880807433515
TITLE_PATTERN,das ict chromebooks,TenderNed,12,12,1,25.0,20.0,71.29157321371355
TITLE_PATTERN,schoonmaakdienstverlening en glasbewassing,TenderNed,12,12,1,25.0,20.0,71.29157321371355
TITLE_PATTERN,sanitarinstallation,Germany,70,42,1,41.42857142857143,15.0,71.27330983659084
TITLE_PATTERN,alimente diverse,TED,16,5,2,31.25,20.0,71.26850368471644
TITLE_PATTERN,dostawa prze acznikow sieciowych,TED,16,5,2,31.25,20.0,71.26850368471644
TITLE_PATTERN,baumeister,Germany,38,15,1,52.63157894736842,15.0,71.25728933034284
TITLE_PATTERN,acuerdo marco de suministro contr # #,TED,55,6,2,7.2727272727272725,20.0,71.1991348926626
TITLE_PATTERN,# covid #,TED,17,16,3,11.76470588235294,20.0,71.15411727010573
TITLE_PATTERN,projektsteuerung,Germany,43,24,1,46.51162790697674,15.0,71.14818968279398
TITLE_PATTERN,kompleksowa dostawa energii elektrycznej,TED,16,4,2,37.5,20.0,71.14626722204422
TITLE_PATTERN,ultrazvukove pristroje,TED,21,8,4,14.285714285714285,20.0,71.0879525793015
TITLE_PATTERN,# # kommunikationsprodukter og l sninger,TED,6,4,1,66.66666666666666,82.0,71.06151874399231
TITLE_PATTERN,objektplanung,Germany,43,26,1,44.18604651162791,15.0,70.98526113425184
TITLE_PATTERN,occupational health services,United Kingdom,48,47,1,41.66666666666667,15.0,70.97789170137776
TITLE_PATTERN,dezinfectanti,TED,31,6,2,12.903225806451612,20.0,70.96683755206665
TITLE_PATTERN,dabasgazes iegade,TED,30,4,2,23.333333333333332,20.0,70.96219160525472
TITLE_PATTERN,lose moblierung,Germany,57,29,1,40.35087719298245,15.0,70.95866709388017
TITLE_PATTERN,fournitures de denrees alimentaires et fournitures diverses,France,23,15,1,60.86956521739131,15.0,70.95482217238066
TITLE_PATTERN,materiale sanitare #,TED,61,5,2,16.39344262295082,20.0,70.94617109900672
TITLE_PATTERN,liftonderhoud,TenderNed,10,8,1,40.0,20.0,70.91268824094841
TITLE_PATTERN,servis a udrzba elektro slaboproud,TED,9,2,2,55.55555555555556,74.0,70.90676065363665
TITLE_PATTERN,erweiterte rohbauarbeiten,Germany,53,17,1,43.39622641509434,15.0,70.89394424863825
TITLE_PATTERN,echipamente medicale,TED,35,5,2,17.142857142857142,20.0,70.88801666132649
TITLE_PATTERN,leasing #,TED,15,3,2,53.333333333333336,20.0,70.84924703620634
CATEGORY_COHORT,Other :: Pathology services,United Kingdom,210,72,1,53.80952380952381,15.0,70.83
TITLE_PATTERN,acord cadru medicamente,TED,25,6,2,16.0,20.0,70.80743351489906
TITLE_PATTERN,grounds maintenance,United Kingdom,32,30,1,46.875,15.0,70.79958346683755
TITLE_PATTERN,prestations d assurances,France,32,30,1,46.875,15.0,70.79958346683755
TITLE_PATTERN,rekryteringstjanster,TED,31,5,2,19.35483870967742,20.0,70.77603332265299
CATEGORY_COHORT,Other :: Hospital and related services,United Kingdom,305,89,1,42.62295081967213,15.0,70.735
TITLE_PATTERN,schoonmaak,TenderNed,17,16,1,5.88235294117647,20.0,70.73245754565843
TITLE_PATTERN,tehnica de calcul,TED,11,4,4,54.54545454545454,20.0,70.72124319128484
TITLE_PATTERN,projectmanager gebiedsontwikkeling,TenderNed,11,4,1,54.54545454545454,20.0,70.72124319128484
TITLE_PATTERN,am suministros contr # #,TED,9,5,1,77.77777777777779,20.0,70.71916052547259
TITLE_PATTERN,dostawa sprzetu medycznego do wojskowego instytutu medycznego panstwowego instytutu badawczego,TED,27,3,2,37.03703703703704,20.0,70.7023389939122
TITLE_PATTERN,audiovisuele middelen,TenderNed,16,14,1,12.5,20.0,70.67814802947773
TITLE_PATTERN,marktconsultatie arbodienstverlening,TenderNed,11,11,1,27.27272727272727,20.0,70.65443768023069
TITLE_PATTERN,das vergader en personeelsruimtemeubilair,TenderNed,11,11,1,27.27272727272727,20.0,70.65443768023069
TITLE_PATTERN,echipamente de laborator,TED,19,5,2,21.052631578947366,20.0,70.64498558154438
TITLE_PATTERN,dostawa jednorazowych wyrobow medycznych,TED,19,5,2,21.052631578947366,20.0,70.64498558154438
TITLE_PATTERN,warme en koude drankenvoorzieningen,TenderNed,8,5,1,12.5,47.0,70.63825696892022
TITLE_PATTERN,inkoopadviseur,TenderNed,11,6,1,36.36363636363637,20.0,70.58570970842679
TITLE_PATTERN,erweiterung und sanierung klinikum altmuhlfranken # ba unterbauabschnitt # a,Germany,30,1,1,86.66666666666667,82.0,70.57978212111503
TITLE_PATTERN,dostawa lekow stosowanych w programach lekowych,TED,14,3,2,57.14285714285714,20.0,70.56103812880487
TITLE_PATTERN,revisionstjanster #,TED,19,7,2,15.789473684210526,20.0,70.54742069849408
TITLE_PATTERN,dostawa aparatury medycznej,TED,19,7,2,15.789473684210526,20.0,70.54742069849408
TITLE_PATTERN,service management tool,TenderNed,7,4,1,28.57142857142857,74.0,70.52867670618392
CATEGORY_COHORT,Other :: Health services,United Kingdom,5526,571,1,32.13897937024973,15.0,70.49333333333333
TITLE_PATTERN,glasbewassing,TenderNed,9,7,1,44.44444444444444,20.0,70.48061518743991
TITLE_PATTERN,arbetsklader,TED,12,4,2,41.66666666666667,20.0,70.47661006087792
TITLE_PATTERN,licences vmware,Quebec,6,5,1,50.0,74.0,70.46539570650432
TITLE_PATTERN,licences microsoft,Quebec,6,5,1,50.0,74.0,70.46539570650432
TITLE_PATTERN,reservation de berceaux au benefice des ressortissants de l action sociale des armees residents ou non residents du secteur geographique determine,France,9,2,1,44.44444444444444,82.0,70.44601089394425
TITLE_PATTERN,assessments,TenderNed,11,10,1,27.27272727272727,20.0,70.44537007369432
CATEGORY_COHORT,Other :: School-meal services.,Ireland,114,109,1,51.75438596491229,15.0,70.41333333333333
TITLE_PATTERN,security services,United Kingdom,29,26,1,44.827586206896555,15.0,70.39490547901313
CATEGORY_COHORT,Other :: Pharmacy services,United Kingdom,328,68,1,43.292682926829265,15.0,70.37333333333333
TITLE_PATTERN,# polgarstra e #,TED,12,8,2,25.0,20.0,70.3231336110221
TITLE_PATTERN,# kv # kv,TED,17,5,4,23.52941176470588,20.0,70.3207305350849
TITLE_PATTERN,dostawa sprzetu komputerowego dla wydzia u mechanicznego energetyki i lotnictwa politechniki warszawskiej,TED,17,5,2,23.52941176470588,20.0,70.3207305350849
CATEGORY_COHORT,Other :: Dental practice and related services,United Kingdom,216,78,1,45.83333333333333,15.0,70.31
TITLE_PATTERN,etudes geotechniques,France,6,5,1,50.0,70.0,70.30390900352451
TITLE_PATTERN,furnizare consumabile medicale,TED,27,6,2,11.11111111111111,20.0,70.30374879846202
CATEGORY_COHORT,Other :: Services,France,115535,21930,1,28.46669840308132,15.0,70.26333333333334
TITLE_PATTERN,achizitie medicamente,TED,25,5,2,20.0,20.0,70.25520666453059
TITLE_PATTERN,services professionnels en ti,Quebec,7,6,1,14.285714285714285,82.0,70.23870554309516
CATEGORY_COHORT,Other :: Public road transport services,United Kingdom,271,60,1,46.86346863468634,15.0,70.23333333333332
TITLE_PATTERN,massenspektrometer,Germany,32,13,1,50.0,15.0,70.19625120153796
TITLE_PATTERN,marche de prestations de services d assurances,France,32,30,1,40.625,15.0,70.195930791413
TITLE_PATTERN,lieferung von vmware lizenzen,Germany,11,2,1,36.36363636363637,60.0,70.18583787247677
TITLE_PATTERN,fassadenarbeiten,Germany,93,43,1,39.784946236559136,15.0,70.15828260173022
TITLE_PATTERN,razni prehrambeni proizvodi,TED,14,4,2,35.714285714285715,20.0,70.1480294777315
TITLE_PATTERN,dostawa lekow i wyrobow medycznych,TED,21,3,2,38.095238095238095,20.0,70.13056712592117
TITLE_PATTERN,lieferung eines hilfeleistungs loschgruppenfahrzeuges hlf # nach din # #,Germany,32,24,1,40.625,15.0,70.09019545017622
TITLE_PATTERN,heizungstechnische anlagen,Germany,24,13,1,54.166666666666664,15.0,70.07978212111503
TITLE_PATTERN,servicio de limpieza de edificios municipales,TED,22,4,2,22.727272727272727,20.0,70.07305350849087
TITLE_PATTERN,przetarg nieograniczony,TED,22,4,1,22.727272727272727,20.0,70.07305350849087
TITLE_PATTERN,cp # ifap #,TED,12,2,2,33.33333333333333,60.0,70.07193207305352
TITLE_PATTERN,dostawy lekow,TED,38,5,2,13.157894736842104,20.0,70.05398910605574
CATEGORY_COHORT,Other :: Fournitures,France,53756,11367,1,28.149415879157676,15.0,70.04666666666667
TITLE_PATTERN,gaze naturale,TED,16,5,2,25.0,20.0,70.04197372636975
TITLE_PATTERN,tvatt och textilservice,TED,16,5,2,25.0,20.0,70.04197372636975
TITLE_PATTERN,dostawa szwow chirurgicznych,TED,15,5,2,26.666666666666668,20.0,70.02274911887216
TITLE_PATTERN,juridiska tjanster,TED,19,4,2,26.31578947368421,20.0,70.01778276193528
TITLE_PATTERN,baustelleneinrichtung,Germany,215,76,1,33.48837209302326,15.0,70.00768984299904
TITLE_PATTERN,dostawa wyposazenia niemedycznego,TED,20,3,2,40.0,20.0,69.99471323293815
TITLE_PATTERN,vergabe unterhaltsreinigung,Germany,34,17,1,41.17647058823529,15.0,69.98173662287728
TITLE_PATTERN,stahlbauarbeiten,Germany,182,50,1,35.16483516483517,15.0,69.97965395706505
TITLE_PATTERN,hr adviseur,TenderNed,8,7,1,62.5,20.0,69.97741108619032
TITLE_PATTERN,medische advisering,TenderNed,8,7,1,62.5,20.0,69.97741108619032
TITLE_PATTERN,acord cadru furnizare medicamente oncologice,TED,11,4,2,45.45454545454545,20.0,69.96763857737903
TITLE_PATTERN,pest control services,United Kingdom,28,27,1,42.857142857142854,15.0,69.94456904838192
TITLE_PATTERN,kulonfele elelmiszerek beszerzese #,TED,13,4,2,38.46153846153847,20.0,69.92230054469721
TITLE_PATTERN,freianlagen,Germany,77,34,1,37.66233766233766,15.0,69.92149951938481
TITLE_PATTERN,dobava elektricne energije,TED,21,6,2,14.285714285714285,20.0,69.9152515219481
TITLE_PATTERN,verlangerung citrix lizenzen,Germany,7,4,1,28.57142857142857,60.0,69.88465235501442
TITLE_PATTERN,it forensik #,TED,7,4,2,28.57142857142857,60.0,69.88465235501442
TITLE_PATTERN,swiadczenie kompleksowych us ug z zakresu zapewnienia zasobow ludzkich z branzy it,TED,7,4,2,28.57142857142857,60.0,69.88465235501442
TITLE_PATTERN,outsourcing it infrastructuur en beheerdiensten,TenderNed,7,7,1,14.285714285714285,60.0,69.87343800064082
TITLE_PATTERN,student informatie systeem sis,TenderNed,7,7,1,14.285714285714285,60.0,69.87343800064082
TITLE_PATTERN,livsmedel,TED,16,4,2,31.25,20.0,69.87231656520346
CATEGORY_COHORT,Other :: Travaux,France,72257,16585,1,27.587638567889616,15.0,69.82166666666666
TITLE_PATTERN,waste management services,United Kingdom,24,21,1,45.83333333333333,15.0,69.81464274271067
TITLE_PATTERN,gebaudereinigung,Germany,94,61,1,35.1063829787234,15.0,69.81256007689844
TITLE_PATTERN,soutien informatique,Quebec,7,6,1,14.285714285714285,74.0,69.80615187439923
TITLE_PATTERN,servicos de higiene e limpeza,TED,13,6,2,23.076923076923077,20.0,69.80214674783723
TITLE_PATTERN,zakup sprzetu medycznego,TED,13,6,2,23.076923076923077,20.0,69.80214674783723
TITLE_PATTERN,udzielenie kredytu d ugoterminowego w wysokosci # # # # z,TED,13,5,2,30.76923076923077,20.0,69.79461710990067
TITLE_PATTERN,bg # m # op # # # #,TED,66,17,2,0.0,20.0,69.72765139378403
TITLE_PATTERN,erd und rohbauarbeiten,Germany,29,12,1,44.827586206896555,15.0,69.68359500160206
TITLE_PATTERN,og oszenie o zamiarze przeprowadzenia postepowania o udzielenie zamowienia lub bezposredniego zawarcia umowy o swiadczenie us ug w zakresie publicznego transportu zbiorowego,TED,23,6,2,8.695652173913043,20.0,69.68343479653957
TITLE_PATTERN,external audit services,United Kingdom,59,54,1,37.28813559322034,15.0,69.6720602371035
TITLE_PATTERN,services de telephonie mobile,France,8,8,1,0.0,82.0,69.65700096123038
TITLE_PATTERN,tischlerarbeiten innenturen,Germany,120,30,1,34.166666666666664,15.0,69.6536366549183
TITLE_PATTERN,baureinigung,Germany,113,29,1,34.51327433628318,15.0,69.64098045498238
TITLE_PATTERN,a completer,France,18,9,1,77.77777777777779,15.0,69.6103812880487
CATEGORY_COHORT,Other :: Medical imaging services,United Kingdom,159,76,1,42.138364779874216,15.0,69.61
TITLE_PATTERN,contrat de services professionnels,Quebec,27,8,1,59.25925925925925,15.0,69.60012816404999
TITLE_PATTERN,kompleksowa dostawa paliwa gazowego gazowa grupa zakupowa # # voltra,TED,29,3,2,31.03448275862069,20.0,69.59564242230054
TITLE_PATTERN,concessione demaniale marittima,TED,16,6,2,18.75,20.0,69.59323934636335
TITLE_PATTERN,dostawa urzadzen sieciowych,TED,18,6,2,16.666666666666664,20.0,69.57289330342839
TITLE_PATTERN,avfallskarl,TED,18,6,2,16.666666666666664,20.0,69.57289330342839
TITLE_PATTERN,dostawa mleka i przetworow mleczarskich,TED,18,6,2,16.666666666666664,20.0,69.57289330342839
TITLE_PATTERN,entretien des espaces verts communaux,France,22,22,1,45.45454545454545,15.0,69.56055751361744
TITLE_PATTERN,dostawa lekow roznych,TED,20,3,2,35.0,20.0,69.55382890099327
TITLE_PATTERN,holzbauarbeiten,Germany,54,24,1,38.88888888888889,15.0,69.5342838833707
TITLE_PATTERN,odbior i zagospodarowanie odpadow o kodzie # # #,TED,32,5,2,12.5,20.0,69.53188080743351
TITLE_PATTERN,servizio di tesoreria,TED,15,4,2,33.33333333333333,20.0,69.52499198974688
TITLE_PATTERN,usluge ciscenja,TED,15,4,2,33.33333333333333,20.0,69.52499198974688
TITLE_PATTERN,kokskaidu granulu piegade,TED,19,3,2,36.84210526315789,20.0,69.51826337712271
TITLE_PATTERN,produkty farmaceutyczne,TED,19,3,2,36.84210526315789,20.0,69.51826337712271
TITLE_PATTERN,medientechnik,Germany,87,27,1,34.48275862068966,15.0,69.50144184556233
TITLE_PATTERN,brother canon,TED,25,5,2,16.0,20.0,69.49775712912528
TITLE_PATTERN,garten und landschaftsbauarbeiten,Germany,70,16,1,40.0,15.0,69.47709067606536
TITLE_PATTERN,dachdeckungsarbeiten,Germany,69,16,1,39.130434782608695,15.0,69.45578340275553
TITLE_PATTERN,garten und landschaftsbau,Germany,41,8,1,46.34146341463415,15.0,69.45386094200578
TITLE_PATTERN,empreitada de beneficiacao e requalificacao do centro de qualificacao dos acores,TED,47,2,2,95.74468085106383,20.0,69.43255366869593
TITLE_PATTERN,consultancy,United Kingdom,18,10,1,66.66666666666666,15.0,69.42742710669657
TITLE_PATTERN,abwasser wasser gasanlagen,Germany,31,12,1,41.935483870967744,15.0,69.42710669657161
TITLE_PATTERN,afvalinzameling en verwerking,TenderNed,13,11,1,15.384615384615385,20.0,69.41973726369753
TITLE_PATTERN,travaux de signalisation horizontale,France,24,24,1,41.66666666666667,15.0,69.39186158282602
TITLE_PATTERN,dostawa sprzetu jednorazowego,TED,24,5,2,16.666666666666664,20.0,69.37824415251522
TITLE_PATTERN,kancelarske potreby,TED,17,7,3,11.76470588235294,20.0,69.35421339314323
TITLE_PATTERN,services juridiques,Quebec,56,24,1,37.5,15.0,69.35020826658123
CATEGORY_COHORT,Other :: Architectural and related services.,Ireland,334,132,1,33.532934131736525,15.0,69.34833333333333
TITLE_PATTERN,veselibas apdrosinasana,TED,26,3,2,30.76923076923077,20.0,69.30679269464915
TITLE_PATTERN,fournitures de bureau,France,16,15,1,62.5,15.0,69.28436398590195
TITLE_PATTERN,servicii de analize medicale,TED,11,5,2,36.36363636363637,20.0,69.27603332265299
TITLE_PATTERN,zimmerer und holzbauarbeiten,Germany,58,15,1,39.6551724137931,15.0,69.26065363665491
TITLE_PATTERN,reinigungsleistungen,Germany,46,30,1,36.95652173913043,15.0,69.23181672540852
TITLE_PATTERN,lift servicing and maintenance,United Kingdom,14,13,1,85.71428571428571,15.0,69.20442165972445
TITLE_PATTERN,publiczny transport zbiorowy na liniach uzytecznosci publicznej w zakresie przewozow pasazerskich w transporcie drogowym,TED,13,3,2,46.15384615384615,20.0,69.195930791413
TITLE_PATTERN,natursteinarbeiten,Germany,58,15,1,37.93103448275862,15.0,69.18503684716437
TITLE_PATTERN,nrk ma # # e dynamic purchasing system ict consultants,TED,35,1,1,68.57142857142857,60.0,69.14658763216917
TITLE_PATTERN,schlosserarbeiten,Germany,318,100,1,32.38993710691824,15.0,69.0855495033643
TITLE_PATTERN,gerustarbeiten,Germany,262,78,1,33.20610687022901,15.0,69.05895546299263
TITLE_PATTERN,office seating,Canada federal,18,9,1,61.111111111111114,15.0,69.0528676706184
TITLE_PATTERN,dostawa ok adzin ciernych,TED,11,3,2,63.63636363636363,20.0,69.05158603011854
TITLE_PATTERN,lufttechnische anlagen,Germany,54,21,1,35.18518518518518,15.0,69.05094520986863
TITLE_PATTERN,contrato acuerdo marco de suministros contr # #,TED,35,2,1,100.0,20.0,69.0487023389939
TITLE_PATTERN,alimente # loturi,TED,31,5,2,6.451612903225806,20.0,69.04838192886895
TITLE_PATTERN,sprzedaz energii elektrycznej w # roku odbiorcom koncowym xii grupy zakupowej energetycznej zwiazku gmin slaska opolskiego,TED,30,30,2,0.0,20.0,69.04037167574495
TITLE_PATTERN,raumlufttechnik,Germany,30,9,1,43.333333333333336,15.0,69.03140019224607
TITLE_PATTERN,gerustbauarbeiten,Germany,343,76,1,31.486880466472307,15.0,69.02162768343479
TITLE_PATTERN,marche public de services d assurances,France,15,12,1,73.33333333333333,15.0,69.01345722524832
TITLE_PATTERN,mattransporter,TED,27,5,2,11.11111111111111,20.0,68.99407241268824
TITLE_PATTERN,mobile trennwande,Germany,40,17,1,40.0,15.0,68.98205703300223
TITLE_PATTERN,rioolreiniging en inspectie # #,TenderNed,8,8,1,50.0,20.0,68.97644985581545
TITLE_PATTERN,abdichtungsarbeiten,Germany,33,9,1,42.42424242424242,15.0,68.97116308875361
TITLE_PATTERN,entretien des espaces verts,France,181,155,1,30.939226519337016,15.0,68.94569048381929
TITLE_PATTERN,baumeisterarbeiten,Germany,346,78,1,30.346820809248555,15.0,68.93255366869593
TITLE_PATTERN,bemanningstjanster,TED,17,4,2,23.52941176470588,20.0,68.92454341557193
CATEGORY_COHORT,Other :: Psychiatrist or psychologist services,United Kingdom,216,73,1,38.88888888888889,15.0,68.91833333333332
TITLE_PATTERN,gebaudeautomation,Germany,255,95,1,30.19607843137255,15.0,68.91429029157321
TITLE_PATTERN,studierendenwohnheim sundgauallee # in freiburg,Germany,20,1,1,100.0,70.0,68.91028516501122
TITLE_PATTERN,stahlbau,Germany,27,11,1,40.74074074074074,15.0,68.89730855495034
TITLE_PATTERN,prestations de services d assurances,France,174,158,1,30.45977011494253,15.0,68.89442486382569
TITLE_PATTERN,estricharbeiten,Germany,563,161,1,29.84014209591474,15.0,68.89298301826338
TITLE_PATTERN,restauration scolaire,France,19,17,1,47.368421052631575,15.0,68.89106055751363
TITLE_PATTERN,dostawa lekow z programow lekowych,TED,24,3,2,29.166666666666668,20.0,68.88208907401473
TITLE_PATTERN,luftungstechnische anlagen,Germany,24,13,1,41.66666666666667,15.0,68.8583787247677
CATEGORY_COHORT,Other :: UNKNOWN,France,1968,1104,1,27.794715447154474,15.0,68.84166666666667
TITLE_PATTERN,furnizare medicamente # loturi,TED,43,4,2,13.953488372093023,20.0,68.83739186158282
TITLE_PATTERN,fliesenarbeiten,Germany,496,137,1,29.03225806451613,15.0,68.83627042614546
TITLE_PATTERN,operacni stoly,TED,14,5,2,21.428571428571427,20.0,68.83098365908363
TITLE_PATTERN,unterhaltsreinigung,Germany,105,54,1,33.33333333333333,15.0,68.81512335789812
TITLE_PATTERN,los # innenturen,Germany,8,2,1,62.5,44.5,68.80855495033643
TITLE_PATTERN,acord cadru furnizare alimente,TED,24,5,2,12.5,20.0,68.79894264658763
TITLE_PATTERN,elektroarbeiten,Germany,321,66,1,29.906542056074763,15.0,68.79221403396348
TITLE_PATTERN,fourniture de produits d entretien,France,30,28,1,40.0,15.0,68.78981095802627
TITLE_PATTERN,# am fuchsenfeld # # stiegen # # # und #,TED,13,13,1,7.6923076923076925,20.0,68.78772829221403
TITLE_PATTERN,produse farmaceutice,TED,22,5,2,13.636363636363635,20.0,68.78548542133932
TITLE_PATTERN,firmenfitness,Germany,17,12,1,58.82352941176471,15.0,68.77314963152836
TITLE_PATTERN,licensforsorjning,TED,9,3,2,11.11111111111111,60.0,68.76962512015379
TITLE_PATTERN,i # # # #,TED,21,3,2,33.33333333333333,20.0,68.7656199935918
TITLE_PATTERN,partikas produktu iegade,TED,21,3,2,33.33333333333333,20.0,68.7656199935918
TITLE_PATTERN,dostawa odczynnikow #,TED,21,3,2,33.33333333333333,20.0,68.7656199935918
TITLE_PATTERN,acord cadru furnizare diverse medicamente,TED,33,4,2,15.151515151515152,20.0,68.72957385453381
TITLE_PATTERN,abbruch und ruckbauarbeiten,Germany,39,14,1,38.46153846153847,15.0,68.71259211791092
TITLE_PATTERN,reinigung # grundschule,Germany,65,1,1,49.23076923076923,74.0,68.70746555591157
TITLE_PATTERN,warmeversorgungsanlagen,Germany,100,40,1,32.0,15.0,68.70025632809997
TITLE_PATTERN,servicii de paza,TED,20,5,2,15.0,20.0,68.68119192566485
TITLE_PATTERN,contract de furnizare energie electrica,TED,13,12,2,7.6923076923076925,20.0,68.65075296379365
TITLE_PATTERN,bkp # heizungsanlagen,TED,16,4,2,25.0,20.0,68.64578660685677
TITLE_PATTERN,pv anlage,Germany,134,30,1,31.343283582089555,15.0,68.64274271066965
CATEGORY_COHORT,Other :: *Office furniture,Canada federal,233,63,1,38.197424892703864,15.0,68.64
TITLE_PATTERN,landschaftsgartnerische arbeiten,Germany,24,9,1,45.83333333333333,15.0,68.62992630567126
TITLE_PATTERN,elenergi,TED,15,4,2,26.666666666666668,20.0,68.62656199935918
TITLE_PATTERN,dynamicky nakupni system na dodavky lecivych pripravku,TED,15,4,2,26.666666666666668,20.0,68.62656199935918
TITLE_PATTERN,prestation de service d assurance,France,67,62,1,32.83582089552239,15.0,68.61534764498559
TITLE_PATTERN,dynamic purchasing system system development,TED,20,2,2,5.0,60.0,68.61438641461069
TITLE_PATTERN,grounds maintenance contract,United Kingdom,16,16,1,56.25,15.0,68.60685677667415
TITLE_PATTERN,pts # villamos energia beszerzese,TED,17,5,2,17.647058823529413,20.0,68.5495033643063
TITLE_PATTERN,window cleaning services,United Kingdom,16,15,1,56.25,15.0,68.53716757449534
TITLE_PATTERN,dachdeckerarbeiten,Germany,146,40,1,28.767123287671232,15.0,68.52130727330983
TITLE_PATTERN,fourniture de titres restaurant,France,31,31,1,35.483870967741936,15.0,68.51634091637295
TITLE_PATTERN,# dbr laboraru hun ren szbk,TED,12,3,1,50.0,20.0,68.50064082024991
TITLE_PATTERN,transport i zagospodarowanie odpadow komunalnych,TED,12,3,2,50.0,20.0,68.50064082024991
TITLE_PATTERN,rahmenvereinbarung microsoft handelspartner,Germany,7,5,1,14.285714285714285,74.0,68.49647548862544
TITLE_PATTERN,dostawy materia ow opatrunkowych,TED,13,5,2,23.076923076923077,20.0,68.49247036206343
TITLE_PATTERN,arbeitsmedizinische betreuung,Germany,30,7,1,50.0,15.0,68.48766421018904
TITLE_PATTERN,remplacement du systeme d intercommunication,Quebec,8,6,1,0.0,82.0,68.48429990387696
TITLE_PATTERN,dodavka zemniho plynu v ramci sdruzenych sluzeb dodavky zemniho plynu na rok #,TED,25,24,1,0.0,20.0,68.47324575456584
TITLE_PATTERN,# # biler,TED,6,6,2,33.33333333333333,74.0,68.45946811919256
TITLE_PATTERN,neubau eines freizeit sport und kommunikationszentrums am walperloh in # schmalkalden,Germany,20,1,1,65.0,82.0,68.44184556231977
TITLE_PATTERN,aufzugsanlagen,Germany,69,32,1,31.88405797101449,15.0,68.44056392181993
TITLE_PATTERN,trockenbau,Germany,101,36,1,29.7029702970297,15.0,68.43479653957066
TITLE_PATTERN,het leveren van bedrijfswagens,TenderNed,8,5,1,75.0,20.0,68.431912848446
TITLE_PATTERN,og oszenie o zamiarze bezposredniego zawarcia umowy na swiadczenie us ug w zakresie publicznego transportu zbiorowego,TED,36,2,2,75.0,20.0,68.42230054469721
TITLE_PATTERN,wykonywanie us ug z zakresu gospodarki lesnej na terenie nadlesnictwa osie w roku #,TED,13,4,2,30.76923076923077,20.0,68.3984299903877
TITLE_PATTERN,rohbauarbeiten,Germany,445,124,1,27.640449438202246,15.0,68.39266260813842
TITLE_PATTERN,dostawa artyku ow promocyjnych,TED,15,3,2,40.0,20.0,68.38465235501441
TITLE_PATTERN,connect to work,United Kingdom,16,13,1,56.25,15.0,68.37375841076577
TITLE_PATTERN,trockenbauarbeiten,Germany,894,215,1,27.181208053691275,15.0,68.33803268183274
TITLE_PATTERN,personenbeforderung mit omnibussen nach dem pbefg mvv regionalbuslinie x #,Germany,13,10,1,92.3076923076923,15.0,68.33018263377123
CATEGORY_COHORT,Other :: UNKNOWN,Quebec,134714,1765,1,24.664103211247532,15.0,68.32166666666667
TITLE_PATTERN,abbrucharbeiten,Germany,282,58,1,28.01418439716312,15.0,68.31239987183595
TITLE_PATTERN,av middelen,TenderNed,13,10,1,7.6923076923076925,20.0,68.3071131047741
TITLE_PATTERN,inhuur flexibele arbeidskrachten,TenderNed,13,10,1,7.6923076923076925,20.0,68.3071131047741
TITLE_PATTERN,tolktjanster,TED,16,6,2,12.5,20.0,68.30390900352451
TITLE_PATTERN,dostawa energii elektrycznej dla potrzeb podmiotow nalezacych do grupy zakupowej w okresie # # # r # # # r,TED,16,6,2,12.5,20.0,68.30390900352451
TITLE_PATTERN,luftungsarbeiten,Germany,70,25,1,31.428571428571427,15.0,68.29798141621275
TITLE_PATTERN,dynamicky nakupni system pro projektove prace a inzenyrskou cinnost,TED,26,2,2,88.46153846153845,20.0,68.29173341877603
TITLE_PATTERN,heizungsinstallation,Germany,80,36,1,28.749999999999996,15.0,68.28933034283882
TITLE_PATTERN,reactivi si consumabile de laborator,TED,16,5,2,18.75,20.0,68.28356296058955
TITLE_PATTERN,sportgerate,Germany,24,8,1,45.83333333333333,15.0,68.26946491509132
TITLE_PATTERN,erdarbeiten,Germany,89,30,1,29.213483146067414,15.0,68.26497917334187
TITLE_PATTERN,glas und rahmenreinigung,Germany,33,12,1,39.39393939393939,15.0,68.24623518103172
TITLE_PATTERN,arbo dienstverlening,TenderNed,9,9,1,33.33333333333333,20.0,68.23934636334508
TITLE_PATTERN,tiefbauarbeiten,Germany,164,19,1,29.878048780487802,15.0,68.23101570009612
TITLE_PATTERN,bodenbelagsarbeiten,Germany,494,127,1,26.31578947368421,15.0,68.22412688240948
TITLE_PATTERN,servicii de spalatorie si curatatorie uscata,TED,17,6,2,5.88235294117647,20.0,68.22124319128484
TITLE_PATTERN,baulogistik,Germany,18,12,1,50.0,15.0,68.21131047741109
TITLE_PATTERN,malerarbeiten,Germany,573,117,1,25.654450261780106,15.0,68.20201858378725
TITLE_PATTERN,dachabdichtungsarbeiten,Germany,207,78,1,27.053140096618357,15.0,68.18279397628964
TITLE_PATTERN,landschaftsbauarbeiten,Germany,349,61,1,26.64756446991404,15.0,68.16292854854213
TITLE_PATTERN,elektroinstallation,Germany,318,93,1,25.471698113207548,15.0,68.143864146107
TITLE_PATTERN,electrical energy,TED,11,3,3,54.54545454545454,20.0,68.14033963473246
TITLE_PATTERN,tischlerarbeiten,Germany,307,47,1,26.710097719869708,15.0,68.14001922460749
TITLE_PATTERN,photovoltaikanlage,Germany,79,26,1,29.11392405063291,15.0,68.13729573854533
TITLE_PATTERN,# cpv # #,TED,10,3,3,70.0,20.0,68.13409163729574
TITLE_PATTERN,postdienstleistungen,Germany,60,34,1,30.0,15.0,68.13264979173341
TITLE_PATTERN,zimmererarbeiten,Germany,161,40,1,27.32919254658385,15.0,68.11086190323614
TITLE_PATTERN,au enanlagen,Germany,166,55,1,27.10843373493976,15.0,68.10124959948735
TITLE_PATTERN,raumlufttechnische anlagen,Germany,189,64,1,26.455026455026452,15.0,68.09420057673823
TITLE_PATTERN,bkp # elektroanlagen,TED,20,4,2,20.0,20.0,68.09243832105095
TITLE_PATTERN,nettoyage des batiments communaux,France,43,39,1,32.55813953488372,15.0,68.08506888817686
TITLE_PATTERN,brandmeldeanlage,Germany,78,23,1,29.48717948717949,15.0,68.0847484780519
TITLE_PATTERN,tragwerksplanung,Germany,98,53,1,28.57142857142857,15.0,68.08234540211471
TITLE_PATTERN,s # semmering schnellstra e tunnelkette semmering tunnel grasberg tunnel eselstein tunnel semmering tunnel steinhaus tunnel spital ganzsteintunnel sanierung bus aet und stahlbau,TED,7,7,1,100.0,20.0,68.07785966036526
TITLE_PATTERN,privacy officer,TenderNed,7,7,1,100.0,20.0,68.07785966036526
CATEGORY_COHORT,Other :: Community health services,United Kingdom,924,207,1,27.92207792207792,15.0,68.07333333333334
TITLE_PATTERN,lieferung von erdgas,Germany,27,20,1,37.03703703703704,15.0,68.07241268824095
TITLE_PATTERN,echipamente it,TED,15,6,3,13.333333333333334,20.0,68.0655238705543
TITLE_PATTERN,lieferung eines loschgruppenfahrzeuges lf # nach din # #,Germany,14,11,1,64.28571428571429,15.0,68.06264017942968
TITLE_PATTERN,fourniture et livraison de denrees alimentaires,France,45,40,1,31.11111111111111,15.0,68.05575136174302
TITLE_PATTERN,travaux de voirie #,France,27,19,1,37.03703703703704,15.0,68.04357577699454
TITLE_PATTERN,# hochwassergasse #,TED,22,22,1,0.0,20.0,68.04309516180712
TITLE_PATTERN,assurances,France,52,47,1,28.846153846153843,15.0,68.02995834668376
TITLE_PATTERN,luftungsinstallation,Germany,55,23,1,30.909090909090907,15.0,68.01201537968599
TITLE_PATTERN,maler und lackierarbeiten,Germany,158,48,1,26.582278481012654,15.0,68.01137455943608
TITLE_PATTERN,sicherheitsdienstleistungen,Germany,46,26,1,32.608695652173914,15.0,67.98910605575136
TITLE_PATTERN,fourniture et acheminement d electricite,France,40,38,1,32.5,15.0,67.97661006087792
TITLE_PATTERN,odbior transport i zagospodarowanie odpadow o kodzie # # #,TED,25,3,1,24.0,20.0,67.97244472925344
TITLE_PATTERN,marche de service d assurances,France,39,37,1,33.33333333333333,15.0,67.97164370394104
TITLE_PATTERN,projectleider gebiedsontwikkeling,TenderNed,9,4,1,55.55555555555556,20.0,67.9567446331304
TITLE_PATTERN,digiborden,TenderNed,8,5,1,62.5,20.0,67.95642422300544
TITLE_PATTERN,sanitararbeiten,Germany,165,45,1,25.454545454545453,15.0,67.95033643063121
TITLE_PATTERN,nettoyage des locaux,France,41,33,1,31.70731707317073,15.0,67.94456904838192
TITLE_PATTERN,bg # sfpr # # # #,TED,27,3,2,22.22222222222222,20.0,67.92374239025952
TITLE_PATTERN,baustrom,Germany,21,8,1,47.61904761904761,15.0,67.91332906119833
TITLE_PATTERN,# neuwaldegger stra e # #,TED,12,12,1,8.333333333333332,20.0,67.90676065363665
TITLE_PATTERN,marches d assurances,France,26,23,1,34.61538461538461,15.0,67.9024351169497
TITLE_PATTERN,fire risk assessments,United Kingdom,15,14,1,53.333333333333336,15.0,67.90211470682473
TITLE_PATTERN,illegalis hulladek elszallitasa #,TED,12,3,2,41.66666666666667,20.0,67.89570650432553
TITLE_PATTERN,marche de services d assurance,France,92,89,1,26.08695652173913,15.0,67.89506568407562
TITLE_PATTERN,schreinerarbeiten innenturen,Germany,34,12,1,35.294117647058826,15.0,67.89394424863825
TITLE_PATTERN,byggmaterial,TED,11,4,2,36.36363636363637,20.0,67.87984620314002
TITLE_PATTERN,elarbeten,TED,11,4,2,36.36363636363637,20.0,67.87984620314002
TITLE_PATTERN,putzarbeiten,Germany,120,27,1,27.500000000000004,15.0,67.87664210189043
TITLE_PATTERN,das meubilair schoolmeubilair primair onderwijs,TenderNed,7,7,1,85.71428571428571,20.0,67.87407882089073
TITLE_PATTERN,travaux de voirie,France,38,36,1,31.57894736842105,15.0,67.86702979814162
TITLE_PATTERN,legal services framework,United Kingdom,24,24,1,37.5,15.0,67.86030118551747
TITLE_PATTERN,dokumentenmanagementsystem,Germany,7,5,1,14.285714285714285,60.0,67.85245113745594
TITLE_PATTERN,meziresortni spolecny nakup kancelarskych potreb pro resorty mze a mk,TED,12,5,2,25.0,20.0,67.8407561678949
TITLE_PATTERN,servicii de transport aerian intern si international de pasageri,TED,12,5,2,25.0,20.0,67.8407561678949
TITLE_PATTERN,assurances collectives,Quebec,16,15,1,50.0,15.0,67.82201217558475
TITLE_PATTERN,fuel cards,United Kingdom,16,15,1,50.0,15.0,67.82201217558475
TITLE_PATTERN,forderanlagen,Germany,44,22,1,31.818181818181817,15.0,67.80903556552387
TITLE_PATTERN,services d assurance,France,24,22,1,37.5,15.0,67.80022428708747
TITLE_PATTERN,zimmer und holzbauarbeiten,Germany,122,34,1,25.40983606557377,15.0,67.78788849727651
TITLE_PATTERN,buromobel,Germany,24,8,1,41.66666666666667,15.0,67.75296379365588
TITLE_PATTERN,elaboration d un schema directeur immobilier et energetique multi enjeux,France,6,6,1,33.33333333333333,42.5,67.75008010253124
TITLE_PATTERN,beschilderung,Germany,44,9,1,36.36363636363637,15.0,67.72749118872156
TITLE_PATTERN,heizungsarbeiten,Germany,122,30,1,25.40983606557377,15.0,67.72300544697212
TITLE_PATTERN,fourniture de titres restaurant dematerialises,France,34,33,1,32.35294117647059,15.0,67.67958987504005
TITLE_PATTERN,sanitaranlagen,Germany,40,21,1,32.5,15.0,67.67862864466517
TITLE_PATTERN,services d assurances,France,54,52,1,27.77777777777778,15.0,67.66100608779237
TITLE_PATTERN,prestations d entretien des espaces verts,France,16,13,1,50.0,15.0,67.65860301185518
TITLE_PATTERN,sanitartechnik,Germany,51,20,1,29.411764705882355,15.0,67.6488305030439
TITLE_PATTERN,sanitartrennwande,Germany,33,9,1,39.39393939393939,15.0,67.63825696892023
TITLE_PATTERN,fourniture de carburants,France,36,32,1,30.555555555555557,15.0,67.63056712592117
TITLE_PATTERN,larplattform,TED,10,2,2,30.0,60.0,67.63040692085869
TITLE_PATTERN,marche d assurances,France,61,58,1,26.229508196721312,15.0,67.62447933354693
TITLE_PATTERN,# trockenbauarbeiten,Germany,48,16,1,31.25,15.0,67.61246395386094
TITLE_PATTERN,dacharbeiten,Germany,77,26,1,27.27272727272727,15.0,67.5847484780519
TITLE_PATTERN,reprografische dienstverlening,TenderNed,6,5,1,33.33333333333333,82.0,67.5823454021147
TITLE_PATTERN,najam vozila,TED,14,3,2,35.714285714285715,20.0,67.56712592117911
TITLE_PATTERN,office furniture,Canada federal,23,14,1,39.130434782608695,15.0,67.55014418455623
TITLE_PATTERN,elektrotechnik,Germany,139,43,1,24.46043165467626,15.0,67.5248317846844
TITLE_PATTERN,bauhauptarbeiten,Germany,22,7,1,45.45454545454545,15.0,67.52034604293496
TITLE_PATTERN,metallbau und schlosserarbeiten,Germany,40,9,1,35.0,15.0,67.51025312399872
TITLE_PATTERN,schadlingsbekampfung,Germany,23,7,1,43.47826086956522,15.0,67.50208266581224
TITLE_PATTERN,metallbauarbeiten,Germany,388,84,1,21.90721649484536,15.0,67.50096123037488
TITLE_PATTERN,blitzschutz,Germany,50,13,1,32.0,15.0,67.49150913168856
TITLE_PATTERN,durchflusszytometer,Germany,21,6,1,57.14285714285714,15.0,67.48654277475168
TITLE_PATTERN,objektplanung verkehrsanlagen,Germany,21,6,1,57.14285714285714,15.0,67.48654277475168
TITLE_PATTERN,prestations de traiteur,France,22,22,1,36.36363636363637,15.0,67.47276513937841
CATEGORY_COHORT,Other :: Construction work.,Ireland,1477,375,1,25.59241706161137,15.0,67.45666666666666
TITLE_PATTERN,# kv # #,TED,23,3,2,21.73913043478261,20.0,67.44697212431912
TITLE_PATTERN,elektroinstallationsarbeiten,Germany,153,38,1,23.52941176470588,15.0,67.44088433194489
TITLE_PATTERN,catering services,United Kingdom,22,21,1,36.36363636363637,15.0,67.4391220762576
TITLE_PATTERN,innenputzarbeiten,Germany,114,44,1,23.684210526315788,15.0,67.43784043575776
TITLE_PATTERN,aquisicao de servicos de higiene e limpeza,TED,19,3,2,26.31578947368421,20.0,67.43687920538288
TITLE_PATTERN,arkitekttjanster,TED,19,3,2,26.31578947368421,20.0,67.43687920538288
TITLE_PATTERN,tarnybiniu kelioniu organizavimo paslaugos,TED,19,3,2,26.31578947368421,20.0,67.43687920538288
TITLE_PATTERN,skadedjurssanering,TED,14,4,2,21.428571428571427,20.0,67.43479653957066
TITLE_PATTERN,dobava vodovodnega materiala,TED,14,4,2,21.428571428571427,20.0,67.43479653957066
TITLE_PATTERN,schoonmaakdiensten,TenderNed,9,7,1,33.33333333333333,20.0,67.4174943928228
CATEGORY_COHORT,Other :: Ambulance services,United Kingdom,83,57,1,45.78313253012048,15.0,67.41333333333334
TITLE_PATTERN,verlangerung der wartung von oracle lizenzen fur # jahr #,TED,8,2,1,50.0,60.0,67.40387696251202
TITLE_PATTERN,dostawa wyrobow z w okniny lub folii,TED,21,3,2,23.809523809523807,20.0,67.39939122076257
TITLE_PATTERN,furnizare reactivi de laborator,TED,21,3,2,23.809523809523807,20.0,67.39939122076257
TITLE_PATTERN,rioolreiniging en inspectie,TenderNed,12,7,1,16.666666666666664,20.0,67.39330342838834
TITLE_PATTERN,architektenleistungen nach teil # abschnitt # hoai,Germany,110,17,1,26.36363636363636,15.0,67.39106055751361
TITLE_PATTERN,us ugi w zakresie publicznego transportu drogowego,TED,11,3,2,45.45454545454545,20.0,67.38673502082665
TITLE_PATTERN,framework agreement for electrician services,TED,11,3,2,45.45454545454545,20.0,67.38673502082665
TITLE_PATTERN,temporary employment services,TED,11,3,2,45.45454545454545,20.0,67.38673502082665
CATEGORY_COHORT,Other :: Hospital services,United Kingdom,160,61,1,34.375,15.0,67.36833333333333
TITLE_PATTERN,dostawa czesci zamiennych do pojazdow ko owych,TED,8,2,2,50.0,47.0,67.36735020826657
TITLE_PATTERN,unterhalts und glasreinigung,Germany,37,22,1,29.72972972972973,15.0,67.35950016020506
TITLE_PATTERN,parkettarbeiten,Germany,79,21,1,25.31645569620253,15.0,67.35165011214353
TITLE_PATTERN,schreinerarbeiten,Germany,131,28,1,24.427480916030532,15.0,67.35052867670618
TITLE_PATTERN,dostawy produktow mleczarskich,TED,13,3,2,38.46153846153847,20.0,67.34139698814482
TITLE_PATTERN,furnizare instalare si punere in functiune echipamente medicale,TED,13,3,2,38.46153846153847,20.0,67.34139698814482
TITLE_PATTERN,gsm umts,TED,11,5,2,27.27272727272727,20.0,67.33819288689521
TITLE_PATTERN,udzielenie kredytu d ugoterminowego w kwocie # # # # z,TED,11,5,2,27.27272727272727,20.0,67.33819288689521
TITLE_PATTERN,sukcesywna dostawa odczynnikow,TED,18,3,2,27.77777777777778,20.0,67.3351489907081
TITLE_PATTERN,elelmiszerek beszerzese #,TED,18,3,2,27.77777777777778,20.0,67.3351489907081
TITLE_PATTERN,fliesen und plattenarbeiten,Germany,183,47,1,21.85792349726776,15.0,67.33258570970843
TITLE_PATTERN,bg rrp # # #,TED,90,2,2,50.0,20.0,67.3231336110221
TITLE_PATTERN,electricity supply,TED,16,3,3,31.25,20.0,67.29141300865108
TITLE_PATTERN,echipamente medicale #,TED,20,4,2,15.0,20.0,67.28500480615187
TITLE_PATTERN,# wickhoffgasse # hufeisenhof,TED,20,14,2,0.0,20.0,67.26930471002883
CATEGORY_COHORT,Other :: Education and training services.,Ireland,352,119,1,27.84090909090909,15.0,67.26833333333333
TITLE_PATTERN,innenturen,Germany,139,49,1,21.58273381294964,15.0,67.26065363665492
TITLE_PATTERN,miniwettbewerb aus rahmenvertrag as # los # rolle senior projektmanager,Germany,16,1,1,100.0,60.0,67.25985261134252
TITLE_PATTERN,aufzugsanlage,Germany,88,32,1,23.863636363636363,15.0,67.25648830503044
TITLE_PATTERN,fourniture et livraison de repas en liaison froide,France,46,43,1,26.08695652173913,15.0,67.25344440884332
TITLE_PATTERN,cleaning services,United Kingdom,47,41,1,25.53191489361702,15.0,67.25008010253124
TITLE_PATTERN,fourniture de denrees alimentaires,France,101,82,1,21.782178217821784,15.0,67.24831784684396
TITLE_PATTERN,ingenieurleistungen nach teil # abschnitt # hoai,Germany,171,23,1,23.391812865497073,15.0,67.24014738865748
TITLE_PATTERN,schulerbeforderung,Germany,48,28,1,27.083333333333332,15.0,67.23486062159564
CATEGORY_COHORT,Other :: Medical practice services,United Kingdom,90,43,1,53.333333333333336,15.0,67.21333333333332
TITLE_PATTERN,# bg # ffpr # # # # # #,TED,23,2,2,69.56521739130434,20.0,67.2111502723486
TITLE_PATTERN,service d entretien menager,Quebec,20,16,1,40.0,15.0,67.18455623197693
TITLE_PATTERN,aquisicao por lotes do fornecimento de energia eletrica em mt bte btn e ip,TED,17,4,1,17.647058823529413,20.0,67.15331624479333
TITLE_PATTERN,prestations de services d assurance,France,89,81,1,21.34831460674157,15.0,67.13697532842038
TITLE_PATTERN,medicinines irangos pirkimas,TED,19,4,2,15.789473684210526,20.0,67.13024671579622
TITLE_PATTERN,dachabdichtung,Germany,64,33,1,25.0,15.0,67.12848446010894
TITLE_PATTERN,prestation de services d assurances,France,79,74,1,21.518987341772153,15.0,67.09708426786285
TITLE_PATTERN,fourniture et acheminement d electricite et services associes,France,79,70,1,21.518987341772153,15.0,67.09227811598846
TITLE_PATTERN,abruf aus itpmpe # fur organisatorische administrative it unterstutzung einer applikation,TED,22,10,1,0.0,20.0,67.08907401473887
CATEGORY_COHORT,Other :: Financial consultancy services.,Ireland,337,67,1,29.673590504451035,15.0,67.075
TITLE_PATTERN,erweiterter rohbau,Germany,42,21,1,28.57142857142857,15.0,67.06824735661647
TITLE_PATTERN,services professionnels en ingenierie,Quebec,122,22,1,22.950819672131146,15.0,67.06760653636655
TITLE_PATTERN,das tablets,TenderNed,10,10,1,20.0,20.0,67.05430951618071
CATEGORY_COHORT,"Other :: Architectural, construction, engineering and inspection services.",Ireland,648,183,1,26.543209876543212,15.0,67.03666666666668
TITLE_PATTERN,gepjarmuvek beszerzese,TED,10,4,1,40.0,20.0,67.03412367830823
TITLE_PATTERN,restauration collective,France,37,35,1,27.027027027027028,15.0,67.03396347324575
TITLE_PATTERN,schadstoffsanierung,Germany,54,15,1,27.77777777777778,15.0,67.00977250881128
TITLE_PATTERN,hilfeleistungs loschgruppenfahrzeug hlf #,Germany,28,21,1,32.142857142857146,15.0,67.00048061518744
CATEGORY_COHORT,"Other :: Architectural, construction, engineering and inspection services",United Kingdom,423,212,1,26.004728132387704,15.0,66.985
TITLE_PATTERN,generator hire,United Kingdom,23,4,1,100.0,15.0,66.97628965075297
TITLE_PATTERN,stromlieferung,Germany,21,12,1,38.095238095238095,15.0,66.95033643063121
TITLE_PATTERN,dostawa artyku ow biurowych,TED,15,3,2,33.33333333333333,20.0,66.94408843319448
TITLE_PATTERN,dostawy produktow leczniczych stosowanych w chemioterapii,TED,15,3,2,33.33333333333333,20.0,66.94408843319448
TITLE_PATTERN,endoskopy,TED,6,3,3,50.0,82.0,66.92085869913488
TITLE_PATTERN,brandschutzturen,Germany,28,5,1,53.57142857142857,15.0,66.91140660044857
TITLE_PATTERN,fourniture de materiels electriques,France,20,19,1,35.0,15.0,66.89506568407562
TITLE_PATTERN,marche d entretien des espaces verts,France,15,11,1,46.666666666666664,15.0,66.8936238385133
TITLE_PATTERN,ramavtal arkitekttjanster,TED,16,4,2,18.75,20.0,66.88737584107658
TITLE_PATTERN,bkp # baumeisterarbeiten,TED,16,4,2,18.75,20.0,66.88737584107658
TITLE_PATTERN,electric energy,TED,18,4,2,16.666666666666664,20.0,66.86702979814162
TITLE_PATTERN,dazadu laboratorijas reagentu kimisko reaktivu un vielu iegade # karta,TED,32,2,2,53.125,20.0,66.84924703620634
TITLE_PATTERN,los # trockenbauarbeiten,Germany,34,12,1,32.35294117647059,15.0,66.84812560076898
TITLE_PATTERN,bouwkundig onderhoud,TenderNed,8,8,1,37.5,20.0,66.83995514258251
TITLE_PATTERN,entretien menager,Quebec,42,20,1,26.190476190476193,15.0,66.82521627683434
CATEGORY_COHORT,Other :: Rehabilitation services,United Kingdom,214,83,1,29.906542056074763,15.0,66.82166666666666
TITLE_PATTERN,sonnenschutz,Germany,36,12,1,30.555555555555557,15.0,66.8159243832105
TITLE_PATTERN,fensterarbeiten,Germany,59,14,1,25.423728813559322,15.0,66.81480294777315
TITLE_PATTERN,fenster und au enturen,Germany,39,17,1,28.205128205128204,15.0,66.81336110221083
TITLE_PATTERN,insurance services,United Kingdom,27,27,1,29.629629629629626,15.0,66.7968599807754
TITLE_PATTERN,sanitartechnische anlagen,Germany,29,16,1,31.03448275862069,15.0,66.78548542133932
TITLE_PATTERN,winterdienst,Germany,63,19,1,23.809523809523807,15.0,66.7568087151554
TITLE_PATTERN,vintervaghallning #,TED,15,5,2,13.333333333333334,20.0,66.75584748478052
TITLE_PATTERN,s # muhlviertler schnellstra e freistadt nord rainbach nord,TED,15,5,2,13.333333333333334,20.0,66.75584748478052
TITLE_PATTERN,dostawa produktow leczniczych # zadan,TED,15,5,2,13.333333333333334,20.0,66.75584748478052
TITLE_PATTERN,opskrba prirodnim plinom,TED,15,5,2,13.333333333333334,20.0,66.75584748478052
TITLE_PATTERN,unterhalts grund und glasreinigung,Germany,75,8,1,33.33333333333333,15.0,66.73886574815764
TITLE_PATTERN,fourniture de mobilier urbain,France,18,17,1,38.88888888888889,15.0,66.73229734059596
TITLE_PATTERN,spezialtiefbau,Germany,22,11,1,36.36363636363637,15.0,66.72781159884653
TITLE_PATTERN,bodenbeschichtungsarbeiten,Germany,25,5,1,56.00000000000001,15.0,66.7191605254726
TITLE_PATTERN,zakup energii elektrycznej na # r,TED,9,6,2,33.33333333333333,20.0,66.70618391541173
TITLE_PATTERN,objektplanung gebaeude,Germany,15,8,1,53.333333333333336,15.0,66.70057673822494
TITLE_PATTERN,upphandlingssystem,TED,8,3,2,12.5,60.0,66.69769304710029
TITLE_PATTERN,og oszenie o zamiarze przeprowadzenia postepowania o udzielenie zamowienia na swiadczenie us ug w zakresie publicznego transportu zbiorowego,TED,20,2,2,70.0,20.0,66.69705222685036
TITLE_PATTERN,sicherheitstechnik,Germany,8,3,1,12.5,48.5,66.69000320410125
TITLE_PATTERN,# malerarbeiten,Germany,26,8,1,38.46153846153847,15.0,66.68199295097725
TITLE_PATTERN,tarjouskilpailu reittipohjaisista joukkoliikennepalveluista # #,TED,19,3,2,21.052631578947366,20.0,66.66789490547902
TITLE_PATTERN,dostawa zywnosci,TED,19,3,2,21.052631578947366,20.0,66.66789490547902
TITLE_PATTERN,furnizare alimente si produse conexe,TED,19,3,2,21.052631578947366,20.0,66.66789490547902
TITLE_PATTERN,bg # ffpr # # #,TED,19,3,2,21.052631578947366,20.0,66.66789490547902
TITLE_PATTERN,gerustbau,Germany,38,10,1,31.57894736842105,15.0,66.66068567766742
TITLE_PATTERN,erp system,TED,14,2,2,7.142857142857142,60.0,66.65075296379365
TITLE_PATTERN,fourniture de produits d hygiene et d entretien,France,12,9,1,75.0,15.0,66.65027234860622
TITLE_PATTERN,mise a disposition de personnel interimaire,France,25,19,1,32.0,15.0,66.63120794617109
TITLE_PATTERN,trockenbauarbeiten,TED,9,9,2,22.22222222222222,20.0,66.63088753604613
TITLE_PATTERN,lieferung von elektrischer energie,Germany,26,17,1,30.76923076923077,15.0,66.54950336430632
TITLE_PATTERN,# # estricharbeiten,Germany,18,7,1,44.44444444444444,15.0,66.52899711630887
TITLE_PATTERN,prestations de nettoyage des locaux,France,14,11,1,50.0,15.0,66.51954501762256
TITLE_PATTERN,lijekovi,TED,13,6,3,7.6923076923076925,20.0,66.5096123037488
TITLE_PATTERN,recruitment,United Kingdom,12,7,1,100.0,15.0,66.50768984299904
TITLE_PATTERN,firewall,TED,6,5,4,33.33333333333333,60.0,66.50576738224927
TITLE_PATTERN,souscription de contrats d assurances,France,31,29,1,25.806451612903224,15.0,66.49487343800064
TITLE_PATTERN,# # # # kv,TED,8,5,3,50.0,20.0,66.49407241268824
TITLE_PATTERN,villamos energia beszerzese,TED,15,4,2,20.0,20.0,66.4823774431272
TITLE_PATTERN,dostawa materia ow do sterylizacji,TED,15,4,2,20.0,20.0,66.4823774431272
TITLE_PATTERN,foldgaz beszerzes # # gazevre,TED,12,7,2,8.333333333333332,20.0,66.47693047100289
TITLE_PATTERN,bodenbeschichtung,Germany,33,7,1,36.36363636363637,15.0,66.47548862544056
TITLE_PATTERN,acord cadru de furnizare diverse produse alimentare,TED,18,3,2,22.22222222222222,20.0,66.46747837231656
TITLE_PATTERN,fourniture de vegetaux,France,29,25,1,27.586206896551722,15.0,66.46507529637937
TITLE_PATTERN,bg # sfpr # # # # c #,TED,12,4,2,25.0,20.0,66.44456904838192
TITLE_PATTERN,lokalvardstjanster,TED,12,4,2,25.0,20.0,66.44456904838192
TITLE_PATTERN,elektricna energija opskrba,TED,12,4,2,25.0,20.0,66.44456904838192
TITLE_PATTERN,orvosi gazok beszerzese,TED,12,4,2,25.0,20.0,66.44456904838192
TITLE_PATTERN,contribution financiere,Quebec,149,3,1,90.60402684563759,15.0,66.40275552707466
TITLE_PATTERN,wiedereinstieg mit zukunft,TED,8,7,2,37.5,20.0,66.37856456264018
TITLE_PATTERN,accountantsdienstverlening,TenderNed,8,7,1,37.5,20.0,66.37856456264018
CATEGORY_COHORT,Other :: Medical specialist services,United Kingdom,108,47,1,39.81481481481482,15.0,66.375
TITLE_PATTERN,medicamente diverse #,TED,72,3,2,11.11111111111111,20.0,66.35309195770586
TITLE_PATTERN,arzneimittelvertrage mit beitrittsoption,Germany,27,4,1,62.96296296296296,15.0,66.3431592438321
TITLE_PATTERN,maitrise d oeuvre,France,14,14,1,42.857142857142854,15.0,66.33995514258251
TITLE_PATTERN,us uga transportu sanitarnego,TED,10,3,2,50.0,20.0,66.32826017302146
TITLE_PATTERN,okolju prijazne storitve ciscenja poslovnih prostorov,TED,10,3,2,50.0,20.0,66.32826017302146
TITLE_PATTERN,contrato de acuerdo marco de suministro contr # #,TED,18,2,1,72.22222222222221,20.0,66.32137135533482
TITLE_PATTERN,luftungsanlagen,Germany,37,22,1,24.324324324324326,15.0,66.30727330983659
TITLE_PATTERN,lizenzen,Germany,9,2,1,33.33333333333333,60.0,66.3063120794617
TITLE_PATTERN,klempnerarbeiten,Germany,64,9,1,28.125,15.0,66.29269464915092
TITLE_PATTERN,wy onienie wykonawcy w zakresie sukcesywnej dostawy odczynnikow dla jednostek organizacyjnych uniwersytetu jagiellonskiego z wy aczeniem collegium medicum uj,TED,25,3,2,20.0,20.0,66.27811598846523
TITLE_PATTERN,skolskjuts,TED,25,3,2,20.0,20.0,66.27811598846523
TITLE_PATTERN,leasefietsen,TenderNed,9,8,1,22.22222222222222,20.0,66.27042614546619
TITLE_PATTERN,laboratoriumdiensten,TenderNed,9,8,1,22.22222222222222,20.0,66.27042614546619
TITLE_PATTERN,beveiliging,TenderNed,9,8,1,22.22222222222222,20.0,66.27042614546619
TITLE_PATTERN,objektplanung gebaude,Germany,29,18,1,27.586206896551722,15.0,66.2584107657802
TITLE_PATTERN,putz und stuckarbeiten,Germany,54,13,1,24.074074074074073,15.0,66.24527395065684
TITLE_PATTERN,acquisition de vehicules,France,37,34,1,21.62162162162162,15.0,66.24190964434476
TITLE_PATTERN,ctti # #,TED,40,2,2,0.0,60.0,66.23982697853252
TITLE_PATTERN,blitzschutzarbeiten,Germany,46,10,1,28.26086956521739,15.0,66.23309836590836
TITLE_PATTERN,acord cadru de achizitie publica de medicamente divizat pe # loturi,TED,36,2,1,44.44444444444444,20.0,66.23197693047099
TITLE_PATTERN,verkehrssicherung,Germany,34,10,1,29.411764705882355,15.0,66.22380647228452
TITLE_PATTERN,gsm umts lte # g,TED,19,2,2,63.1578947368421,20.0,66.21803909003525
TITLE_PATTERN,verzekeringsmakelaar,TenderNed,7,7,1,57.14285714285714,20.0,66.18743992310156
TITLE_PATTERN,nakup phm na komoditni burze cislo aukce #,TED,47,2,2,40.42553191489361,20.0,66.18359500160204
TITLE_PATTERN,# estricharbeiten,Germany,32,13,1,28.125,15.0,66.16292854854213
TITLE_PATTERN,fahrradleasing,Germany,46,18,1,21.73913043478261,15.0,66.15315603973086
TITLE_PATTERN,provision of internal audit services,United Kingdom,13,13,1,46.15384615384615,15.0,66.1526754245434
TITLE_PATTERN,produse de curatenie,TED,15,5,2,6.666666666666667,20.0,66.1432233258571
TITLE_PATTERN,wc trennwande,Germany,56,15,1,21.428571428571427,15.0,66.13617430310798
TITLE_PATTERN,ingenieurleistungen,Germany,32,4,1,59.375,15.0,66.11454661967319
CATEGORY_COHORT,Other :: Legal services.,Ireland,158,60,1,30.37974683544304,15.0,66.10333333333332
CATEGORY_COHORT,Other :: Research and development services and related consultancy services.,Ireland,150,84,1,28.666666666666668,15.0,66.08
CATEGORY_COHORT,Other :: Building construction work.,Ireland,366,178,1,24.316939890710383,15.0,66.07833333333333
TITLE_PATTERN,rahmenvereinbarung buromobel,Germany,15,8,1,46.666666666666664,15.0,66.05975648830504
TITLE_PATTERN,procedure avec negociation,France,15,8,1,46.666666666666664,15.0,66.05975648830504
TITLE_PATTERN,dbr # # informatikai eszkozok beszerzese,TED,31,2,1,45.16129032258064,20.0,66.05046459468119
TITLE_PATTERN,sukcesywne dostawy lekow dla narodowego instytutu onkologii im marii sk odowskiej curie panstwowego instytutu badawczego oddzia u w gliwicach,TED,31,2,2,45.16129032258064,20.0,66.05046459468119
TITLE_PATTERN,dostawa samochodow osobowych,TED,15,3,2,26.666666666666668,20.0,66.04565844280678
TITLE_PATTERN,mobile trennwand,Germany,48,13,1,22.916666666666664,15.0,66.02210829862223
TITLE_PATTERN,am suministro contr # #,TED,16,2,1,81.25,20.0,66.00336430631208
TITLE_PATTERN,dbs kostum,TED,55,3,2,9.090909090909092,20.0,65.98413969881447
TITLE_PATTERN,dostawy produktow leczniczych stosowanych w programach lekowych i chemioterapii,TED,18,2,2,66.66666666666666,20.0,65.9727651393784
TITLE_PATTERN,lieferung von okostrom,Germany,17,16,1,35.294117647058826,15.0,65.95706504325537
TITLE_PATTERN,acordo quadro para fornecimento de gas,TED,11,4,2,27.27272727272727,20.0,65.94200576738224
TITLE_PATTERN,achizitie aparatura medicala,TED,11,4,2,27.27272727272727,20.0,65.94200576738224
TITLE_PATTERN,zajisteni uklidovych sluzeb,TED,11,4,2,27.27272727272727,20.0,65.94200576738224
TITLE_PATTERN,dostawa miesa,TED,11,4,2,27.27272727272727,20.0,65.94200576738224
TITLE_PATTERN,souscription des marches d assurance,France,29,28,1,24.137931034482758,15.0,65.92214033963472
TITLE_PATTERN,microsoft unified support,United Kingdom,11,10,1,72.72727272727273,15.0,65.91220762576097
TITLE_PATTERN,taxi services,United Kingdom,11,10,1,72.72727272727273,15.0,65.91220762576097
TITLE_PATTERN,vorgehangte hinterluftete fassade,Germany,25,18,1,28.000000000000004,15.0,65.90660044857418
TITLE_PATTERN,sukcesivna dobava konvencionalnih in ekoloskih zivil za obdobje stirih let,TED,17,2,2,70.58823529411765,20.0,65.90403716757449
TITLE_PATTERN,assurance flotte automobile et risques annexes,France,29,27,1,24.137931034482758,15.0,65.90291573213713
TITLE_PATTERN,iii # # #,TED,23,3,2,17.391304347826086,20.0,65.89490547901313
TITLE_PATTERN,entretien des espaces verts de la commune,France,17,15,1,35.294117647058826,15.0,65.88737584107658
TITLE_PATTERN,# mundygasse #,TED,17,10,2,0.0,20.0,65.88032681832746
TITLE_PATTERN,# prager stra e # #,TED,17,10,2,0.0,20.0,65.88032681832746
TITLE_PATTERN,ugradbeni i potrosni materijal za endoskopiju i endoskopske aparate za zdravstvene ustanove u republici hrvatskoj,TED,15,2,2,93.33333333333333,20.0,65.86751041332906
TITLE_PATTERN,schlie anlage,Germany,55,12,1,21.818181818181817,15.0,65.86062159564241
CATEGORY_COHORT,Other :: Personnel-training services.,Ireland,79,56,1,39.24050632911392,15.0,65.85833333333333
TITLE_PATTERN,provision of legal services,United Kingdom,12,10,1,58.333333333333336,15.0,65.85341236783083
CATEGORY_COHORT,Other :: Transport services (excl. Waste transport),United Kingdom,5103,157,1,22.202625906329608,15.0,65.84666666666666
TITLE_PATTERN,programme d aide aux employes,Quebec,32,26,1,21.875,15.0,65.8439602691445
TITLE_PATTERN,baumeisterarbeiten ba #,Germany,15,6,1,60.0,15.0,65.84187760333226
TITLE_PATTERN,dostawa szczepionek,TED,13,3,2,30.76923076923077,20.0,65.8175264338353
TITLE_PATTERN,aquisicao de equipamentos informaticos,TED,13,3,2,30.76923076923077,20.0,65.8175264338353
TITLE_PATTERN,sukcesywna dostawa medycznego sprzetu jednorazowego uzytku,TED,13,3,2,30.76923076923077,20.0,65.8175264338353
TITLE_PATTERN,dostawa odczynnikow laboratoryjnych,TED,14,3,2,28.57142857142857,20.0,65.80999679589875
TITLE_PATTERN,licitatie medicamente # loturi,TED,14,3,2,28.57142857142857,20.0,65.80999679589875
TITLE_PATTERN,dostawa jaj,TED,14,3,2,28.57142857142857,20.0,65.80999679589875
TITLE_PATTERN,malerarbeiten,TED,9,7,2,22.22222222222222,20.0,65.80903556552386
TITLE_PATTERN,wagenparkverzekering,TenderNed,9,7,1,22.22222222222222,20.0,65.80903556552386
TITLE_PATTERN,bg # m # op # # # # #,TED,26,6,2,0.0,20.0,65.79381608458827
TITLE_PATTERN,ve # estricharbeiten,Germany,19,6,1,42.10526315789473,15.0,65.79253444408843
TITLE_PATTERN,travaux de pavage,Quebec,25,16,1,28.000000000000004,15.0,65.7864466517142
TITLE_PATTERN,dachdecker und spenglerarbeiten,Germany,29,5,1,41.37931034482759,15.0,65.77010573534123
TITLE_PATTERN,kuchentechnische anlagen,Germany,20,9,1,35.0,15.0,65.7656199935918
TITLE_PATTERN,cafm software,Germany,6,4,1,33.33333333333333,74.0,65.7536046139058
CATEGORY_COHORT,Other :: Construction project management services,United Kingdom,79,55,1,39.24050632911392,15.0,65.75
TITLE_PATTERN,reinigungsleistungen # grundschule,Germany,15,1,1,60.0,74.0,65.74815764178148
TITLE_PATTERN,employee assistance programme,United Kingdom,11,11,1,63.63636363636363,15.0,65.7367830823454
TITLE_PATTERN,# pn # dostawa produktow leczniczych dla uck,TED,412,2,2,39.56310679611651,20.0,65.73614226209547
TITLE_PATTERN,mittleres loschfahrzeug mlf,Germany,17,13,1,35.294117647058826,15.0,65.723966677347
TITLE_PATTERN,travaux de pavage #,Quebec,25,15,1,28.000000000000004,15.0,65.71675744953541
TITLE_PATTERN,sukcesywna dostawa materia ow stomatologicznych w # pakietach dla potrzeb uniwersyteckiego centrum stomatologicznego gumed sp z o o,TED,12,1,1,100.0,74.0,65.70265940403716
TITLE_PATTERN,vorhangfassade,Germany,13,10,1,46.15384615384615,15.0,65.6720602371035
TITLE_PATTERN,levering bedrijfswagens,TenderNed,8,6,1,37.5,20.0,65.66725408522909
TITLE_PATTERN,sociaal medische advisering,TenderNed,8,6,1,37.5,20.0,65.66725408522909
TITLE_PATTERN,grounds maintenance services,United Kingdom,20,20,1,30.0,15.0,65.65507850048061
CATEGORY_COHORT,Other :: Construction consultancy services,United Kingdom,117,86,1,29.059829059829063,15.0,65.64833333333333
CATEGORY_COHORT,Other :: Psychiatric hospital services,United Kingdom,101,31,1,48.51485148514851,15.0,65.63
TITLE_PATTERN,sonnenschutzarbeiten,Germany,35,10,1,25.71428571428571,15.0,65.6247997436719
TITLE_PATTERN,msr technik,Germany,33,13,1,24.242424242424242,15.0,65.61486702979815
TITLE_PATTERN,c lanko sistema,TED,20,7,2,0.0,20.0,65.6063761614867
TITLE_PATTERN,kraujo komponentai,TED,16,4,2,12.5,20.0,65.59804549823774
TITLE_PATTERN,betonwerksteinarbeiten,Germany,30,11,1,26.666666666666668,15.0,65.5688881768664
TITLE_PATTERN,abbruch und rohbauarbeiten,Germany,38,11,1,23.684210526315788,15.0,65.55863505286767
TITLE_PATTERN,dachabdichtungs und klempnerarbeiten,Germany,28,17,1,25.0,15.0,65.54966356936879
TITLE_PATTERN,entretien paysager,Quebec,36,7,1,33.33333333333333,15.0,65.53732777955783
TITLE_PATTERN,dostawa odczynnikow,TED,24,2,2,50.0,20.0,65.528035885934
TITLE_PATTERN,assurance risques statutaires,France,20,17,1,30.0,15.0,65.52771547580903
TITLE_PATTERN,medicines #,TED,25,3,3,16.0,20.0,65.5206664530599
TITLE_PATTERN,fourniture de materiel electrique,Belgium,14,10,1,42.857142857142854,,65.51906440243512
TITLE_PATTERN,travaux de voirie et reseaux divers,France,15,15,1,40.0,15.0,65.50480615187439
TITLE_PATTERN,fourniture de vetements de travail et d equipements de protection individuelle,France,23,20,1,26.08695652173913,15.0,65.504005126562
TITLE_PATTERN,services professionnels en architecture,Quebec,98,34,1,17.346938775510203,15.0,65.50096123037488
TITLE_PATTERN,placements publicitaires,Quebec,11,2,1,9.090909090909092,82.0,65.50016020506247
CATEGORY_COHORT,Other :: Electrical installation work.,Ireland,125,89,1,28.000000000000004,15.0,65.49499999999999
TITLE_PATTERN,fourniture d electricite,France,29,24,1,20.689655172413794,15.0,65.49022749118872
TITLE_PATTERN,service de deneigement,Quebec,19,16,1,31.57894736842105,15.0,65.48798462031401
TITLE_PATTERN,# odenburger stra e # #,TED,10,10,1,10.0,20.0,65.4855815443768
CATEGORY_COHORT,Other :: Miscellaneous health services,United Kingdom,676,108,1,23.37278106508876,15.0,65.46666666666667
TITLE_PATTERN,bodenbelag,Germany,40,10,1,25.0,15.0,65.4535405318808
CATEGORY_COHORT,Other :: Motor vehicles.,Ireland,105,66,1,30.476190476190478,15.0,65.445
TITLE_PATTERN,collecte des dechets menagers et assimiles,France,23,18,1,26.08695652173913,15.0,65.44392822813201
TITLE_PATTERN,ugradbeni materijal za traumatologiju sprave za prijelome vijci plocice za fiksaciju sistemi za ugra ivanje plocica i vijaka i drugi za zdravstvene ustanove u republici hrvatskoj,TED,14,2,2,92.85714285714286,20.0,65.43575776994554
TITLE_PATTERN,casa da democracia local valongo,TED,14,2,2,92.85714285714286,20.0,65.43575776994554
TITLE_PATTERN,fourniture et livraison de titres restaurant,France,21,20,1,28.57142857142857,15.0,65.42694649150913
TITLE_PATTERN,sportboden,Germany,32,12,1,25.0,15.0,65.42230054469721
TITLE_PATTERN,medikamentu piegade,TED,28,2,2,42.857142857142854,20.0,65.41813521307273
TITLE_PATTERN,uk # contract details notice,United Kingdom,13,6,1,61.53846153846154,15.0,65.41252803588593
TITLE_PATTERN,infuzni technika,TED,9,5,2,33.33333333333333,20.0,65.39650752963793
TITLE_PATTERN,porizovani elektrickych osobnich a uzitkovych vozidel pro skupinu cez,TED,9,5,2,33.33333333333333,20.0,65.39650752963793
TITLE_PATTERN,dostawa produktow leczniczych w tym z programow lekowych dla powiatowego zak adu opieki zdrowotnej z siedziba w starachowicach,TED,9,5,2,33.33333333333333,20.0,65.39650752963793
TITLE_PATTERN,technische ausrustung,Germany,20,7,1,40.0,15.0,65.38465235501441
TITLE_PATTERN,los # baustelleneinrichtung,Germany,20,7,1,40.0,15.0,65.38465235501441
TITLE_PATTERN,aussenanlagen,Germany,33,7,1,33.33333333333333,15.0,65.38353091957707
TITLE_PATTERN,oxigen medicinal,TED,9,3,2,55.55555555555556,20.0,65.37584107657801
TITLE_PATTERN,dostawy oleju napedowego,TED,9,3,2,55.55555555555556,20.0,65.37584107657801
TITLE_PATTERN,nieru aizstajterapijas nodrosinajuma arstniecibas lidzeklu piegade,TED,9,3,2,55.55555555555556,20.0,65.37584107657801
TITLE_PATTERN,servicio de prevencion ajeno,TED,9,3,2,55.55555555555556,20.0,65.37584107657801
TITLE_PATTERN,persontransporter,TED,9,3,2,55.55555555555556,20.0,65.37584107657801
TITLE_PATTERN,livsmedel #,TED,12,5,2,16.666666666666664,20.0,65.37231656520346
TITLE_PATTERN,fourniture et acheminement en electricite et services associes,France,25,21,1,24.0,15.0,65.36895225889138
TITLE_PATTERN,fourniture et acheminement de gaz naturel,France,21,18,1,28.57142857142857,15.0,65.36686959307914
TITLE_PATTERN,spenglerarbeiten,Germany,70,8,1,24.285714285714285,15.0,65.3663889778917
TITLE_PATTERN,dostawy artyku ow spozywczych,TED,10,4,2,30.0,20.0,65.32441525152194
TITLE_PATTERN,dostawa aparatu usg,TED,10,4,2,30.0,20.0,65.32441525152194
TITLE_PATTERN,gestion des aires d accueil des gens du voyage,France,12,12,1,50.0,15.0,65.32041012495995
TITLE_PATTERN,nhs health checks,United Kingdom,18,17,1,33.33333333333333,15.0,65.31864786927267
TITLE_PATTERN,provision of bus service route #,United Kingdom,108,3,1,66.66666666666666,15.0,65.31816725408522
TITLE_PATTERN,deneigement au sol,Quebec,36,10,1,25.0,15.0,65.30214674783723
TITLE_PATTERN,foldgaz beszerzese,TED,11,3,2,36.36363636363637,20.0,65.29894264658763
CATEGORY_COHORT,Other :: *Laboratory and scientific equipment,Canada federal,403,41,1,29.776674937965257,15.0,65.28833333333333
TITLE_PATTERN,usluge ciscenja prostorija,TED,14,2,2,85.71428571428571,20.0,65.26914450496636
TITLE_PATTERN,vergabe von generalplanungsleistungen,Germany,11,9,1,63.63636363636363,15.0,65.26337712271707
CATEGORY_COHORT,Other :: Dermatology services,United Kingdom,75,38,1,46.666666666666664,15.0,65.24999999999999
TITLE_PATTERN,pfosten riegel fassade,Germany,20,13,1,30.0,15.0,65.24174943928227
TITLE_PATTERN,# rechte wienzeile # #,TED,14,14,1,0.0,20.0,65.23389939122076
TITLE_PATTERN,# aankondiging van een wijziging dbfm overeenkomst a # utrecht lunetten veenendaal,TenderNed,15,1,1,46.666666666666664,82.0,65.22588913809676
TITLE_PATTERN,metallbau und verglasungsarbeiten,Germany,33,7,1,30.303030303030305,15.0,65.2233258570971
TITLE_PATTERN,bauendreinigung,Germany,37,8,1,27.027027027027028,15.0,65.20522268503684
TITLE_PATTERN,delegation du service public d assainissement collectif,France,12,11,1,50.0,15.0,65.18583787247677
TITLE_PATTERN,dostawa paliw p ynnych,TED,12,3,2,33.33333333333333,20.0,65.18503684716437
TITLE_PATTERN,materiale sanitare diverse #,TED,12,3,2,33.33333333333333,20.0,65.18503684716437
TITLE_PATTERN,serwis techniczny aparatury i sprzetu medycznego,TED,12,3,2,33.33333333333333,20.0,65.18503684716437
TITLE_PATTERN,uzavreni ramcove dohody na zajisteni sluzeb pro konference poradane zadavatelem # #,TED,12,3,2,33.33333333333333,20.0,65.18503684716437
TITLE_PATTERN,la # # # sukcesywne dostawy lekow refundowanych,TED,12,3,2,33.33333333333333,20.0,65.18503684716437
TITLE_PATTERN,transport aerian,TED,12,3,2,33.33333333333333,20.0,65.18503684716437
TITLE_PATTERN,laboratorijski material,TED,12,3,2,33.33333333333333,20.0,65.18503684716437
TITLE_PATTERN,udzielanie swiadczen zdrowotnych przez lekarzy,TED,12,3,1,33.33333333333333,20.0,65.18503684716437
TITLE_PATTERN,yttre skotsel,TED,12,3,2,33.33333333333333,20.0,65.18503684716437
TITLE_PATTERN,kauf eines fabrikneuen feuerwehrfahrzeugs,Germany,24,18,1,25.0,15.0,65.17958987504005
TITLE_PATTERN,freianlagenplanung,Germany,21,15,1,28.57142857142857,15.0,65.17702659404037
TITLE_PATTERN,tischlerarbeiten einbaumobel,Germany,14,8,1,42.857142857142854,15.0,65.1384171739827
CATEGORY_COHORT,Other :: Legal services,United Kingdom,249,186,1,23.293172690763054,15.0,65.135
TITLE_PATTERN,vyber autobusovych dopravcu od # casti # az #,TED,8,3,1,100.0,20.0,65.13409163729574
TITLE_PATTERN,dostawa wyrobow medycznych z podzia em na # zadan,TED,23,2,2,43.47826086956522,20.0,65.1336110221083
TITLE_PATTERN,bodenbelage,Germany,23,9,1,30.434782608695656,15.0,65.12495994873439
TITLE_PATTERN,honoraires juridiques,Quebec,55,5,1,36.36363636363637,15.0,65.11534764498558
TITLE_PATTERN,servers en storage,TenderNed,6,4,1,33.33333333333333,60.0,65.1095802627363
TITLE_PATTERN,fourniture de services de telecommunications,France,6,6,1,16.666666666666664,82.0,65.10221082986223
TITLE_PATTERN,acordo quadro para fornecimento de leite escolar,TED,8,4,2,50.0,20.0,65.09788529317527
TITLE_PATTERN,dammarbeiten,Germany,24,9,1,29.166666666666668,15.0,65.09388016661327
TITLE_PATTERN,vienkartines medicinos priemones,TED,21,2,2,47.61904761904761,20.0,65.08346683755207
TITLE_PATTERN,tietoliikennepalvelut,TED,7,2,1,57.14285714285714,60.0,65.07625760974047
TITLE_PATTERN,hrm system,TED,7,2,2,57.14285714285714,60.0,65.07625760974047
TITLE_PATTERN,beschaffung kis ausfallsystem,Germany,7,7,1,0.0,60.0,65.0647228452419
TITLE_PATTERN,udzielanie swiadczen zdrowotnych,TED,83,2,1,36.144578313253014,20.0,65.06087792374238
TITLE_PATTERN,construction d une ecole de musique et d une creche a junglinster autorisation ministerielle d # #,TED,18,2,2,55.55555555555556,20.0,65.05382890099327
TITLE_PATTERN,contract de achizitie publica de furnizare aparatura medicala divizat pe # loturi,TED,18,2,1,55.55555555555556,20.0,65.05382890099327
TITLE_PATTERN,luftungstechnik,Germany,59,25,1,16.94915254237288,15.0,65.04854213393143
TITLE_PATTERN,dostawa pozosta ych materia ow medycznych,TED,70,2,2,37.142857142857146,20.0,65.04213393143222
TITLE_PATTERN,technische dammung,Germany,16,10,1,37.5,15.0,65.04149311118232
TITLE_PATTERN,sdruzene sluzby dodavky zemniho plynu na rok #,TED,11,5,2,18.181818181818183,20.0,65.03380326818326
TITLE_PATTERN,# thurnlhofstra e # #,TED,11,5,2,18.181818181818183,20.0,65.03380326818326
TITLE_PATTERN,acordo quadro para fornecimento de combustiveis rodoviarios,TED,11,5,2,18.181818181818183,20.0,65.03380326818326
TITLE_PATTERN,hpc cluster,Germany,6,4,1,33.33333333333333,37.5,65.03268183274591
TITLE_PATTERN,acheminement et fourniture d electricite,France,21,13,1,28.57142857142857,15.0,65.0136174303108
TITLE_PATTERN,komandejumu nodrosinasanai nepieciesamie pakalpojumi,TED,14,4,2,14.285714285714285,20.0,64.96251201537969
TITLE_PATTERN,bodenbelagarbeiten,Germany,60,17,1,20.0,15.0,64.94104453700736
TITLE_PATTERN,vaistiniai preparatai,TED,29,3,2,6.896551724137931,20.0,64.93816084588272
CATEGORY_COHORT,Other :: *Audit services,Canada federal,98,53,1,32.6530612244898,15.0,64.92833333333333
TITLE_PATTERN,fiscale dienstverlening,TenderNed,7,7,1,42.857142857142854,20.0,64.91348926626081
TITLE_PATTERN,services professionnels en evaluation fonciere,Quebec,23,23,1,21.73913043478261,15.0,64.90836270426145
TITLE_PATTERN,projektsteuerungsleistungen,Germany,11,8,1,63.63636363636363,15.0,64.90291573213713
TITLE_PATTERN,umzugsdienstleistungen,Germany,18,7,1,38.88888888888889,15.0,64.87952579301505
TITLE_PATTERN,sdruzene sluzby dodavky elektricke energie na obdobi roku #,TED,10,8,2,10.0,20.0,64.8607818007049
TITLE_PATTERN,it konsulter,TED,10,2,2,20.0,60.0,64.85693687920538
TITLE_PATTERN,servizio di trasporto scolastico,TED,14,3,2,21.428571428571427,20.0,64.85389298301827
TITLE_PATTERN,dostawa sprzetu komputerowego dla centrum astronomicznego im miko aja kopernika pan w warszawie z podzia em na # czesci,TED,14,3,2,21.428571428571427,20.0,64.85389298301827
TITLE_PATTERN,medicamente diverse,TED,14,3,2,21.428571428571427,20.0,64.85389298301827
TITLE_PATTERN,dynamisches beschaffungssystem eventausstattungen,TED,15,2,2,66.66666666666666,20.0,64.84091637295738
CATEGORY_COHORT,Other :: Optician services,United Kingdom,143,31,1,37.76223776223776,15.0,64.63833333333332
CATEGORY_COHORT,Other :: Works for complete or part construction and civil engineering work.,Ireland,119,63,1,27.73109243697479,15.0,64.47166666666666
CATEGORY_COHORT,Other :: Residential nursing care services,United Kingdom,121,30,1,38.84297520661157,15.0,64.32333333333332
CATEGORY_COHORT,Other :: Civil engineering consultancy services.,Ireland,217,101,1,23.04147465437788,15.0,64.15166666666667
CATEGORY_COHORT,Other :: Surgical hospital services,United Kingdom,102,31,1,39.21568627450981,15.0,64.13833333333332
CATEGORY_COHORT,Other :: ENT or audiologist services,United Kingdom,114,42,1,31.57894736842105,15.0,64.075
CATEGORY_COHORT,Other :: *Temporary personnel services,Canada federal,315,21,1,42.22222222222222,15.0,63.94166666666667
CATEGORY_COHORT,Other :: Medical equipments,United Kingdom,136,56,1,27.205882352941174,15.0,63.92000000000001
CATEGORY_COHORT,Other :: Residential health facilities services,United Kingdom,68,33,1,44.11764705882353,15.0,63.825
CATEGORY_COHORT,Other :: *Business and corporate management consultation services,Canada federal,72,43,1,37.5,15.0,63.80166666666667
CATEGORY_COHORT,Other :: Building construction work,United Kingdom,354,194,1,18.361581920903955,15.0,63.595000000000006
CATEGORY_COHORT,Other :: *Information technology consultation services,Canada federal,149,49,1,26.845637583892618,15.0,63.46333333333333
CATEGORY_COHORT,Other :: Cleaning services.,Ireland,149,60,1,24.832214765100673,15.0,63.403333333333336
CATEGORY_COHORT,Other :: Medical consumables,United Kingdom,137,44,1,27.73722627737226,15.0,63.38166666666667
CATEGORY_COHORT,Other :: Building consultancy services,United Kingdom,71,61,1,29.577464788732392,15.0,63.01833333333334
CATEGORY_COHORT,Other :: Construction work,United Kingdom,1565,658,1,15.399361022364216,15.0,62.99666666666667
CATEGORY_COHORT,Other :: Training services.,Ireland,73,52,1,30.136986301369863,15.0,62.94833333333334
CATEGORY_COHORT,Other :: Business and management consultancy services,United Kingdom,115,81,1,22.608695652173914,15.0,62.59666666666667
CATEGORY_COHORT,Other :: Business and management consultancy and related services,United Kingdom,174,117,1,18.96551724137931,15.0,62.591666666666676
CATEGORY_COHORT,Other :: Architectural design services.,Ireland,64,39,1,35.9375,15.0,62.55166666666668
CATEGORY_COHORT,Other :: Medical practice and related services,United Kingdom,103,47,1,27.184466019417474,15.0,62.51833333333334
CATEGORY_COHORT,Other :: Ophthalmologist services,United Kingdom,96,41,1,28.125,15.0,62.32
CATEGORY_COHORT,"Other :: Laboratory, optical and precision equipments (excl. glasses).",Ireland,238,29,1,28.57142857142857,15.0,62.318333333333335
CATEGORY_COHORT,Other :: Services provided by medical laboratories,United Kingdom,95,27,1,34.73684210526316,15.0,62.16333333333333
CATEGORY_COHORT,Other :: Consultative engineering and construction services.,Ireland,92,46,1,27.173913043478258,15.0,62.02833333333334
CATEGORY_COHORT,Other :: Supply services of personnel including temporary staff,United Kingdom,101,81,1,21.782178217821784,15.0,61.986666666666665
CATEGORY_COHORT,Other :: Quantity surveying services.,Ireland,74,48,1,28.37837837837838,15.0,61.856666666666676
CATEGORY_COHORT,Other :: Recruitment services.,Ireland,79,57,1,25.31645569620253,15.0,61.848333333333336
CATEGORY_COHORT,Other :: Health and social work services,United Kingdom,3170,517,1,12.681388012618298,15.0,61.803333333333335
CATEGORY_COHORT,Other :: Business and management consultancy and related services.,Ireland,93,54,1,24.731182795698924,15.0,61.786666666666676
CATEGORY_COHORT,Other :: Repair and maintenance services,United Kingdom,894,414,1,13.758389261744966,15.0,61.74833333333334
CATEGORY_COHORT,Other :: Taxi services,United Kingdom,123,93,1,19.51219512195122,15.0,61.70666666666666
CATEGORY_COHORT,Other :: Medical hospital services,United Kingdom,85,20,1,45.88235294117647,15.0,61.49333333333333
CATEGORY_COHORT,Other :: Training services,United Kingdom,153,108,1,17.647058823529413,15.0,61.47166666666667
CATEGORY_COHORT,Other :: *Cleaning and janitorial services,Canada federal,119,28,1,29.411764705882355,15.0,61.435
CATEGORY_COHORT,Other :: Building materials,United Kingdom,55,39,1,34.54545454545455,15.0,61.433333333333344
CATEGORY_COHORT,Other :: Recruitment services,United Kingdom,221,167,1,15.837104072398189,15.0,61.400000000000006
CATEGORY_COHORT,Other :: Social work services with accommodation,United Kingdom,147,78,1,18.367346938775512,15.0,61.343333333333334
CATEGORY_COHORT,Other :: Refuse and waste related services.,Ireland,47,30,1,46.808510638297875,15.0,61.33166666666667
CATEGORY_COHORT,Other :: UNKNOWN,Canada federal,284,15,1,44.36619718309859,15.0,61.15166666666668
CATEGORY_COHORT,Other :: Auditing services,United Kingdom,123,104,1,17.88617886178862,15.0,61.11
CATEGORY_COHORT,Other :: Playground equipment.,Ireland,77,37,1,28.57142857142857,15.0,61.00166666666667
CATEGORY_COHORT,Other :: Repair and maintenance services of medical equipment,United Kingdom,54,35,1,35.18518518518518,15.0,60.97500000000001
CATEGORY_COHORT,Other :: Repair and maintenance services.,Ireland,110,48,1,22.727272727272727,15.0,60.85333333333333
CATEGORY_COHORT,Other :: Site preparation work.,Ireland,57,35,1,33.33333333333333,15.0,60.75666666666667
CATEGORY_COHORT,Other :: Motor vehicles,United Kingdom,80,53,1,23.75,15.0,60.72833333333334
CATEGORY_COHORT,"Other :: Construction work for highways, roads",United Kingdom,55,25,1,43.63636363636363,15.0,60.725
CATEGORY_COHORT,Other :: *Software,Canada federal,67,19,1,52.23880597014925,15.0,60.586666666666666
CATEGORY_COHORT,Other :: *Project management,Canada federal,56,30,1,35.714285714285715,15.0,60.425000000000004
CATEGORY_COHORT,Other :: Repair and maintenance services of building installations,United Kingdom,149,112,1,15.436241610738255,15.0,60.41666666666667
CATEGORY_COHORT,"Other :: Sewage, refuse, cleaning and environmental services",United Kingdom,210,156,1,14.285714285714285,15.0,60.33833333333334
CATEGORY_COHORT,Other :: Waste and rubbish containers and bins,United Kingdom,47,35,1,36.17021276595745,15.0,60.326666666666675
CATEGORY_COHORT,Other :: Landscaping work.,Ireland,55,34,1,32.72727272727273,15.0,60.32333333333333
CATEGORY_COHORT,Other :: *Electronic hardware and component parts and accessories,Canada federal,77,36,1,27.27272727272727,15.0,60.23333333333334
CATEGORY_COHORT,Other :: Public relations services.,Ireland,67,48,1,25.37313432835821,15.0,60.17166666666667
CATEGORY_COHORT,Other :: Advertising and marketing services.,Ireland,87,48,1,22.988505747126435,15.0,60.14333333333333
CATEGORY_COHORT,Other :: Cleaning services,United Kingdom,273,217,1,11.72161172161172,15.0,59.970000000000006
CATEGORY_COHORT,Other :: Engineering services.,Ireland,143,58,1,17.482517482517483,15.0,59.96
CATEGORY_COHORT,Other :: Refuse and waste related services,United Kingdom,353,222,1,10.198300283286118,15.0,59.85833333333334
CATEGORY_COHORT,Other :: Primary school construction work.,Ireland,66,61,1,22.727272727272727,15.0,59.68000000000001
CATEGORY_COHORT,Other :: Environmental services.,Ireland,72,19,1,41.66666666666667,15.0,59.64666666666667
CATEGORY_COHORT,"Other :: Other community, social and personal services",United Kingdom,287,159,1,10.801393728222997,15.0,59.580000000000005
CATEGORY_COHORT,Other :: Grounds maintenance services,United Kingdom,241,186,1,11.20331950207469,15.0,59.558333333333344
CATEGORY_COHORT,Other :: Catering services,United Kingdom,150,121,1,13.333333333333334,15.0,59.546666666666674
CATEGORY_COHORT,"Other :: Electrical machinery, apparatus, equipment and consumables; Lighting.",Ireland,57,37,1,28.07017543859649,15.0,59.45666666666667
CATEGORY_COHORT,Other :: Financial consultancy services,United Kingdom,56,45,1,26.785714285714285,15.0,59.45333333333334
CATEGORY_COHORT,Other :: Insurance services,United Kingdom,268,216,1,10.074626865671641,15.0,59.38500000000001
CATEGORY_COHORT,Other :: Telecommunications services,United Kingdom,88,56,1,19.318181818181817,15.0,59.351666666666674
CATEGORY_COHORT,Other :: Education and training services,United Kingdom,1166,358,1,8.49056603773585,15.0,59.23666666666668
CATEGORY_COHORT,Other :: Physiotherapy services,United Kingdom,64,32,1,28.125,15.0,59.17666666666667
CATEGORY_COHORT,Other :: Facilities management services,United Kingdom,134,103,1,13.432835820895523,15.0,59.14833333333333
CATEGORY_COHORT,"Other :: Laboratory, optical and precision equipments (excl. glasses)",United Kingdom,302,88,1,10.927152317880795,15.0,59.055000000000014
CATEGORY_COHORT,Other :: Lift-maintenance services,United Kingdom,104,94,1,14.423076923076922,15.0,59.025000000000006
CATEGORY_COHORT,Other :: Asbestos removal services,United Kingdom,75,64,1,18.666666666666668,15.0,58.94166666666666
CATEGORY_COHORT,Other :: Financial and insurance services,United Kingdom,154,120,1,11.688311688311687,15.0,58.881666666666675
CATEGORY_COHORT,Other :: Building surveying services,United Kingdom,52,44,1,26.923076923076923,15.0,58.87833333333334
CATEGORY_COHORT,Other :: Architectural services for buildings.,Ireland,38,26,1,47.368421052631575,15.0,58.87
CATEGORY_COHORT,Other :: Construction work for multi-dwelling buildings and individual houses.,Ireland,71,26,1,29.577464788732392,15.0,58.815000000000005
CATEGORY_COHORT,Other :: Services provided by nurses,United Kingdom,47,23,1,42.5531914893617,15.0,58.803333333333335
CATEGORY_COHORT,Other :: Road transport services,United Kingdom,97,69,1,15.463917525773196,15.0,58.638333333333335
CATEGORY_COHORT,Other :: Laboratory services,United Kingdom,81,62,1,17.28395061728395,15.0,58.56666666666667
CATEGORY_COHORT,Other :: Security services,United Kingdom,255,192,1,9.019607843137255,15.0,58.185
CATEGORY_COHORT,Other :: Cardiology services,United Kingdom,47,24,1,38.297872340425535,15.0,58.15166666666667
CATEGORY_COHORT,Other :: Cleaning and sanitation services,United Kingdom,68,56,1,19.11764705882353,15.0,57.973333333333336
CATEGORY_COHORT,Other :: Transport services (excl. Waste transport).,Ireland,70,32,1,24.285714285714285,15.0,57.858333333333334
CATEGORY_COHORT,Other :: Advertising and marketing services,United Kingdom,125,105,1,10.4,15.0,57.79166666666667
CATEGORY_COHORT,Other :: Services provided by medical personnel,United Kingdom,76,43,1,19.736842105263158,15.0,57.58166666666667
CATEGORY_COHORT,Other :: Health services.,Ireland,89,22,1,26.96629213483146,15.0,57.455000000000005
CATEGORY_COHORT,Other :: Fire-prevention services,United Kingdom,44,40,1,27.27272727272727,15.0,57.36000000000001
CATEGORY_COHORT,Other :: Works for complete or part construction and civil engineering work,United Kingdom,112,87,1,10.714285714285714,15.0,57.343333333333334
CATEGORY_COHORT,Other :: Construction work for multi-dwelling buildings and individual houses,United Kingdom,123,74,1,10.569105691056912,15.0,57.335
CATEGORY_COHORT,"Other :: Food, beverages, tobacco and related products",United Kingdom,135,94,1,9.62962962962963,15.0,57.25000000000001
CATEGORY_COHORT,Other :: Family-planning services,United Kingdom,34,23,1,52.94117647058824,15.0,57.20166666666666
CATEGORY_COHORT,Other :: Roof works and other special trade construction works,United Kingdom,58,45,1,20.689655172413794,15.0,57.165
CATEGORY_COHORT,Other :: School catering services,United Kingdom,420,376,1,3.0952380952380953,15.0,57.163333333333334
CATEGORY_COHORT,Other :: Social work and related services,United Kingdom,2502,138,1,1.518784972022382,15.0,57.15333333333334
CATEGORY_COHORT,Other :: Research consultancy services.,Ireland,37,30,1,35.13513513513514,15.0,57.14333333333333
CATEGORY_COHORT,Other :: Legal advisory services,United Kingdom,34,24,1,47.05882352941176,15.0,57.135
CATEGORY_COHORT,Other :: *Information technology IT management services,Canada federal,34,24,1,47.05882352941176,15.0,57.135
CATEGORY_COHORT,Other :: Canteen and catering services.,Ireland,83,53,1,15.66265060240964,15.0,57.08500000000001
CATEGORY_COHORT,Other :: Research and development services and related consultancy services,United Kingdom,284,119,1,6.690140845070422,15.0,57.075
CATEGORY_COHORT,Other :: Environmental services,United Kingdom,92,68,1,13.043478260869565,15.0,57.046666666666674
CATEGORY_COHORT,Other :: School cleaning services,United Kingdom,289,257,1,4.844290657439446,15.0,57.02166666666668
CATEGORY_COHORT,Other :: Building installation work.,Ireland,45,25,1,33.33333333333333,15.0,56.86666666666667
CATEGORY_COHORT,Other :: Building and facilities management services,United Kingdom,154,115,1,7.792207792207792,15.0,56.77
CATEGORY_COHORT,Other :: Refurbishment work,United Kingdom,110,88,1,10.0,15.0,56.65166666666667
CATEGORY_COHORT,Other :: Energy-efficiency consultancy services,United Kingdom,79,55,1,15.18987341772152,15.0,56.63000000000001
CATEGORY_COHORT,Other :: Electricity,United Kingdom,78,59,1,14.102564102564102,15.0,56.54166666666667
CATEGORY_COHORT,Other :: *Computer services,Canada federal,57,33,1,22.807017543859647,15.0,56.51500000000001
CATEGORY_COHORT,"Other :: Furniture (incl. office furniture), furnishings, domestic appliances (excl. lighting) and cleaning products.",Ireland,50,35,1,24.0,15.0,56.49
CATEGORY_COHORT,Other :: Quantity surveying services,United Kingdom,40,35,1,27.500000000000004,15.0,56.470000000000006
CATEGORY_COHORT,"Other :: Petroleum products, fuel, electricity and other sources of energy",United Kingdom,117,80,1,9.401709401709402,15.0,56.43666666666667
CATEGORY_COHORT,Other :: Environmental engineering consultancy services.,Ireland,60,33,1,21.666666666666668,15.0,56.36833333333334
CATEGORY_COHORT,Other :: Real estate services,United Kingdom,85,70,1,11.76470588235294,15.0,56.36
CATEGORY_COHORT,Other :: Event services,United Kingdom,132,84,1,9.090909090909092,15.0,56.351666666666674
CATEGORY_COHORT,Other :: Travel management services,United Kingdom,40,34,1,27.500000000000004,15.0,56.318333333333335
CATEGORY_COHORT,Other :: Transport equipment and auxiliary products to transportation.,Ireland,40,21,1,40.0,15.0,56.31000000000001
CATEGORY_COHORT,Other :: Architectural and related services,United Kingdom,89,68,1,11.235955056179774,15.0,56.30666666666668
CATEGORY_COHORT,Other :: Hardware,United Kingdom,36,30,1,33.33333333333333,15.0,56.288333333333334
CATEGORY_COHORT,Other :: Building services consultancy services,United Kingdom,39,28,1,30.76923076923077,15.0,56.22666666666667
CATEGORY_COHORT,Other :: Refuse recycling services,United Kingdom,78,55,1,14.102564102564102,15.0,56.13000000000001
CATEGORY_COHORT,Other :: Electrical services,United Kingdom,72,62,1,13.88888888888889,15.0,56.11333333333334
CATEGORY_COHORT,Other :: Energy and related services,United Kingdom,102,73,1,9.803921568627452,15.0,56.098333333333336
CATEGORY_COHORT,Other :: Closed-circuit television cameras.,Ireland,35,20,1,48.57142857142857,15.0,56.074999999999996
CATEGORY_COHORT,Other :: Mechanical installations.,Ireland,50,39,1,22.0,15.0,56.05333333333334
CATEGORY_COHORT,Other :: *Information Technology Service Delivery,Canada federal,39,23,1,35.8974358974359,15.0,56.02666666666667
CATEGORY_COHORT,Other :: Electrical installation work,United Kingdom,64,57,1,15.625,15.0,56.025000000000006
CATEGORY_COHORT,Other :: Pharmaceutical products,United Kingdom,232,42,1,10.344827586206897,15.0,56.02000000000001
CATEGORY_COHORT,Other :: Design consultancy services,United Kingdom,46,36,1,23.91304347826087,15.0,56.013333333333335
CATEGORY_COHORT,Other :: Special-purpose road passenger-transport services,United Kingdom,44,26,1,29.545454545454547,15.0,55.98500000000001
CATEGORY_COHORT,"Other :: Agricultural, forestry, horticultural, aquacultural and apicultural services",United Kingdom,95,84,1,9.473684210526317,15.0,55.95166666666667
CATEGORY_COHORT,Other :: Welfare services for children and young people,United Kingdom,83,51,1,13.253012048192772,15.0,55.858333333333334
CATEGORY_COHORT,Other :: Counselling services,United Kingdom,66,50,1,16.666666666666664,15.0,55.848333333333336
CATEGORY_COHORT,"Other :: Office and computing machinery, equipment and supplies except furniture and software packages.",Ireland,44,34,1,25.0,15.0,55.66333333333334
CATEGORY_COHORT,Other :: Ground investigation work.,Ireland,81,32,1,17.28395061728395,15.0,55.620000000000005
CATEGORY_COHORT,Other :: Health and safety services,United Kingdom,49,41,1,20.408163265306122,15.0,55.53333333333334
CATEGORY_COHORT,Other :: Construction structures and materials; auxiliary products to construction (excepts electric apparatus).,Ireland,53,34,1,20.754716981132077,15.0,55.35833333333334
CATEGORY_COHORT,Other :: Subscription services,United Kingdom,37,23,1,35.13513513513514,15.0,55.215
CATEGORY_COHORT,Other :: Banking services,United Kingdom,45,38,1,22.22222222222222,15.0,55.201666666666675
CATEGORY_COHORT,"Other :: Accounting, auditing and fiscal services.",Ireland,41,34,1,24.390243902439025,15.0,55.185
CATEGORY_COHORT,Other :: Health and safety services.,Ireland,36,25,1,33.33333333333333,15.0,55.053333333333335
CATEGORY_COHORT,Other :: Real estate services.,Ireland,47,31,1,23.404255319148938,15.0,55.02333333333333
CATEGORY_COHORT,Other :: Health and social work services.,Ireland,52,23,1,26.923076923076923,15.0,54.97833333333333
CATEGORY_COHORT,Other :: *Forklifts,Canada federal,44,21,1,31.818181818181817,15.0,54.96500000000001
CATEGORY_COHORT,Other :: Repair and maintenance services of electrical and mechanical building installations,United Kingdom,92,69,1,8.695652173913043,15.0,54.95166666666667
CATEGORY_COHORT,Other :: Advertising services,United Kingdom,73,60,1,10.95890410958904,15.0,54.945
CATEGORY_COHORT,Other :: Water distribution and related services,United Kingdom,47,36,1,21.27659574468085,15.0,54.94333333333334
CATEGORY_COHORT,Other :: *Architectural engineering,Canada federal,78,13,1,37.17948717948718,15.0,54.91666666666667
CATEGORY_COHORT,"Other :: Recreational, cultural and sporting services",United Kingdom,79,57,1,10.126582278481013,15.0,54.85833333333334
CATEGORY_COHORT,Other :: Forestry services,United Kingdom,51,22,1,27.450980392156865,15.0,54.836666666666666
CATEGORY_COHORT,"Other :: Feasibility study, advisory service, analysis.",Ireland,34,26,1,32.35294117647059,15.0,54.76999999999999
CATEGORY_COHORT,Other :: Repair and maintenance services of firefighting equipment,United Kingdom,49,43,1,18.367346938775512,15.0,54.768333333333345
CATEGORY_COHORT,Other :: Provision of services to the community.,Ireland,58,23,1,24.137931034482758,15.0,54.63333333333334
CATEGORY_COHORT,"Other :: Architectural, engineering and planning services.",Ireland,47,29,1,23.404255319148938,15.0,54.61166666666667
CATEGORY_COHORT,Other :: *Project monitoring and evaluation,Canada federal,39,23,1,30.76923076923077,15.0,54.60166666666667
CATEGORY_COHORT,Other :: Pest-control services,United Kingdom,60,56,1,13.333333333333334,15.0,54.491666666666674
CATEGORY_COHORT,Other :: Architectural design services,United Kingdom,65,48,1,13.846153846153847,15.0,54.49166666666667
CATEGORY_COHORT,Other :: Industrial machinery.,Ireland,36,23,1,33.33333333333333,15.0,54.36000000000001
CATEGORY_COHORT,"Other :: Office and computing machinery, equipment and supplies except furniture and software packages",United Kingdom,60,39,1,16.666666666666664,15.0,54.33833333333334
CATEGORY_COHORT,Other :: *Human resources consulting service,Canada federal,31,25,1,35.483870967741936,15.0,54.318333333333335
CATEGORY_COHORT,Other :: *Snow removal services,Canada federal,58,14,1,36.206896551724135,15.0,54.300000000000004
CATEGORY_COHORT,Other :: Hire of passenger transport vehicles with driver,United Kingdom,614,48,1,1.1400651465798046,15.0,54.296666666666674
CATEGORY_COHORT,Other :: Social work services,United Kingdom,61,43,1,14.754098360655737,15.0,54.28833333333334
CATEGORY_COHORT,Other :: School books.,Ireland,151,143,1,0.0,15.0,54.25666666666667
CATEGORY_COHORT,Other :: Building-cleaning services,United Kingdom,72,65,1,9.722222222222223,15.0,54.25666666666667
CATEGORY_COHORT,"Other :: Medical equipments, pharmaceuticals and personal care products",United Kingdom,213,55,1,4.225352112676056,15.0,54.171666666666674
CATEGORY_COHORT,Other :: Commercial property management services,United Kingdom,31,27,1,32.25806451612903,15.0,54.12833333333333
CATEGORY_COHORT,Other :: Building installation work,United Kingdom,77,65,1,9.090909090909092,15.0,54.03
CATEGORY_COHORT,"Other :: Sewage-, refuse-, cleaning-, and environmental services.",Ireland,62,29,1,17.741935483870968,15.0,53.833333333333336
CATEGORY_COHORT,Other :: Research and development consultancy services,United Kingdom,71,36,1,14.084507042253522,15.0,53.80166666666668
CATEGORY_COHORT,Other :: Dental-practice services,United Kingdom,51,26,1,21.568627450980394,15.0,53.73333333333334
CATEGORY_COHORT,"Other :: Occupational clothing, special workwear and accessories",United Kingdom,46,43,1,17.391304347826086,15.0,53.65500000000001
CATEGORY_COHORT,Other :: Miscellaneous repair and maintenance services,United Kingdom,56,44,1,14.285714285714285,15.0,53.65166666666667
CATEGORY_COHORT,Other :: Cleaning products,United Kingdom,39,32,1,23.076923076923077,15.0,53.63333333333333
CATEGORY_COHORT,Other :: *Lease and rental of property or building,Canada federal,55,12,1,47.27272727272727,15.0,53.51500000000001
CATEGORY_COHORT,Other :: Canteen and catering services,United Kingdom,60,53,1,11.666666666666666,15.0,53.48833333333334
CATEGORY_COHORT,Other :: Buildings of particular historical or architectural interest.,Ireland,41,26,1,24.390243902439025,15.0,53.45166666666667
CATEGORY_COHORT,Other :: *Professional engineering services,Canada federal,54,15,1,31.48148148148148,15.0,53.42666666666667
CATEGORY_COHORT,Other :: Repair and maintenance services of security equipment,United Kingdom,55,50,1,12.727272727272727,15.0,53.38166666666667
CATEGORY_COHORT,Other :: Marketing services,United Kingdom,77,61,1,7.792207792207792,15.0,53.35500000000001
CATEGORY_COHORT,Other :: *Office or work chair,Canada federal,43,13,1,48.837209302325576,15.0,53.25166666666667
CATEGORY_COHORT,"Other :: Furniture (incl. office furniture), furnishings, domestic appliances (excl. lighting) and cleaning products",United Kingdom,54,49,1,12.962962962962962,15.0,53.216666666666676
CATEGORY_COHORT,Other :: Repair and maintenance services of electrical building installations,United Kingdom,58,48,1,12.068965517241379,15.0,53.190000000000005
CATEGORY_COHORT,Other :: Construction work for houses,United Kingdom,43,26,1,23.25581395348837,15.0,53.181666666666665
CATEGORY_COHORT,Other :: Transport equipment and auxiliary products to transportation,United Kingdom,70,51,1,10.0,15.0,53.15666666666667
CATEGORY_COHORT,Other :: Repair and maintenance services of central heating,United Kingdom,63,58,1,9.523809523809524,15.0,53.14833333333334
CATEGORY_COHORT,Other :: Mechanical and electrical engineering services,United Kingdom,43,30,1,20.930232558139537,15.0,53.10166666666667
CATEGORY_COHORT,Other :: Transport systems consultancy services,United Kingdom,34,24,1,29.411764705882355,15.0,53.085
CATEGORY_COHORT,Other :: Pre-school education services,United Kingdom,45,21,1,26.666666666666668,15.0,53.00666666666667
CATEGORY_COHORT,Other :: Financial and insurance services.,Ireland,39,24,1,25.64102564102564,15.0,52.975
CATEGORY_COHORT,Other :: *Professional procurement services,Canada federal,36,24,1,27.77777777777778,15.0,52.97333333333335
CATEGORY_COHORT,Other :: Construction work for school buildings.,Ireland,76,45,1,9.210526315789473,15.0,52.96666666666667
CATEGORY_COHORT,"Other :: Accommodation, building and window cleaning services",United Kingdom,40,35,1,20.0,15.0,52.96000000000001
CATEGORY_COHORT,Other :: Event services.,Ireland,72,31,1,13.88888888888889,15.0,52.949999999999996
CATEGORY_COHORT,Other :: Quantity surveying services for civil engineering works.,Ireland,65,55,1,9.230769230769232,15.0,52.896666666666675
CATEGORY_COHORT,Other :: Energy and related services.,Ireland,66,33,1,13.636363636363635,15.0,52.895
CATEGORY_COHORT,Other :: General management consultancy services,United Kingdom,63,28,1,15.873015873015872,15.0,52.76166666666668
CATEGORY_COHORT,Other :: In vitro fertilisation services,United Kingdom,99,11,1,35.35353535353536,15.0,52.71833333333334
CATEGORY_COHORT,Other :: Medical equipments.,Ireland,71,21,1,19.718309859154928,15.0,52.650000000000006
CATEGORY_COHORT,Other :: Business and management consultancy services.,Ireland,40,27,1,22.5,15.0,52.645
CATEGORY_COHORT,Other :: Guidance and counselling services,United Kingdom,77,58,1,6.493506493506493,15.0,52.59
CATEGORY_COHORT,Other :: Property management services of real estate on a fee or contract basis,United Kingdom,41,32,1,19.51219512195122,15.0,52.545
CATEGORY_COHORT,Other :: Civil engineering consultancy services,United Kingdom,49,43,1,14.285714285714285,15.0,52.518333333333345
CATEGORY_COHORT,"Other :: Agricultural, farming, fishing, forestry and related products.",Ireland,54,21,1,22.22222222222222,15.0,52.49000000000001
CATEGORY_COHORT,Other :: Provision of services to the community,United Kingdom,82,53,1,6.097560975609756,15.0,52.45333333333334
CATEGORY_COHORT,Other :: Electrical engineering installation works.,Ireland,52,50,1,11.538461538461538,15.0,52.45333333333333
CATEGORY_COHORT,Other :: Machine tools.,Ireland,40,32,1,20.0,15.0,52.41833333333334
CATEGORY_COHORT,"Other :: Food, beverages, tobacco and related products.",Ireland,46,24,1,21.73913043478261,15.0,52.396666666666675
CATEGORY_COHORT,Other :: Company health services,United Kingdom,46,42,1,15.217391304347828,15.0,52.36166666666668
CATEGORY_COHORT,Other :: Storage and warehousing services.,Ireland,39,17,1,30.76923076923077,15.0,52.32666666666667
CATEGORY_COHORT,Other :: Archaeological services.,Ireland,35,17,1,34.285714285714285,15.0,52.31000000000001
CATEGORY_COHORT,Other :: Horticultural services,United Kingdom,55,39,1,12.727272727272727,15.0,52.29833333333334
CATEGORY_COHORT,Other :: Laser printers.,Ireland,28,25,1,32.142857142857146,15.0,52.248333333333335
CATEGORY_COHORT,Other :: Protective and safety clothing,United Kingdom,38,36,1,18.421052631578945,15.0,52.20666666666667
CATEGORY_COHORT,Other :: Housing services,United Kingdom,71,47,1,8.450704225352112,15.0,52.14833333333335
CATEGORY_COHORT,Other :: Geographic information systems (GIS or equivalent).,Ireland,27,20,1,40.74074074074074,15.0,52.12
CATEGORY_COHORT,Other :: Relocation services,United Kingdom,31,29,1,25.806451612903224,15.0,52.10333333333334
CATEGORY_COHORT,Other :: Hire of buses and coaches with driver,United Kingdom,36,30,1,22.22222222222222,15.0,52.08833333333334
CATEGORY_COHORT,Other :: Landscape gardening services,United Kingdom,38,34,1,18.421052631578945,15.0,51.903333333333336
CATEGORY_COHORT,Other :: Home medical treatment services,United Kingdom,43,14,1,34.883720930232556,15.0,51.83
CATEGORY_COHORT,Other :: Storage and warehousing services,United Kingdom,39,27,1,20.51282051282051,15.0,51.76
CATEGORY_COHORT,"Other :: Technical testing, analysis and consultancy services",United Kingdom,51,42,1,11.76470588235294,15.0,51.59333333333334
CATEGORY_COHORT,Other :: Technical inspection and testing services,United Kingdom,61,49,1,8.19672131147541,15.0,51.52666666666667
CATEGORY_COHORT,Other :: Engineering services,United Kingdom,49,40,1,12.244897959183673,15.0,51.38000000000002
CATEGORY_COHORT,Other :: Child daycare services,United Kingdom,42,23,1,21.428571428571427,15.0,51.18333333333333
CATEGORY_COHORT,"Other :: Architectural, engineering and surveying services.",Ireland,42,23,1,21.428571428571427,15.0,51.18333333333333
CATEGORY_COHORT,Other :: Engineering works and construction works,United Kingdom,70,58,1,2.857142857142857,15.0,51.178333333333335
CATEGORY_COHORT,Other :: Adult and other education services,United Kingdom,72,52,1,4.166666666666666,15.0,51.07333333333333
CATEGORY_COHORT,Other :: Personnel and payroll services,United Kingdom,42,38,1,14.285714285714285,15.0,51.006666666666675
CATEGORY_COHORT,"Other :: *Training planning, facilitation and delivery services",Canada federal,28,17,1,39.285714285714285,15.0,50.99
CATEGORY_COHORT,Other :: Procurement consultancy services,United Kingdom,34,25,1,23.52941176470588,15.0,50.949999999999996
CATEGORY_COHORT,"Other :: Fleet management, repair and maintenance services",United Kingdom,44,37,1,13.636363636363635,15.0,50.93
CATEGORY_COHORT,"Other :: Musical instruments, sport goods, games, toys, handicraft, art materials and accessories.",Ireland,33,25,1,24.242424242424242,15.0,50.89166666666667
CATEGORY_COHORT,Other :: Building services,United Kingdom,38,29,1,18.421052631578945,15.0,50.885000000000005
CATEGORY_COHORT,Other :: Vehicle-fleet management services,United Kingdom,24,23,1,37.5,15.0,50.848333333333336
CATEGORY_COHORT,Other :: *Chairs,Canada federal,26,17,1,42.30769230769231,15.0,50.818333333333335
CATEGORY_COHORT,Other :: Lifting and handling equipment and parts.,Ireland,31,16,1,35.483870967741936,15.0,50.74333333333333
CATEGORY_COHORT,Other :: Construction structures and materials; auxiliary products to construction (except electric apparatus),United Kingdom,52,42,1,9.615384615384617,15.0,50.72166666666667
CATEGORY_COHORT,Other :: Gyneacologic or obstetric services,United Kingdom,31,20,1,29.03225806451613,15.0,50.615
CATEGORY_COHORT,Other :: Orthopaedic services,United Kingdom,24,17,1,50.0,15.0,50.50833333333334
CATEGORY_COHORT,Other :: Survey services,United Kingdom,45,33,1,13.333333333333334,15.0,50.410000000000004
CATEGORY_COHORT,Other :: Financial auditing services,United Kingdom,37,35,1,16.216216216216218,15.0,50.40833333333334
CATEGORY_COHORT,Other :: *Furniture,Canada federal,31,19,1,29.03225806451613,15.0,50.37666666666667
CATEGORY_COHORT,Other :: *Valves,Canada federal,93,7,1,54.83870967741935,15.0,50.36166666666667
CATEGORY_COHORT,Other :: Structural engineering consultancy services,United Kingdom,30,27,1,23.333333333333332,15.0,50.230000000000004
CATEGORY_COHORT,"Other :: Repair, maintenance and associated services of vehicles and related equipment",United Kingdom,59,43,1,6.779661016949152,15.0,50.216666666666676
CATEGORY_COHORT,Other :: Television and audio-visual equipment.,Ireland,28,19,1,32.142857142857146,15.0,50.21166666666667
CATEGORY_COHORT,Other :: Technical analysis or consultancy services,United Kingdom,33,23,1,24.242424242424242,15.0,50.198333333333345
CATEGORY_COHORT,Other :: Installation of doors and windows and related components,United Kingdom,31,27,1,22.58064516129032,15.0,50.15333333333333
CATEGORY_COHORT,Other :: Laboratory services.,Ireland,37,17,1,27.027027027027028,15.0,50.15
CATEGORY_COHORT,Other :: Administrative healthcare services,United Kingdom,41,26,1,17.073170731707318,15.0,50.13666666666667
CATEGORY_COHORT,Other :: Lighting equipment and electric lamps.,Ireland,27,22,1,29.629629629629626,15.0,49.991666666666674
CATEGORY_COHORT,Other :: Evaluation consultancy services,United Kingdom,43,31,1,13.953488372093023,15.0,49.94333333333333
CATEGORY_COHORT,Other :: Internal audit services,United Kingdom,49,48,1,8.16326530612245,15.0,49.89833333333334
CATEGORY_COHORT,Other :: Social services,United Kingdom,66,44,1,3.0303030303030303,15.0,49.85333333333334
CATEGORY_COHORT,Other :: Highway maintenance work,United Kingdom,26,17,1,38.46153846153847,15.0,49.843333333333334
CATEGORY_COHORT,Other :: Sports goods and equipment.,Ireland,28,26,1,25.0,15.0,49.66333333333334
CATEGORY_COHORT,Other :: *Agricultural tractors,Canada federal,38,13,1,34.21052631578947,15.0,49.64
CATEGORY_COHORT,Other :: *Human resources services,Canada federal,24,19,1,37.5,15.0,49.505
CATEGORY_COHORT,Other :: Prefabricated buildings.,Ireland,26,21,1,30.76923076923077,15.0,49.49166666666667
CATEGORY_COHORT,Other :: *Business administration services,Canada federal,33,21,1,24.242424242424242,15.0,49.461666666666666
CATEGORY_COHORT,Other :: Sports facilities operation services,United Kingdom,54,45,1,5.555555555555555,15.0,49.29333333333334
CATEGORY_COHORT,Other :: *Aircraft equipment,Canada federal,92,9,1,33.69565217391305,15.0,49.16666666666667
CATEGORY_COHORT,Other :: Outpatient care services,United Kingdom,38,20,1,21.052631578947366,15.0,49.096666666666664
CATEGORY_COHORT,Other :: Construction work for houses.,Ireland,29,19,1,27.586206896551722,15.0,49.053333333333335
CATEGORY_COHORT,Other :: Social work services without accommodation,United Kingdom,60,26,1,10.0,15.0,49.050000000000004
CATEGORY_COHORT,Other :: Infrastructure works consultancy services,United Kingdom,21,20,1,42.857142857142854,15.0,49.035000000000004
CATEGORY_COHORT,Other :: Modular and portable buildings,United Kingdom,36,29,1,16.666666666666664,15.0,49.02833333333334
CATEGORY_COHORT,Other :: Repair and maintenance services of boilers,United Kingdom,25,24,1,28.000000000000004,15.0,49.013333333333335
CATEGORY_COHORT,Other :: Accounting and auditing services,United Kingdom,26,24,1,26.923076923076923,15.0,48.94666666666667
CATEGORY_COHORT,Other :: *Management advisory services,Canada federal,29,16,1,31.03448275862069,15.0,48.86500000000001
CATEGORY_COHORT,Other :: Human resources management consultancy services.,Ireland,33,23,1,21.21212121212121,15.0,48.83333333333334
CATEGORY_COHORT,Other :: *Marine craft systems and subassemblies,Canada federal,87,6,1,51.724137931034484,15.0,48.805
CATEGORY_COHORT,Other :: Dog kennel services,United Kingdom,38,32,1,13.157894736842104,15.0,48.79833333333333
CATEGORY_COHORT,"Other :: Clothing, footwear, luggage articles and accessories",United Kingdom,51,45,1,3.9215686274509802,15.0,48.66166666666667
CATEGORY_COHORT,Other :: Courier services,United Kingdom,44,39,1,9.090909090909092,15.0,48.64333333333334
CATEGORY_COHORT,Other :: Energy-management services,United Kingdom,35,32,1,14.285714285714285,15.0,48.486666666666665
CATEGORY_COHORT,"Other :: Demolition, site preparation and clearance work.",Ireland,31,22,1,22.58064516129032,15.0,48.44166666666667
CATEGORY_COHORT,Other :: Construction work for sports facilities.,Ireland,25,18,1,32.0,15.0,48.37333333333334
CATEGORY_COHORT,Other :: Parking services,United Kingdom,24,22,1,29.166666666666668,15.0,48.18500000000001
CATEGORY_COHORT,Other :: Gas appliance maintenance services,United Kingdom,36,30,1,13.88888888888889,15.0,48.17333333333334
CATEGORY_COHORT,Other :: Public relations services,United Kingdom,41,33,1,9.75609756097561,15.0,48.17000000000001
CATEGORY_COHORT,Other :: Engineering design services,United Kingdom,38,29,1,13.157894736842104,15.0,48.17
CATEGORY_COHORT,Other :: Minibuses.,Ireland,53,23,1,11.320754716981133,15.0,48.15166666666667
CATEGORY_COHORT,Other :: Tree-maintenance services,United Kingdom,46,41,1,6.521739130434782,15.0,48.150000000000006
CATEGORY_COHORT,"Other :: Radio, television, communication, telecommunication and related equipment.",Ireland,27,17,1,29.629629629629626,15.0,48.08500000000001
CATEGORY_COHORT,Other :: Business development consultancy services,United Kingdom,39,27,1,12.82051282051282,15.0,47.934999999999995
CATEGORY_COHORT,Other :: Engineering works and construction works.,Ireland,37,24,1,16.216216216216218,15.0,47.87333333333334
CATEGORY_COHORT,Other :: Specialist vehicles,United Kingdom,30,25,1,20.0,15.0,47.870000000000005
CATEGORY_COHORT,Other :: Miscellaneous business and business-related services,United Kingdom,30,25,1,20.0,15.0,47.870000000000005
CATEGORY_COHORT,Other :: Refuse disposal and treatment,United Kingdom,50,39,1,2.0,15.0,47.683333333333344
CATEGORY_COHORT,Other :: *Marine construction services,Canada federal,171,7,1,30.409356725146196,15.0,47.67333333333334
CATEGORY_COHORT,Other :: Furniture,United Kingdom,37,32,1,10.81081081081081,15.0,47.64666666666667
CATEGORY_COHORT,Other :: Call centre,United Kingdom,37,32,1,10.81081081081081,15.0,47.64666666666667
CATEGORY_COHORT,"Other :: Financial consultancy, financial transaction processing and clearing-house services",United Kingdom,25,25,1,24.0,15.0,47.61333333333334
CATEGORY_COHORT,Other :: Paediatric services,United Kingdom,29,19,1,24.137931034482758,15.0,47.583333333333336
CATEGORY_COHORT,Other :: Surveillance and security systems and devices,United Kingdom,31,29,1,16.129032258064516,15.0,47.528333333333336
CATEGORY_COHORT,Other :: Engineering design services for mechanical and electrical installations for buildings.,Ireland,23,13,1,69.56521739130434,15.0,47.516666666666666
CATEGORY_COHORT,Other :: Audio-visual equipment,United Kingdom,38,31,1,10.526315789473683,15.0,47.471666666666664
CATEGORY_COHORT,"Other :: Recreational, cultural and sporting services.",Ireland,60,21,1,10.0,15.0,47.29500000000001
CATEGORY_COHORT,Other :: Building completion work,United Kingdom,26,24,1,23.076923076923077,15.0,47.26666666666667
CATEGORY_COHORT,Other :: Industrial machinery,United Kingdom,54,32,1,1.8518518518518516,15.0,47.17333333333334
CATEGORY_COHORT,Other :: Refuse-collection vehicles,United Kingdom,19,16,1,52.63157894736842,15.0,46.98333333333334
CATEGORY_COHORT,Other :: Surgical specialist services,United Kingdom,22,15,1,40.909090909090914,15.0,46.94833333333334
CATEGORY_COHORT,Other :: Networks,United Kingdom,25,18,1,28.000000000000004,15.0,46.93333333333334
CATEGORY_COHORT,Other :: *Heavy construction machinery and equipment,Canada federal,39,13,1,25.64102564102564,15.0,46.93
CATEGORY_COHORT,Other :: Electric vehicles,United Kingdom,25,23,1,24.0,15.0,46.92
CATEGORY_COHORT,Other :: Specialist training services,United Kingdom,47,31,1,6.382978723404255,15.0,46.89333333333333
CATEGORY_COHORT,Other :: Construction project management services.,Ireland,38,17,1,18.421052631578945,15.0,46.87666666666667
CATEGORY_COHORT,Other :: Siteworks.,Ireland,22,16,1,36.36363636363637,15.0,46.76166666666667
CATEGORY_COHORT,Other :: Agricultural machinery.,Ireland,34,15,1,23.52941176470588,15.0,46.61666666666667
CATEGORY_COHORT,Other :: Human resources management consultancy services,United Kingdom,36,27,1,11.11111111111111,15.0,46.448333333333345
CATEGORY_COHORT,Other :: Orthodontic services,United Kingdom,34,9,1,70.58823529411765,15.0,46.440000000000005
CATEGORY_COHORT,Other :: Auditing services.,Ireland,29,25,1,17.24137931034483,15.0,46.440000000000005
CATEGORY_COHORT,Other :: Consultative engineering and construction services,United Kingdom,29,25,1,17.24137931034483,15.0,46.440000000000005
CATEGORY_COHORT,Other :: Advisory architectural services.,Ireland,32,30,1,12.5,15.0,46.36833333333334
CATEGORY_COHORT,Other :: *Language schooling,Canada federal,24,17,1,29.166666666666668,15.0,46.27833333333334
CATEGORY_COHORT,Other :: Development consultancy services,United Kingdom,28,25,1,17.857142857142858,15.0,46.248333333333335
CATEGORY_COHORT,Other :: Modular and portable buildings.,Ireland,25,21,1,24.0,15.0,46.18333333333333
CATEGORY_COHORT,Other :: Overhaul and refurbishment work,United Kingdom,30,25,1,16.666666666666664,15.0,46.175000000000004
CATEGORY_COHORT,Other :: *Military transport aircraft,Canada federal,77,3,1,55.84415584415584,15.0,46.165000000000006
CATEGORY_COHORT,Other :: Funeral and related services,United Kingdom,40,38,1,2.5,15.0,46.08500000000001
CATEGORY_COHORT,Other :: Blood analysis services,United Kingdom,26,12,1,42.30769230769231,15.0,46.05166666666667
CATEGORY_COHORT,Other :: Research consultancy services,United Kingdom,31,28,1,12.903225806451612,15.0,45.965
CATEGORY_COHORT,Other :: Mains gas,United Kingdom,28,24,1,17.857142857142858,15.0,45.92333333333334
CATEGORY_COHORT,Other :: Security services.,Ireland,35,22,1,14.285714285714285,15.0,45.756666666666675
CATEGORY_COHORT,Other :: Laboratory reagents,United Kingdom,35,22,1,14.285714285714285,15.0,45.756666666666675
CATEGORY_COHORT,Other :: *ADP Software,Canada federal,105,1,1,50.476190476190474,15.0,45.69166666666667
CATEGORY_COHORT,Other :: *Motor vehicles,Canada federal,29,12,1,34.48275862068966,15.0,45.68
CATEGORY_COHORT,"Other :: Construction, foundation and surface works for highways, roads.",Ireland,34,14,1,23.52941176470588,15.0,45.663333333333334
CATEGORY_COHORT,Other :: Asbestos-removal work,United Kingdom,33,26,1,12.121212121212121,15.0,45.561666666666675
CATEGORY_COHORT,Other :: Fire-prevention installation works,United Kingdom,35,31,1,8.571428571428571,15.0,45.54
CATEGORY_COHORT,Other :: *Aerospace systems and components and equipment,Canada federal,48,6,1,50.0,15.0,45.436666666666675
CATEGORY_COHORT,Other :: Local area network.,Ireland,50,10,1,28.000000000000004,15.0,45.43166666666667
CATEGORY_COHORT,Other :: Public utilities,United Kingdom,38,34,1,5.263157894736842,15.0,45.40833333333333
CATEGORY_COHORT,Other :: *Data services,Canada federal,27,12,1,37.03703703703704,15.0,45.403333333333336
CATEGORY_COHORT,"Other :: Technical testing, analysis and consultancy services.",Ireland,21,15,1,38.095238095238095,15.0,45.39000000000001
CATEGORY_COHORT,Other :: Special education services,United Kingdom,27,22,1,18.51851851851852,15.0,45.296666666666674
CATEGORY_COHORT,"Other :: Construction, foundation and surface works for highways, roads",United Kingdom,41,31,1,2.4390243902439024,15.0,45.17333333333333
CATEGORY_COHORT,"Other :: Hotel, restaurant and retail trade services.",Ireland,27,15,1,25.925925925925924,15.0,45.14500000000001
CATEGORY_COHORT,"Other :: Radio, television, communication, telecommunication and related equipment",United Kingdom,29,26,1,13.793103448275861,15.0,45.1
CATEGORY_COHORT,"Other :: Architectural, engineering and planning services",United Kingdom,21,19,1,28.57142857142857,15.0,45.00166666666667
CATEGORY_COHORT,Other :: *Commercial and office building renovation and repair service,Canada federal,27,10,1,55.55555555555556,15.0,44.980000000000004
CATEGORY_COHORT,Other :: Laundry-management services,United Kingdom,26,22,1,19.230769230769234,15.0,44.97
CATEGORY_COHORT,"Other :: Architectural, engineering and surveying services",United Kingdom,21,16,1,33.33333333333333,15.0,44.91833333333334
CATEGORY_COHORT,Other :: Emergency lighting equipment.,Ireland,28,11,1,39.285714285714285,15.0,44.88
CATEGORY_COHORT,Other :: Administration services,United Kingdom,37,27,1,8.108108108108109,15.0,44.858333333333334
CATEGORY_COHORT,Other :: Gynaecological hospital services,United Kingdom,23,11,1,65.21739130434783,15.0,44.76333333333334
CATEGORY_COHORT,Other :: Solar energy.,Ireland,33,20,1,15.151515151515152,15.0,44.72833333333334
CATEGORY_COHORT,Other :: Community action programme,United Kingdom,92,16,1,3.260869565217391,15.0,44.716666666666676
CATEGORY_COHORT,Other :: Development consultancy services.,Ireland,27,13,1,29.629629629629626,15.0,44.68333333333334
CATEGORY_COHORT,Other :: *Vehicle rental,Canada federal,33,8,1,57.57575757575758,15.0,44.64833333333333
CATEGORY_COHORT,"Other :: Electrical machinery, apparatus, equipment and consumables; lighting",United Kingdom,35,32,1,5.714285714285714,15.0,44.49666666666666
CATEGORY_COHORT,Other :: *Measuring and observing and testing instruments,Canada federal,34,9,1,41.17647058823529,15.0,44.445
CATEGORY_COHORT,"Other :: Clothing, footwear, luggage articles and accessories.",Ireland,29,19,1,17.24137931034483,15.0,44.403333333333336
CATEGORY_COHORT,Other :: Electrical services.,Ireland,20,14,1,40.0,15.0,44.293333333333344
CATEGORY_COHORT,Other :: Research and development consultancy services.,Ireland,28,16,1,21.428571428571427,15.0,44.24833333333334
CATEGORY_COHORT,Other :: Installation services of fire protection equipment,United Kingdom,24,21,1,20.833333333333336,15.0,44.231666666666676
CATEGORY_COHORT,"Other :: Repair, maintenance and associated services related to railways and other equipment",United Kingdom,31,14,1,22.58064516129032,15.0,44.21666666666667
CATEGORY_COHORT,Other :: Telecommunications services.,Ireland,21,15,1,33.33333333333333,15.0,44.160000000000004
CATEGORY_COHORT,Other :: Road markings.,Ireland,25,12,1,36.0,15.0,44.10833333333334
CATEGORY_COHORT,Other :: Repair and maintenance services of medical and surgical equipment,United Kingdom,25,14,1,28.000000000000004,15.0,44.05166666666667
CATEGORY_COHORT,Other :: Statutory audit services,United Kingdom,29,27,1,10.344827586206897,15.0,43.985
CATEGORY_COHORT,Other :: Restaurant and food-serving services.,Ireland,36,17,1,13.88888888888889,15.0,43.970000000000006
CATEGORY_COHORT,Other :: Mobile-telephone services,United Kingdom,19,17,1,31.57894736842105,15.0,43.915000000000006
CATEGORY_COHORT,Other :: *Real estate services,Canada federal,46,8,1,32.608695652173914,15.0,43.80833333333334
CATEGORY_COHORT,Other :: Buses and Coaches.,Ireland,22,14,1,31.818181818181817,15.0,43.775000000000006
CATEGORY_COHORT,Other :: Consulting services for water-supply and waste consultancy,United Kingdom,28,23,1,14.285714285714285,15.0,43.72500000000001
CATEGORY_COHORT,Other :: Secondary school construction work.,Ireland,22,16,1,27.27272727272727,15.0,43.65666666666667
CATEGORY_COHORT,Other :: Solar panels.,Ireland,17,16,1,41.17647058823529,15.0,43.561666666666675
CATEGORY_COHORT,Other :: *Business intelligence consulting services,Canada federal,20,16,1,30.0,15.0,43.54500000000001
CATEGORY_COHORT,Other :: Office furniture,United Kingdom,22,20,1,22.727272727272727,15.0,43.513333333333335
CATEGORY_COHORT,Other :: Installation services (except software),United Kingdom,33,30,1,6.0606060606060606,15.0,43.50166666666667
CATEGORY_COHORT,"Other :: Accounting, auditing and fiscal services",United Kingdom,33,25,1,9.090909090909092,15.0,43.46666666666667
CATEGORY_COHORT,Other :: Payroll management services,United Kingdom,28,26,1,10.714285714285714,15.0,43.36333333333334
CATEGORY_COHORT,Other :: Ships and boats.,Ireland,21,13,1,38.095238095238095,15.0,43.35333333333333
CATEGORY_COHORT,Other :: Generators.,Ireland,26,15,1,23.076923076923077,15.0,43.25833333333334
CATEGORY_COHORT,Other :: Energy-efficiency consultancy services.,Ireland,21,11,1,61.904761904761905,15.0,43.225
CATEGORY_COHORT,Other :: Railway and tramway locomotives and rolling stock and associated parts,United Kingdom,32,12,1,25.0,15.0,43.20333333333334
CATEGORY_COHORT,Other :: Window-cleaning services,United Kingdom,32,29,1,6.25,15.0,43.20333333333334
CATEGORY_COHORT,Other :: Environmental engineering consultancy services,United Kingdom,35,26,1,5.714285714285714,15.0,43.15333333333333
CATEGORY_COHORT,"Other :: Electric motors, generators and transformers.",Ireland,18,13,1,50.0,15.0,43.053333333333335
CATEGORY_COHORT,Other :: *Security guard services,Canada federal,22,11,1,45.45454545454545,15.0,42.90833333333334
CATEGORY_COHORT,Other :: Fuels,United Kingdom,30,24,1,10.0,15.0,42.88000000000001
CATEGORY_COHORT,Other :: UNKNOWN,Ireland,294,13,1,0.0,15.0,42.84166666666667
CATEGORY_COHORT,Other :: Rehabilitation hospital services,United Kingdom,17,15,1,41.17647058823529,15.0,42.80333333333334
CATEGORY_COHORT,Other :: Mechanical engineering installation works.,Ireland,25,22,1,16.0,15.0,42.75666666666667
CATEGORY_COHORT,Other :: Building and facilities management services.,Ireland,21,18,1,23.809523809523807,15.0,42.608333333333334
CATEGORY_COHORT,Other :: *ADP Input-Output and Storage Devices,Canada federal,53,1,1,52.83018867924528,15.0,42.528333333333336
CATEGORY_COHORT,"Other :: Construction work for buildings relating to leisure, sports, culture, lodging and restaurants",United Kingdom,26,21,1,15.384615384615385,15.0,42.50166666666667
CATEGORY_COHORT,Other :: Tyres for heavy/light-duty vehicles,United Kingdom,20,18,1,25.0,15.0,42.480000000000004
CATEGORY_COHORT,Other :: Miscellaneous services,United Kingdom,30,28,1,6.666666666666667,15.0,42.47166666666668
CATEGORY_COHORT,"Other :: Firefighting, rescue and safety equipment.",Ireland,18,14,1,38.88888888888889,15.0,42.45666666666667
CATEGORY_COHORT,Other :: Landscaping work for sports grounds and recreational areas.,Ireland,18,14,1,38.88888888888889,15.0,42.45666666666667
CATEGORY_COHORT,Other :: Veterinary services,United Kingdom,73,13,1,8.21917808219178,15.0,42.36333333333334
CATEGORY_COHORT,Other :: *Drugs and Pharmaceutical Products,Canada federal,47,5,1,36.17021276595745,15.0,42.23500000000001
CATEGORY_COHORT,"Other :: Heating, ventilation and air-conditioning installation work",United Kingdom,22,22,1,18.181818181818183,15.0,42.18000000000001
CATEGORY_COHORT,Other :: Stationery,United Kingdom,18,18,1,27.77777777777778,15.0,42.17333333333334
CATEGORY_COHORT,Other :: Furniture.,Ireland,24,16,1,20.833333333333336,15.0,42.086666666666666
CATEGORY_COHORT,"Other :: Windows, doors and related items.",Ireland,21,17,1,23.809523809523807,15.0,42.04500000000001
CATEGORY_COHORT,Other :: Audio-visual equipment.,Ireland,21,17,1,23.809523809523807,15.0,42.04500000000001
CATEGORY_COHORT,Other :: *Water transport vessel maintenance and repair services,Canada federal,56,2,1,39.285714285714285,15.0,42.02333333333334
CATEGORY_COHORT,Other :: Construction-related services,United Kingdom,28,22,1,10.714285714285714,15.0,41.97666666666667
CATEGORY_COHORT,Other :: *Application or technology research and development service,Canada federal,31,8,1,38.70967741935484,15.0,41.82
CATEGORY_COHORT,Other :: Banking and investment services,United Kingdom,23,20,1,17.391304347826086,15.0,41.78333333333334
CATEGORY_COHORT,Other :: Painting work.,Ireland,21,14,1,28.57142857142857,15.0,41.75166666666667
CATEGORY_COHORT,"Other :: *LOCAL AREA NETWORKS, SYSTEMS AND COMPONENTS",Canada federal,48,1,1,47.91666666666667,15.0,41.585
CATEGORY_COHORT,Other :: Printed matter and related products.,Ireland,38,20,1,5.263157894736842,15.0,41.55166666666666
CATEGORY_COHORT,Other :: Building services.,Ireland,28,27,1,7.142857142857142,15.0,41.54333333333334
CATEGORY_COHORT,Other :: Technical support services,United Kingdom,26,18,1,15.384615384615385,15.0,41.52666666666667
CATEGORY_COHORT,Other :: Collection agency services,United Kingdom,22,20,1,18.181818181818183,15.0,41.443333333333335
CATEGORY_COHORT,Other :: Accommodation services,United Kingdom,30,27,1,3.3333333333333335,15.0,41.410000000000004
CATEGORY_COHORT,Other :: Boats.,Ireland,18,13,1,38.88888888888889,15.0,41.373333333333335
CATEGORY_COHORT,Other :: Hotel services.,Ireland,18,13,1,38.88888888888889,15.0,41.373333333333335
CATEGORY_COHORT,"Other :: Security, fire-fighting, police and defence equipment",United Kingdom,24,15,1,20.833333333333336,15.0,41.32833333333334
CATEGORY_COHORT,Other :: *Building and facility maintenance and repair services,Canada federal,35,8,1,31.428571428571427,15.0,41.265
CATEGORY_COHORT,Other :: *Product and material trailers,Canada federal,30,9,1,33.33333333333333,15.0,41.215
CATEGORY_COHORT,Other :: Waste and rubbish containers and bins.,Ireland,23,18,1,17.391304347826086,15.0,41.17666666666667
CATEGORY_COHORT,Other :: *Hotels and lodging and meeting facilities,Canada federal,37,7,1,32.432432432432435,15.0,41.150000000000006
CATEGORY_COHORT,Other :: Polythene waste and refuse sacks and bags,United Kingdom,19,16,1,26.31578947368421,15.0,41.14833333333333
CATEGORY_COHORT,"Other :: Office machinery, equipment and supplies except computers, printers and furniture",United Kingdom,18,16,1,27.77777777777778,15.0,41.00333333333334
CATEGORY_COHORT,Other :: Parking enforcement services,United Kingdom,33,27,1,0.0,15.0,40.98166666666667
CATEGORY_COHORT,Other :: *Construction equipment rental or leasing service,Canada federal,33,3,1,96.96969696969697,15.0,40.940000000000005
CATEGORY_COHORT,Other :: *Pumps,Canada federal,29,5,1,62.06896551724138,15.0,40.86333333333334
CATEGORY_COHORT,Other :: Highways consultancy services,United Kingdom,20,20,1,20.0,15.0,40.79166666666667
CATEGORY_COHORT,Other :: Mechanical and electrical engineering services.,Ireland,21,15,1,23.809523809523807,15.0,40.68000000000001
CATEGORY_COHORT,Other :: *Bridge construction and repair service,Canada federal,33,6,1,39.39393939393939,15.0,40.65666666666667
CATEGORY_COHORT,Other :: *Fishery data collection or distribution,Canada federal,34,2,1,82.35294117647058,15.0,40.62333333333333
CATEGORY_COHORT,Other :: Hotel accommodation services,United Kingdom,25,21,1,12.0,15.0,40.60333333333333
CATEGORY_COHORT,Other :: Benefit services,United Kingdom,20,19,1,20.0,15.0,40.55333333333334
CATEGORY_COHORT,Other :: Landscape gardening services.,Ireland,20,15,1,25.0,15.0,40.55166666666668
CATEGORY_COHORT,"Other :: Agricultural, forestry, horticultural, aquacultural and apicultural services.",Ireland,30,11,1,23.333333333333332,15.0,40.50166666666667
CATEGORY_COHORT,Other :: Other services,United Kingdom,17,16,1,29.411764705882355,15.0,40.50166666666667
CATEGORY_COHORT,"Other :: *Automatic Data Processing Equipment, System Configuration",Canada federal,87,1,1,28.735632183908045,15.0,40.49833333333334
CATEGORY_COHORT,Other :: Playground equipment,United Kingdom,24,22,1,12.5,15.0,40.44500000000001
CATEGORY_COHORT,Other :: Higher education services,United Kingdom,30,24,1,3.3333333333333335,15.0,40.43500000000001
CATEGORY_COHORT,Other :: Office cleaning services,United Kingdom,23,22,1,13.043478260869565,15.0,40.37500000000001
CATEGORY_COHORT,Other :: Microscopes,United Kingdom,26,16,1,15.384615384615385,15.0,40.356666666666676
CATEGORY_COHORT,Other :: Mass spectrometer,United Kingdom,29,22,1,6.896551724137931,15.0,40.323333333333345
CATEGORY_COHORT,Other :: *Product research and development service,Canada federal,30,10,1,26.666666666666668,15.0,40.23666666666667
CATEGORY_COHORT,Other :: Roof.,Ireland,20,18,1,20.0,15.0,40.185
CATEGORY_COHORT,Other :: Guidance services,United Kingdom,19,18,1,21.052631578947366,15.0,40.14333333333333
CATEGORY_COHORT,Other :: Market and economic research; polling and statistics,United Kingdom,24,21,1,12.5,15.0,40.076666666666675
CATEGORY_COHORT,Other :: Construction materials and associated items,United Kingdom,23,21,1,13.043478260869565,15.0,40.00666666666667
CATEGORY_COHORT,Other :: Consulting services for water-supply and waste-water other than for construction.,Ireland,14,14,1,92.85714285714286,15.0,39.92166666666667
CATEGORY_COHORT,Other :: *Parachutes,Canada federal,25,9,1,36.0,15.0,39.818333333333335
CATEGORY_COHORT,Other :: Mobile telephones.,Ireland,44,5,1,29.545454545454547,15.0,39.77833333333334
CATEGORY_COHORT,Other :: Laundry-collection services,United Kingdom,24,20,1,12.5,15.0,39.708333333333336
CATEGORY_COHORT,Other :: *Electrical equipment and components and supplies,Canada federal,26,15,1,15.384615384615385,15.0,39.59833333333334
CATEGORY_COHORT,Other :: *Electronic hardware and component parts and accessories *Electrical and electronic engineering,Canada federal,33,1,1,90.9090909090909,15.0,39.385
CATEGORY_COHORT,"Other :: Construction work for buildings relating to leisure, sports, culture, lodging and restaurants.",Ireland,14,14,1,57.14285714285714,15.0,39.36666666666667
CATEGORY_COHORT,Other :: Training programme services,United Kingdom,18,14,1,27.77777777777778,15.0,39.291666666666664
CATEGORY_COHORT,Other :: *Dredging services,Canada federal,49,4,1,28.57142857142857,15.0,39.27666666666667
CATEGORY_COHORT,Other :: Medical gases,United Kingdom,15,14,1,40.0,15.0,39.06666666666667
CATEGORY_COHORT,Other :: Printed matter and related products,United Kingdom,24,24,1,8.333333333333332,15.0,39.036666666666676
CATEGORY_COHORT,Other :: Museum-exhibition services,United Kingdom,23,18,1,13.043478260869565,15.0,39.03166666666667
CATEGORY_COHORT,Other :: Non-scheduled passenger transport,United Kingdom,27,9,1,29.629629629629626,15.0,39.028333333333336
CATEGORY_COHORT,Other :: *Commercial and office building construction services,Canada federal,24,7,1,45.83333333333333,15.0,39.01833333333334
CATEGORY_COHORT,"Other :: Petroleum products, fuel, electricity and other sources of energy.",Ireland,24,15,1,16.666666666666664,15.0,38.98833333333334
CATEGORY_COHORT,Other :: Urologist services,United Kingdom,19,10,1,42.10526315789473,15.0,38.87500000000001
CATEGORY_COHORT,Other :: Non-hazardous refuse and waste treatment and disposal services,United Kingdom,27,23,1,3.7037037037037033,15.0,38.870000000000005
CATEGORY_COHORT,Other :: Hospital support services,United Kingdom,18,10,1,50.0,15.0,38.85
CATEGORY_COHORT,Other :: *Electrical system services,Canada federal,27,6,1,40.74074074074074,15.0,38.83833333333334
CATEGORY_COHORT,Other :: Chemical products.,Ireland,17,14,1,29.411764705882355,15.0,38.79
CATEGORY_COHORT,Other :: Ground-drainage work.,Ireland,31,12,1,16.129032258064516,15.0,38.75333333333334
CATEGORY_COHORT,Other :: Geriatric services,United Kingdom,27,5,1,44.44444444444444,15.0,38.711666666666666
CATEGORY_COHORT,Other :: *Material handling machinery and equipment,Canada federal,25,8,1,36.0,15.0,38.67
CATEGORY_COHORT,Other :: Road construction works.,Ireland,26,14,1,15.384615384615385,15.0,38.64500000000001
CATEGORY_COHORT,Other :: *Hazardous waste disposal,Canada federal,20,9,1,45.0,15.0,38.54500000000001
CATEGORY_COHORT,Other :: Car park management services,United Kingdom,27,26,1,0.0,15.0,38.52333333333333
CATEGORY_COHORT,Other :: *Nonresidential building construction services,Canada federal,32,6,1,31.25,15.0,38.48333333333334
CATEGORY_COHORT,Other :: Technical analysis or consultancy services.,Ireland,23,17,1,13.043478260869565,15.0,38.46833333333334
CATEGORY_COHORT,Other :: *Commercial marine craft,Canada federal,45,2,1,31.11111111111111,15.0,38.440000000000005
CATEGORY_COHORT,Other :: Street-lighting maintenance services,United Kingdom,15,15,1,33.33333333333333,15.0,38.400000000000006
CATEGORY_COHORT,Other :: Legal advisory and information services,United Kingdom,19,13,1,26.31578947368421,15.0,38.35333333333333
CATEGORY_COHORT,Other :: Roof works and other special trade construction works.,Ireland,24,14,1,16.666666666666664,15.0,38.035000000000004
CATEGORY_COHORT,Other :: *Vehicle maintenance and repair services,Canada federal,28,4,1,42.857142857142854,15.0,38.005
CATEGORY_COHORT,Other :: *Cloud-based software as a service,Canada federal,17,10,1,52.94117647058824,15.0,37.98833333333334
CATEGORY_COHORT,Other :: *Change management communication and advisory service,Canada federal,15,13,1,40.0,15.0,37.98333333333334
CATEGORY_COHORT,Other :: *Relocation services,Canada federal,20,10,1,35.0,15.0,37.97166666666667
CATEGORY_COHORT,Other :: Public security services,United Kingdom,24,21,1,8.333333333333332,15.0,37.93166666666667
CATEGORY_COHORT,Other :: Repair and maintenance services of medical and precision equipment,United Kingdom,23,16,1,13.043478260869565,15.0,37.86166666666667
CATEGORY_COHORT,Other :: *Laboratory and Measuring and Observing and Testing Equipment,Canada federal,52,1,1,28.846153846153843,15.0,37.82
CATEGORY_COHORT,Other :: *Accommodation furniture,Canada federal,32,9,1,21.875,15.0,37.74333333333334
CATEGORY_COHORT,Other :: Office supplies,United Kingdom,19,18,1,15.789473684210526,15.0,37.56333333333333
CATEGORY_COHORT,Other :: *Elevator maintenance services,Canada federal,25,4,1,52.0,15.0,37.54
CATEGORY_COHORT,Other :: Houses construction work,United Kingdom,31,9,1,22.58064516129032,15.0,37.47833333333334
CATEGORY_COHORT,Other :: Tax consultancy services,United Kingdom,15,14,1,33.33333333333333,15.0,37.44666666666667
CATEGORY_COHORT,Other :: Firefighting vehicles.,Ireland,16,11,1,43.75,15.0,37.421666666666674
CATEGORY_COHORT,Other :: Medical analysis services,United Kingdom,16,11,1,43.75,15.0,37.421666666666674
CATEGORY_COHORT,Other :: Residential homes construction work,United Kingdom,28,16,1,7.142857142857142,15.0,37.31833333333334
CATEGORY_COHORT,Other :: *Online database information retrieval service,Canada federal,18,11,1,33.33333333333333,15.0,37.255
CATEGORY_COHORT,Other :: Central-heating installation work,United Kingdom,22,21,1,9.090909090909092,15.0,37.236666666666665
CATEGORY_COHORT,Other :: *Communications Devices and Accessories,Canada federal,23,5,1,47.82608695652174,15.0,37.120000000000005
CATEGORY_COHORT,Other :: Site preparation work,United Kingdom,19,17,1,15.789473684210526,15.0,37.00000000000001
CATEGORY_COHORT,Other :: Installation services of electrical and mechanical equipment,United Kingdom,19,17,1,15.789473684210526,15.0,37.00000000000001
CATEGORY_COHORT,Other :: Refuse collection services,United Kingdom,24,22,1,4.166666666666666,15.0,36.95
CATEGORY_COHORT,Other :: Research laboratory services,United Kingdom,25,17,1,8.0,15.0,36.87500000000001
CATEGORY_COHORT,Other :: Catering equipment,United Kingdom,25,17,1,8.0,15.0,36.87500000000001
CATEGORY_COHORT,Other :: Installation of fitted kitchens,United Kingdom,22,20,1,9.090909090909092,15.0,36.86833333333333
CATEGORY_COHORT,Other :: Chemical products,United Kingdom,22,15,1,13.636363636363635,15.0,36.79333333333334
CATEGORY_COHORT,Other :: Coaching services,United Kingdom,22,15,1,13.636363636363635,15.0,36.79333333333334
CATEGORY_COHORT,Other :: Repair and maintenance services of motor vehicles and associated equipment,United Kingdom,25,20,1,4.0,15.0,36.785
CATEGORY_COHORT,Other :: *Aircraft oxygen equipment,Canada federal,51,4,1,21.568627450980394,15.0,36.660000000000004
CATEGORY_COHORT,Other :: Insulation work,United Kingdom,21,13,1,19.047619047619047,15.0,36.61833333333333
CATEGORY_COHORT,Other :: Demolition work,United Kingdom,15,12,1,40.0,15.0,36.61833333333333
CATEGORY_COHORT,Other :: *Office furniture *Office furniture installation or reconfiguration service,Canada federal,15,12,1,40.0,15.0,36.61833333333333
CATEGORY_COHORT,Other :: Surveillance and security systems and devices.,Ireland,15,12,1,40.0,15.0,36.61833333333333
CATEGORY_COHORT,Other :: *Aviation fuel,Canada federal,25,2,1,56.00000000000001,15.0,36.58166666666667
CATEGORY_COHORT,Other :: Staff training services,United Kingdom,28,19,1,0.0,15.0,36.561666666666675
CATEGORY_COHORT,Other :: Plumbing and sanitary works.,Ireland,16,10,1,50.0,15.0,36.55666666666667
CATEGORY_COHORT,Other :: Closed circuit television services,United Kingdom,21,20,1,9.523809523809524,15.0,36.510000000000005
CATEGORY_COHORT,Other :: Traffic control services,United Kingdom,21,20,1,9.523809523809524,15.0,36.510000000000005
CATEGORY_COHORT,Other :: *Clothing,Canada federal,30,4,1,33.33333333333333,15.0,36.49166666666667
CATEGORY_COHORT,"Other :: Feasibility study, advisory service, analysis",United Kingdom,22,18,1,9.090909090909092,15.0,36.26166666666667
CATEGORY_COHORT,Other :: *Highway and road maintenance service,Canada federal,21,5,1,57.14285714285714,15.0,36.211666666666666
CATEGORY_COHORT,Other :: Design and execution of research and development,United Kingdom,28,18,1,0.0,15.0,36.193333333333335
CATEGORY_COHORT,Other :: Electricity.,Ireland,23,14,1,13.043478260869565,15.0,36.150000000000006
CATEGORY_COHORT,Other :: Foreign economic-aid-related services,United Kingdom,108,6,1,9.25925925925926,15.0,36.03666666666667
CATEGORY_COHORT,Other :: School meals,United Kingdom,22,22,1,4.545454545454546,15.0,35.970000000000006
CATEGORY_COHORT,Other :: Legal advisory and representation services,United Kingdom,15,15,1,26.666666666666668,15.0,35.970000000000006
CATEGORY_COHORT,"Other :: Medical equipments, pharmaceuticals and personal care products.",Ireland,26,13,1,11.538461538461538,15.0,35.95666666666667
CATEGORY_COHORT,Other :: *Seating,Canada federal,16,10,1,43.75,15.0,35.92666666666667
CATEGORY_COHORT,Other :: Health and safety consultancy services,United Kingdom,21,18,1,9.523809523809524,15.0,35.903333333333336
CATEGORY_COHORT,Other :: Funeral services,United Kingdom,17,17,1,17.647058823529413,15.0,35.87333333333334
CATEGORY_COHORT,Other :: Construction consultancy services.,Ireland,16,12,1,31.25,15.0,35.85500000000001
CATEGORY_COHORT,Other :: *Information technology consultation services *Information technology IT management services,Canada federal,16,12,1,31.25,15.0,35.85500000000001
CATEGORY_COHORT,Other :: Administration services.,Ireland,18,13,1,22.22222222222222,15.0,35.763333333333335
CATEGORY_COHORT,Other :: Boiler installations.,Ireland,14,12,1,42.857142857142854,15.0,35.65833333333334
CATEGORY_COHORT,Other :: Marine survey services.,Ireland,50,5,1,18.0,15.0,35.63833333333334
CATEGORY_COHORT,Other :: Laundry-operation services,United Kingdom,14,13,1,35.714285714285715,15.0,35.43333333333334
CATEGORY_COHORT,Other :: Gastroenterologist services,United Kingdom,17,10,1,35.294117647058826,15.0,35.27333333333334
CATEGORY_COHORT,"Other :: Demolition, site preparation and clearance work",United Kingdom,17,16,1,17.647058823529413,15.0,35.26666666666667
CATEGORY_COHORT,"Other :: Electricity, heating, solar and nuclear energy.",Ireland,17,13,1,23.52941176470588,15.0,35.24666666666668
CATEGORY_COHORT,Other :: General management consultancy services.,Ireland,21,14,1,14.285714285714285,15.0,35.21166666666667
CATEGORY_COHORT,Other :: Survey services.,Ireland,17,9,1,41.17647058823529,15.0,35.11166666666667
CATEGORY_COHORT,Other :: Electricity distribution and related services,United Kingdom,20,14,1,15.0,15.0,35.02333333333334
CATEGORY_COHORT,Other :: Specialist vehicles.,Ireland,18,15,1,16.666666666666664,15.0,34.93500000000001
CATEGORY_COHORT,Other :: Electrical equipment and apparatus.,Ireland,18,15,1,16.666666666666664,15.0,34.93500000000001
CATEGORY_COHORT,Other :: Postal and telecommunications services,United Kingdom,16,16,1,18.75,15.0,34.84
CATEGORY_COHORT,Other :: *Spectroscopic equipment,Canada federal,22,10,1,22.727272727272727,15.0,34.73833333333334
CATEGORY_COHORT,Other :: Personal development training services,United Kingdom,19,17,1,10.526315789473683,15.0,34.705000000000005
CATEGORY_COHORT,Other :: *ADP Support Equipment,Canada federal,31,1,1,32.25806451612903,15.0,34.60666666666667
CATEGORY_COHORT,Other :: *Human resources consulting service *Human resources services,Canada federal,16,13,1,25.0,15.0,34.595000000000006
CATEGORY_COHORT,Other :: Installation of doors and windows,United Kingdom,16,13,1,25.0,15.0,34.595000000000006
CATEGORY_COHORT,Other :: *Security or access control systems,Canada federal,15,9,1,66.66666666666666,15.0,34.57833333333334
CATEGORY_COHORT,Other :: Painting work,United Kingdom,25,14,1,8.0,15.0,34.55666666666667
CATEGORY_COHORT,Other :: Water-treatment work,United Kingdom,17,15,1,17.647058823529413,15.0,34.50833333333334
CATEGORY_COHORT,Other :: Solar panel roof-covering work,United Kingdom,17,15,1,17.647058823529413,15.0,34.50833333333334
CATEGORY_COHORT,Other :: *Batteries and cells and accessories,Canada federal,21,7,1,33.33333333333333,15.0,34.410000000000004
CATEGORY_COHORT,Other :: Lift installation work,United Kingdom,26,16,1,0.0,15.0,34.116666666666674
CATEGORY_COHORT,Other :: Scaffolding work,United Kingdom,19,16,1,10.526315789473683,15.0,34.098333333333336
CATEGORY_COHORT,Other :: Heating works,United Kingdom,19,16,1,10.526315789473683,15.0,34.098333333333336
CATEGORY_COHORT,Other :: *Heating and cooling and air conditioning HVAC construction and maintenance services,Canada federal,21,4,1,42.857142857142854,15.0,34.085
CATEGORY_COHORT,Other :: Planting and maintenance services of green areas,United Kingdom,14,12,1,35.714285714285715,15.0,34.068333333333335
CATEGORY_COHORT,Other :: Administrative educational services.,Ireland,18,14,1,16.666666666666664,15.0,33.98166666666667
CATEGORY_COHORT,Other :: Residential property services,United Kingdom,21,15,1,9.523809523809524,15.0,33.97500000000001
CATEGORY_COHORT,Other :: *Vehicle bodies and trailers,Canada federal,17,8,1,41.17647058823529,15.0,33.96333333333334
CATEGORY_COHORT,Other :: Drainage works,United Kingdom,15,13,1,26.666666666666668,15.0,33.93333333333334
CATEGORY_COHORT,Other :: Air quality management,United Kingdom,27,15,1,0.0,15.0,33.86500000000001
CATEGORY_COHORT,Other :: Parts and accessories for vehicles and their engines,United Kingdom,21,18,1,4.761904761904762,15.0,33.803333333333335
CATEGORY_COHORT,Other :: Heating works.,Ireland,21,18,1,4.761904761904762,15.0,33.803333333333335
CATEGORY_COHORT,Other :: Higher education services.,Ireland,26,14,1,3.8461538461538463,15.0,33.80000000000001
CATEGORY_COHORT,"Other :: Project and design preparation, estimation of costs.",Ireland,24,12,1,12.5,15.0,33.771666666666675
CATEGORY_COHORT,Other :: Development services of real estate,United Kingdom,20,15,1,10.0,15.0,33.591666666666676
CATEGORY_COHORT,"Other :: *Local Area Networks, Systems and Components - Maintenance",Canada federal,24,1,1,41.66666666666667,15.0,33.585
CATEGORY_COHORT,Other :: *Software *Software maintenance and support,Canada federal,28,3,1,28.57142857142857,15.0,33.58166666666667
CATEGORY_COHORT,Other :: Construction materials and associated items.,Ireland,17,14,1,17.647058823529413,15.0,33.55500000000001
CATEGORY_COHORT,Other :: Marketing management consultancy services,United Kingdom,17,14,1,17.647058823529413,15.0,33.55500000000001
CATEGORY_COHORT,Other :: *Aircraft digital altitude control systems,Canada federal,30,1,1,30.0,15.0,33.528333333333336
CATEGORY_COHORT,Other :: Environmental issues consultancy services,United Kingdom,22,16,1,4.545454545454546,15.0,33.45666666666667
CATEGORY_COHORT,Other :: Marine services,United Kingdom,22,14,1,9.090909090909092,15.0,33.38
CATEGORY_COHORT,Other :: *Laboratory and scientific equipment *Measuring and observing and testing instruments *Laboratory supplies and fixtures,Canada federal,19,2,1,89.47368421052632,15.0,33.34666666666667
CATEGORY_COHORT,Other :: Construction work for buildings relating to education and research.,Ireland,19,15,1,10.526315789473683,15.0,33.34
CATEGORY_COHORT,Other :: *Vocational training,Canada federal,16,8,1,43.75,15.0,33.326666666666675
CATEGORY_COHORT,Other :: *Internal audits,Canada federal,13,11,1,46.15384615384615,15.0,33.26833333333334
CATEGORY_COHORT,Other :: Chargers.,Ireland,13,11,1,46.15384615384615,15.0,33.26833333333334
CATEGORY_COHORT,Other :: Display screens.,Ireland,16,12,1,25.0,15.0,33.23000000000001
CATEGORY_COHORT,Other :: Asbestos-removal work.,Ireland,16,12,1,25.0,15.0,33.23000000000001
CATEGORY_COHORT,Other :: Excavation work at archaeological sites.,Ireland,14,13,1,28.57142857142857,15.0,33.22833333333334
CATEGORY_COHORT,Other :: Telematics services,United Kingdom,13,12,1,38.46153846153847,15.0,33.15666666666667
CATEGORY_COHORT,Other :: Advertising campaign services,United Kingdom,16,14,1,18.75,15.0,33.12833333333334
CATEGORY_COHORT,Other :: Services related to water pollution,United Kingdom,16,14,1,18.75,15.0,33.12833333333334
CATEGORY_COHORT,Other :: *Furniture *Office furniture,Canada federal,17,7,1,41.17647058823529,15.0,33.053333333333335
CATEGORY_COHORT,Other :: *Hotel rooms,Canada federal,20,7,1,30.0,15.0,33.03666666666667
CATEGORY_COHORT,Other :: *Banquet and catering services,Canada federal,18,5,1,44.44444444444444,15.0,33.03166666666667
CATEGORY_COHORT,Other :: Grounds-maintenance equipment,United Kingdom,15,15,1,20.0,15.0,33.03000000000001
CATEGORY_COHORT,Other :: Police equipment,United Kingdom,21,9,1,23.809523809523807,15.0,32.98833333333334
CATEGORY_COHORT,Other :: *Economic analysis,Canada federal,14,10,1,42.857142857142854,15.0,32.82
CATEGORY_COHORT,Other :: Pension services,United Kingdom,20,17,1,5.0,15.0,32.76666666666668
CATEGORY_COHORT,Other :: Health training services,United Kingdom,21,12,1,14.285714285714285,15.0,32.763333333333335
CATEGORY_COHORT,Other :: Machine tools,United Kingdom,18,15,1,11.11111111111111,15.0,32.745000000000005
CATEGORY_COHORT,Other :: Wood.,Ireland,14,11,1,35.714285714285715,15.0,32.725
CATEGORY_COHORT,Other :: *Laboratory filtering equipment and supplies,Canada federal,17,5,1,52.94117647058824,15.0,32.68
CATEGORY_COHORT,Other :: Forestry services.,Ireland,20,5,1,35.0,15.0,32.663333333333334
CATEGORY_COHORT,Other :: *Environmental laboratory services,Canada federal,18,6,1,38.88888888888889,15.0,32.663333333333334
CATEGORY_COHORT,Other :: *Earth moving machinery,Canada federal,23,2,1,34.78260869565217,15.0,32.580000000000005
CATEGORY_COHORT,Other :: Design consultancy services.,Ireland,15,12,1,26.666666666666668,15.0,32.568333333333335
CATEGORY_COHORT,Other :: *Fixed wing aircraft maintenance and repair services,Canada federal,16,6,1,56.25,15.0,32.54500000000001
CATEGORY_COHORT,Other :: Repair and maintenance services of mechanical building installations,United Kingdom,17,16,1,11.76470588235294,15.0,32.506666666666675
CATEGORY_COHORT,Other :: Marketing services.,Ireland,17,13,1,17.647058823529413,15.0,32.47166666666667
CATEGORY_COHORT,Other :: Natural gas,United Kingdom,19,14,1,10.526315789473683,15.0,32.38666666666667
CATEGORY_COHORT,Other :: Fuels.,Ireland,19,14,1,10.526315789473683,15.0,32.38666666666667
CATEGORY_COHORT,Other :: Clinical-waste collection services,United Kingdom,19,14,1,10.526315789473683,15.0,32.38666666666667
CATEGORY_COHORT,Other :: Vessel repair services,United Kingdom,21,3,1,38.095238095238095,15.0,32.34666666666667
CATEGORY_COHORT,Other :: *Laundering services,Canada federal,22,6,1,27.27272727272727,15.0,32.15166666666667
CATEGORY_COHORT,Other :: *Building and Facility Construction and Maintenance Services,Canada federal,37,1,1,21.62162162162162,15.0,32.086666666666666
CATEGORY_COHORT,Other :: Repair and maintenance services of generators,United Kingdom,15,14,1,20.0,15.0,32.07666666666667
CATEGORY_COHORT,Other :: Road transport services.,Ireland,16,13,1,18.75,15.0,32.045
CATEGORY_COHORT,Other :: Analysis services,United Kingdom,19,17,1,5.263157894736842,15.0,32.035000000000004
CATEGORY_COHORT,Other :: Site-development work,United Kingdom,19,17,1,5.263157894736842,15.0,32.035000000000004
CATEGORY_COHORT,Other :: *Environmental Services,Canada federal,30,1,1,26.666666666666668,15.0,31.938333333333333
CATEGORY_COHORT,Other :: Orthotic services,United Kingdom,14,12,1,28.57142857142857,15.0,31.863333333333333
CATEGORY_COHORT,Other :: Winter-maintenance vehicles.,Ireland,14,12,1,28.57142857142857,15.0,31.863333333333333
CATEGORY_COHORT,Other :: Fire-extinguisher powder.,Ireland,13,11,1,38.46153846153847,15.0,31.81333333333333
CATEGORY_COHORT,Other :: Fire doors.,Ireland,20,8,1,25.0,15.0,31.71166666666667
CATEGORY_COHORT,"Other :: Services furnished by business, professional and specialist organisations",United Kingdom,21,17,1,0.0,15.0,31.710000000000004
CATEGORY_COHORT,Other :: Construction-related services.,Ireland,16,9,1,31.25,15.0,31.565
CATEGORY_COHORT,Other :: *Naval architecture *Marine engineering,Canada federal,18,1,1,88.88888888888889,15.0,31.54166666666666
CATEGORY_COHORT,Other :: *Highway and road construction services,Canada federal,22,5,1,27.27272727272727,15.0,31.35
CATEGORY_COHORT,Other :: *ADP Software Maintenance - Other than Microcomputer,Canada federal,19,1,1,47.368421052631575,15.0,31.326666666666664
CATEGORY_COHORT,Other :: Lasers,United Kingdom,26,13,1,0.0,15.0,31.32166666666667
CATEGORY_COHORT,Other :: Marine survey services,United Kingdom,20,11,1,15.0,15.0,31.231666666666666
CATEGORY_COHORT,Other :: *Military services and national defense,Canada federal,22,7,1,22.727272727272727,15.0,31.228333333333335
CATEGORY_COHORT,Other :: Construction work for buildings relating to education and research,United Kingdom,22,15,1,0.0,15.0,31.198333333333334
CATEGORY_COHORT,Other :: Risk or hazard assessment other than for construction,United Kingdom,14,14,1,21.428571428571427,15.0,31.176666666666662
CATEGORY_COHORT,Other :: Tractors.,Ireland,17,12,1,17.647058823529413,15.0,31.106666666666666
CATEGORY_COHORT,Other :: Security equipment,United Kingdom,17,12,1,17.647058823529413,15.0,31.106666666666666
CATEGORY_COHORT,Other :: Financial leasing services,United Kingdom,15,13,1,20.0,15.0,30.993333333333336
CATEGORY_COHORT,Other :: *Specialized public building construction services,Canada federal,26,6,1,19.230769230769234,15.0,30.951666666666664
CATEGORY_COHORT,Other :: *Garbage collection or destruction or processing or disposal,Canada federal,21,7,1,23.809523809523807,15.0,30.930000000000003
CATEGORY_COHORT,"Other :: Repair, maintenance and associated services of vehicles and related equipment.",Ireland,19,11,1,15.789473684210526,15.0,30.889999999999997
CATEGORY_COHORT,Other :: Surveying services,United Kingdom,16,15,1,12.5,15.0,30.826666666666668
CATEGORY_COHORT,Other :: Insurance and pension services,United Kingdom,16,15,1,12.5,15.0,30.826666666666668
CATEGORY_COHORT,Other :: *Electronic and communication measuring and testing instruments,Canada federal,20,7,1,25.0,15.0,30.801666666666673
CATEGORY_COHORT,Other :: Probation services,United Kingdom,29,1,1,24.137931034482758,15.0,30.74833333333333
CATEGORY_COHORT,Other :: Telecommunications network.,Ireland,15,9,1,33.33333333333333,15.0,30.708333333333332
CATEGORY_COHORT,Other :: *Document destruction services,Canada federal,16,12,1,18.75,15.0,30.680000000000003
CATEGORY_COHORT,Other :: Trees.,Ireland,25,8,1,16.0,15.0,30.645
CATEGORY_COHORT,"Other :: Electricity, heating, solar and nuclear energy",United Kingdom,18,16,1,5.555555555555555,15.0,30.638333333333335
CATEGORY_COHORT,Other :: *Electrical switches and accessories,Canada federal,16,5,1,43.75,15.0,30.618333333333336
CATEGORY_COHORT,Other :: *Air pollution monitoring or measurement services,Canada federal,23,6,1,21.73913043478261,15.0,30.601666666666667
CATEGORY_COHORT,Other :: *Aircraft,Canada federal,23,6,1,21.73913043478261,15.0,30.601666666666667
CATEGORY_COHORT,Other :: *Information services,Canada federal,14,11,1,28.57142857142857,15.0,30.52
CATEGORY_COHORT,Other :: *Cooling equipment and parts and accessories,Canada federal,16,3,1,62.5,15.0,30.503333333333334
CATEGORY_COHORT,Other :: Marine equipment.,Ireland,27,11,1,3.7037037037037033,15.0,30.485
CATEGORY_COHORT,"Other :: Hotel, restaurant and retail trade services",United Kingdom,19,17,1,0.0,15.0,30.430000000000003
CATEGORY_COHORT,Other :: *Hardware,Canada federal,17,4,1,41.17647058823529,15.0,30.388333333333332
CATEGORY_COHORT,Other :: *Exterior grounds maintenance,Canada federal,17,4,1,41.17647058823529,15.0,30.388333333333332
CATEGORY_COHORT,Other :: Payroll management services.,Ireland,12,11,1,41.66666666666667,15.0,30.338333333333335
CATEGORY_COHORT,Other :: Electronic equipment.,Ireland,12,11,1,41.66666666666667,15.0,30.338333333333335
CATEGORY_COHORT,Other :: Retail trade services,United Kingdom,24,13,1,0.0,15.0,30.201666666666664
CATEGORY_COHORT,Other :: *Telecommunications - Satellite Services,Canada federal,22,1,1,31.818181818181817,15.0,30.19
CATEGORY_COHORT,"Other :: Services,Fournitures",France,18,18,1,0.0,15.0,30.113333333333333
CATEGORY_COHORT,Other :: Engineering design services.,Ireland,14,13,1,21.428571428571427,15.0,30.09333333333333
CATEGORY_COHORT,Other :: Post and courier services,United Kingdom,14,13,1,21.428571428571427,15.0,30.09333333333333
CATEGORY_COHORT,Other :: Technical support services.,Ireland,14,13,1,21.428571428571427,15.0,30.09333333333333
CATEGORY_COHORT,Other :: Building-inspection services,United Kingdom,14,13,1,21.428571428571427,15.0,30.09333333333333
CATEGORY_COHORT,Other :: *Heating and cooling and air conditioning HVAC installation and maintenance service,Canada federal,17,7,1,29.411764705882355,15.0,29.993333333333332
CATEGORY_COHORT,Other :: *Decontamination services,Canada federal,17,5,1,35.294117647058826,15.0,29.965
CATEGORY_COHORT,Other :: Marine equipment,United Kingdom,21,10,1,14.285714285714285,15.0,29.925
CATEGORY_COHORT,Other :: Hotel meeting and conference services.,Ireland,13,11,1,30.76923076923077,15.0,29.92333333333333
CATEGORY_COHORT,Other :: Patent and copyright consultancy services,United Kingdom,18,15,1,5.555555555555555,15.0,29.880000000000003
CATEGORY_COHORT,Other :: Insurance services.,Ireland,16,14,1,12.5,15.0,29.873333333333335
CATEGORY_COHORT,Other :: Bus shelters,United Kingdom,16,14,1,12.5,15.0,29.873333333333335
CATEGORY_COHORT,Other :: Safety training services,United Kingdom,16,14,1,12.5,15.0,29.873333333333335
CATEGORY_COHORT,Other :: *Labor training or development,Canada federal,20,6,1,25.0,15.0,29.805000000000003
CATEGORY_COHORT,Other :: *Medical doctor specialist services,Canada federal,14,9,1,35.714285714285715,15.0,29.778333333333332
CATEGORY_COHORT,Other :: Ships and boats,United Kingdom,15,10,1,26.666666666666668,15.0,29.73
CATEGORY_COHORT,Other :: Construction work of leisure facilities,United Kingdom,17,13,1,11.76470588235294,15.0,29.71166666666667
CATEGORY_COHORT,Other :: *Ammunition,Canada federal,15,5,1,46.666666666666664,15.0,29.686666666666664
CATEGORY_COHORT,Other :: Storage and retrieval services,United Kingdom,17,16,1,5.88235294117647,15.0,29.65666666666667
CATEGORY_COHORT,Other :: Accommodation cleaning services,United Kingdom,17,16,1,5.88235294117647,15.0,29.65666666666667
CATEGORY_COHORT,Other :: Lighting systems.,Ireland,15,12,1,20.0,15.0,29.628333333333334
CATEGORY_COHORT,Other :: Harbour construction works.,Ireland,16,7,1,31.25,15.0,29.50666666666667
CATEGORY_COHORT,Other :: *Agricultural building construction services,Canada federal,19,1,1,36.84210526315789,15.0,29.451666666666664
CATEGORY_COHORT,Other :: Financial market regulatory services.,Ireland,22,2,1,27.27272727272727,15.0,29.27
CATEGORY_COHORT,Other :: *Hoses,Canada federal,15,3,1,66.66666666666666,15.0,29.226666666666667
CATEGORY_COHORT,Other :: Police uniforms,United Kingdom,13,8,1,46.15384615384615,15.0,29.173333333333332
CATEGORY_COHORT,Other :: *Gaskets,Canada federal,16,2,1,50.0,15.0,29.168333333333337
CATEGORY_COHORT,Other :: Technical inspection services,United Kingdom,15,14,1,13.333333333333334,15.0,29.061666666666667
CATEGORY_COHORT,Other :: Data-processing machines (hardware),United Kingdom,11,11,1,45.45454545454545,15.0,28.988333333333333
CATEGORY_COHORT,"Other :: Occupational clothing, special workwear and accessories.",Ireland,17,15,1,5.88235294117647,15.0,28.898333333333337
CATEGORY_COHORT,Other :: Catering services.,Ireland,17,15,1,5.88235294117647,15.0,28.898333333333337
CATEGORY_COHORT,Other :: Miscellaneous general and special-purpose machinery,United Kingdom,20,14,1,0.0,15.0,28.858333333333338
CATEGORY_COHORT,Other :: *Specialty building and trades services,Canada federal,25,4,1,20.0,15.0,28.855
CATEGORY_COHORT,"Other :: Administrative recreational, cultural and religious services.",Ireland,15,4,1,46.666666666666664,15.0,28.819999999999997
CATEGORY_COHORT,Other :: *Vocational rehabilitation services,Canada federal,15,4,1,46.666666666666664,15.0,28.819999999999997
CATEGORY_COHORT,Other :: Procurement consultancy services.,Ireland,16,13,1,12.5,15.0,28.79
CATEGORY_COHORT,Other :: *Unmanned aerial vehicle,Canada federal,14,5,1,57.14285714285714,15.0,28.771666666666665
CATEGORY_COHORT,Other :: Meal-preparation services.,Ireland,14,12,1,21.428571428571427,15.0,28.72833333333333
CATEGORY_COHORT,Other :: Engineering-related scientific and technical services,United Kingdom,14,12,1,21.428571428571427,15.0,28.72833333333333
CATEGORY_COHORT,Other :: System maintenance services,United Kingdom,14,12,1,21.428571428571427,15.0,28.72833333333333
CATEGORY_COHORT,Other :: *Demolition services,Canada federal,18,5,1,27.77777777777778,15.0,28.696666666666665
CATEGORY_COHORT,Other :: Miscellaneous fabricated products and related items,United Kingdom,18,10,1,16.666666666666664,15.0,28.695
CATEGORY_COHORT,Other :: Rolling stock,United Kingdom,19,11,1,10.526315789473683,15.0,28.594999999999995
CATEGORY_COHORT,Other :: *Heavy equipment components,Canada federal,16,2,1,43.75,15.0,28.538333333333334
CATEGORY_COHORT,Other :: *Heavy construction services,Canada federal,15,5,1,40.0,15.0,28.471666666666668
CATEGORY_COHORT,Other :: Vocational training services,United Kingdom,33,8,1,3.0303030303030303,15.0,28.433333333333334
CATEGORY_COHORT,Other :: Protective gear,United Kingdom,17,12,1,11.76470588235294,15.0,28.346666666666668
CATEGORY_COHORT,Other :: Railway transport services,United Kingdom,17,12,1,11.76470588235294,15.0,28.346666666666668
CATEGORY_COHORT,Other :: Gymnasium equipment.,Ireland,12,11,1,33.33333333333333,15.0,28.268333333333334
CATEGORY_COHORT,Other :: Repair and maintenance services of cooler groups,United Kingdom,12,11,1,33.33333333333333,15.0,28.268333333333334
CATEGORY_COHORT,Other :: *Night vision equipment,Canada federal,21,4,1,23.809523809523807,15.0,28.265
CATEGORY_COHORT,Other :: *Light trucks or sport utility vehicles,Canada federal,14,5,1,50.0,15.0,28.261666666666667
CATEGORY_COHORT,Other :: Hygiene services,United Kingdom,15,13,1,13.333333333333334,15.0,27.978333333333335
CATEGORY_COHORT,Other :: Financial transaction processing and clearing-house services,United Kingdom,13,12,1,23.076923076923077,15.0,27.93666666666667
CATEGORY_COHORT,Other :: Advisory services provided by nurses,United Kingdom,12,8,1,58.333333333333336,15.0,27.863333333333333
CATEGORY_COHORT,Other :: Fire doors,United Kingdom,16,15,1,6.25,15.0,27.85666666666667
CATEGORY_COHORT,"Other :: Library, archives, museums and other cultural services",United Kingdom,18,13,1,5.555555555555555,15.0,27.843333333333334
CATEGORY_COHORT,Other :: Industrial robots,United Kingdom,18,13,1,5.555555555555555,15.0,27.843333333333334
CATEGORY_COHORT,Other :: Meal delivery service.,Ireland,17,16,1,0.0,15.0,27.79666666666667
CATEGORY_COHORT,Other :: Fire and explosion protection and control consultancy services,United Kingdom,14,14,1,14.285714285714285,15.0,27.771666666666665
CATEGORY_COHORT,Other :: Property insurance services,United Kingdom,14,14,1,14.285714285714285,15.0,27.771666666666665
CATEGORY_COHORT,Other :: Real estate agency services on a fee or contract basis,United Kingdom,14,14,1,14.285714285714285,15.0,27.771666666666665
CATEGORY_COHORT,Other :: Roof repair and maintenance work,United Kingdom,14,14,1,14.285714285714285,15.0,27.771666666666665
CATEGORY_COHORT,Other :: *Building maintenance and repair services,Canada federal,15,2,1,46.666666666666664,15.0,27.606666666666666
CATEGORY_COHORT,Other :: Housing services.,Ireland,14,9,1,28.57142857142857,15.0,27.573333333333334
CATEGORY_COHORT,Other :: Park and playground equipment.,Ireland,14,9,1,28.57142857142857,15.0,27.573333333333334
CATEGORY_COHORT,Other :: Publishing services,United Kingdom,24,11,1,0.0,15.0,27.493333333333332
CATEGORY_COHORT,Other :: Primary education services,United Kingdom,16,12,1,12.5,15.0,27.425000000000004
CATEGORY_COHORT,Other :: *Military science and research,Canada federal,14,4,1,50.0,15.0,27.395
CATEGORY_COHORT,Other :: *Laboratory enclosures and accessories,Canada federal,12,9,1,41.66666666666667,15.0,27.391666666666666
CATEGORY_COHORT,"Other :: Financial consultancy, financial transaction processing and clearing-house services.",Ireland,14,11,1,21.428571428571427,15.0,27.384999999999998
CATEGORY_COHORT,"Other :: Imaging equipment for medical, dental and veterinary use",United Kingdom,20,10,1,10.0,15.0,27.35166666666667
CATEGORY_COHORT,Other :: Construction work for buildings relating to health.,Ireland,19,3,1,26.31578947368421,15.0,27.346666666666664
CATEGORY_COHORT,Other :: Floodgates.,Ireland,15,1,1,53.333333333333336,15.0,27.281666666666666
CATEGORY_COHORT,"Other :: Agricultural, farming, fishing, forestry and related products",United Kingdom,19,12,1,5.263157894736842,15.0,27.268333333333334
CATEGORY_COHORT,"Other :: Machinery for food, beverage and tobacco processing and associated parts.",Ireland,13,5,1,53.84615384615385,15.0,27.17
CATEGORY_COHORT,Other :: Monitoring and control services,United Kingdom,17,11,1,11.76470588235294,15.0,27.003333333333334
CATEGORY_COHORT,Other :: Guard services,United Kingdom,17,11,1,11.76470588235294,15.0,27.003333333333334
CATEGORY_COHORT,Other :: *Security surveillance and detection,Canada federal,13,9,1,30.76923076923077,15.0,26.976666666666663
CATEGORY_COHORT,Other :: *Specialized trade construction and maintenance services,Canada federal,15,5,1,33.33333333333333,15.0,26.851666666666667
CATEGORY_COHORT,Other :: *Pressure measuring and control instruments,Canada federal,14,2,1,57.14285714285714,15.0,26.691666666666666
CATEGORY_COHORT,Other :: Travel agency and similar services,United Kingdom,14,13,1,14.285714285714285,15.0,26.68833333333333
CATEGORY_COHORT,Other :: Research and experimental development services,United Kingdom,22,9,1,9.090909090909092,15.0,26.64166666666667
CATEGORY_COHORT,Other :: Meal-serving services.,Ireland,15,12,1,13.333333333333334,15.0,26.613333333333333
CATEGORY_COHORT,Other :: Catering supplies,United Kingdom,15,12,1,13.333333333333334,15.0,26.613333333333333
CATEGORY_COHORT,Other :: Steel.,Ireland,13,11,1,23.076923076923077,15.0,26.59333333333333
CATEGORY_COHORT,Other :: Non-residential property renting or leasing services,United Kingdom,13,11,1,23.076923076923077,15.0,26.59333333333333
CATEGORY_COHORT,Other :: Library services,United Kingdom,13,11,1,23.076923076923077,15.0,26.59333333333333
CATEGORY_COHORT,Other :: Construction work for buildings relating to health,United Kingdom,12,12,1,25.0,15.0,26.536666666666665
CATEGORY_COHORT,"Other :: Administration, defence and social security services",United Kingdom,18,12,1,5.555555555555555,15.0,26.478333333333335
CATEGORY_COHORT,Other :: X-ray devices,United Kingdom,18,12,1,5.555555555555555,15.0,26.478333333333335
CATEGORY_COHORT,Other :: *Scuba and snorkeling gear,Canada federal,13,3,1,92.3076923076923,15.0,26.335
CATEGORY_COHORT,Other :: *Specialized educational services,Canada federal,15,7,1,26.666666666666668,15.0,26.22
CATEGORY_COHORT,Other :: Tree-cutting services,United Kingdom,18,8,1,16.666666666666664,15.0,26.095000000000002
CATEGORY_COHORT,Other :: Analysers,United Kingdom,19,11,1,5.263157894736842,15.0,25.924999999999997
CATEGORY_COHORT,Other :: *Electrical measuring and testing equipment and accessories,Canada federal,14,5,1,35.714285714285715,15.0,25.921666666666663
CATEGORY_COHORT,Other :: Building completion work.,Ireland,14,10,1,21.428571428571427,15.0,25.889999999999997
CATEGORY_COHORT,Other :: Mobile telephones,United Kingdom,11,10,1,36.36363636363637,15.0,25.843333333333334
CATEGORY_COHORT,Other :: Bailiff services,United Kingdom,16,13,1,6.25,15.0,25.82
CATEGORY_COHORT,"Other :: Radiotherapy, mechanotherapy, electrotherapy and physical therapy devices",United Kingdom,13,6,1,38.46153846153847,15.0,25.811666666666664
CATEGORY_COHORT,Other :: *Packaged combination meals,Canada federal,14,1,1,57.14285714285714,15.0,25.781666666666663
CATEGORY_COHORT,Other :: Domestic appliances,United Kingdom,15,14,1,6.666666666666667,15.0,25.746666666666666
CATEGORY_COHORT,Other :: Overhead projectors.,Ireland,13,13,1,15.384615384615385,15.0,25.64166666666667
CATEGORY_COHORT,Other :: Fitted kitchens,United Kingdom,13,13,1,15.384615384615385,15.0,25.64166666666667
CATEGORY_COHORT,Other :: Emergency vehicles,United Kingdom,13,13,1,15.384615384615385,15.0,25.64166666666667
CATEGORY_COHORT,Other :: Bridge.,Ireland,21,10,1,4.761904761904762,15.0,25.635
CATEGORY_COHORT,Other :: Technical services,United Kingdom,17,12,1,5.88235294117647,15.0,25.496666666666666
CATEGORY_COHORT,Other :: *Lifting equipment and accessories,Canada federal,14,2,1,42.857142857142854,15.0,25.43166666666667
CATEGORY_COHORT,Other :: Network infrastructure.,Ireland,28,8,1,0.0,15.0,25.425
CATEGORY_COHORT,Other :: *Roofing service,Canada federal,18,4,1,22.22222222222222,15.0,25.385
CATEGORY_COHORT,Other :: Miscellaneous business-related services,United Kingdom,14,12,1,14.285714285714285,15.0,25.323333333333334
CATEGORY_COHORT,Other :: Sports goods and equipment,United Kingdom,14,12,1,14.285714285714285,15.0,25.323333333333334
CATEGORY_COHORT,Other :: Outdoor sports equipment.,Ireland,12,9,1,33.33333333333333,15.0,25.321666666666665
CATEGORY_COHORT,Other :: Designs.,Ireland,15,11,1,13.333333333333334,15.0,25.27
CATEGORY_COHORT,Other :: *Software maintenance and support,Canada federal,15,6,1,26.666666666666668,15.0,25.223333333333333
CATEGORY_COHORT,Other :: *Information technology consultation services *Information technology IT management services *Information Technology Service Delivery,Canada federal,10,10,1,50.0,15.0,25.223333333333333
CATEGORY_COHORT,Other :: *Marine fuel,Canada federal,17,1,1,29.411764705882355,15.0,25.205
CATEGORY_COHORT,"Other :: Mining, basic metals and related products.",Ireland,12,11,1,25.0,15.0,25.19333333333333
CATEGORY_COHORT,Other :: Decontamination equipment,United Kingdom,12,11,1,25.0,15.0,25.19333333333333
CATEGORY_COHORT,Other :: Site preparation and clearance work.,Ireland,12,11,1,25.0,15.0,25.19333333333333
CATEGORY_COHORT,Other :: Mowers.,Ireland,13,10,1,23.076923076923077,15.0,25.098333333333333
CATEGORY_COHORT,Other :: Postal services,United Kingdom,13,10,1,23.076923076923077,15.0,25.098333333333333
CATEGORY_COHORT,Other :: Environmental monitoring other than for construction,United Kingdom,13,10,1,23.076923076923077,15.0,25.098333333333333
CATEGORY_COHORT,Other :: *All terrain vehicles tracked or wheeled,Canada federal,13,3,1,46.15384615384615,15.0,24.97
CATEGORY_COHORT,Other :: Motor vehicles for the transport of fewer than 10 persons.,Ireland,11,7,1,54.54545454545454,15.0,24.823333333333334
CATEGORY_COHORT,Other :: Maintenance services of public-lighting installations and traffic lights,United Kingdom,15,13,1,6.666666666666667,15.0,24.663333333333334
CATEGORY_COHORT,Other :: Repair and maintenance services of catering equipment,United Kingdom,15,13,1,6.666666666666667,15.0,24.663333333333334
CATEGORY_COHORT,Other :: Agricultural services,United Kingdom,16,10,1,12.5,15.0,24.586666666666666
CATEGORY_COHORT,Other :: Cleaning and polishing products,United Kingdom,16,12,1,6.25,15.0,24.455000000000005
CATEGORY_COHORT,Other :: Piling.,Ireland,11,9,1,36.36363636363637,15.0,24.391666666666666
CATEGORY_COHORT,Other :: *Electrical wire,Canada federal,12,4,1,58.333333333333336,15.0,24.28833333333333
CATEGORY_COHORT,Other :: Supply services of medical personnel,United Kingdom,11,11,1,27.27272727272727,15.0,24.23333333333333
CATEGORY_COHORT,Other :: Traffic-signal maintenance services,United Kingdom,11,11,1,27.27272727272727,15.0,24.23333333333333
CATEGORY_COHORT,Other :: *Landscaping services,Canada federal,18,6,1,16.666666666666664,15.0,24.188333333333333
CATEGORY_COHORT,Other :: *Application programming services,Canada federal,12,8,1,33.33333333333333,15.0,24.173333333333336
CATEGORY_COHORT,Other :: Medical insurance services,United Kingdom,28,4,1,7.142857142857142,15.0,24.145
CATEGORY_COHORT,Other :: *Components for information technology or broadcasting or telecommunications,Canada federal,11,7,1,45.45454545454545,15.0,23.983333333333338
CATEGORY_COHORT,Other :: Network equipment.,Ireland,14,11,1,14.285714285714285,15.0,23.98
CATEGORY_COHORT,Other :: Auction services,United Kingdom,16,13,1,0.0,15.0,23.855
CATEGORY_COHORT,Other :: Instruments for checking physical characteristics,United Kingdom,15,10,1,13.333333333333334,15.0,23.775000000000002
CATEGORY_COHORT,Other :: Taxi services.,Ireland,12,10,1,25.0,15.0,23.698333333333334
CATEGORY_COHORT,Other :: Gases,United Kingdom,12,10,1,25.0,15.0,23.698333333333334
CATEGORY_COHORT,Other :: Postal and telecommunications services.,Ireland,12,5,1,41.66666666666667,15.0,23.535
CATEGORY_COHORT,Other :: *Restaurants and catering,Canada federal,13,3,1,38.46153846153847,15.0,23.514999999999997
CATEGORY_COHORT,Other :: *Fire protection system and equipment maintenance or repair service,Canada federal,11,5,1,72.72727272727273,15.0,23.505
CATEGORY_COHORT,Other :: Railway equipment.,Ireland,13,1,1,46.15384615384615,15.0,23.474999999999998
CATEGORY_COHORT,Other :: Medical consumables.,Ireland,16,6,1,18.75,15.0,23.335000000000004
CATEGORY_COHORT,Other :: Buses and coaches,United Kingdom,14,8,1,21.428571428571427,15.0,23.289999999999996
CATEGORY_COHORT,Other :: Cultural event organisation services.,Ireland,10,8,1,60.0,15.0,23.25333333333333
CATEGORY_COHORT,Other :: Portable computers,United Kingdom,10,8,1,60.0,15.0,23.25333333333333
CATEGORY_COHORT,Other :: Miscellaneous medical devices and products.,Ireland,11,8,1,36.36363636363637,15.0,23.243333333333336
CATEGORY_COHORT,Other :: Environmental management,United Kingdom,14,13,1,7.142857142857142,15.0,23.16333333333333
CATEGORY_COHORT,Other :: *Metal milling machines,Canada federal,12,3,1,50.0,15.0,23.06
CATEGORY_COHORT,Other :: Heavy-duty motor vehicles,United Kingdom,13,11,1,15.384615384615385,15.0,22.933333333333334
CATEGORY_COHORT,Other :: Public security services.,Ireland,24,6,1,4.166666666666666,15.0,22.93166666666667
CATEGORY_COHORT,"Other :: *Trailer, travel or caravan",Canada federal,14,4,1,28.57142857142857,15.0,22.849999999999998
CATEGORY_COHORT,Other :: Telecommunications equipment and supplies,United Kingdom,11,10,1,27.27272727272727,15.0,22.738333333333333
CATEGORY_COHORT,Other :: International payment transfer services,United Kingdom,11,10,1,27.27272727272727,15.0,22.738333333333333
CATEGORY_COHORT,Other :: *Plumbing construction services,Canada federal,12,4,1,41.66666666666667,15.0,22.668333333333333
CATEGORY_COHORT,Other :: *Radar and sonar systems and components,Canada federal,12,4,1,41.66666666666667,15.0,22.668333333333333
CATEGORY_COHORT,Other :: Ground investigation services.,Ireland,10,8,1,50.0,15.0,22.623333333333335
CATEGORY_COHORT,Other :: Military research and technology,United Kingdom,23,1,1,13.043478260869565,15.0,22.565
CATEGORY_COHORT,Other :: Lighting equipment and electric lamps,United Kingdom,15,13,1,0.0,15.0,22.548333333333336
CATEGORY_COHORT,Other :: Agricultural machinery,United Kingdom,12,12,1,16.666666666666664,15.0,22.546666666666667
CATEGORY_COHORT,Other :: Advertising services.,Ireland,12,12,1,16.666666666666664,15.0,22.546666666666667
CATEGORY_COHORT,"Other :: Windows, doors and related items",United Kingdom,12,12,1,16.666666666666664,15.0,22.546666666666667
CATEGORY_COHORT,Other :: Supporting and auxiliary transport services; travel agencies services,United Kingdom,12,12,1,16.666666666666664,15.0,22.546666666666667
CATEGORY_COHORT,Other :: *Lockers,Canada federal,16,5,1,18.75,15.0,22.533333333333335
CATEGORY_COHORT,Other :: *Commercial and industrial furniture,Canada federal,18,4,1,16.666666666666664,15.0,22.52
CATEGORY_COHORT,Other :: *Project administration or planning,Canada federal,10,7,1,60.0,15.0,22.34333333333333
CATEGORY_COHORT,Other :: Burglar and fire alarms.,Ireland,10,9,1,40.0,15.0,22.301666666666666
CATEGORY_COHORT,Other :: *Personal safety and protection,Canada federal,12,6,1,33.33333333333333,15.0,22.266666666666666
CATEGORY_COHORT,Other :: Inspection of ventilation system,United Kingdom,12,9,1,25.0,15.0,22.246666666666666
CATEGORY_COHORT,Other :: Calibration services,United Kingdom,12,9,1,25.0,15.0,22.246666666666666
CATEGORY_COHORT,Other :: Hospital dialysis services,United Kingdom,12,9,1,25.0,15.0,22.246666666666666
CATEGORY_COHORT,Other :: Health and safety consultancy services.,Ireland,12,9,1,25.0,15.0,22.246666666666666
CATEGORY_COHORT,Other :: *Rescue equipment and accessories,Canada federal,17,4,1,17.647058823529413,15.0,22.093333333333334
CATEGORY_COHORT,Other :: *Snowmobiles or snow scooter,Canada federal,12,3,1,41.66666666666667,15.0,22.04
CATEGORY_COHORT,Other :: *Electrical engineering services,Canada federal,12,3,1,41.66666666666667,15.0,22.04
CATEGORY_COHORT,Other :: Surveying services.,Ireland,17,7,1,11.76470588235294,15.0,21.99833333333333
CATEGORY_COHORT,"Other :: Construction work for highways, roads.",Ireland,17,7,1,11.76470588235294,15.0,21.99833333333333
CATEGORY_COHORT,Other :: Site-development work.,Ireland,16,8,1,12.5,15.0,21.986666666666668
CATEGORY_COHORT,Other :: Office furniture.,Ireland,15,11,1,6.666666666666667,15.0,21.955
CATEGORY_COHORT,Other :: Sewage services,United Kingdom,13,13,1,7.6923076923076925,15.0,21.906666666666666
CATEGORY_COHORT,Other :: Building alteration work,United Kingdom,13,13,1,7.6923076923076925,15.0,21.906666666666666
CATEGORY_COHORT,Other :: *Electric vehicle charging systems,Canada federal,14,12,1,7.142857142857142,15.0,21.798333333333336
CATEGORY_COHORT,"Other :: Repair, maintenance and associated services related to roads and other equipment",United Kingdom,14,12,1,7.142857142857142,15.0,21.798333333333336
CATEGORY_COHORT,Other :: Refuse transport services,United Kingdom,14,12,1,7.142857142857142,15.0,21.798333333333336
CATEGORY_COHORT,Other :: Administrative social services,United Kingdom,14,12,1,7.142857142857142,15.0,21.798333333333336
CATEGORY_COHORT,Other :: *General building construction,Canada federal,10,7,1,50.0,15.0,21.713333333333335
CATEGORY_COHORT,Other :: Electrical equipment and apparatus,United Kingdom,16,10,1,6.25,15.0,21.616666666666667
CATEGORY_COHORT,Other :: Spectrometers,United Kingdom,16,10,1,6.25,15.0,21.616666666666667
CATEGORY_COHORT,Other :: *Radio frequency data communication equipment,Canada federal,11,3,1,54.54545454545454,15.0,21.529999999999998
CATEGORY_COHORT,Other :: *Specialized and recreational vehicles,Canada federal,11,2,1,81.81818181818183,15.0,21.514999999999997
CATEGORY_COHORT,Other :: *Transport services,Canada federal,12,5,1,33.33333333333333,15.0,21.465
CATEGORY_COHORT,Other :: Forklift trucks,United Kingdom,13,10,1,15.384615384615385,15.0,21.438333333333336
CATEGORY_COHORT,Other :: Market and economic research; polling and statistics.,Ireland,13,10,1,15.384615384615385,15.0,21.438333333333336
CATEGORY_COHORT,Other :: Repair and maintenance services of military vehicles,United Kingdom,15,1,1,26.666666666666668,15.0,21.431666666666665
CATEGORY_COHORT,Other :: Surface work for roads.,Ireland,11,6,1,36.36363636363637,15.0,21.336666666666666
CATEGORY_COHORT,Other :: Fitness equipments,United Kingdom,10,10,1,30.0,15.0,21.293333333333333
CATEGORY_COHORT,Other :: Repair and maintenance services of building installations.,Ireland,11,9,1,27.27272727272727,15.0,21.286666666666665
CATEGORY_COHORT,Other :: Library books,United Kingdom,11,9,1,27.27272727272727,15.0,21.286666666666665
CATEGORY_COHORT,Other :: Data-processing machines (hardware).,Ireland,12,11,1,16.666666666666664,15.0,21.203333333333333
CATEGORY_COHORT,Other :: Records management,United Kingdom,12,11,1,16.666666666666664,15.0,21.203333333333333
CATEGORY_COHORT,Other :: Vehicle-fleet management services.,Ireland,12,11,1,16.666666666666664,15.0,21.203333333333333
CATEGORY_COHORT,Other :: Mechanical engineering services,United Kingdom,12,11,1,16.666666666666664,15.0,21.203333333333333
CATEGORY_COHORT,"Other :: Office machinery, equipment and supplies except computers, printers and furniture.",Ireland,12,11,1,16.666666666666664,15.0,21.203333333333333
CATEGORY_COHORT,Other :: Educational equipment.,Ireland,10,8,1,40.0,15.0,21.153333333333332
CATEGORY_COHORT,Other :: Pension fund administration services,United Kingdom,10,8,1,40.0,15.0,21.153333333333332
CATEGORY_COHORT,Other :: Breakdown and recovery services for cars,United Kingdom,10,8,1,40.0,15.0,21.153333333333332
CATEGORY_COHORT,Other :: Weed-clearance services.,Ireland,12,8,1,25.0,15.0,21.098333333333333
CATEGORY_COHORT,Other :: Construction work for water and sewage pipelines.,Ireland,16,7,1,12.5,15.0,21.076666666666668
CATEGORY_COHORT,Other :: Job search services,United Kingdom,14,9,1,14.285714285714285,15.0,21.033333333333328
CATEGORY_COHORT,Other :: *Automotive and light truck maintenance and repair,Canada federal,19,4,1,10.526315789473683,15.0,20.924999999999997
CATEGORY_COHORT,Other :: Administrative educational services,United Kingdom,17,10,1,0.0,15.0,20.798333333333336
CATEGORY_COHORT,Other :: *Miscellaneous Electric Power and Distribution Equipment,Canada federal,14,1,1,28.57142857142857,15.0,20.726666666666667
CATEGORY_COHORT,Other :: Timber harvesting services,United Kingdom,15,4,1,20.0,15.0,20.615
CATEGORY_COHORT,Other :: *Light and wave generating and measuring equipment,Canada federal,13,6,1,23.076923076923077,15.0,20.591666666666665
CATEGORY_COHORT,Other :: Laboratory reagents.,Ireland,13,6,1,23.076923076923077,15.0,20.591666666666665
CATEGORY_COHORT,Other :: *Furniture and Furnishings,Canada federal,12,1,1,41.66666666666667,15.0,20.544999999999998
CATEGORY_COHORT,Other :: Detection and analysis apparatus,United Kingdom,13,12,1,7.6923076923076925,15.0,20.541666666666668
CATEGORY_COHORT,Other :: Bathrooms construction work,United Kingdom,13,12,1,7.6923076923076925,15.0,20.541666666666668
CATEGORY_COHORT,Other :: Insurance brokerage services,United Kingdom,15,10,1,6.666666666666667,15.0,20.46
CATEGORY_COHORT,Other :: Repair and maintenance services of military electronic systems,United Kingdom,26,3,1,0.0,15.0,20.315
CATEGORY_COHORT,Other :: Waste-tip management services,United Kingdom,11,11,1,18.181818181818183,15.0,20.243333333333332
CATEGORY_COHORT,Other :: Electric vehicles.,Ireland,11,11,1,18.181818181818183,15.0,20.243333333333332
CATEGORY_COHORT,Other :: Ground investigation work,United Kingdom,11,11,1,18.181818181818183,15.0,20.243333333333332
CATEGORY_COHORT,Other :: Lift and escalator installation work,United Kingdom,11,11,1,18.181818181818183,15.0,20.243333333333332
CATEGORY_COHORT,Other :: Catering services for other enterprises or other institutions,United Kingdom,11,11,1,18.181818181818183,15.0,20.243333333333332
CATEGORY_COHORT,Other :: Road construction works,United Kingdom,10,7,1,40.0,15.0,20.243333333333332
CATEGORY_COHORT,Other :: Passenger cars.,Ireland,10,7,1,40.0,15.0,20.243333333333332
CATEGORY_COHORT,Other :: Road-maintenance vehicles.,Ireland,12,7,1,25.0,15.0,20.188333333333336
CATEGORY_COHORT,Other :: *Commercial marine craft *Salvage ships *Icebreaker *Rescue ships or boats *Water transport vessel maintenance and repair services,Canada federal,11,1,1,54.54545454545454,15.0,20.034999999999997
CATEGORY_COHORT,Other :: Building surveying services.,Ireland,13,9,1,15.384615384615385,15.0,19.986666666666668
CATEGORY_COHORT,Other :: Ultrasound scanners,United Kingdom,10,4,1,80.0,15.0,19.948333333333327
CATEGORY_COHORT,Other :: Installation of doors,United Kingdom,10,9,1,30.0,15.0,19.841666666666665
CATEGORY_COHORT,Other :: District heating,United Kingdom,10,9,1,30.0,15.0,19.841666666666665
CATEGORY_COHORT,Other :: Snow-clearing services,United Kingdom,15,11,1,0.0,15.0,19.84
CATEGORY_COHORT,Other :: *Pest control,Canada federal,13,5,1,23.076923076923077,15.0,19.790000000000003
CATEGORY_COHORT,Other :: Repair and maintenance services of electrical and mechanical building installations.,Ireland,12,10,1,16.666666666666664,15.0,19.708333333333332
CATEGORY_COHORT,Other :: Vehicle-fleet-support services,United Kingdom,12,10,1,16.666666666666664,15.0,19.708333333333332
CATEGORY_COHORT,Other :: Installation services of electrical and mechanical equipment.,Ireland,12,10,1,16.666666666666664,15.0,19.708333333333332
CATEGORY_COHORT,Other :: *Medical science and research,Canada federal,10,4,1,60.0,15.0,19.67833333333333
CATEGORY_COHORT,Other :: Letting services of short-stay furnished accommodation,United Kingdom,14,12,1,0.0,15.0,19.503333333333334
CATEGORY_COHORT,"Other :: Construction work for pipelines, communication and power lines, for highways, roads, airfields and railways; flatwork",United Kingdom,14,12,1,0.0,15.0,19.503333333333334
CATEGORY_COHORT,"Other :: Public security, law and order services",United Kingdom,14,12,1,0.0,15.0,19.503333333333334
CATEGORY_COHORT,Other :: Catering equipment.,Ireland,14,12,1,0.0,15.0,19.503333333333334
CATEGORY_COHORT,Other :: Construction management services,United Kingdom,14,12,1,0.0,15.0,19.503333333333334
CATEGORY_COHORT,Other :: Refurbishment work.,Ireland,13,13,1,0.0,15.0,19.401666666666667
CATEGORY_COHORT,Other :: *Paper shredding machines or accessories,Canada federal,10,6,1,40.0,15.0,19.246666666666666
CATEGORY_COHORT,Other :: *Education and Training Services,Canada federal,11,1,1,45.45454545454545,15.0,19.195
CATEGORY_COHORT,Other :: Advertising material.,Ireland,12,6,1,25.0,15.0,19.191666666666666
CATEGORY_COHORT,Other :: Surveillance services,United Kingdom,12,6,1,25.0,15.0,19.191666666666666
CATEGORY_COHORT,Other :: *Accommodation furniture *Office furniture,Canada federal,18,6,1,5.555555555555555,15.0,19.133333333333333
CATEGORY_COHORT,Other :: *Chartered airplane travel *Passenger aircraft rental or leasing service,Canada federal,14,3,1,21.428571428571427,15.0,19.086666666666662
CATEGORY_COHORT,Other :: *Fishery research or experimentation services,Canada federal,10,3,1,60.0,15.0,19.049999999999997
CATEGORY_COHORT,Other :: *Electrical components,Canada federal,15,9,1,6.666666666666667,15.0,19.008333333333333
CATEGORY_COHORT,Other :: Environmental impact assessment other than for construction,United Kingdom,14,10,1,7.142857142857142,15.0,18.959999999999997
CATEGORY_COHORT,Other :: Enteral feeds,United Kingdom,14,10,1,7.142857142857142,15.0,18.959999999999997
CATEGORY_COHORT,Other :: Administrative services related to tourism affairs.,Ireland,13,8,1,15.384615384615385,15.0,18.838333333333335
CATEGORY_COHORT,Other :: Military defence services,United Kingdom,21,5,1,0.0,15.0,18.796666666666667
CATEGORY_COHORT,Other :: Minibuses,United Kingdom,11,10,1,18.181818181818183,15.0,18.748333333333335
CATEGORY_COHORT,Other :: Repair and maintenance services of machinery,United Kingdom,11,10,1,18.181818181818183,15.0,18.748333333333335
CATEGORY_COHORT,Other :: Lifts,United Kingdom,11,10,1,18.181818181818183,15.0,18.748333333333335
CATEGORY_COHORT,Other :: Cafeteria services,United Kingdom,11,10,1,18.181818181818183,15.0,18.748333333333335
CATEGORY_COHORT,Other :: *Pipe piping and pipe fittings,Canada federal,10,2,1,80.0,15.0,18.734999999999996
CATEGORY_COHORT,Other :: *Defense and law enforcement and security and safety training equipment,Canada federal,10,2,1,80.0,15.0,18.734999999999996
CATEGORY_COHORT,Other :: *Events management *Meeting planning services,Canada federal,10,2,1,80.0,15.0,18.734999999999996
CATEGORY_COHORT,Other :: Network equipment,United Kingdom,10,8,1,30.0,15.0,18.69333333333333
