Warehouse_Source,Category,Subcategory,Tender_Count,Unique_Buyers,Country_Count,Median_Lean_Fit,Recent_12m_Share_Pct,Active_Years,Volume_Pct,Buyer_Breadth_Pct,Recency_Pct,Lean_Pct,Open_World_Score,Discovery_Type
United Kingdom,Creative / communications,Design / publishing,2091,797,1,80.0,40.17216642754663,4,97.41666666666666,98.16666666666667,87.25,99.41666666666666,96.26166666666667,DATA_NATIVE_COHORT
TED,Automation / software,Software / automation,27343,2441,83,74.0,35.544746370186154,7,99.08333333333333,99.08333333333333,80.83333333333333,99.0,95.77833333333334,DATA_NATIVE_COHORT
United Kingdom,Automation / software,Software / automation,3989,1319,1,72.0,36.500376034093755,4,97.91666666666666,98.5,82.83333333333334,98.75,95.55333333333333,DATA_NATIVE_COHORT
TED,Creative / communications,Design / publishing,10836,1172,162,82.0,33.850129198966414,5,98.75,98.41666666666666,79.08333333333334,99.66666666666667,95.34333333333333,DATA_NATIVE_COHORT
TED,Automation / software,IT services / software,50131,3455,72,60.0,33.677764257644974,5,99.33333333333333,99.33333333333333,78.91666666666667,97.66666666666667,95.25833333333333,DATA_NATIVE_COHORT
Germany,Automation / software,IT services / software,15168,2139,1,60.0,33.47837552742617,4,98.91666666666666,98.91666666666666,78.66666666666666,97.66666666666667,94.97166666666666,DATA_NATIVE_COHORT
TED,Monitoring / research,Monitoring / analysis,4266,447,97,70.0,36.02906704172527,4,98.08333333333333,97.25,81.83333333333334,98.08333333333333,94.94166666666666,DATA_NATIVE_COHORT
TED,Other,UNKNOWN,729157,31824,267,20.0,31.58140153629465,8,100.0,100.0,75.08333333333333,97.5,94.91499999999999,DATA_NATIVE_COHORT
Germany,Automation / software,Software / automation,34425,2860,1,74.0,31.988380537400147,4,99.16666666666667,99.16666666666667,75.58333333333334,99.0,94.88166666666666,DATA_NATIVE_COHORT
Germany,Monitoring / research,Monitoring / analysis,6982,1405,1,70.0,33.543397307361786,4,98.41666666666666,98.58333333333333,78.83333333333333,98.08333333333333,94.85499999999999,DATA_NATIVE_COHORT
Germany,Creative / communications,Design / publishing,10716,2258,1,82.0,31.886898096304588,4,98.66666666666667,99.0,75.5,99.66666666666667,94.82333333333334,DATA_NATIVE_COHORT
TenderNed,Creative / communications,Design / publishing,2020,434,1,82.0,33.910891089108915,4,97.33333333333334,97.08333333333333,79.16666666666666,99.66666666666667,94.55833333333334,DATA_NATIVE_COHORT
United Kingdom,Monitoring / research,Monitoring / analysis,819,438,1,70.0,36.26373626373626,4,96.33333333333334,97.16666666666667,82.16666666666667,98.08333333333333,94.42000000000002,DATA_NATIVE_COHORT
Canada federal,Automation / software,Software / automation,582,123,1,72.0,37.80068728522337,4,96.0,94.91666666666667,83.5,98.75,94.12833333333333,DATA_NATIVE_COHORT
TenderNed,Automation / software,Software / automation,4609,779,1,74.0,31.481883271859406,4,98.16666666666667,97.91666666666666,74.83333333333333,99.0,94.10166666666666,DATA_NATIVE_COHORT
TenderNed,Other,UNKNOWN,37132,1618,1,20.0,30.71205429279328,4,99.25,98.66666666666667,73.41666666666666,97.5,94.02833333333334,DATA_NATIVE_COHORT
TenderNed,Automation / software,IT services / software,2134,586,1,60.0,32.33364573570759,4,97.5,97.66666666666667,76.25,97.66666666666667,93.75833333333333,DATA_NATIVE_COHORT
TenderNed,Monitoring / research,Monitoring / analysis,2619,459,1,70.0,31.882397861779303,4,97.66666666666667,97.33333333333334,75.41666666666667,98.08333333333333,93.67500000000001,DATA_NATIVE_COHORT
France,Automation / software,Software / automation,3992,1945,1,74.0,28.256513026052104,4,98.0,98.83333333333333,68.41666666666667,99.0,93.13166666666666,DATA_NATIVE_COHORT
France,Creative / communications,Design / publishing,10328,4588,1,82.0,26.2006196746708,4,98.58333333333333,99.5,62.83333333333333,99.66666666666667,92.64666666666668,DATA_NATIVE_COHORT
Ireland,Automation / software,IT services / software,1136,244,1,60.0,29.753521126760564,4,96.75,96.58333333333333,71.83333333333334,97.66666666666667,92.44166666666666,DATA_NATIVE_COHORT
Ireland,Automation / software,Software / automation,1023,212,1,72.0,29.03225806451613,4,96.66666666666667,96.16666666666667,70.08333333333333,98.75,92.25166666666667,DATA_NATIVE_COHORT
Canada federal,Creative / communications,Design / publishing,464,89,1,80.0,30.81896551724138,4,95.91666666666666,93.08333333333333,74.0,99.41666666666666,92.075,DATA_NATIVE_COHORT
France,Monitoring / research,Monitoring / analysis,17105,6068,1,70.0,24.88161356328559,4,99.0,99.58333333333333,59.583333333333336,98.08333333333333,91.83666666666667,DATA_NATIVE_COHORT
Quebec,Creative / communications,Design / publishing,14342,782,1,82.0,24.466601589736438,11,98.83333333333333,98.0,59.25,99.66666666666667,91.69166666666668,DATA_NATIVE_COHORT
Quebec,Automation / software,Software / automation,7739,539,1,74.0,23.504328724641425,9,98.5,97.5,56.833333333333336,99.0,90.86000000000001,DATA_NATIVE_COHORT
United Kingdom,Automation / software,IT services / software,1784,790,1,60.0,23.766816143497756,4,97.16666666666667,98.08333333333333,57.333333333333336,97.66666666666667,90.35499999999999,DATA_NATIVE_COHORT
Ireland,Monitoring / research,Monitoring / analysis,227,92,1,70.0,27.75330396475771,4,93.58333333333333,93.33333333333333,66.91666666666667,98.08333333333333,89.79833333333332,DATA_NATIVE_COHORT
Quebec,Monitoring / research,Monitoring / analysis,3678,684,1,70.0,21.0984230560087,9,97.83333333333334,97.83333333333334,51.0,98.08333333333333,89.46333333333334,DATA_NATIVE_COHORT
Canada federal,Monitoring / research,Monitoring / analysis,119,56,1,70.0,26.89075630252101,4,90.33333333333333,88.41666666666667,64.25,98.08333333333333,87.0,DATA_NATIVE_COHORT
Ireland,Creative / communications,Design / publishing,45,38,1,80.0,33.33333333333333,4,75.5,82.33333333333334,76.75,99.41666666666666,83.24166666666666,DATA_NATIVE_COHORT
United Kingdom,Other,UNKNOWN,64946,3392,1,15.0,74.5342284359314,2,99.5,99.25,98.83333333333333,0.08333333333333334,75.455,DATA_NATIVE_COHORT
Ireland,Other,School meals.,1264,1049,1,15.0,92.48417721518987,4,96.91666666666666,98.25,99.75,0.08333333333333334,74.53333333333333,DATA_NATIVE_COHORT
Belgium,UNKNOWN,UNKNOWN,100037,4401,1,,34.57120865279846,4,99.66666666666667,99.41666666666666,79.66666666666666,0.0,72.08166666666666,DATA_NATIVE_COHORT
United Kingdom,Other,General-practitioner services,900,105,1,15.0,45.44444444444444,4,96.5,93.91666666666667,91.33333333333333,0.08333333333333334,71.75833333333333,DATA_NATIVE_COHORT
Germany,Other,UNKNOWN,549715,18937,1,15.0,32.261444566730034,4,99.91666666666667,99.83333333333333,76.16666666666667,0.08333333333333334,71.66000000000001,DATA_NATIVE_COHORT
United Kingdom,Other,Pathology services,210,72,1,15.0,53.80952380952381,4,92.91666666666667,91.58333333333334,95.91666666666666,0.08333333333333334,70.83,DATA_NATIVE_COHORT
United Kingdom,Other,Hospital and related services,305,89,1,15.0,42.62295081967213,4,94.91666666666667,93.08333333333333,89.66666666666666,0.08333333333333334,70.735,DATA_NATIVE_COHORT
United Kingdom,Other,Health services,5526,571,1,15.0,32.13897937024973,4,98.33333333333333,97.58333333333333,75.75,0.08333333333333334,70.49333333333333,DATA_NATIVE_COHORT
Ireland,Other,School-meal services.,114,109,1,15.0,51.75438596491229,3,89.91666666666667,94.25,95.08333333333333,0.08333333333333334,70.41333333333333,DATA_NATIVE_COHORT
United Kingdom,Other,Pharmacy services,328,68,1,15.0,43.292682926829265,4,95.08333333333333,91.08333333333334,90.25,0.08333333333333334,70.37333333333333,DATA_NATIVE_COHORT
United Kingdom,Other,Dental practice and related services,216,78,1,15.0,45.83333333333333,4,93.25,92.0,91.83333333333333,0.08333333333333334,70.31,DATA_NATIVE_COHORT
France,Other,Services,115535,21930,1,15.0,28.46669840308132,4,99.75,99.91666666666667,68.58333333333333,0.08333333333333334,70.26333333333334,DATA_NATIVE_COHORT
United Kingdom,Other,Public road transport services,271,60,1,15.0,46.86346863468634,4,94.25,89.66666666666666,93.0,0.08333333333333334,70.23333333333332,DATA_NATIVE_COHORT
France,Other,Fournitures,53756,11367,1,15.0,28.149415879157676,4,99.41666666666666,99.66666666666667,68.33333333333333,0.08333333333333334,70.04666666666667,DATA_NATIVE_COHORT
France,Other,Travaux,72257,16585,1,15.0,27.587638567889616,4,99.58333333333333,99.75,66.66666666666666,0.08333333333333334,69.82166666666666,DATA_NATIVE_COHORT
United Kingdom,Other,Medical imaging services,159,76,1,15.0,42.138364779874216,4,92.58333333333333,91.91666666666667,89.25,0.08333333333333334,69.61,DATA_NATIVE_COHORT
Ireland,Other,Architectural and related services.,334,132,1,15.0,33.532934131736525,4,95.16666666666667,95.0,78.75,0.08333333333333334,69.34833333333333,DATA_NATIVE_COHORT
United Kingdom,Other,Psychiatrist or psychologist services,216,73,1,15.0,38.88888888888889,3,93.25,91.66666666666666,84.58333333333333,0.08333333333333334,68.91833333333332,DATA_NATIVE_COHORT
France,Other,UNKNOWN,1968,1104,1,15.0,27.794715447154474,4,97.25,98.33333333333333,67.41666666666667,0.08333333333333334,68.84166666666667,DATA_NATIVE_COHORT
Canada federal,Other,*Office furniture,233,63,1,15.0,38.197424892703864,4,93.75,90.5,83.83333333333334,0.08333333333333334,68.64,DATA_NATIVE_COHORT
Quebec,Other,UNKNOWN,134714,1765,1,15.0,24.664103211247532,12,99.83333333333333,98.75,59.333333333333336,0.08333333333333334,68.32166666666667,DATA_NATIVE_COHORT
United Kingdom,Other,Community health services,924,207,1,15.0,27.92207792207792,4,96.58333333333333,96.08333333333333,67.58333333333333,0.08333333333333334,68.07333333333334,DATA_NATIVE_COHORT
Ireland,Other,Construction work.,1477,375,1,15.0,25.59241706161137,4,97.0,96.83333333333334,62.33333333333333,0.08333333333333334,67.45666666666666,DATA_NATIVE_COHORT
United Kingdom,Other,Ambulance services,83,57,1,15.0,45.78313253012048,4,86.75,88.91666666666667,91.75,0.08333333333333334,67.41333333333334,DATA_NATIVE_COHORT
United Kingdom,Other,Hospital services,160,61,1,15.0,34.375,4,92.66666666666666,90.0,79.41666666666667,0.08333333333333334,67.36833333333333,DATA_NATIVE_COHORT
Ireland,Other,Education and training services.,352,119,1,15.0,27.84090909090909,4,95.33333333333334,94.58333333333333,67.5,0.08333333333333334,67.26833333333333,DATA_NATIVE_COHORT
United Kingdom,Other,Medical practice services,90,43,1,15.0,53.333333333333336,4,87.66666666666667,84.25,95.75,0.08333333333333334,67.21333333333332,DATA_NATIVE_COHORT
Ireland,Other,Financial consultancy services.,337,67,1,15.0,29.673590504451035,4,95.25,91.0,71.75,0.08333333333333334,67.075,DATA_NATIVE_COHORT
Ireland,Other,"Architectural, construction, engineering and inspection services.",648,183,1,15.0,26.543209876543212,4,96.16666666666667,95.66666666666667,63.16666666666667,0.08333333333333334,67.03666666666668,DATA_NATIVE_COHORT
United Kingdom,Other,"Architectural, construction, engineering and inspection services",423,212,1,15.0,26.004728132387704,4,95.83333333333334,96.16666666666667,62.74999999999999,0.08333333333333334,66.985,DATA_NATIVE_COHORT
United Kingdom,Other,Rehabilitation services,214,83,1,15.0,29.906542056074763,4,93.16666666666666,92.41666666666667,72.0,0.08333333333333334,66.82166666666666,DATA_NATIVE_COHORT
United Kingdom,Other,Medical specialist services,108,47,1,15.0,39.81481481481482,4,89.5,85.75,85.66666666666667,0.08333333333333334,66.375,DATA_NATIVE_COHORT
Ireland,Other,Legal services.,158,60,1,15.0,30.37974683544304,4,92.5,89.66666666666666,73.16666666666667,0.08333333333333334,66.10333333333332,DATA_NATIVE_COHORT
Ireland,Other,Research and development services and related consultancy services.,150,84,1,15.0,28.666666666666668,4,92.0,92.5,69.83333333333334,0.08333333333333334,66.08,DATA_NATIVE_COHORT
Ireland,Other,Building construction work.,366,178,1,15.0,24.316939890710383,4,95.58333333333333,95.58333333333333,59.0,0.08333333333333334,66.07833333333333,DATA_NATIVE_COHORT
Ireland,Other,Personnel-training services.,79,56,1,15.0,39.24050632911392,4,86.0,88.41666666666667,85.16666666666667,0.08333333333333334,65.85833333333333,DATA_NATIVE_COHORT
United Kingdom,Other,Transport services (excl. Waste transport),5103,157,1,15.0,22.202625906329608,4,98.25,95.33333333333334,53.333333333333336,0.08333333333333334,65.84666666666666,DATA_NATIVE_COHORT
United Kingdom,Other,Construction project management services,79,55,1,15.0,39.24050632911392,4,86.0,88.0,85.16666666666667,0.08333333333333334,65.75,DATA_NATIVE_COHORT
United Kingdom,Other,Construction consultancy services,117,86,1,15.0,29.059829059829063,4,90.16666666666666,92.75,70.33333333333334,0.08333333333333334,65.64833333333333,DATA_NATIVE_COHORT
United Kingdom,Other,Psychiatric hospital services,101,31,1,15.0,48.51485148514851,3,88.83333333333333,78.16666666666666,93.66666666666667,0.08333333333333334,65.63,DATA_NATIVE_COHORT
Ireland,Other,Electrical installation work.,125,89,1,15.0,28.000000000000004,4,90.91666666666667,93.08333333333333,67.66666666666666,0.08333333333333334,65.49499999999999,DATA_NATIVE_COHORT
United Kingdom,Other,Miscellaneous health services,676,108,1,15.0,23.37278106508876,4,96.25,94.08333333333333,56.58333333333333,0.08333333333333334,65.46666666666667,DATA_NATIVE_COHORT
Ireland,Other,Motor vehicles.,105,66,1,15.0,30.476190476190478,4,89.33333333333333,90.91666666666667,73.33333333333333,0.08333333333333334,65.445,DATA_NATIVE_COHORT
Canada federal,Other,*Laboratory and scientific equipment,403,41,1,15.0,29.776674937965257,4,95.66666666666667,83.5,71.91666666666666,0.08333333333333334,65.28833333333333,DATA_NATIVE_COHORT
United Kingdom,Other,Dermatology services,75,38,1,15.0,46.666666666666664,4,84.91666666666666,82.33333333333334,92.5,0.08333333333333334,65.24999999999999,DATA_NATIVE_COHORT
United Kingdom,Other,Legal services,249,186,1,15.0,23.293172690763054,4,94.0,95.75,56.333333333333336,0.08333333333333334,65.135,DATA_NATIVE_COHORT
Canada federal,Other,*Audit services,98,53,1,15.0,32.6530612244898,4,88.66666666666667,87.5,76.58333333333334,0.08333333333333334,64.92833333333333,DATA_NATIVE_COHORT
United Kingdom,Other,Optician services,143,31,1,15.0,37.76223776223776,4,91.5,78.16666666666666,83.41666666666666,0.08333333333333334,64.63833333333332,DATA_NATIVE_COHORT
Ireland,Other,Works for complete or part construction and civil engineering work.,119,63,1,15.0,27.73109243697479,4,90.33333333333333,90.5,66.75,0.08333333333333334,64.47166666666666,DATA_NATIVE_COHORT
United Kingdom,Other,Residential nursing care services,121,30,1,15.0,38.84297520661157,4,90.58333333333334,77.33333333333333,84.5,0.08333333333333334,64.32333333333332,DATA_NATIVE_COHORT
Ireland,Other,Civil engineering consultancy services.,217,101,1,15.0,23.04147465437788,4,93.41666666666667,93.66666666666667,54.91666666666667,0.08333333333333334,64.15166666666667,DATA_NATIVE_COHORT
United Kingdom,Other,Surgical hospital services,102,31,1,15.0,39.21568627450981,4,89.0,78.16666666666666,85.08333333333333,0.08333333333333334,64.13833333333332,DATA_NATIVE_COHORT
United Kingdom,Other,ENT or audiologist services,114,42,1,15.0,31.57894736842105,4,89.91666666666667,83.83333333333334,74.91666666666667,0.08333333333333334,64.075,DATA_NATIVE_COHORT
Canada federal,Other,*Temporary personnel services,315,21,1,15.0,42.22222222222222,4,95.0,67.08333333333333,89.33333333333333,0.08333333333333334,63.94166666666667,DATA_NATIVE_COHORT
United Kingdom,Other,Medical equipments,136,56,1,15.0,27.205882352941174,4,91.33333333333333,88.41666666666667,64.91666666666667,0.08333333333333334,63.92000000000001,DATA_NATIVE_COHORT
United Kingdom,Other,Residential health facilities services,68,33,1,15.0,44.11764705882353,4,83.25,80.0,90.91666666666667,0.08333333333333334,63.825,DATA_NATIVE_COHORT
Canada federal,Other,*Business and corporate management consultation services,72,43,1,15.0,37.5,4,84.08333333333333,84.25,83.16666666666667,0.08333333333333334,63.80166666666667,DATA_NATIVE_COHORT
United Kingdom,Other,Building construction work,354,194,1,15.0,18.361581920903955,4,95.5,96.0,44.75,0.08333333333333334,63.595000000000006,DATA_NATIVE_COHORT
Canada federal,Other,*Information technology consultation services,149,49,1,15.0,26.845637583892618,4,91.75,86.66666666666667,64.16666666666667,0.08333333333333334,63.46333333333333,DATA_NATIVE_COHORT
Ireland,Other,Cleaning services.,149,60,1,15.0,24.832214765100673,4,91.75,89.66666666666666,59.5,0.08333333333333334,63.403333333333336,DATA_NATIVE_COHORT
United Kingdom,Other,Medical consumables,137,44,1,15.0,27.73722627737226,4,91.41666666666667,84.91666666666666,66.83333333333333,0.08333333333333334,63.38166666666667,DATA_NATIVE_COHORT
United Kingdom,Other,Building consultancy services,71,61,1,15.0,29.577464788732392,4,83.66666666666667,90.0,71.25,0.08333333333333334,63.01833333333334,DATA_NATIVE_COHORT
United Kingdom,Other,Construction work,1565,658,1,15.0,15.399361022364216,4,97.08333333333333,97.75,36.083333333333336,0.08333333333333334,62.99666666666667,DATA_NATIVE_COHORT
Ireland,Other,Training services.,73,52,1,15.0,30.136986301369863,4,84.58333333333333,87.33333333333333,73.08333333333333,0.08333333333333334,62.94833333333334,DATA_NATIVE_COHORT
United Kingdom,Other,Business and management consultancy services,115,81,1,15.0,22.608695652173914,4,90.08333333333334,92.25,54.25,0.08333333333333334,62.59666666666667,DATA_NATIVE_COHORT
United Kingdom,Other,Business and management consultancy and related services,174,117,1,15.0,18.96551724137931,4,92.83333333333333,94.5,46.08333333333333,0.08333333333333334,62.591666666666676,DATA_NATIVE_COHORT
Ireland,Other,Architectural design services.,64,39,1,15.0,35.9375,4,82.33333333333334,82.75,81.5,0.08333333333333334,62.55166666666668,DATA_NATIVE_COHORT
United Kingdom,Other,Medical practice and related services,103,47,1,15.0,27.184466019417474,4,89.16666666666667,85.75,64.83333333333333,0.08333333333333334,62.51833333333334,DATA_NATIVE_COHORT
United Kingdom,Other,Ophthalmologist services,96,41,1,15.0,28.125,3,88.5,83.5,68.16666666666666,0.08333333333333334,62.32,DATA_NATIVE_COHORT
Ireland,Other,"Laboratory, optical and precision equipments (excl. glasses).",238,29,1,15.0,28.57142857142857,4,93.83333333333333,76.58333333333334,68.66666666666667,0.08333333333333334,62.318333333333335,DATA_NATIVE_COHORT
United Kingdom,Other,Services provided by medical laboratories,95,27,1,15.0,34.73684210526316,4,88.33333333333333,75.08333333333333,79.75,0.08333333333333334,62.16333333333333,DATA_NATIVE_COHORT
Ireland,Other,Consultative engineering and construction services.,92,46,1,15.0,27.173913043478258,4,87.75,85.66666666666667,64.75,0.08333333333333334,62.02833333333334,DATA_NATIVE_COHORT
United Kingdom,Other,Supply services of personnel including temporary staff,101,81,1,15.0,21.782178217821784,4,88.83333333333333,92.25,53.083333333333336,0.08333333333333334,61.986666666666665,DATA_NATIVE_COHORT
Ireland,Other,Quantity surveying services.,74,48,1,15.0,28.37837837837838,4,84.83333333333334,86.0,68.5,0.08333333333333334,61.856666666666676,DATA_NATIVE_COHORT
Ireland,Other,Recruitment services.,79,57,1,15.0,25.31645569620253,4,86.0,88.91666666666667,62.16666666666667,0.08333333333333334,61.848333333333336,DATA_NATIVE_COHORT
United Kingdom,Other,Health and social work services,3170,517,1,15.0,12.681388012618298,4,97.75,97.41666666666666,28.749999999999996,0.08333333333333334,61.803333333333335,DATA_NATIVE_COHORT
Ireland,Other,Business and management consultancy and related services.,93,54,1,15.0,24.731182795698924,4,88.16666666666667,87.91666666666667,59.416666666666664,0.08333333333333334,61.786666666666676,DATA_NATIVE_COHORT
United Kingdom,Other,Repair and maintenance services,894,414,1,15.0,13.758389261744966,4,96.41666666666666,97.0,31.416666666666664,0.08333333333333334,61.74833333333334,DATA_NATIVE_COHORT
United Kingdom,Other,Taxi services,123,93,1,15.0,19.51219512195122,4,90.66666666666666,93.41666666666667,46.58333333333333,0.08333333333333334,61.70666666666666,DATA_NATIVE_COHORT
United Kingdom,Other,Medical hospital services,85,20,1,15.0,45.88235294117647,4,87.0,65.66666666666666,92.0,0.08333333333333334,61.49333333333333,DATA_NATIVE_COHORT
United Kingdom,Other,Training services,153,108,1,15.0,17.647058823529413,4,92.25,94.08333333333333,41.5,0.08333333333333334,61.47166666666667,DATA_NATIVE_COHORT
Canada federal,Other,*Cleaning and janitorial services,119,28,1,15.0,29.411764705882355,4,90.33333333333333,76.16666666666667,70.58333333333333,0.08333333333333334,61.435,DATA_NATIVE_COHORT
United Kingdom,Other,Building materials,55,39,1,15.0,34.54545454545455,4,79.91666666666667,82.75,79.58333333333333,0.08333333333333334,61.433333333333344,DATA_NATIVE_COHORT
United Kingdom,Other,Recruitment services,221,167,1,15.0,15.837104072398189,4,93.5,95.5,36.833333333333336,0.08333333333333334,61.400000000000006,DATA_NATIVE_COHORT
United Kingdom,Other,Social work services with accommodation,147,78,1,15.0,18.367346938775512,4,91.66666666666666,92.0,44.83333333333333,0.08333333333333334,61.343333333333334,DATA_NATIVE_COHORT
Ireland,Other,Refuse and waste related services.,47,30,1,15.0,46.808510638297875,4,76.5,77.33333333333333,92.91666666666667,0.08333333333333334,61.33166666666667,DATA_NATIVE_COHORT
Canada federal,Other,UNKNOWN,284,15,1,15.0,44.36619718309859,4,94.41666666666667,55.91666666666667,91.0,0.08333333333333334,61.15166666666668,DATA_NATIVE_COHORT
United Kingdom,Other,Auditing services,123,104,1,15.0,17.88617886178862,4,90.66666666666666,93.83333333333333,42.66666666666667,0.08333333333333334,61.11,DATA_NATIVE_COHORT
Ireland,Other,Playground equipment.,77,37,1,15.0,28.57142857142857,4,85.25,82.08333333333333,68.66666666666667,0.08333333333333334,61.00166666666667,DATA_NATIVE_COHORT
United Kingdom,Other,Repair and maintenance services of medical equipment,54,35,1,15.0,35.18518518518518,4,79.41666666666667,81.08333333333333,80.33333333333333,0.08333333333333334,60.97500000000001,DATA_NATIVE_COHORT
Ireland,Other,Repair and maintenance services.,110,48,1,15.0,22.727272727272727,4,89.66666666666666,86.0,54.333333333333336,0.08333333333333334,60.85333333333333,DATA_NATIVE_COHORT
Ireland,Other,Site preparation work.,57,35,1,15.0,33.33333333333333,4,80.75,81.08333333333333,76.75,0.08333333333333334,60.75666666666667,DATA_NATIVE_COHORT
United Kingdom,Other,Motor vehicles,80,53,1,15.0,23.75,4,86.41666666666666,87.5,57.25,0.08333333333333334,60.72833333333334,DATA_NATIVE_COHORT
United Kingdom,Other,"Construction work for highways, roads",55,25,1,15.0,43.63636363636363,4,79.91666666666667,72.58333333333333,90.33333333333333,0.08333333333333334,60.725,DATA_NATIVE_COHORT
Canada federal,Other,*Software,67,19,1,15.0,52.23880597014925,4,83.08333333333333,64.75,95.25,0.08333333333333334,60.586666666666666,DATA_NATIVE_COHORT
Canada federal,Other,*Project management,56,30,1,15.0,35.714285714285715,4,80.41666666666667,77.33333333333333,80.91666666666667,0.08333333333333334,60.425000000000004,DATA_NATIVE_COHORT
United Kingdom,Other,Repair and maintenance services of building installations,149,112,1,15.0,15.436241610738255,4,91.75,94.33333333333334,36.16666666666667,0.08333333333333334,60.41666666666667,DATA_NATIVE_COHORT
United Kingdom,Other,"Sewage, refuse, cleaning and environmental services",210,156,1,15.0,14.285714285714285,4,92.91666666666667,95.25,32.33333333333333,0.08333333333333334,60.33833333333334,DATA_NATIVE_COHORT
United Kingdom,Other,Waste and rubbish containers and bins,47,35,1,15.0,36.17021276595745,4,76.5,81.08333333333333,81.91666666666667,0.08333333333333334,60.326666666666675,DATA_NATIVE_COHORT
Ireland,Other,Landscaping work.,55,34,1,15.0,32.72727272727273,4,79.91666666666667,80.5,76.66666666666667,0.08333333333333334,60.32333333333333,DATA_NATIVE_COHORT
Canada federal,Other,*Electronic hardware and component parts and accessories,77,36,1,15.0,27.27272727272727,4,85.25,81.66666666666667,65.0,0.08333333333333334,60.23333333333334,DATA_NATIVE_COHORT
Ireland,Other,Public relations services.,67,48,1,15.0,25.37313432835821,4,83.08333333333333,86.0,62.25000000000001,0.08333333333333334,60.17166666666667,DATA_NATIVE_COHORT
Ireland,Other,Advertising and marketing services.,87,48,1,15.0,22.988505747126435,4,87.16666666666667,86.0,54.833333333333336,0.08333333333333334,60.14333333333333,DATA_NATIVE_COHORT
United Kingdom,Other,Cleaning services,273,217,1,15.0,11.72161172161172,4,94.33333333333334,96.41666666666666,26.083333333333332,0.08333333333333334,59.970000000000006,DATA_NATIVE_COHORT
Ireland,Other,Engineering services.,143,58,1,15.0,17.482517482517483,4,91.5,89.25,41.41666666666667,0.08333333333333334,59.96,DATA_NATIVE_COHORT
United Kingdom,Other,Refuse and waste related services,353,222,1,15.0,10.198300283286118,4,95.41666666666667,96.5,23.416666666666668,0.08333333333333334,59.85833333333334,DATA_NATIVE_COHORT
Ireland,Other,Primary school construction work.,66,61,1,15.0,22.727272727272727,4,82.75,90.0,54.333333333333336,0.08333333333333334,59.68000000000001,DATA_NATIVE_COHORT
Ireland,Other,Environmental services.,72,19,1,15.0,41.66666666666667,4,84.08333333333333,64.75,88.25,0.08333333333333334,59.64666666666667,DATA_NATIVE_COHORT
United Kingdom,Other,"Other community, social and personal services",287,159,1,15.0,10.801393728222997,4,94.58333333333333,95.41666666666667,24.916666666666668,0.08333333333333334,59.580000000000005,DATA_NATIVE_COHORT
United Kingdom,Other,Grounds maintenance services,241,186,1,15.0,11.20331950207469,4,93.91666666666667,95.75,25.5,0.08333333333333334,59.558333333333344,DATA_NATIVE_COHORT
United Kingdom,Other,Catering services,150,121,1,15.0,13.333333333333334,4,92.0,94.83333333333334,30.166666666666668,0.08333333333333334,59.546666666666674,DATA_NATIVE_COHORT
Ireland,Other,"Electrical machinery, apparatus, equipment and consumables; Lighting.",57,37,1,15.0,28.07017543859649,4,80.75,82.08333333333333,68.08333333333333,0.08333333333333334,59.45666666666667,DATA_NATIVE_COHORT
United Kingdom,Other,Financial consultancy services,56,45,1,15.0,26.785714285714285,4,80.41666666666667,85.25,64.08333333333334,0.08333333333333334,59.45333333333334,DATA_NATIVE_COHORT
United Kingdom,Other,Insurance services,268,216,1,15.0,10.074626865671641,4,94.16666666666667,96.33333333333334,23.25,0.08333333333333334,59.38500000000001,DATA_NATIVE_COHORT
United Kingdom,Other,Telecommunications services,88,56,1,15.0,19.318181818181817,4,87.41666666666667,88.41666666666667,46.5,0.08333333333333334,59.351666666666674,DATA_NATIVE_COHORT
United Kingdom,Other,Education and training services,1166,358,1,15.0,8.49056603773585,4,96.83333333333334,96.75,17.083333333333332,0.08333333333333334,59.23666666666668,DATA_NATIVE_COHORT
United Kingdom,Other,Physiotherapy services,64,32,1,15.0,28.125,4,82.33333333333334,79.0,68.16666666666666,0.08333333333333334,59.17666666666667,DATA_NATIVE_COHORT
United Kingdom,Other,Facilities management services,134,103,1,15.0,13.432835820895523,4,91.16666666666666,93.75,31.0,0.08333333333333334,59.14833333333333,DATA_NATIVE_COHORT
United Kingdom,Other,"Laboratory, optical and precision equipments (excl. glasses)",302,88,1,15.0,10.927152317880795,4,94.83333333333334,92.91666666666667,25.166666666666664,0.08333333333333334,59.055000000000014,DATA_NATIVE_COHORT
United Kingdom,Other,Lift-maintenance services,104,94,1,15.0,14.423076923076922,4,89.25,93.5,34.08333333333333,0.08333333333333334,59.025000000000006,DATA_NATIVE_COHORT
United Kingdom,Other,Asbestos removal services,75,64,1,15.0,18.666666666666668,4,84.91666666666666,90.66666666666666,45.416666666666664,0.08333333333333334,58.94166666666666,DATA_NATIVE_COHORT
United Kingdom,Other,Financial and insurance services,154,120,1,15.0,11.688311688311687,4,92.33333333333333,94.75,26.0,0.08333333333333334,58.881666666666675,DATA_NATIVE_COHORT
United Kingdom,Other,Building surveying services,52,44,1,15.0,26.923076923076923,4,78.75,84.91666666666666,64.33333333333333,0.08333333333333334,58.87833333333334,DATA_NATIVE_COHORT
Ireland,Other,Architectural services for buildings.,38,26,1,15.0,47.368421052631575,4,71.41666666666666,73.83333333333333,93.33333333333333,0.08333333333333334,58.87,DATA_NATIVE_COHORT
Ireland,Other,Construction work for multi-dwelling buildings and individual houses.,71,26,1,15.0,29.577464788732392,4,83.66666666666667,73.83333333333333,71.25,0.08333333333333334,58.815000000000005,DATA_NATIVE_COHORT
United Kingdom,Other,Services provided by nurses,47,23,1,15.0,42.5531914893617,3,76.5,69.91666666666667,89.58333333333334,0.08333333333333334,58.803333333333335,DATA_NATIVE_COHORT
United Kingdom,Other,Road transport services,97,69,1,15.0,15.463917525773196,4,88.58333333333334,91.33333333333333,36.25,0.08333333333333334,58.638333333333335,DATA_NATIVE_COHORT
United Kingdom,Other,Laboratory services,81,62,1,15.0,17.28395061728395,4,86.5,90.33333333333333,41.0,0.08333333333333334,58.56666666666667,DATA_NATIVE_COHORT
United Kingdom,Other,Security services,255,192,1,15.0,9.019607843137255,4,94.08333333333333,95.91666666666666,17.333333333333336,0.08333333333333334,58.185,DATA_NATIVE_COHORT
United Kingdom,Other,Cardiology services,47,24,1,15.0,38.297872340425535,4,76.5,71.33333333333334,83.91666666666666,0.08333333333333334,58.15166666666667,DATA_NATIVE_COHORT
United Kingdom,Other,Cleaning and sanitation services,68,56,1,15.0,19.11764705882353,4,83.25,88.41666666666667,46.25,0.08333333333333334,57.973333333333336,DATA_NATIVE_COHORT
Ireland,Other,Transport services (excl. Waste transport).,70,32,1,15.0,24.285714285714285,4,83.41666666666666,79.0,58.916666666666664,0.08333333333333334,57.858333333333334,DATA_NATIVE_COHORT
United Kingdom,Other,Advertising and marketing services,125,105,1,15.0,10.4,4,90.91666666666667,93.91666666666667,23.666666666666668,0.08333333333333334,57.79166666666667,DATA_NATIVE_COHORT
United Kingdom,Other,Services provided by medical personnel,76,43,1,15.0,19.736842105263158,4,85.08333333333333,84.25,46.833333333333336,0.08333333333333334,57.58166666666667,DATA_NATIVE_COHORT
Ireland,Other,Health services.,89,22,1,15.0,26.96629213483146,4,87.5,68.5,64.58333333333334,0.08333333333333334,57.455000000000005,DATA_NATIVE_COHORT
United Kingdom,Other,Fire-prevention services,44,40,1,15.0,27.27272727272727,4,74.91666666666667,83.33333333333334,65.0,0.08333333333333334,57.36000000000001,DATA_NATIVE_COHORT
United Kingdom,Other,Works for complete or part construction and civil engineering work,112,87,1,15.0,10.714285714285714,4,89.83333333333333,92.83333333333333,24.666666666666668,0.08333333333333334,57.343333333333334,DATA_NATIVE_COHORT
United Kingdom,Other,Construction work for multi-dwelling buildings and individual houses,123,74,1,15.0,10.569105691056912,4,90.66666666666666,91.83333333333333,24.583333333333332,0.08333333333333334,57.335,DATA_NATIVE_COHORT
United Kingdom,Other,"Food, beverages, tobacco and related products",135,94,1,15.0,9.62962962962963,4,91.25,93.5,20.666666666666668,0.08333333333333334,57.25000000000001,DATA_NATIVE_COHORT
United Kingdom,Other,Family-planning services,34,23,1,15.0,52.94117647058824,3,68.16666666666666,69.91666666666667,95.5,0.08333333333333334,57.20166666666666,DATA_NATIVE_COHORT
United Kingdom,Other,Roof works and other special trade construction works,58,45,1,15.0,20.689655172413794,4,81.0,85.25,50.33333333333333,0.08333333333333334,57.165,DATA_NATIVE_COHORT
United Kingdom,Other,School catering services,420,376,1,15.0,3.0952380952380953,4,95.75,96.91666666666666,7.249999999999999,0.08333333333333334,57.163333333333334,DATA_NATIVE_COHORT
United Kingdom,Other,Social work and related services,2502,138,1,15.0,1.518784972022382,4,97.58333333333333,95.08333333333333,6.583333333333333,0.08333333333333334,57.15333333333334,DATA_NATIVE_COHORT
Ireland,Other,Research consultancy services.,37,30,1,15.0,35.13513513513514,4,70.58333333333333,77.33333333333333,80.16666666666666,0.08333333333333334,57.14333333333333,DATA_NATIVE_COHORT
United Kingdom,Other,Legal advisory services,34,24,1,15.0,47.05882352941176,4,68.16666666666666,71.33333333333334,93.08333333333333,0.08333333333333334,57.135,DATA_NATIVE_COHORT
Canada federal,Other,*Information technology IT management services,34,24,1,15.0,47.05882352941176,4,68.16666666666666,71.33333333333334,93.08333333333333,0.08333333333333334,57.135,DATA_NATIVE_COHORT
Ireland,Other,Canteen and catering services.,83,53,1,15.0,15.66265060240964,4,86.75,87.5,36.41666666666667,0.08333333333333334,57.08500000000001,DATA_NATIVE_COHORT
United Kingdom,Other,Research and development services and related consultancy services,284,119,1,15.0,6.690140845070422,4,94.41666666666667,94.58333333333333,12.5,0.08333333333333334,57.075,DATA_NATIVE_COHORT
United Kingdom,Other,Environmental services,92,68,1,15.0,13.043478260869565,4,87.75,91.08333333333334,29.25,0.08333333333333334,57.046666666666674,DATA_NATIVE_COHORT
United Kingdom,Other,School cleaning services,289,257,1,15.0,4.844290657439446,4,94.66666666666667,96.66666666666667,8.75,0.08333333333333334,57.02166666666668,DATA_NATIVE_COHORT
Ireland,Other,Building installation work.,45,25,1,15.0,33.33333333333333,4,75.5,72.58333333333333,76.75,0.08333333333333334,56.86666666666667,DATA_NATIVE_COHORT
United Kingdom,Other,Building and facilities management services,154,115,1,15.0,7.792207792207792,4,92.33333333333333,94.41666666666667,14.75,0.08333333333333334,56.77,DATA_NATIVE_COHORT
United Kingdom,Other,Refurbishment work,110,88,1,15.0,10.0,4,89.66666666666666,92.91666666666667,21.0,0.08333333333333334,56.65166666666667,DATA_NATIVE_COHORT
United Kingdom,Other,Energy-efficiency consultancy services,79,55,1,15.0,15.18987341772152,4,86.0,88.0,34.5,0.08333333333333334,56.63000000000001,DATA_NATIVE_COHORT
United Kingdom,Other,Electricity,78,59,1,15.0,14.102564102564102,4,85.75,89.58333333333334,32.166666666666664,0.08333333333333334,56.54166666666667,DATA_NATIVE_COHORT
Canada federal,Other,*Computer services,57,33,1,15.0,22.807017543859647,4,80.75,80.0,54.75,0.08333333333333334,56.51500000000001,DATA_NATIVE_COHORT
Ireland,Other,"Furniture (incl. office furniture), furnishings, domestic appliances (excl. lighting) and cleaning products.",50,35,1,15.0,24.0,4,77.91666666666667,81.08333333333333,58.08333333333333,0.08333333333333334,56.49,DATA_NATIVE_COHORT
United Kingdom,Other,Quantity surveying services,40,35,1,15.0,27.500000000000004,4,73.16666666666667,81.08333333333333,66.41666666666667,0.08333333333333334,56.470000000000006,DATA_NATIVE_COHORT
United Kingdom,Other,"Petroleum products, fuel, electricity and other sources of energy",117,80,1,15.0,9.401709401709402,4,90.16666666666666,92.16666666666666,20.0,0.08333333333333334,56.43666666666667,DATA_NATIVE_COHORT
Ireland,Other,Environmental engineering consultancy services.,60,33,1,15.0,21.666666666666668,4,81.41666666666667,80.0,52.75,0.08333333333333334,56.36833333333334,DATA_NATIVE_COHORT
United Kingdom,Other,Real estate services,85,70,1,15.0,11.76470588235294,4,87.0,91.5,26.166666666666664,0.08333333333333334,56.36,DATA_NATIVE_COHORT
United Kingdom,Other,Event services,132,84,1,15.0,9.090909090909092,4,91.08333333333334,92.5,17.416666666666668,0.08333333333333334,56.351666666666674,DATA_NATIVE_COHORT
United Kingdom,Other,Travel management services,40,34,1,15.0,27.500000000000004,4,73.16666666666667,80.5,66.41666666666667,0.08333333333333334,56.318333333333335,DATA_NATIVE_COHORT
Ireland,Other,Transport equipment and auxiliary products to transportation.,40,21,1,15.0,40.0,4,73.16666666666667,67.08333333333333,85.75,0.08333333333333334,56.31000000000001,DATA_NATIVE_COHORT
United Kingdom,Other,Architectural and related services,89,68,1,15.0,11.235955056179774,4,87.5,91.08333333333334,25.583333333333336,0.08333333333333334,56.30666666666668,DATA_NATIVE_COHORT
United Kingdom,Other,Hardware,36,30,1,15.0,33.33333333333333,4,69.83333333333334,77.33333333333333,76.75,0.08333333333333334,56.288333333333334,DATA_NATIVE_COHORT
United Kingdom,Other,Building services consultancy services,39,28,1,15.0,30.76923076923077,4,72.41666666666666,76.16666666666667,73.5,0.08333333333333334,56.22666666666667,DATA_NATIVE_COHORT
United Kingdom,Other,Refuse recycling services,78,55,1,15.0,14.102564102564102,4,85.75,88.0,32.166666666666664,0.08333333333333334,56.13000000000001,DATA_NATIVE_COHORT
United Kingdom,Other,Electrical services,72,62,1,15.0,13.88888888888889,4,84.08333333333333,90.33333333333333,31.666666666666664,0.08333333333333334,56.11333333333334,DATA_NATIVE_COHORT
United Kingdom,Other,Energy and related services,102,73,1,15.0,9.803921568627452,4,89.0,91.66666666666666,20.916666666666668,0.08333333333333334,56.098333333333336,DATA_NATIVE_COHORT
Ireland,Other,Closed-circuit television cameras.,35,20,1,15.0,48.57142857142857,4,69.08333333333333,65.66666666666666,93.75,0.08333333333333334,56.074999999999996,DATA_NATIVE_COHORT
Ireland,Other,Mechanical installations.,50,39,1,15.0,22.0,4,77.91666666666667,82.75,53.25,0.08333333333333334,56.05333333333334,DATA_NATIVE_COHORT
Canada federal,Other,*Information Technology Service Delivery,39,23,1,15.0,35.8974358974359,4,72.41666666666666,69.91666666666667,81.41666666666667,0.08333333333333334,56.02666666666667,DATA_NATIVE_COHORT
United Kingdom,Other,Electrical installation work,64,57,1,15.0,15.625,4,82.33333333333334,88.91666666666667,36.333333333333336,0.08333333333333334,56.025000000000006,DATA_NATIVE_COHORT
United Kingdom,Other,Pharmaceutical products,232,42,1,15.0,10.344827586206897,4,93.66666666666667,83.83333333333334,23.5,0.08333333333333334,56.02000000000001,DATA_NATIVE_COHORT
United Kingdom,Other,Design consultancy services,46,36,1,15.0,23.91304347826087,4,76.0,81.66666666666667,57.99999999999999,0.08333333333333334,56.013333333333335,DATA_NATIVE_COHORT
United Kingdom,Other,Special-purpose road passenger-transport services,44,26,1,15.0,29.545454545454547,4,74.91666666666667,73.83333333333333,71.08333333333333,0.08333333333333334,55.98500000000001,DATA_NATIVE_COHORT
United Kingdom,Other,"Agricultural, forestry, horticultural, aquacultural and apicultural services",95,84,1,15.0,9.473684210526317,4,88.33333333333333,92.5,20.083333333333332,0.08333333333333334,55.95166666666667,DATA_NATIVE_COHORT
United Kingdom,Other,Welfare services for children and young people,83,51,1,15.0,13.253012048192772,4,86.75,87.16666666666667,30.083333333333336,0.08333333333333334,55.858333333333334,DATA_NATIVE_COHORT
United Kingdom,Other,Counselling services,66,50,1,15.0,16.666666666666664,4,82.75,86.91666666666666,37.5,0.08333333333333334,55.848333333333336,DATA_NATIVE_COHORT
Ireland,Other,"Office and computing machinery, equipment and supplies except furniture and software packages.",44,34,1,15.0,25.0,4,74.91666666666667,80.5,59.66666666666667,0.08333333333333334,55.66333333333334,DATA_NATIVE_COHORT
Ireland,Other,Ground investigation work.,81,32,1,15.0,17.28395061728395,4,86.5,79.0,41.0,0.08333333333333334,55.620000000000005,DATA_NATIVE_COHORT
United Kingdom,Other,Health and safety services,49,41,1,15.0,20.408163265306122,4,77.41666666666667,83.5,50.16666666666667,0.08333333333333334,55.53333333333334,DATA_NATIVE_COHORT
Ireland,Other,Construction structures and materials; auxiliary products to construction (excepts electric apparatus).,53,34,1,15.0,20.754716981132077,4,79.16666666666666,80.5,50.416666666666664,0.08333333333333334,55.35833333333334,DATA_NATIVE_COHORT
United Kingdom,Other,Subscription services,37,23,1,15.0,35.13513513513514,3,70.58333333333333,69.91666666666667,80.16666666666666,0.08333333333333334,55.215,DATA_NATIVE_COHORT
United Kingdom,Other,Banking services,45,38,1,15.0,22.22222222222222,4,75.5,82.33333333333334,53.41666666666667,0.08333333333333334,55.201666666666675,DATA_NATIVE_COHORT
Ireland,Other,"Accounting, auditing and fiscal services.",41,34,1,15.0,24.390243902439025,4,73.75,80.5,59.08333333333333,0.08333333333333334,55.185,DATA_NATIVE_COHORT
Ireland,Other,Health and safety services.,36,25,1,15.0,33.33333333333333,4,69.83333333333334,72.58333333333333,76.75,0.08333333333333334,55.053333333333335,DATA_NATIVE_COHORT
Ireland,Other,Real estate services.,47,31,1,15.0,23.404255319148938,4,76.5,78.16666666666666,56.666666666666664,0.08333333333333334,55.02333333333333,DATA_NATIVE_COHORT
Ireland,Other,Health and social work services.,52,23,1,15.0,26.923076923076923,4,78.75,69.91666666666667,64.33333333333333,0.08333333333333334,54.97833333333333,DATA_NATIVE_COHORT
Canada federal,Other,*Forklifts,44,21,1,15.0,31.818181818181817,4,74.91666666666667,67.08333333333333,75.16666666666667,0.08333333333333334,54.96500000000001,DATA_NATIVE_COHORT
United Kingdom,Other,Repair and maintenance services of electrical and mechanical building installations,92,69,1,15.0,8.695652173913043,4,87.75,91.33333333333333,17.25,0.08333333333333334,54.95166666666667,DATA_NATIVE_COHORT
United Kingdom,Other,Advertising services,73,60,1,15.0,10.95890410958904,4,84.58333333333333,89.66666666666666,25.25,0.08333333333333334,54.945,DATA_NATIVE_COHORT
United Kingdom,Other,Water distribution and related services,47,36,1,15.0,21.27659574468085,4,76.5,81.66666666666667,51.16666666666667,0.08333333333333334,54.94333333333334,DATA_NATIVE_COHORT
Canada federal,Other,*Architectural engineering,78,13,1,15.0,37.17948717948718,4,85.75,48.083333333333336,83.08333333333333,0.08333333333333334,54.91666666666667,DATA_NATIVE_COHORT
United Kingdom,Other,"Recreational, cultural and sporting services",79,57,1,15.0,10.126582278481013,4,86.0,88.91666666666667,23.333333333333332,0.08333333333333334,54.85833333333334,DATA_NATIVE_COHORT
United Kingdom,Other,Forestry services,51,22,1,15.0,27.450980392156865,4,78.33333333333333,68.5,66.33333333333333,0.08333333333333334,54.836666666666666,DATA_NATIVE_COHORT
Ireland,Other,"Feasibility study, advisory service, analysis.",34,26,1,15.0,32.35294117647059,4,68.16666666666666,73.83333333333333,76.33333333333333,0.08333333333333334,54.76999999999999,DATA_NATIVE_COHORT
United Kingdom,Other,Repair and maintenance services of firefighting equipment,49,43,1,15.0,18.367346938775512,4,77.41666666666667,84.25,44.83333333333333,0.08333333333333334,54.768333333333345,DATA_NATIVE_COHORT
Ireland,Other,Provision of services to the community.,58,23,1,15.0,24.137931034482758,4,81.0,69.91666666666667,58.416666666666664,0.08333333333333334,54.63333333333334,DATA_NATIVE_COHORT
Ireland,Other,"Architectural, engineering and planning services.",47,29,1,15.0,23.404255319148938,4,76.5,76.58333333333334,56.666666666666664,0.08333333333333334,54.61166666666667,DATA_NATIVE_COHORT
Canada federal,Other,*Project monitoring and evaluation,39,23,1,15.0,30.76923076923077,4,72.41666666666666,69.91666666666667,73.5,0.08333333333333334,54.60166666666667,DATA_NATIVE_COHORT
United Kingdom,Other,Pest-control services,60,56,1,15.0,13.333333333333334,4,81.41666666666667,88.41666666666667,30.166666666666668,0.08333333333333334,54.491666666666674,DATA_NATIVE_COHORT
United Kingdom,Other,Architectural design services,65,48,1,15.0,13.846153846153847,4,82.58333333333333,86.0,31.583333333333336,0.08333333333333334,54.49166666666667,DATA_NATIVE_COHORT
Ireland,Other,Industrial machinery.,36,23,1,15.0,33.33333333333333,4,69.83333333333334,69.91666666666667,76.75,0.08333333333333334,54.36000000000001,DATA_NATIVE_COHORT
United Kingdom,Other,"Office and computing machinery, equipment and supplies except furniture and software packages",60,39,1,15.0,16.666666666666664,4,81.41666666666667,82.75,37.5,0.08333333333333334,54.33833333333334,DATA_NATIVE_COHORT
Canada federal,Other,*Human resources consulting service,31,25,1,15.0,35.483870967741936,4,65.33333333333333,72.58333333333333,80.66666666666666,0.08333333333333334,54.318333333333335,DATA_NATIVE_COHORT
Canada federal,Other,*Snow removal services,58,14,1,15.0,36.206896551724135,4,81.0,52.25,82.08333333333333,0.08333333333333334,54.300000000000004,DATA_NATIVE_COHORT
United Kingdom,Other,Hire of passenger transport vehicles with driver,614,48,1,15.0,1.1400651465798046,4,96.08333333333333,86.0,6.5,0.08333333333333334,54.296666666666674,DATA_NATIVE_COHORT
United Kingdom,Other,Social work services,61,43,1,15.0,14.754098360655737,4,81.91666666666667,84.25,34.166666666666664,0.08333333333333334,54.28833333333334,DATA_NATIVE_COHORT
Ireland,Other,School books.,151,143,1,15.0,0.0,2,92.16666666666666,95.16666666666667,0.0,0.08333333333333334,54.25666666666667,DATA_NATIVE_COHORT
United Kingdom,Other,Building-cleaning services,72,65,1,15.0,9.722222222222223,4,84.08333333333333,90.75,20.75,0.08333333333333334,54.25666666666667,DATA_NATIVE_COHORT
United Kingdom,Other,"Medical equipments, pharmaceuticals and personal care products",213,55,1,15.0,4.225352112676056,4,93.08333333333333,88.0,8.25,0.08333333333333334,54.171666666666674,DATA_NATIVE_COHORT
United Kingdom,Other,Commercial property management services,31,27,1,15.0,32.25806451612903,4,65.33333333333333,75.08333333333333,76.0,0.08333333333333334,54.12833333333333,DATA_NATIVE_COHORT
United Kingdom,Other,Building installation work,77,65,1,15.0,9.090909090909092,4,85.25,90.75,17.416666666666668,0.08333333333333334,54.03,DATA_NATIVE_COHORT
Ireland,Other,"Sewage-, refuse-, cleaning-, and environmental services.",62,29,1,15.0,17.741935483870968,4,82.08333333333333,76.58333333333334,42.41666666666667,0.08333333333333334,53.833333333333336,DATA_NATIVE_COHORT
United Kingdom,Other,Research and development consultancy services,71,36,1,15.0,14.084507042253522,4,83.66666666666667,81.66666666666667,32.083333333333336,0.08333333333333334,53.80166666666668,DATA_NATIVE_COHORT
United Kingdom,Other,Dental-practice services,51,26,1,15.0,21.568627450980394,4,78.33333333333333,73.83333333333333,52.5,0.08333333333333334,53.73333333333334,DATA_NATIVE_COHORT
United Kingdom,Other,"Occupational clothing, special workwear and accessories",46,43,1,15.0,17.391304347826086,4,76.0,84.25,41.16666666666667,0.08333333333333334,53.65500000000001,DATA_NATIVE_COHORT
United Kingdom,Other,Miscellaneous repair and maintenance services,56,44,1,15.0,14.285714285714285,4,80.41666666666667,84.91666666666666,32.33333333333333,0.08333333333333334,53.65166666666667,DATA_NATIVE_COHORT
United Kingdom,Other,Cleaning products,39,32,1,15.0,23.076923076923077,4,72.41666666666666,79.0,55.00000000000001,0.08333333333333334,53.63333333333333,DATA_NATIVE_COHORT
Canada federal,Other,*Lease and rental of property or building,55,12,1,15.0,47.27272727272727,3,79.91666666666667,42.833333333333336,93.25,0.08333333333333334,53.51500000000001,DATA_NATIVE_COHORT
United Kingdom,Other,Canteen and catering services,60,53,1,15.0,11.666666666666666,4,81.41666666666667,87.5,25.916666666666664,0.08333333333333334,53.48833333333334,DATA_NATIVE_COHORT
Ireland,Other,Buildings of particular historical or architectural interest.,41,26,1,15.0,24.390243902439025,4,73.75,73.83333333333333,59.08333333333333,0.08333333333333334,53.45166666666667,DATA_NATIVE_COHORT
Canada federal,Other,*Professional engineering services,54,15,1,15.0,31.48148148148148,4,79.41666666666667,55.91666666666667,74.75,0.08333333333333334,53.42666666666667,DATA_NATIVE_COHORT
United Kingdom,Other,Repair and maintenance services of security equipment,55,50,1,15.0,12.727272727272727,4,79.91666666666667,86.91666666666666,28.833333333333332,0.08333333333333334,53.38166666666667,DATA_NATIVE_COHORT
United Kingdom,Other,Marketing services,77,61,1,15.0,7.792207792207792,4,85.25,90.0,14.75,0.08333333333333334,53.35500000000001,DATA_NATIVE_COHORT
Canada federal,Other,*Office or work chair,43,13,1,15.0,48.837209302325576,4,74.5,48.083333333333336,93.83333333333333,0.08333333333333334,53.25166666666667,DATA_NATIVE_COHORT
United Kingdom,Other,"Furniture (incl. office furniture), furnishings, domestic appliances (excl. lighting) and cleaning products",54,49,1,15.0,12.962962962962962,4,79.41666666666667,86.66666666666667,29.166666666666668,0.08333333333333334,53.216666666666676,DATA_NATIVE_COHORT
United Kingdom,Other,Repair and maintenance services of electrical building installations,58,48,1,15.0,12.068965517241379,4,81.0,86.0,27.166666666666668,0.08333333333333334,53.190000000000005,DATA_NATIVE_COHORT
United Kingdom,Other,Construction work for houses,43,26,1,15.0,23.25581395348837,4,74.5,73.83333333333333,56.25,0.08333333333333334,53.181666666666665,DATA_NATIVE_COHORT
United Kingdom,Other,Transport equipment and auxiliary products to transportation,70,51,1,15.0,10.0,4,83.41666666666666,87.16666666666667,21.0,0.08333333333333334,53.15666666666667,DATA_NATIVE_COHORT
United Kingdom,Other,Repair and maintenance services of central heating,63,58,1,15.0,9.523809523809524,4,82.16666666666667,89.25,20.166666666666664,0.08333333333333334,53.14833333333334,DATA_NATIVE_COHORT
United Kingdom,Other,Mechanical and electrical engineering services,43,30,1,15.0,20.930232558139537,4,74.5,77.33333333333333,50.74999999999999,0.08333333333333334,53.10166666666667,DATA_NATIVE_COHORT
United Kingdom,Other,Transport systems consultancy services,34,24,1,15.0,29.411764705882355,4,68.16666666666666,71.33333333333334,70.58333333333333,0.08333333333333334,53.085,DATA_NATIVE_COHORT
United Kingdom,Other,Pre-school education services,45,21,1,15.0,26.666666666666668,4,75.5,67.08333333333333,63.24999999999999,0.08333333333333334,53.00666666666667,DATA_NATIVE_COHORT
Ireland,Other,Financial and insurance services.,39,24,1,15.0,25.64102564102564,4,72.41666666666666,71.33333333333334,62.416666666666664,0.08333333333333334,52.975,DATA_NATIVE_COHORT
Canada federal,Other,*Professional procurement services,36,24,1,15.0,27.77777777777778,4,69.83333333333334,71.33333333333334,67.0,0.08333333333333334,52.97333333333335,DATA_NATIVE_COHORT
Ireland,Other,Construction work for school buildings.,76,45,1,15.0,9.210526315789473,4,85.08333333333333,85.25,19.75,0.08333333333333334,52.96666666666667,DATA_NATIVE_COHORT
United Kingdom,Other,"Accommodation, building and window cleaning services",40,35,1,15.0,20.0,4,73.16666666666667,81.08333333333333,46.916666666666664,0.08333333333333334,52.96000000000001,DATA_NATIVE_COHORT
Ireland,Other,Event services.,72,31,1,15.0,13.88888888888889,4,84.08333333333333,78.16666666666666,31.666666666666664,0.08333333333333334,52.949999999999996,DATA_NATIVE_COHORT
Ireland,Other,Quantity surveying services for civil engineering works.,65,55,1,15.0,9.230769230769232,4,82.58333333333333,88.0,19.833333333333332,0.08333333333333334,52.896666666666675,DATA_NATIVE_COHORT
Ireland,Other,Energy and related services.,66,33,1,15.0,13.636363636363635,4,82.75,80.0,31.083333333333336,0.08333333333333334,52.895,DATA_NATIVE_COHORT
United Kingdom,Other,General management consultancy services,63,28,1,15.0,15.873015873015872,4,82.16666666666667,76.16666666666667,36.916666666666664,0.08333333333333334,52.76166666666668,DATA_NATIVE_COHORT
United Kingdom,Other,In vitro fertilisation services,99,11,1,15.0,35.35353535353536,3,88.75,37.666666666666664,80.58333333333333,0.08333333333333334,52.71833333333334,DATA_NATIVE_COHORT
Ireland,Other,Medical equipments.,71,21,1,15.0,19.718309859154928,4,83.66666666666667,67.08333333333333,46.75,0.08333333333333334,52.650000000000006,DATA_NATIVE_COHORT
Ireland,Other,Business and management consultancy services.,40,27,1,15.0,22.5,4,73.16666666666667,75.08333333333333,53.833333333333336,0.08333333333333334,52.645,DATA_NATIVE_COHORT
United Kingdom,Other,Guidance and counselling services,77,58,1,15.0,6.493506493506493,4,85.25,89.25,11.583333333333332,0.08333333333333334,52.59,DATA_NATIVE_COHORT
United Kingdom,Other,Property management services of real estate on a fee or contract basis,41,32,1,15.0,19.51219512195122,4,73.75,79.0,46.58333333333333,0.08333333333333334,52.545,DATA_NATIVE_COHORT
United Kingdom,Other,Civil engineering consultancy services,49,43,1,15.0,14.285714285714285,4,77.41666666666667,84.25,32.33333333333333,0.08333333333333334,52.518333333333345,DATA_NATIVE_COHORT
Ireland,Other,"Agricultural, farming, fishing, forestry and related products.",54,21,1,15.0,22.22222222222222,4,79.41666666666667,67.08333333333333,53.41666666666667,0.08333333333333334,52.49000000000001,DATA_NATIVE_COHORT
United Kingdom,Other,Provision of services to the community,82,53,1,15.0,6.097560975609756,3,86.66666666666667,87.5,10.833333333333334,0.08333333333333334,52.45333333333334,DATA_NATIVE_COHORT
Ireland,Other,Electrical engineering installation works.,52,50,1,15.0,11.538461538461538,4,78.75,86.91666666666666,25.75,0.08333333333333334,52.45333333333333,DATA_NATIVE_COHORT
Ireland,Other,Machine tools.,40,32,1,15.0,20.0,4,73.16666666666667,79.0,46.916666666666664,0.08333333333333334,52.41833333333334,DATA_NATIVE_COHORT
Ireland,Other,"Food, beverages, tobacco and related products.",46,24,1,15.0,21.73913043478261,4,76.0,71.33333333333334,52.83333333333333,0.08333333333333334,52.396666666666675,DATA_NATIVE_COHORT
United Kingdom,Other,Company health services,46,42,1,15.0,15.217391304347828,4,76.0,83.83333333333334,34.583333333333336,0.08333333333333334,52.36166666666668,DATA_NATIVE_COHORT
Ireland,Other,Storage and warehousing services.,39,17,1,15.0,30.76923076923077,4,72.41666666666666,61.16666666666667,73.5,0.08333333333333334,52.32666666666667,DATA_NATIVE_COHORT
Ireland,Other,Archaeological services.,35,17,1,15.0,34.285714285714285,4,69.08333333333333,61.16666666666667,79.33333333333333,0.08333333333333334,52.31000000000001,DATA_NATIVE_COHORT
United Kingdom,Other,Horticultural services,55,39,1,15.0,12.727272727272727,4,79.91666666666667,82.75,28.833333333333332,0.08333333333333334,52.29833333333334,DATA_NATIVE_COHORT
Ireland,Other,Laser printers.,28,25,1,15.0,32.142857142857146,4,61.583333333333336,72.58333333333333,75.83333333333333,0.08333333333333334,52.248333333333335,DATA_NATIVE_COHORT
United Kingdom,Other,Protective and safety clothing,38,36,1,15.0,18.421052631578945,4,71.41666666666666,81.66666666666667,45.0,0.08333333333333334,52.20666666666667,DATA_NATIVE_COHORT
United Kingdom,Other,Housing services,71,47,1,15.0,8.450704225352112,4,83.66666666666667,85.75,17.0,0.08333333333333334,52.14833333333335,DATA_NATIVE_COHORT
Ireland,Other,Geographic information systems (GIS or equivalent).,27,20,1,15.0,40.74074074074074,4,60.333333333333336,65.66666666666666,87.33333333333333,0.08333333333333334,52.12,DATA_NATIVE_COHORT
United Kingdom,Other,Relocation services,31,29,1,15.0,25.806451612903224,4,65.33333333333333,76.58333333333334,62.583333333333336,0.08333333333333334,52.10333333333334,DATA_NATIVE_COHORT
United Kingdom,Other,Hire of buses and coaches with driver,36,30,1,15.0,22.22222222222222,4,69.83333333333334,77.33333333333333,53.41666666666667,0.08333333333333334,52.08833333333334,DATA_NATIVE_COHORT
United Kingdom,Other,Landscape gardening services,38,34,1,15.0,18.421052631578945,4,71.41666666666666,80.5,45.0,0.08333333333333334,51.903333333333336,DATA_NATIVE_COHORT
United Kingdom,Other,Home medical treatment services,43,14,1,15.0,34.883720930232556,4,74.5,52.25,79.91666666666667,0.08333333333333334,51.83,DATA_NATIVE_COHORT
United Kingdom,Other,Storage and warehousing services,39,27,1,15.0,20.51282051282051,4,72.41666666666666,75.08333333333333,50.24999999999999,0.08333333333333334,51.76,DATA_NATIVE_COHORT
United Kingdom,Other,"Technical testing, analysis and consultancy services",51,42,1,15.0,11.76470588235294,4,78.33333333333333,83.83333333333334,26.166666666666664,0.08333333333333334,51.59333333333334,DATA_NATIVE_COHORT
United Kingdom,Other,Technical inspection and testing services,61,49,1,15.0,8.19672131147541,4,81.91666666666667,86.66666666666667,15.333333333333332,0.08333333333333334,51.52666666666667,DATA_NATIVE_COHORT
United Kingdom,Other,Engineering services,49,40,1,15.0,12.244897959183673,4,77.41666666666667,83.33333333333334,27.333333333333332,0.08333333333333334,51.38000000000002,DATA_NATIVE_COHORT
United Kingdom,Other,Child daycare services,42,23,1,15.0,21.428571428571427,4,74.25,69.91666666666667,51.24999999999999,0.08333333333333334,51.18333333333333,DATA_NATIVE_COHORT
Ireland,Other,"Architectural, engineering and surveying services.",42,23,1,15.0,21.428571428571427,4,74.25,69.91666666666667,51.24999999999999,0.08333333333333334,51.18333333333333,DATA_NATIVE_COHORT
United Kingdom,Other,Engineering works and construction works,70,58,1,15.0,2.857142857142857,3,83.41666666666666,89.25,7.000000000000001,0.08333333333333334,51.178333333333335,DATA_NATIVE_COHORT
United Kingdom,Other,Adult and other education services,72,52,1,15.0,4.166666666666666,4,84.08333333333333,87.33333333333333,8.0,0.08333333333333334,51.07333333333333,DATA_NATIVE_COHORT
United Kingdom,Other,Personnel and payroll services,42,38,1,15.0,14.285714285714285,4,74.25,82.33333333333334,32.33333333333333,0.08333333333333334,51.006666666666675,DATA_NATIVE_COHORT
Canada federal,Other,"*Training planning, facilitation and delivery services",28,17,1,15.0,39.285714285714285,4,61.583333333333336,61.16666666666667,85.33333333333334,0.08333333333333334,50.99,DATA_NATIVE_COHORT
United Kingdom,Other,Procurement consultancy services,34,25,1,15.0,23.52941176470588,4,68.16666666666666,72.58333333333333,56.91666666666667,0.08333333333333334,50.949999999999996,DATA_NATIVE_COHORT
United Kingdom,Other,"Fleet management, repair and maintenance services",44,37,1,15.0,13.636363636363635,4,74.91666666666667,82.08333333333333,31.083333333333336,0.08333333333333334,50.93,DATA_NATIVE_COHORT
Ireland,Other,"Musical instruments, sport goods, games, toys, handicraft, art materials and accessories.",33,25,1,15.0,24.242424242424242,4,67.0,72.58333333333333,58.666666666666664,0.08333333333333334,50.89166666666667,DATA_NATIVE_COHORT
United Kingdom,Other,Building services,38,29,1,15.0,18.421052631578945,4,71.41666666666666,76.58333333333334,45.0,0.08333333333333334,50.885000000000005,DATA_NATIVE_COHORT
United Kingdom,Other,Vehicle-fleet management services,24,23,1,15.0,37.5,4,55.25,69.91666666666667,83.16666666666667,0.08333333333333334,50.848333333333336,DATA_NATIVE_COHORT
Canada federal,Other,*Chairs,26,17,1,15.0,42.30769230769231,4,58.75,61.16666666666667,89.41666666666667,0.08333333333333334,50.818333333333335,DATA_NATIVE_COHORT
Ireland,Other,Lifting and handling equipment and parts.,31,16,1,15.0,35.483870967741936,4,65.33333333333333,58.833333333333336,80.66666666666666,0.08333333333333334,50.74333333333333,DATA_NATIVE_COHORT
United Kingdom,Other,Construction structures and materials; auxiliary products to construction (except electric apparatus),52,42,1,15.0,9.615384615384617,4,78.75,83.83333333333334,20.583333333333336,0.08333333333333334,50.72166666666667,DATA_NATIVE_COHORT
United Kingdom,Other,Gyneacologic or obstetric services,31,20,1,15.0,29.03225806451613,3,65.33333333333333,65.66666666666666,70.08333333333333,0.08333333333333334,50.615,DATA_NATIVE_COHORT
United Kingdom,Other,Orthopaedic services,24,17,1,15.0,50.0,3,55.25,61.16666666666667,93.91666666666667,0.08333333333333334,50.50833333333334,DATA_NATIVE_COHORT
United Kingdom,Other,Survey services,45,33,1,15.0,13.333333333333334,4,75.5,80.0,30.166666666666668,0.08333333333333334,50.410000000000004,DATA_NATIVE_COHORT
United Kingdom,Other,Financial auditing services,37,35,1,15.0,16.216216216216218,4,70.58333333333333,81.08333333333333,37.333333333333336,0.08333333333333334,50.40833333333334,DATA_NATIVE_COHORT
Canada federal,Other,*Furniture,31,19,1,15.0,29.03225806451613,4,65.33333333333333,64.75,70.08333333333333,0.08333333333333334,50.37666666666667,DATA_NATIVE_COHORT
Canada federal,Other,*Valves,93,7,1,15.0,54.83870967741935,4,88.16666666666667,18.416666666666668,96.33333333333334,0.08333333333333334,50.36166666666667,DATA_NATIVE_COHORT
United Kingdom,Other,Structural engineering consultancy services,30,27,1,15.0,23.333333333333332,4,64.16666666666667,75.08333333333333,56.41666666666667,0.08333333333333334,50.230000000000004,DATA_NATIVE_COHORT
United Kingdom,Other,"Repair, maintenance and associated services of vehicles and related equipment",59,43,1,15.0,6.779661016949152,4,81.33333333333333,84.25,12.583333333333332,0.08333333333333334,50.216666666666676,DATA_NATIVE_COHORT
Ireland,Other,Television and audio-visual equipment.,28,19,1,15.0,32.142857142857146,4,61.583333333333336,64.75,75.83333333333333,0.08333333333333334,50.21166666666667,DATA_NATIVE_COHORT
United Kingdom,Other,Technical analysis or consultancy services,33,23,1,15.0,24.242424242424242,4,67.0,69.91666666666667,58.666666666666664,0.08333333333333334,50.198333333333345,DATA_NATIVE_COHORT
United Kingdom,Other,Installation of doors and windows and related components,31,27,1,15.0,22.58064516129032,4,65.33333333333333,75.08333333333333,53.91666666666667,0.08333333333333334,50.15333333333333,DATA_NATIVE_COHORT
Ireland,Other,Laboratory services.,37,17,1,15.0,27.027027027027028,4,70.58333333333333,61.16666666666667,64.66666666666666,0.08333333333333334,50.15,DATA_NATIVE_COHORT
United Kingdom,Other,Administrative healthcare services,41,26,1,15.0,17.073170731707318,4,73.75,73.83333333333333,40.666666666666664,0.08333333333333334,50.13666666666667,DATA_NATIVE_COHORT
Ireland,Other,Lighting equipment and electric lamps.,27,22,1,15.0,29.629629629629626,4,60.333333333333336,68.5,71.41666666666666,0.08333333333333334,49.991666666666674,DATA_NATIVE_COHORT
United Kingdom,Other,Evaluation consultancy services,43,31,1,15.0,13.953488372093023,4,74.5,78.16666666666666,32.0,0.08333333333333334,49.94333333333333,DATA_NATIVE_COHORT
United Kingdom,Other,Internal audit services,49,48,1,15.0,8.16326530612245,4,77.41666666666667,86.0,15.25,0.08333333333333334,49.89833333333334,DATA_NATIVE_COHORT
United Kingdom,Other,Social services,66,44,1,15.0,3.0303030303030303,4,82.75,84.91666666666666,7.083333333333333,0.08333333333333334,49.85333333333334,DATA_NATIVE_COHORT
United Kingdom,Other,Highway maintenance work,26,17,1,15.0,38.46153846153847,3,58.75,61.16666666666667,84.0,0.08333333333333334,49.843333333333334,DATA_NATIVE_COHORT
Ireland,Other,Sports goods and equipment.,28,26,1,15.0,25.0,4,61.583333333333336,73.83333333333333,59.66666666666667,0.08333333333333334,49.66333333333334,DATA_NATIVE_COHORT
Canada federal,Other,*Agricultural tractors,38,13,1,15.0,34.21052631578947,4,71.41666666666666,48.083333333333336,79.25,0.08333333333333334,49.64,DATA_NATIVE_COHORT
Canada federal,Other,*Human resources services,24,19,1,15.0,37.5,4,55.25,64.75,83.16666666666667,0.08333333333333334,49.505,DATA_NATIVE_COHORT
Ireland,Other,Prefabricated buildings.,26,21,1,15.0,30.76923076923077,4,58.75,67.08333333333333,73.5,0.08333333333333334,49.49166666666667,DATA_NATIVE_COHORT
Canada federal,Other,*Business administration services,33,21,1,15.0,24.242424242424242,4,67.0,67.08333333333333,58.666666666666664,0.08333333333333334,49.461666666666666,DATA_NATIVE_COHORT
United Kingdom,Other,Sports facilities operation services,54,45,1,15.0,5.555555555555555,4,79.41666666666667,85.25,9.416666666666666,0.08333333333333334,49.29333333333334,DATA_NATIVE_COHORT
Canada federal,Other,*Aircraft equipment,92,9,1,15.0,33.69565217391305,4,87.75,26.333333333333332,79.0,0.08333333333333334,49.16666666666667,DATA_NATIVE_COHORT
United Kingdom,Other,Outpatient care services,38,20,1,15.0,21.052631578947366,4,71.41666666666666,65.66666666666666,50.83333333333333,0.08333333333333334,49.096666666666664,DATA_NATIVE_COHORT
Ireland,Other,Construction work for houses.,29,19,1,15.0,27.586206896551722,4,63.16666666666667,64.75,66.58333333333334,0.08333333333333334,49.053333333333335,DATA_NATIVE_COHORT
United Kingdom,Other,Social work services without accommodation,60,26,1,15.0,10.0,4,81.41666666666667,73.83333333333333,21.0,0.08333333333333334,49.050000000000004,DATA_NATIVE_COHORT
United Kingdom,Other,Infrastructure works consultancy services,21,20,1,15.0,42.857142857142854,4,49.333333333333336,65.66666666666666,89.75,0.08333333333333334,49.035000000000004,DATA_NATIVE_COHORT
United Kingdom,Other,Modular and portable buildings,36,29,1,15.0,16.666666666666664,4,69.83333333333334,76.58333333333334,37.5,0.08333333333333334,49.02833333333334,DATA_NATIVE_COHORT
United Kingdom,Other,Repair and maintenance services of boilers,25,24,1,15.0,28.000000000000004,4,57.08333333333333,71.33333333333334,67.66666666666666,0.08333333333333334,49.013333333333335,DATA_NATIVE_COHORT
United Kingdom,Other,Accounting and auditing services,26,24,1,15.0,26.923076923076923,4,58.75,71.33333333333334,64.33333333333333,0.08333333333333334,48.94666666666667,DATA_NATIVE_COHORT
Canada federal,Other,*Management advisory services,29,16,1,15.0,31.03448275862069,4,63.16666666666667,58.833333333333336,74.08333333333333,0.08333333333333334,48.86500000000001,DATA_NATIVE_COHORT
Ireland,Other,Human resources management consultancy services.,33,23,1,15.0,21.21212121212121,3,67.0,69.91666666666667,51.083333333333336,0.08333333333333334,48.83333333333334,DATA_NATIVE_COHORT
Canada federal,Other,*Marine craft systems and subassemblies,87,6,1,15.0,51.724137931034484,4,87.16666666666667,14.583333333333334,95.0,0.08333333333333334,48.805,DATA_NATIVE_COHORT
United Kingdom,Other,Dog kennel services,38,32,1,15.0,13.157894736842104,4,71.41666666666666,79.0,29.916666666666668,0.08333333333333334,48.79833333333333,DATA_NATIVE_COHORT
United Kingdom,Other,"Clothing, footwear, luggage articles and accessories",51,45,1,15.0,3.9215686274509802,4,78.33333333333333,85.25,7.833333333333334,0.08333333333333334,48.66166666666667,DATA_NATIVE_COHORT
United Kingdom,Other,Courier services,44,39,1,15.0,9.090909090909092,4,74.91666666666667,82.75,17.416666666666668,0.08333333333333334,48.64333333333334,DATA_NATIVE_COHORT
United Kingdom,Other,Energy-management services,35,32,1,15.0,14.285714285714285,4,69.08333333333333,79.0,32.33333333333333,0.08333333333333334,48.486666666666665,DATA_NATIVE_COHORT
Ireland,Other,"Demolition, site preparation and clearance work.",31,22,1,15.0,22.58064516129032,4,65.33333333333333,68.5,53.91666666666667,0.08333333333333334,48.44166666666667,DATA_NATIVE_COHORT
Ireland,Other,Construction work for sports facilities.,25,18,1,15.0,32.0,4,57.08333333333333,63.33333333333333,75.66666666666667,0.08333333333333334,48.37333333333334,DATA_NATIVE_COHORT
United Kingdom,Other,Parking services,24,22,1,15.0,29.166666666666668,4,55.25,68.5,70.41666666666667,0.08333333333333334,48.18500000000001,DATA_NATIVE_COHORT
United Kingdom,Other,Gas appliance maintenance services,36,30,1,15.0,13.88888888888889,4,69.83333333333334,77.33333333333333,31.666666666666664,0.08333333333333334,48.17333333333334,DATA_NATIVE_COHORT
United Kingdom,Other,Public relations services,41,33,1,15.0,9.75609756097561,4,73.75,80.0,20.833333333333336,0.08333333333333334,48.17000000000001,DATA_NATIVE_COHORT
United Kingdom,Other,Engineering design services,38,29,1,15.0,13.157894736842104,4,71.41666666666666,76.58333333333334,29.916666666666668,0.08333333333333334,48.17,DATA_NATIVE_COHORT
Ireland,Other,Minibuses.,53,23,1,15.0,11.320754716981133,4,79.16666666666666,69.91666666666667,25.666666666666664,0.08333333333333334,48.15166666666667,DATA_NATIVE_COHORT
United Kingdom,Other,Tree-maintenance services,46,41,1,15.0,6.521739130434782,4,76.0,83.5,11.666666666666666,0.08333333333333334,48.150000000000006,DATA_NATIVE_COHORT
Ireland,Other,"Radio, television, communication, telecommunication and related equipment.",27,17,1,15.0,29.629629629629626,4,60.333333333333336,61.16666666666667,71.41666666666666,0.08333333333333334,48.08500000000001,DATA_NATIVE_COHORT
United Kingdom,Other,Business development consultancy services,39,27,1,15.0,12.82051282051282,4,72.41666666666666,75.08333333333333,28.999999999999996,0.08333333333333334,47.934999999999995,DATA_NATIVE_COHORT
Ireland,Other,Engineering works and construction works.,37,24,1,15.0,16.216216216216218,3,70.58333333333333,71.33333333333334,37.333333333333336,0.08333333333333334,47.87333333333334,DATA_NATIVE_COHORT
United Kingdom,Other,Specialist vehicles,30,25,1,15.0,20.0,4,64.16666666666667,72.58333333333333,46.916666666666664,0.08333333333333334,47.870000000000005,DATA_NATIVE_COHORT
United Kingdom,Other,Miscellaneous business and business-related services,30,25,1,15.0,20.0,4,64.16666666666667,72.58333333333333,46.916666666666664,0.08333333333333334,47.870000000000005,DATA_NATIVE_COHORT
United Kingdom,Other,Refuse disposal and treatment,50,39,1,15.0,2.0,4,77.91666666666667,82.75,6.75,0.08333333333333334,47.683333333333344,DATA_NATIVE_COHORT
Canada federal,Other,*Marine construction services,171,7,1,15.0,30.409356725146196,4,92.75,18.416666666666668,73.25,0.08333333333333334,47.67333333333334,DATA_NATIVE_COHORT
United Kingdom,Other,Furniture,37,32,1,15.0,10.81081081081081,4,70.58333333333333,79.0,25.0,0.08333333333333334,47.64666666666667,DATA_NATIVE_COHORT
United Kingdom,Other,Call centre,37,32,1,15.0,10.81081081081081,4,70.58333333333333,79.0,25.0,0.08333333333333334,47.64666666666667,DATA_NATIVE_COHORT
United Kingdom,Other,"Financial consultancy, financial transaction processing and clearing-house services",25,25,1,15.0,24.0,4,57.08333333333333,72.58333333333333,58.08333333333333,0.08333333333333334,47.61333333333334,DATA_NATIVE_COHORT
United Kingdom,Other,Paediatric services,29,19,1,15.0,24.137931034482758,4,63.16666666666667,64.75,58.416666666666664,0.08333333333333334,47.583333333333336,DATA_NATIVE_COHORT
United Kingdom,Other,Surveillance and security systems and devices,31,29,1,15.0,16.129032258064516,4,65.33333333333333,76.58333333333334,37.166666666666664,0.08333333333333334,47.528333333333336,DATA_NATIVE_COHORT
Ireland,Other,Engineering design services for mechanical and electrical installations for buildings.,23,13,1,15.0,69.56521739130434,4,54.0,48.083333333333336,98.41666666666666,0.08333333333333334,47.516666666666666,DATA_NATIVE_COHORT
United Kingdom,Other,Audio-visual equipment,38,31,1,15.0,10.526315789473683,4,71.41666666666666,78.16666666666666,23.75,0.08333333333333334,47.471666666666664,DATA_NATIVE_COHORT
Ireland,Other,"Recreational, cultural and sporting services.",60,21,1,15.0,10.0,4,81.41666666666667,67.08333333333333,21.0,0.08333333333333334,47.29500000000001,DATA_NATIVE_COHORT
United Kingdom,Other,Building completion work,26,24,1,15.0,23.076923076923077,4,58.75,71.33333333333334,55.00000000000001,0.08333333333333334,47.26666666666667,DATA_NATIVE_COHORT
United Kingdom,Other,Industrial machinery,54,32,1,15.0,1.8518518518518516,4,79.41666666666667,79.0,6.666666666666667,0.08333333333333334,47.17333333333334,DATA_NATIVE_COHORT
United Kingdom,Other,Refuse-collection vehicles,19,16,1,15.0,52.63157894736842,3,45.33333333333333,58.833333333333336,95.33333333333334,0.08333333333333334,46.98333333333334,DATA_NATIVE_COHORT
United Kingdom,Other,Surgical specialist services,22,15,1,15.0,40.909090909090914,3,52.0,55.91666666666667,87.5,0.08333333333333334,46.94833333333334,DATA_NATIVE_COHORT
United Kingdom,Other,Networks,25,18,1,15.0,28.000000000000004,4,57.08333333333333,63.33333333333333,67.66666666666666,0.08333333333333334,46.93333333333334,DATA_NATIVE_COHORT
Canada federal,Other,*Heavy construction machinery and equipment,39,13,1,15.0,25.64102564102564,4,72.41666666666666,48.083333333333336,62.416666666666664,0.08333333333333334,46.93,DATA_NATIVE_COHORT
United Kingdom,Other,Electric vehicles,25,23,1,15.0,24.0,4,57.08333333333333,69.91666666666667,58.08333333333333,0.08333333333333334,46.92,DATA_NATIVE_COHORT
United Kingdom,Other,Specialist training services,47,31,1,15.0,6.382978723404255,4,76.5,78.16666666666666,11.5,0.08333333333333334,46.89333333333333,DATA_NATIVE_COHORT
Ireland,Other,Construction project management services.,38,17,1,15.0,18.421052631578945,4,71.41666666666666,61.16666666666667,45.0,0.08333333333333334,46.87666666666667,DATA_NATIVE_COHORT
Ireland,Other,Siteworks.,22,16,1,15.0,36.36363636363637,4,52.0,58.833333333333336,82.25,0.08333333333333334,46.76166666666667,DATA_NATIVE_COHORT
Ireland,Other,Agricultural machinery.,34,15,1,15.0,23.52941176470588,4,68.16666666666666,55.91666666666667,56.91666666666667,0.08333333333333334,46.61666666666667,DATA_NATIVE_COHORT
United Kingdom,Other,Human resources management consultancy services,36,27,1,15.0,11.11111111111111,4,69.83333333333334,75.08333333333333,25.333333333333336,0.08333333333333334,46.448333333333345,DATA_NATIVE_COHORT
United Kingdom,Other,Orthodontic services,34,9,1,15.0,70.58823529411765,4,68.16666666666666,26.333333333333332,98.66666666666667,0.08333333333333334,46.440000000000005,DATA_NATIVE_COHORT
Ireland,Other,Auditing services.,29,25,1,15.0,17.24137931034483,4,63.16666666666667,72.58333333333333,40.75,0.08333333333333334,46.440000000000005,DATA_NATIVE_COHORT
United Kingdom,Other,Consultative engineering and construction services,29,25,1,15.0,17.24137931034483,4,63.16666666666667,72.58333333333333,40.75,0.08333333333333334,46.440000000000005,DATA_NATIVE_COHORT
Ireland,Other,Advisory architectural services.,32,30,1,15.0,12.5,4,66.58333333333334,77.33333333333333,27.416666666666668,0.08333333333333334,46.36833333333334,DATA_NATIVE_COHORT
Canada federal,Other,*Language schooling,24,17,1,15.0,29.166666666666668,4,55.25,61.16666666666667,70.41666666666667,0.08333333333333334,46.27833333333334,DATA_NATIVE_COHORT
United Kingdom,Other,Development consultancy services,28,25,1,15.0,17.857142857142858,4,61.583333333333336,72.58333333333333,42.5,0.08333333333333334,46.248333333333335,DATA_NATIVE_COHORT
Ireland,Other,Modular and portable buildings.,25,21,1,15.0,24.0,4,57.08333333333333,67.08333333333333,58.08333333333333,0.08333333333333334,46.18333333333333,DATA_NATIVE_COHORT
United Kingdom,Other,Overhaul and refurbishment work,30,25,1,15.0,16.666666666666664,4,64.16666666666667,72.58333333333333,37.5,0.08333333333333334,46.175000000000004,DATA_NATIVE_COHORT
Canada federal,Other,*Military transport aircraft,77,3,1,15.0,55.84415584415584,4,85.25,5.75,96.5,0.08333333333333334,46.165000000000006,DATA_NATIVE_COHORT
United Kingdom,Other,Funeral and related services,40,38,1,15.0,2.5,3,73.16666666666667,82.33333333333334,6.916666666666667,0.08333333333333334,46.08500000000001,DATA_NATIVE_COHORT
United Kingdom,Other,Blood analysis services,26,12,1,15.0,42.30769230769231,4,58.75,42.833333333333336,89.41666666666667,0.08333333333333334,46.05166666666667,DATA_NATIVE_COHORT
United Kingdom,Other,Research consultancy services,31,28,1,15.0,12.903225806451612,4,65.33333333333333,76.16666666666667,29.083333333333332,0.08333333333333334,45.965,DATA_NATIVE_COHORT
United Kingdom,Other,Mains gas,28,24,1,15.0,17.857142857142858,4,61.583333333333336,71.33333333333334,42.5,0.08333333333333334,45.92333333333334,DATA_NATIVE_COHORT
Ireland,Other,Security services.,35,22,1,15.0,14.285714285714285,4,69.08333333333333,68.5,32.33333333333333,0.08333333333333334,45.756666666666675,DATA_NATIVE_COHORT
United Kingdom,Other,Laboratory reagents,35,22,1,15.0,14.285714285714285,4,69.08333333333333,68.5,32.33333333333333,0.08333333333333334,45.756666666666675,DATA_NATIVE_COHORT
Canada federal,Other,*ADP Software,105,1,1,15.0,50.476190476190474,4,89.33333333333333,0.0,94.91666666666667,0.08333333333333334,45.69166666666667,DATA_NATIVE_COHORT
Canada federal,Other,*Motor vehicles,29,12,1,15.0,34.48275862068966,4,63.16666666666667,42.833333333333336,79.5,0.08333333333333334,45.68,DATA_NATIVE_COHORT
Ireland,Other,"Construction, foundation and surface works for highways, roads.",34,14,1,15.0,23.52941176470588,4,68.16666666666666,52.25,56.91666666666667,0.08333333333333334,45.663333333333334,DATA_NATIVE_COHORT
United Kingdom,Other,Asbestos-removal work,33,26,1,15.0,12.121212121212121,4,67.0,73.83333333333333,27.250000000000004,0.08333333333333334,45.561666666666675,DATA_NATIVE_COHORT
United Kingdom,Other,Fire-prevention installation works,35,31,1,15.0,8.571428571428571,4,69.08333333333333,78.16666666666666,17.166666666666668,0.08333333333333334,45.54,DATA_NATIVE_COHORT
Canada federal,Other,*Aerospace systems and components and equipment,48,6,1,15.0,50.0,3,77.25,14.583333333333334,93.91666666666667,0.08333333333333334,45.436666666666675,DATA_NATIVE_COHORT
Ireland,Other,Local area network.,50,10,1,15.0,28.000000000000004,4,77.91666666666667,31.916666666666664,67.66666666666666,0.08333333333333334,45.43166666666667,DATA_NATIVE_COHORT
United Kingdom,Other,Public utilities,38,34,1,15.0,5.263157894736842,4,71.41666666666666,80.5,8.916666666666668,0.08333333333333334,45.40833333333333,DATA_NATIVE_COHORT
Canada federal,Other,*Data services,27,12,1,15.0,37.03703703703704,4,60.333333333333336,42.833333333333336,83.0,0.08333333333333334,45.403333333333336,DATA_NATIVE_COHORT
Ireland,Other,"Technical testing, analysis and consultancy services.",21,15,1,15.0,38.095238095238095,4,49.333333333333336,55.91666666666667,83.58333333333333,0.08333333333333334,45.39000000000001,DATA_NATIVE_COHORT
United Kingdom,Other,Special education services,27,22,1,15.0,18.51851851851852,4,60.333333333333336,68.5,45.33333333333333,0.08333333333333334,45.296666666666674,DATA_NATIVE_COHORT
United Kingdom,Other,"Construction, foundation and surface works for highways, roads",41,31,1,15.0,2.4390243902439024,4,73.75,78.16666666666666,6.833333333333333,0.08333333333333334,45.17333333333333,DATA_NATIVE_COHORT
Ireland,Other,"Hotel, restaurant and retail trade services.",27,15,1,15.0,25.925925925925924,4,60.333333333333336,55.91666666666667,62.66666666666667,0.08333333333333334,45.14500000000001,DATA_NATIVE_COHORT
United Kingdom,Other,"Radio, television, communication, telecommunication and related equipment",29,26,1,15.0,13.793103448275861,4,63.16666666666667,73.83333333333333,31.5,0.08333333333333334,45.1,DATA_NATIVE_COHORT
United Kingdom,Other,"Architectural, engineering and planning services",21,19,1,15.0,28.57142857142857,4,49.333333333333336,64.75,68.66666666666667,0.08333333333333334,45.00166666666667,DATA_NATIVE_COHORT
Canada federal,Other,*Commercial and office building renovation and repair service,27,10,1,15.0,55.55555555555556,4,60.333333333333336,31.916666666666664,96.41666666666666,0.08333333333333334,44.980000000000004,DATA_NATIVE_COHORT
United Kingdom,Other,Laundry-management services,26,22,1,15.0,19.230769230769234,4,58.75,68.5,46.33333333333333,0.08333333333333334,44.97,DATA_NATIVE_COHORT
United Kingdom,Other,"Architectural, engineering and surveying services",21,16,1,15.0,33.33333333333333,4,49.333333333333336,58.833333333333336,76.75,0.08333333333333334,44.91833333333334,DATA_NATIVE_COHORT
Ireland,Other,Emergency lighting equipment.,28,11,1,15.0,39.285714285714285,4,61.583333333333336,37.666666666666664,85.33333333333334,0.08333333333333334,44.88,DATA_NATIVE_COHORT
United Kingdom,Other,Administration services,37,27,1,15.0,8.108108108108109,3,70.58333333333333,75.08333333333333,15.166666666666668,0.08333333333333334,44.858333333333334,DATA_NATIVE_COHORT
United Kingdom,Other,Gynaecological hospital services,23,11,1,15.0,65.21739130434783,3,54.0,37.666666666666664,98.16666666666667,0.08333333333333334,44.76333333333334,DATA_NATIVE_COHORT
Ireland,Other,Solar energy.,33,20,1,15.0,15.151515151515152,4,67.0,65.66666666666666,34.416666666666664,0.08333333333333334,44.72833333333334,DATA_NATIVE_COHORT
United Kingdom,Other,Community action programme,92,16,1,15.0,3.260869565217391,4,87.75,58.833333333333336,7.333333333333333,0.08333333333333334,44.716666666666676,DATA_NATIVE_COHORT
Ireland,Other,Development consultancy services.,27,13,1,15.0,29.629629629629626,4,60.333333333333336,48.083333333333336,71.41666666666666,0.08333333333333334,44.68333333333334,DATA_NATIVE_COHORT
Canada federal,Other,*Vehicle rental,33,8,1,15.0,57.57575757575758,4,67.0,21.916666666666668,97.16666666666667,0.08333333333333334,44.64833333333333,DATA_NATIVE_COHORT
United Kingdom,Other,"Electrical machinery, apparatus, equipment and consumables; lighting",35,32,1,15.0,5.714285714285714,4,69.08333333333333,79.0,10.166666666666666,0.08333333333333334,44.49666666666666,DATA_NATIVE_COHORT
Canada federal,Other,*Measuring and observing and testing instruments,34,9,1,15.0,41.17647058823529,4,68.16666666666666,26.333333333333332,87.58333333333333,0.08333333333333334,44.445,DATA_NATIVE_COHORT
Ireland,Other,"Clothing, footwear, luggage articles and accessories.",29,19,1,15.0,17.24137931034483,4,63.16666666666667,64.75,40.75,0.08333333333333334,44.403333333333336,DATA_NATIVE_COHORT
Ireland,Other,Electrical services.,20,14,1,15.0,40.0,4,47.66666666666667,52.25,85.75,0.08333333333333334,44.293333333333344,DATA_NATIVE_COHORT
Ireland,Other,Research and development consultancy services.,28,16,1,15.0,21.428571428571427,4,61.583333333333336,58.833333333333336,51.24999999999999,0.08333333333333334,44.24833333333334,DATA_NATIVE_COHORT
United Kingdom,Other,Installation services of fire protection equipment,24,21,1,15.0,20.833333333333336,4,55.25,67.08333333333333,50.5,0.08333333333333334,44.231666666666676,DATA_NATIVE_COHORT
United Kingdom,Other,"Repair, maintenance and associated services related to railways and other equipment",31,14,1,15.0,22.58064516129032,4,65.33333333333333,52.25,53.91666666666667,0.08333333333333334,44.21666666666667,DATA_NATIVE_COHORT
Ireland,Other,Telecommunications services.,21,15,1,15.0,33.33333333333333,4,49.333333333333336,55.91666666666667,76.75,0.08333333333333334,44.160000000000004,DATA_NATIVE_COHORT
Ireland,Other,Road markings.,25,12,1,15.0,36.0,4,57.08333333333333,42.833333333333336,81.58333333333333,0.08333333333333334,44.10833333333334,DATA_NATIVE_COHORT
United Kingdom,Other,Repair and maintenance services of medical and surgical equipment,25,14,1,15.0,28.000000000000004,4,57.08333333333333,52.25,67.66666666666666,0.08333333333333334,44.05166666666667,DATA_NATIVE_COHORT
United Kingdom,Other,Statutory audit services,29,27,1,15.0,10.344827586206897,4,63.16666666666667,75.08333333333333,23.5,0.08333333333333334,43.985,DATA_NATIVE_COHORT
Ireland,Other,Restaurant and food-serving services.,36,17,1,15.0,13.88888888888889,4,69.83333333333334,61.16666666666667,31.666666666666664,0.08333333333333334,43.970000000000006,DATA_NATIVE_COHORT
United Kingdom,Other,Mobile-telephone services,19,17,1,15.0,31.57894736842105,4,45.33333333333333,61.16666666666667,74.91666666666667,0.08333333333333334,43.915000000000006,DATA_NATIVE_COHORT
Canada federal,Other,*Real estate services,46,8,1,15.0,32.608695652173914,4,76.0,21.916666666666668,76.5,0.08333333333333334,43.80833333333334,DATA_NATIVE_COHORT
Ireland,Other,Buses and Coaches.,22,14,1,15.0,31.818181818181817,4,52.0,52.25,75.16666666666667,0.08333333333333334,43.775000000000006,DATA_NATIVE_COHORT
United Kingdom,Other,Consulting services for water-supply and waste consultancy,28,23,1,15.0,14.285714285714285,4,61.583333333333336,69.91666666666667,32.33333333333333,0.08333333333333334,43.72500000000001,DATA_NATIVE_COHORT
Ireland,Other,Secondary school construction work.,22,16,1,15.0,27.27272727272727,4,52.0,58.833333333333336,65.0,0.08333333333333334,43.65666666666667,DATA_NATIVE_COHORT
Ireland,Other,Solar panels.,17,16,1,15.0,41.17647058823529,4,39.0,58.833333333333336,87.58333333333333,0.08333333333333334,43.561666666666675,DATA_NATIVE_COHORT
Canada federal,Other,*Business intelligence consulting services,20,16,1,15.0,30.0,4,47.66666666666667,58.833333333333336,72.08333333333333,0.08333333333333334,43.54500000000001,DATA_NATIVE_COHORT
United Kingdom,Other,Office furniture,22,20,1,15.0,22.727272727272727,4,52.0,65.66666666666666,54.333333333333336,0.08333333333333334,43.513333333333335,DATA_NATIVE_COHORT
United Kingdom,Other,Installation services (except software),33,30,1,15.0,6.0606060606060606,4,67.0,77.33333333333333,10.75,0.08333333333333334,43.50166666666667,DATA_NATIVE_COHORT
United Kingdom,Other,"Accounting, auditing and fiscal services",33,25,1,15.0,9.090909090909092,4,67.0,72.58333333333333,17.416666666666668,0.08333333333333334,43.46666666666667,DATA_NATIVE_COHORT
United Kingdom,Other,Payroll management services,28,26,1,15.0,10.714285714285714,4,61.583333333333336,73.83333333333333,24.666666666666668,0.08333333333333334,43.36333333333334,DATA_NATIVE_COHORT
Ireland,Other,Ships and boats.,21,13,1,15.0,38.095238095238095,4,49.333333333333336,48.083333333333336,83.58333333333333,0.08333333333333334,43.35333333333333,DATA_NATIVE_COHORT
Ireland,Other,Generators.,26,15,1,15.0,23.076923076923077,4,58.75,55.91666666666667,55.00000000000001,0.08333333333333334,43.25833333333334,DATA_NATIVE_COHORT
Ireland,Other,Energy-efficiency consultancy services.,21,11,1,15.0,61.904761904761905,3,49.333333333333336,37.666666666666664,97.91666666666666,0.08333333333333334,43.225,DATA_NATIVE_COHORT
United Kingdom,Other,Railway and tramway locomotives and rolling stock and associated parts,32,12,1,15.0,25.0,4,66.58333333333334,42.833333333333336,59.66666666666667,0.08333333333333334,43.20333333333334,DATA_NATIVE_COHORT
United Kingdom,Other,Window-cleaning services,32,29,1,15.0,6.25,4,66.58333333333334,76.58333333333334,10.916666666666666,0.08333333333333334,43.20333333333334,DATA_NATIVE_COHORT
United Kingdom,Other,Environmental engineering consultancy services,35,26,1,15.0,5.714285714285714,3,69.08333333333333,73.83333333333333,10.166666666666666,0.08333333333333334,43.15333333333333,DATA_NATIVE_COHORT
Ireland,Other,"Electric motors, generators and transformers.",18,13,1,15.0,50.0,4,42.583333333333336,48.083333333333336,93.91666666666667,0.08333333333333334,43.053333333333335,DATA_NATIVE_COHORT
Canada federal,Other,*Security guard services,22,11,1,15.0,45.45454545454545,4,52.0,37.666666666666664,91.41666666666667,0.08333333333333334,42.90833333333334,DATA_NATIVE_COHORT
United Kingdom,Other,Fuels,30,24,1,15.0,10.0,4,64.16666666666667,71.33333333333334,21.0,0.08333333333333334,42.88000000000001,DATA_NATIVE_COHORT
Ireland,Other,UNKNOWN,294,13,1,15.0,0.0,3,94.75,48.083333333333336,0.0,0.08333333333333334,42.84166666666667,DATA_NATIVE_COHORT
United Kingdom,Other,Rehabilitation hospital services,17,15,1,15.0,41.17647058823529,3,39.0,55.91666666666667,87.58333333333333,0.08333333333333334,42.80333333333334,DATA_NATIVE_COHORT
Ireland,Other,Mechanical engineering installation works.,25,22,1,15.0,16.0,4,57.08333333333333,68.5,37.0,0.08333333333333334,42.75666666666667,DATA_NATIVE_COHORT
Ireland,Other,Building and facilities management services.,21,18,1,15.0,23.809523809523807,4,49.333333333333336,63.33333333333333,57.41666666666667,0.08333333333333334,42.608333333333334,DATA_NATIVE_COHORT
Canada federal,Other,*ADP Input-Output and Storage Devices,53,1,1,15.0,52.83018867924528,4,79.16666666666666,0.0,95.41666666666667,0.08333333333333334,42.528333333333336,DATA_NATIVE_COHORT
United Kingdom,Other,"Construction work for buildings relating to leisure, sports, culture, lodging and restaurants",26,21,1,15.0,15.384615384615385,4,58.75,67.08333333333333,34.66666666666667,0.08333333333333334,42.50166666666667,DATA_NATIVE_COHORT
United Kingdom,Other,Tyres for heavy/light-duty vehicles,20,18,1,15.0,25.0,4,47.66666666666667,63.33333333333333,59.66666666666667,0.08333333333333334,42.480000000000004,DATA_NATIVE_COHORT
United Kingdom,Other,Miscellaneous services,30,28,1,15.0,6.666666666666667,4,64.16666666666667,76.16666666666667,11.75,0.08333333333333334,42.47166666666668,DATA_NATIVE_COHORT
Ireland,Other,"Firefighting, rescue and safety equipment.",18,14,1,15.0,38.88888888888889,4,42.583333333333336,52.25,84.58333333333333,0.08333333333333334,42.45666666666667,DATA_NATIVE_COHORT
Ireland,Other,Landscaping work for sports grounds and recreational areas.,18,14,1,15.0,38.88888888888889,4,42.583333333333336,52.25,84.58333333333333,0.08333333333333334,42.45666666666667,DATA_NATIVE_COHORT
United Kingdom,Other,Veterinary services,73,13,1,15.0,8.21917808219178,4,84.58333333333333,48.083333333333336,15.416666666666668,0.08333333333333334,42.36333333333334,DATA_NATIVE_COHORT
Canada federal,Other,*Drugs and Pharmaceutical Products,47,5,1,15.0,36.17021276595745,4,76.5,11.5,81.91666666666667,0.08333333333333334,42.23500000000001,DATA_NATIVE_COHORT
United Kingdom,Other,"Heating, ventilation and air-conditioning installation work",22,22,1,15.0,18.181818181818183,4,52.0,68.5,42.833333333333336,0.08333333333333334,42.18000000000001,DATA_NATIVE_COHORT
United Kingdom,Other,Stationery,18,18,1,15.0,27.77777777777778,4,42.583333333333336,63.33333333333333,67.0,0.08333333333333334,42.17333333333334,DATA_NATIVE_COHORT
Ireland,Other,Furniture.,24,16,1,15.0,20.833333333333336,4,55.25,58.833333333333336,50.5,0.08333333333333334,42.086666666666666,DATA_NATIVE_COHORT
Ireland,Other,"Windows, doors and related items.",21,17,1,15.0,23.809523809523807,4,49.333333333333336,61.16666666666667,57.41666666666667,0.08333333333333334,42.04500000000001,DATA_NATIVE_COHORT
Ireland,Other,Audio-visual equipment.,21,17,1,15.0,23.809523809523807,4,49.333333333333336,61.16666666666667,57.41666666666667,0.08333333333333334,42.04500000000001,DATA_NATIVE_COHORT
Canada federal,Other,*Water transport vessel maintenance and repair services,56,2,1,15.0,39.285714285714285,4,80.41666666666667,3.5000000000000004,85.33333333333334,0.08333333333333334,42.02333333333334,DATA_NATIVE_COHORT
United Kingdom,Other,Construction-related services,28,22,1,15.0,10.714285714285714,4,61.583333333333336,68.5,24.666666666666668,0.08333333333333334,41.97666666666667,DATA_NATIVE_COHORT
Canada federal,Other,*Application or technology research and development service,31,8,1,15.0,38.70967741935484,4,65.33333333333333,21.916666666666668,84.41666666666666,0.08333333333333334,41.82,DATA_NATIVE_COHORT
United Kingdom,Other,Banking and investment services,23,20,1,15.0,17.391304347826086,4,54.0,65.66666666666666,41.16666666666667,0.08333333333333334,41.78333333333334,DATA_NATIVE_COHORT
Ireland,Other,Painting work.,21,14,1,15.0,28.57142857142857,4,49.333333333333336,52.25,68.66666666666667,0.08333333333333334,41.75166666666667,DATA_NATIVE_COHORT
Canada federal,Other,"*LOCAL AREA NETWORKS, SYSTEMS AND COMPONENTS",48,1,1,15.0,47.91666666666667,4,77.25,0.0,93.58333333333333,0.08333333333333334,41.585,DATA_NATIVE_COHORT
Ireland,Other,Printed matter and related products.,38,20,1,15.0,5.263157894736842,3,71.41666666666666,65.66666666666666,8.916666666666668,0.08333333333333334,41.55166666666666,DATA_NATIVE_COHORT
Ireland,Other,Building services.,28,27,1,15.0,7.142857142857142,4,61.583333333333336,75.08333333333333,12.75,0.08333333333333334,41.54333333333334,DATA_NATIVE_COHORT
United Kingdom,Other,Technical support services,26,18,1,15.0,15.384615384615385,4,58.75,63.33333333333333,34.66666666666667,0.08333333333333334,41.52666666666667,DATA_NATIVE_COHORT
United Kingdom,Other,Collection agency services,22,20,1,15.0,18.181818181818183,4,52.0,65.66666666666666,42.833333333333336,0.08333333333333334,41.443333333333335,DATA_NATIVE_COHORT
United Kingdom,Other,Accommodation services,30,27,1,15.0,3.3333333333333335,3,64.16666666666667,75.08333333333333,7.416666666666667,0.08333333333333334,41.410000000000004,DATA_NATIVE_COHORT
Ireland,Other,Boats.,18,13,1,15.0,38.88888888888889,4,42.583333333333336,48.083333333333336,84.58333333333333,0.08333333333333334,41.373333333333335,DATA_NATIVE_COHORT
Ireland,Other,Hotel services.,18,13,1,15.0,38.88888888888889,4,42.583333333333336,48.083333333333336,84.58333333333333,0.08333333333333334,41.373333333333335,DATA_NATIVE_COHORT
United Kingdom,Other,"Security, fire-fighting, police and defence equipment",24,15,1,15.0,20.833333333333336,4,55.25,55.91666666666667,50.5,0.08333333333333334,41.32833333333334,DATA_NATIVE_COHORT
Canada federal,Other,*Building and facility maintenance and repair services,35,8,1,15.0,31.428571428571427,4,69.08333333333333,21.916666666666668,74.66666666666667,0.08333333333333334,41.265,DATA_NATIVE_COHORT
Canada federal,Other,*Product and material trailers,30,9,1,15.0,33.33333333333333,4,64.16666666666667,26.333333333333332,76.75,0.08333333333333334,41.215,DATA_NATIVE_COHORT
Ireland,Other,Waste and rubbish containers and bins.,23,18,1,15.0,17.391304347826086,4,54.0,63.33333333333333,41.16666666666667,0.08333333333333334,41.17666666666667,DATA_NATIVE_COHORT
Canada federal,Other,*Hotels and lodging and meeting facilities,37,7,1,15.0,32.432432432432435,4,70.58333333333333,18.416666666666668,76.41666666666667,0.08333333333333334,41.150000000000006,DATA_NATIVE_COHORT
United Kingdom,Other,Polythene waste and refuse sacks and bags,19,16,1,15.0,26.31578947368421,4,45.33333333333333,58.833333333333336,62.916666666666664,0.08333333333333334,41.14833333333333,DATA_NATIVE_COHORT
United Kingdom,Other,"Office machinery, equipment and supplies except computers, printers and furniture",18,16,1,15.0,27.77777777777778,4,42.583333333333336,58.833333333333336,67.0,0.08333333333333334,41.00333333333334,DATA_NATIVE_COHORT
United Kingdom,Other,Parking enforcement services,33,27,1,15.0,0.0,3,67.0,75.08333333333333,0.0,0.08333333333333334,40.98166666666667,DATA_NATIVE_COHORT
Canada federal,Other,*Construction equipment rental or leasing service,33,3,1,15.0,96.96969696969697,3,67.0,5.75,99.91666666666667,0.08333333333333334,40.940000000000005,DATA_NATIVE_COHORT
Canada federal,Other,*Pumps,29,5,1,15.0,62.06896551724138,4,63.16666666666667,11.5,98.0,0.08333333333333334,40.86333333333334,DATA_NATIVE_COHORT
United Kingdom,Other,Highways consultancy services,20,20,1,15.0,20.0,4,47.66666666666667,65.66666666666666,46.916666666666664,0.08333333333333334,40.79166666666667,DATA_NATIVE_COHORT
Ireland,Other,Mechanical and electrical engineering services.,21,15,1,15.0,23.809523809523807,4,49.333333333333336,55.91666666666667,57.41666666666667,0.08333333333333334,40.68000000000001,DATA_NATIVE_COHORT
Canada federal,Other,*Bridge construction and repair service,33,6,1,15.0,39.39393939393939,4,67.0,14.583333333333334,85.58333333333333,0.08333333333333334,40.65666666666667,DATA_NATIVE_COHORT
Canada federal,Other,*Fishery data collection or distribution,34,2,1,15.0,82.35294117647058,3,68.16666666666666,3.5000000000000004,99.33333333333333,0.08333333333333334,40.62333333333333,DATA_NATIVE_COHORT
United Kingdom,Other,Hotel accommodation services,25,21,1,15.0,12.0,4,57.08333333333333,67.08333333333333,27.083333333333332,0.08333333333333334,40.60333333333333,DATA_NATIVE_COHORT
United Kingdom,Other,Benefit services,20,19,1,15.0,20.0,4,47.66666666666667,64.75,46.916666666666664,0.08333333333333334,40.55333333333334,DATA_NATIVE_COHORT
Ireland,Other,Landscape gardening services.,20,15,1,15.0,25.0,4,47.66666666666667,55.91666666666667,59.66666666666667,0.08333333333333334,40.55166666666668,DATA_NATIVE_COHORT
Ireland,Other,"Agricultural, forestry, horticultural, aquacultural and apicultural services.",30,11,1,15.0,23.333333333333332,4,64.16666666666667,37.666666666666664,56.41666666666667,0.08333333333333334,40.50166666666667,DATA_NATIVE_COHORT
United Kingdom,Other,Other services,17,16,1,15.0,29.411764705882355,4,39.0,58.833333333333336,70.58333333333333,0.08333333333333334,40.50166666666667,DATA_NATIVE_COHORT
Canada federal,Other,"*Automatic Data Processing Equipment, System Configuration",87,1,1,15.0,28.735632183908045,4,87.16666666666667,0.0,69.91666666666667,0.08333333333333334,40.49833333333334,DATA_NATIVE_COHORT
United Kingdom,Other,Playground equipment,24,22,1,15.0,12.5,4,55.25,68.5,27.416666666666668,0.08333333333333334,40.44500000000001,DATA_NATIVE_COHORT
United Kingdom,Other,Higher education services,30,24,1,15.0,3.3333333333333335,3,64.16666666666667,71.33333333333334,7.416666666666667,0.08333333333333334,40.43500000000001,DATA_NATIVE_COHORT
United Kingdom,Other,Office cleaning services,23,22,1,15.0,13.043478260869565,4,54.0,68.5,29.25,0.08333333333333334,40.37500000000001,DATA_NATIVE_COHORT
United Kingdom,Other,Microscopes,26,16,1,15.0,15.384615384615385,4,58.75,58.833333333333336,34.66666666666667,0.08333333333333334,40.356666666666676,DATA_NATIVE_COHORT
United Kingdom,Other,Mass spectrometer,29,22,1,15.0,6.896551724137931,4,63.16666666666667,68.5,12.666666666666668,0.08333333333333334,40.323333333333345,DATA_NATIVE_COHORT
Canada federal,Other,*Product research and development service,30,10,1,15.0,26.666666666666668,4,64.16666666666667,31.916666666666664,63.24999999999999,0.08333333333333334,40.23666666666667,DATA_NATIVE_COHORT
Ireland,Other,Roof.,20,18,1,15.0,20.0,4,47.66666666666667,63.33333333333333,46.916666666666664,0.08333333333333334,40.185,DATA_NATIVE_COHORT
United Kingdom,Other,Guidance services,19,18,1,15.0,21.052631578947366,4,45.33333333333333,63.33333333333333,50.83333333333333,0.08333333333333334,40.14333333333333,DATA_NATIVE_COHORT
United Kingdom,Other,Market and economic research; polling and statistics,24,21,1,15.0,12.5,4,55.25,67.08333333333333,27.416666666666668,0.08333333333333334,40.076666666666675,DATA_NATIVE_COHORT
United Kingdom,Other,Construction materials and associated items,23,21,1,15.0,13.043478260869565,4,54.0,67.08333333333333,29.25,0.08333333333333334,40.00666666666667,DATA_NATIVE_COHORT
Ireland,Other,Consulting services for water-supply and waste-water other than for construction.,14,14,1,15.0,92.85714285714286,2,26.083333333333332,52.25,99.83333333333333,0.08333333333333334,39.92166666666667,DATA_NATIVE_COHORT
Canada federal,Other,*Parachutes,25,9,1,15.0,36.0,3,57.08333333333333,26.333333333333332,81.58333333333333,0.08333333333333334,39.818333333333335,DATA_NATIVE_COHORT
Ireland,Other,Mobile telephones.,44,5,1,15.0,29.545454545454547,4,74.91666666666667,11.5,71.08333333333333,0.08333333333333334,39.77833333333334,DATA_NATIVE_COHORT
United Kingdom,Other,Laundry-collection services,24,20,1,15.0,12.5,4,55.25,65.66666666666666,27.416666666666668,0.08333333333333334,39.708333333333336,DATA_NATIVE_COHORT
Canada federal,Other,*Electrical equipment and components and supplies,26,15,1,15.0,15.384615384615385,4,58.75,55.91666666666667,34.66666666666667,0.08333333333333334,39.59833333333334,DATA_NATIVE_COHORT
Canada federal,Other,*Electronic hardware and component parts and accessories *Electrical and electronic engineering,33,1,1,15.0,90.9090909090909,2,67.0,0.0,99.58333333333333,0.08333333333333334,39.385,DATA_NATIVE_COHORT
Ireland,Other,"Construction work for buildings relating to leisure, sports, culture, lodging and restaurants.",14,14,1,15.0,57.14285714285714,3,26.083333333333332,52.25,96.75,0.08333333333333334,39.36666666666667,DATA_NATIVE_COHORT
United Kingdom,Other,Training programme services,18,14,1,15.0,27.77777777777778,4,42.583333333333336,52.25,67.0,0.08333333333333334,39.291666666666664,DATA_NATIVE_COHORT
Canada federal,Other,*Dredging services,49,4,1,15.0,28.57142857142857,4,77.41666666666667,8.166666666666666,68.66666666666667,0.08333333333333334,39.27666666666667,DATA_NATIVE_COHORT
United Kingdom,Other,Medical gases,15,14,1,15.0,40.0,4,31.333333333333336,52.25,85.75,0.08333333333333334,39.06666666666667,DATA_NATIVE_COHORT
United Kingdom,Other,Printed matter and related products,24,24,1,15.0,8.333333333333332,4,55.25,71.33333333333334,15.5,0.08333333333333334,39.036666666666676,DATA_NATIVE_COHORT
United Kingdom,Other,Museum-exhibition services,23,18,1,15.0,13.043478260869565,4,54.0,63.33333333333333,29.25,0.08333333333333334,39.03166666666667,DATA_NATIVE_COHORT
United Kingdom,Other,Non-scheduled passenger transport,27,9,1,15.0,29.629629629629626,4,60.333333333333336,26.333333333333332,71.41666666666666,0.08333333333333334,39.028333333333336,DATA_NATIVE_COHORT
Canada federal,Other,*Commercial and office building construction services,24,7,1,15.0,45.83333333333333,4,55.25,18.416666666666668,91.83333333333333,0.08333333333333334,39.01833333333334,DATA_NATIVE_COHORT
Ireland,Other,"Petroleum products, fuel, electricity and other sources of energy.",24,15,1,15.0,16.666666666666664,4,55.25,55.91666666666667,37.5,0.08333333333333334,38.98833333333334,DATA_NATIVE_COHORT
United Kingdom,Other,Urologist services,19,10,1,15.0,42.10526315789473,3,45.33333333333333,31.916666666666664,89.16666666666667,0.08333333333333334,38.87500000000001,DATA_NATIVE_COHORT
United Kingdom,Other,Non-hazardous refuse and waste treatment and disposal services,27,23,1,15.0,3.7037037037037033,4,60.333333333333336,69.91666666666667,7.583333333333334,0.08333333333333334,38.870000000000005,DATA_NATIVE_COHORT
United Kingdom,Other,Hospital support services,18,10,1,15.0,50.0,4,42.583333333333336,31.916666666666664,93.91666666666667,0.08333333333333334,38.85,DATA_NATIVE_COHORT
Canada federal,Other,*Electrical system services,27,6,1,15.0,40.74074074074074,4,60.333333333333336,14.583333333333334,87.33333333333333,0.08333333333333334,38.83833333333334,DATA_NATIVE_COHORT
Ireland,Other,Chemical products.,17,14,1,15.0,29.411764705882355,4,39.0,52.25,70.58333333333333,0.08333333333333334,38.79,DATA_NATIVE_COHORT
Ireland,Other,Ground-drainage work.,31,12,1,15.0,16.129032258064516,4,65.33333333333333,42.833333333333336,37.166666666666664,0.08333333333333334,38.75333333333334,DATA_NATIVE_COHORT
United Kingdom,Other,Geriatric services,27,5,1,15.0,44.44444444444444,3,60.333333333333336,11.5,91.08333333333334,0.08333333333333334,38.711666666666666,DATA_NATIVE_COHORT
Canada federal,Other,*Material handling machinery and equipment,25,8,1,15.0,36.0,4,57.08333333333333,21.916666666666668,81.58333333333333,0.08333333333333334,38.67,DATA_NATIVE_COHORT
Ireland,Other,Road construction works.,26,14,1,15.0,15.384615384615385,4,58.75,52.25,34.66666666666667,0.08333333333333334,38.64500000000001,DATA_NATIVE_COHORT
Canada federal,Other,*Hazardous waste disposal,20,9,1,15.0,45.0,3,47.66666666666667,26.333333333333332,91.25,0.08333333333333334,38.54500000000001,DATA_NATIVE_COHORT
United Kingdom,Other,Car park management services,27,26,1,15.0,0.0,3,60.333333333333336,73.83333333333333,0.0,0.08333333333333334,38.52333333333333,DATA_NATIVE_COHORT
Canada federal,Other,*Nonresidential building construction services,32,6,1,15.0,31.25,4,66.58333333333334,14.583333333333334,74.25,0.08333333333333334,38.48333333333334,DATA_NATIVE_COHORT
Ireland,Other,Technical analysis or consultancy services.,23,17,1,15.0,13.043478260869565,4,54.0,61.16666666666667,29.25,0.08333333333333334,38.46833333333334,DATA_NATIVE_COHORT
Canada federal,Other,*Commercial marine craft,45,2,1,15.0,31.11111111111111,4,75.5,3.5000000000000004,74.16666666666667,0.08333333333333334,38.440000000000005,DATA_NATIVE_COHORT
United Kingdom,Other,Street-lighting maintenance services,15,15,1,15.0,33.33333333333333,4,31.333333333333336,55.91666666666667,76.75,0.08333333333333334,38.400000000000006,DATA_NATIVE_COHORT
United Kingdom,Other,Legal advisory and information services,19,13,1,15.0,26.31578947368421,4,45.33333333333333,48.083333333333336,62.916666666666664,0.08333333333333334,38.35333333333333,DATA_NATIVE_COHORT
Ireland,Other,Roof works and other special trade construction works.,24,14,1,15.0,16.666666666666664,4,55.25,52.25,37.5,0.08333333333333334,38.035000000000004,DATA_NATIVE_COHORT
Canada federal,Other,*Vehicle maintenance and repair services,28,4,1,15.0,42.857142857142854,4,61.583333333333336,8.166666666666666,89.75,0.08333333333333334,38.005,DATA_NATIVE_COHORT
Canada federal,Other,*Cloud-based software as a service,17,10,1,15.0,52.94117647058824,4,39.0,31.916666666666664,95.5,0.08333333333333334,37.98833333333334,DATA_NATIVE_COHORT
Canada federal,Other,*Change management communication and advisory service,15,13,1,15.0,40.0,4,31.333333333333336,48.083333333333336,85.75,0.08333333333333334,37.98333333333334,DATA_NATIVE_COHORT
Canada federal,Other,*Relocation services,20,10,1,15.0,35.0,4,47.66666666666667,31.916666666666664,80.0,0.08333333333333334,37.97166666666667,DATA_NATIVE_COHORT
United Kingdom,Other,Public security services,24,21,1,15.0,8.333333333333332,3,55.25,67.08333333333333,15.5,0.08333333333333334,37.93166666666667,DATA_NATIVE_COHORT
United Kingdom,Other,Repair and maintenance services of medical and precision equipment,23,16,1,15.0,13.043478260869565,3,54.0,58.833333333333336,29.25,0.08333333333333334,37.86166666666667,DATA_NATIVE_COHORT
Canada federal,Other,*Laboratory and Measuring and Observing and Testing Equipment,52,1,1,15.0,28.846153846153843,4,78.75,0.0,70.0,0.08333333333333334,37.82,DATA_NATIVE_COHORT
Canada federal,Other,*Accommodation furniture,32,9,1,15.0,21.875,4,66.58333333333334,26.333333333333332,53.166666666666664,0.08333333333333334,37.74333333333334,DATA_NATIVE_COHORT
United Kingdom,Other,Office supplies,19,18,1,15.0,15.789473684210526,4,45.33333333333333,63.33333333333333,36.5,0.08333333333333334,37.56333333333333,DATA_NATIVE_COHORT
Canada federal,Other,*Elevator maintenance services,25,4,1,15.0,52.0,4,57.08333333333333,8.166666666666666,95.16666666666667,0.08333333333333334,37.54,DATA_NATIVE_COHORT
United Kingdom,Other,Houses construction work,31,9,1,15.0,22.58064516129032,4,65.33333333333333,26.333333333333332,53.91666666666667,0.08333333333333334,37.47833333333334,DATA_NATIVE_COHORT
United Kingdom,Other,Tax consultancy services,15,14,1,15.0,33.33333333333333,4,31.333333333333336,52.25,76.75,0.08333333333333334,37.44666666666667,DATA_NATIVE_COHORT
Ireland,Other,Firefighting vehicles.,16,11,1,15.0,43.75,4,35.41666666666667,37.666666666666664,90.41666666666667,0.08333333333333334,37.421666666666674,DATA_NATIVE_COHORT
United Kingdom,Other,Medical analysis services,16,11,1,15.0,43.75,4,35.41666666666667,37.666666666666664,90.41666666666667,0.08333333333333334,37.421666666666674,DATA_NATIVE_COHORT
United Kingdom,Other,Residential homes construction work,28,16,1,15.0,7.142857142857142,4,61.583333333333336,58.833333333333336,12.75,0.08333333333333334,37.31833333333334,DATA_NATIVE_COHORT
Canada federal,Other,*Online database information retrieval service,18,11,1,15.0,33.33333333333333,4,42.583333333333336,37.666666666666664,76.75,0.08333333333333334,37.255,DATA_NATIVE_COHORT
United Kingdom,Other,Central-heating installation work,22,21,1,15.0,9.090909090909092,4,52.0,67.08333333333333,17.416666666666668,0.08333333333333334,37.236666666666665,DATA_NATIVE_COHORT
Canada federal,Other,*Communications Devices and Accessories,23,5,1,15.0,47.82608695652174,4,54.0,11.5,93.5,0.08333333333333334,37.120000000000005,DATA_NATIVE_COHORT
United Kingdom,Other,Site preparation work,19,17,1,15.0,15.789473684210526,4,45.33333333333333,61.16666666666667,36.5,0.08333333333333334,37.00000000000001,DATA_NATIVE_COHORT
United Kingdom,Other,Installation services of electrical and mechanical equipment,19,17,1,15.0,15.789473684210526,4,45.33333333333333,61.16666666666667,36.5,0.08333333333333334,37.00000000000001,DATA_NATIVE_COHORT
United Kingdom,Other,Refuse collection services,24,22,1,15.0,4.166666666666666,4,55.25,68.5,8.0,0.08333333333333334,36.95,DATA_NATIVE_COHORT
United Kingdom,Other,Research laboratory services,25,17,1,15.0,8.0,3,57.08333333333333,61.16666666666667,14.916666666666668,0.08333333333333334,36.87500000000001,DATA_NATIVE_COHORT
United Kingdom,Other,Catering equipment,25,17,1,15.0,8.0,3,57.08333333333333,61.16666666666667,14.916666666666668,0.08333333333333334,36.87500000000001,DATA_NATIVE_COHORT
United Kingdom,Other,Installation of fitted kitchens,22,20,1,15.0,9.090909090909092,3,52.0,65.66666666666666,17.416666666666668,0.08333333333333334,36.86833333333333,DATA_NATIVE_COHORT
United Kingdom,Other,Chemical products,22,15,1,15.0,13.636363636363635,3,52.0,55.91666666666667,31.083333333333336,0.08333333333333334,36.79333333333334,DATA_NATIVE_COHORT
United Kingdom,Other,Coaching services,22,15,1,15.0,13.636363636363635,4,52.0,55.91666666666667,31.083333333333336,0.08333333333333334,36.79333333333334,DATA_NATIVE_COHORT
United Kingdom,Other,Repair and maintenance services of motor vehicles and associated equipment,25,20,1,15.0,4.0,3,57.08333333333333,65.66666666666666,7.916666666666666,0.08333333333333334,36.785,DATA_NATIVE_COHORT
Canada federal,Other,*Aircraft oxygen equipment,51,4,1,15.0,21.568627450980394,4,78.33333333333333,8.166666666666666,52.5,0.08333333333333334,36.660000000000004,DATA_NATIVE_COHORT
United Kingdom,Other,Insulation work,21,13,1,15.0,19.047619047619047,3,49.333333333333336,48.083333333333336,46.166666666666664,0.08333333333333334,36.61833333333333,DATA_NATIVE_COHORT
United Kingdom,Other,Demolition work,15,12,1,15.0,40.0,4,31.333333333333336,42.833333333333336,85.75,0.08333333333333334,36.61833333333333,DATA_NATIVE_COHORT
Canada federal,Other,*Office furniture *Office furniture installation or reconfiguration service,15,12,1,15.0,40.0,4,31.333333333333336,42.833333333333336,85.75,0.08333333333333334,36.61833333333333,DATA_NATIVE_COHORT
Ireland,Other,Surveillance and security systems and devices.,15,12,1,15.0,40.0,4,31.333333333333336,42.833333333333336,85.75,0.08333333333333334,36.61833333333333,DATA_NATIVE_COHORT
Canada federal,Other,*Aviation fuel,25,2,1,15.0,56.00000000000001,4,57.08333333333333,3.5000000000000004,96.58333333333333,0.08333333333333334,36.58166666666667,DATA_NATIVE_COHORT
United Kingdom,Other,Staff training services,28,19,1,15.0,0.0,3,61.583333333333336,64.75,0.0,0.08333333333333334,36.561666666666675,DATA_NATIVE_COHORT
Ireland,Other,Plumbing and sanitary works.,16,10,1,15.0,50.0,4,35.41666666666667,31.916666666666664,93.91666666666667,0.08333333333333334,36.55666666666667,DATA_NATIVE_COHORT
United Kingdom,Other,Closed circuit television services,21,20,1,15.0,9.523809523809524,4,49.333333333333336,65.66666666666666,20.166666666666664,0.08333333333333334,36.510000000000005,DATA_NATIVE_COHORT
United Kingdom,Other,Traffic control services,21,20,1,15.0,9.523809523809524,4,49.333333333333336,65.66666666666666,20.166666666666664,0.08333333333333334,36.510000000000005,DATA_NATIVE_COHORT
Canada federal,Other,*Clothing,30,4,1,15.0,33.33333333333333,4,64.16666666666667,8.166666666666666,76.75,0.08333333333333334,36.49166666666667,DATA_NATIVE_COHORT
United Kingdom,Other,"Feasibility study, advisory service, analysis",22,18,1,15.0,9.090909090909092,4,52.0,63.33333333333333,17.416666666666668,0.08333333333333334,36.26166666666667,DATA_NATIVE_COHORT
Canada federal,Other,*Highway and road maintenance service,21,5,1,15.0,57.14285714285714,4,49.333333333333336,11.5,96.75,0.08333333333333334,36.211666666666666,DATA_NATIVE_COHORT
United Kingdom,Other,Design and execution of research and development,28,18,1,15.0,0.0,3,61.583333333333336,63.33333333333333,0.0,0.08333333333333334,36.193333333333335,DATA_NATIVE_COHORT
Ireland,Other,Electricity.,23,14,1,15.0,13.043478260869565,4,54.0,52.25,29.25,0.08333333333333334,36.150000000000006,DATA_NATIVE_COHORT
United Kingdom,Other,Foreign economic-aid-related services,108,6,1,15.0,9.25925925925926,4,89.5,14.583333333333334,19.916666666666664,0.08333333333333334,36.03666666666667,DATA_NATIVE_COHORT
United Kingdom,Other,School meals,22,22,1,15.0,4.545454545454546,4,52.0,68.5,8.333333333333332,0.08333333333333334,35.970000000000006,DATA_NATIVE_COHORT
United Kingdom,Other,Legal advisory and representation services,15,15,1,15.0,26.666666666666668,4,31.333333333333336,55.91666666666667,63.24999999999999,0.08333333333333334,35.970000000000006,DATA_NATIVE_COHORT
Ireland,Other,"Medical equipments, pharmaceuticals and personal care products.",26,13,1,15.0,11.538461538461538,4,58.75,48.083333333333336,25.75,0.08333333333333334,35.95666666666667,DATA_NATIVE_COHORT
Canada federal,Other,*Seating,16,10,1,15.0,43.75,4,35.41666666666667,31.916666666666664,90.41666666666667,0.08333333333333334,35.92666666666667,DATA_NATIVE_COHORT
United Kingdom,Other,Health and safety consultancy services,21,18,1,15.0,9.523809523809524,3,49.333333333333336,63.33333333333333,20.166666666666664,0.08333333333333334,35.903333333333336,DATA_NATIVE_COHORT
United Kingdom,Other,Funeral services,17,17,1,15.0,17.647058823529413,4,39.0,61.16666666666667,41.5,0.08333333333333334,35.87333333333334,DATA_NATIVE_COHORT
Ireland,Other,Construction consultancy services.,16,12,1,15.0,31.25,4,35.41666666666667,42.833333333333336,74.25,0.08333333333333334,35.85500000000001,DATA_NATIVE_COHORT
Canada federal,Other,*Information technology consultation services *Information technology IT management services,16,12,1,15.0,31.25,4,35.41666666666667,42.833333333333336,74.25,0.08333333333333334,35.85500000000001,DATA_NATIVE_COHORT
Ireland,Other,Administration services.,18,13,1,15.0,22.22222222222222,4,42.583333333333336,48.083333333333336,53.41666666666667,0.08333333333333334,35.763333333333335,DATA_NATIVE_COHORT
Ireland,Other,Boiler installations.,14,12,1,15.0,42.857142857142854,3,26.083333333333332,42.833333333333336,89.75,0.08333333333333334,35.65833333333334,DATA_NATIVE_COHORT
Ireland,Other,Marine survey services.,50,5,1,15.0,18.0,4,77.91666666666667,11.5,42.75,0.08333333333333334,35.63833333333334,DATA_NATIVE_COHORT
United Kingdom,Other,Laundry-operation services,14,13,1,15.0,35.714285714285715,4,26.083333333333332,48.083333333333336,80.91666666666667,0.08333333333333334,35.43333333333334,DATA_NATIVE_COHORT
United Kingdom,Other,Gastroenterologist services,17,10,1,15.0,35.294117647058826,3,39.0,31.916666666666664,80.41666666666667,0.08333333333333334,35.27333333333334,DATA_NATIVE_COHORT
United Kingdom,Other,"Demolition, site preparation and clearance work",17,16,1,15.0,17.647058823529413,4,39.0,58.833333333333336,41.5,0.08333333333333334,35.26666666666667,DATA_NATIVE_COHORT
Ireland,Other,"Electricity, heating, solar and nuclear energy.",17,13,1,15.0,23.52941176470588,4,39.0,48.083333333333336,56.91666666666667,0.08333333333333334,35.24666666666668,DATA_NATIVE_COHORT
Ireland,Other,General management consultancy services.,21,14,1,15.0,14.285714285714285,3,49.333333333333336,52.25,32.33333333333333,0.08333333333333334,35.21166666666667,DATA_NATIVE_COHORT
Ireland,Other,Survey services.,17,9,1,15.0,41.17647058823529,4,39.0,26.333333333333332,87.58333333333333,0.08333333333333334,35.11166666666667,DATA_NATIVE_COHORT
United Kingdom,Other,Electricity distribution and related services,20,14,1,15.0,15.0,4,47.66666666666667,52.25,34.25,0.08333333333333334,35.02333333333334,DATA_NATIVE_COHORT
Ireland,Other,Specialist vehicles.,18,15,1,15.0,16.666666666666664,3,42.583333333333336,55.91666666666667,37.5,0.08333333333333334,34.93500000000001,DATA_NATIVE_COHORT
Ireland,Other,Electrical equipment and apparatus.,18,15,1,15.0,16.666666666666664,3,42.583333333333336,55.91666666666667,37.5,0.08333333333333334,34.93500000000001,DATA_NATIVE_COHORT
United Kingdom,Other,Postal and telecommunications services,16,16,1,15.0,18.75,4,35.41666666666667,58.833333333333336,45.5,0.08333333333333334,34.84,DATA_NATIVE_COHORT
Canada federal,Other,*Spectroscopic equipment,22,10,1,15.0,22.727272727272727,4,52.0,31.916666666666664,54.333333333333336,0.08333333333333334,34.73833333333334,DATA_NATIVE_COHORT
United Kingdom,Other,Personal development training services,19,17,1,15.0,10.526315789473683,4,45.33333333333333,61.16666666666667,23.75,0.08333333333333334,34.705000000000005,DATA_NATIVE_COHORT
Canada federal,Other,*ADP Support Equipment,31,1,1,15.0,32.25806451612903,4,65.33333333333333,0.0,76.0,0.08333333333333334,34.60666666666667,DATA_NATIVE_COHORT
Canada federal,Other,*Human resources consulting service *Human resources services,16,13,1,15.0,25.0,4,35.41666666666667,48.083333333333336,59.66666666666667,0.08333333333333334,34.595000000000006,DATA_NATIVE_COHORT
United Kingdom,Other,Installation of doors and windows,16,13,1,15.0,25.0,4,35.41666666666667,48.083333333333336,59.66666666666667,0.08333333333333334,34.595000000000006,DATA_NATIVE_COHORT
Canada federal,Other,*Security or access control systems,15,9,1,15.0,66.66666666666666,2,31.333333333333336,26.333333333333332,98.25,0.08333333333333334,34.57833333333334,DATA_NATIVE_COHORT
United Kingdom,Other,Painting work,25,14,1,15.0,8.0,4,57.08333333333333,52.25,14.916666666666668,0.08333333333333334,34.55666666666667,DATA_NATIVE_COHORT
United Kingdom,Other,Water-treatment work,17,15,1,15.0,17.647058823529413,4,39.0,55.91666666666667,41.5,0.08333333333333334,34.50833333333334,DATA_NATIVE_COHORT
United Kingdom,Other,Solar panel roof-covering work,17,15,1,15.0,17.647058823529413,4,39.0,55.91666666666667,41.5,0.08333333333333334,34.50833333333334,DATA_NATIVE_COHORT
Canada federal,Other,*Batteries and cells and accessories,21,7,1,15.0,33.33333333333333,4,49.333333333333336,18.416666666666668,76.75,0.08333333333333334,34.410000000000004,DATA_NATIVE_COHORT
United Kingdom,Other,Lift installation work,26,16,1,15.0,0.0,3,58.75,58.833333333333336,0.0,0.08333333333333334,34.116666666666674,DATA_NATIVE_COHORT
United Kingdom,Other,Scaffolding work,19,16,1,15.0,10.526315789473683,4,45.33333333333333,58.833333333333336,23.75,0.08333333333333334,34.098333333333336,DATA_NATIVE_COHORT
United Kingdom,Other,Heating works,19,16,1,15.0,10.526315789473683,3,45.33333333333333,58.833333333333336,23.75,0.08333333333333334,34.098333333333336,DATA_NATIVE_COHORT
Canada federal,Other,*Heating and cooling and air conditioning HVAC construction and maintenance services,21,4,1,15.0,42.857142857142854,4,49.333333333333336,8.166666666666666,89.75,0.08333333333333334,34.085,DATA_NATIVE_COHORT
United Kingdom,Other,Planting and maintenance services of green areas,14,12,1,15.0,35.714285714285715,4,26.083333333333332,42.833333333333336,80.91666666666667,0.08333333333333334,34.068333333333335,DATA_NATIVE_COHORT
Ireland,Other,Administrative educational services.,18,14,1,15.0,16.666666666666664,4,42.583333333333336,52.25,37.5,0.08333333333333334,33.98166666666667,DATA_NATIVE_COHORT
United Kingdom,Other,Residential property services,21,15,1,15.0,9.523809523809524,4,49.333333333333336,55.91666666666667,20.166666666666664,0.08333333333333334,33.97500000000001,DATA_NATIVE_COHORT
Canada federal,Other,*Vehicle bodies and trailers,17,8,1,15.0,41.17647058823529,3,39.0,21.916666666666668,87.58333333333333,0.08333333333333334,33.96333333333334,DATA_NATIVE_COHORT
United Kingdom,Other,Drainage works,15,13,1,15.0,26.666666666666668,4,31.333333333333336,48.083333333333336,63.24999999999999,0.08333333333333334,33.93333333333334,DATA_NATIVE_COHORT
United Kingdom,Other,Air quality management,27,15,1,15.0,0.0,3,60.333333333333336,55.91666666666667,0.0,0.08333333333333334,33.86500000000001,DATA_NATIVE_COHORT
United Kingdom,Other,Parts and accessories for vehicles and their engines,21,18,1,15.0,4.761904761904762,4,49.333333333333336,63.33333333333333,8.5,0.08333333333333334,33.803333333333335,DATA_NATIVE_COHORT
Ireland,Other,Heating works.,21,18,1,15.0,4.761904761904762,4,49.333333333333336,63.33333333333333,8.5,0.08333333333333334,33.803333333333335,DATA_NATIVE_COHORT
Ireland,Other,Higher education services.,26,14,1,15.0,3.8461538461538463,4,58.75,52.25,7.75,0.08333333333333334,33.80000000000001,DATA_NATIVE_COHORT
Ireland,Other,"Project and design preparation, estimation of costs.",24,12,1,15.0,12.5,4,55.25,42.833333333333336,27.416666666666668,0.08333333333333334,33.771666666666675,DATA_NATIVE_COHORT
United Kingdom,Other,Development services of real estate,20,15,1,15.0,10.0,4,47.66666666666667,55.91666666666667,21.0,0.08333333333333334,33.591666666666676,DATA_NATIVE_COHORT
Canada federal,Other,"*Local Area Networks, Systems and Components - Maintenance",24,1,1,15.0,41.66666666666667,3,55.25,0.0,88.25,0.08333333333333334,33.585,DATA_NATIVE_COHORT
Canada federal,Other,*Software *Software maintenance and support,28,3,1,15.0,28.57142857142857,3,61.583333333333336,5.75,68.66666666666667,0.08333333333333334,33.58166666666667,DATA_NATIVE_COHORT
Ireland,Other,Construction materials and associated items.,17,14,1,15.0,17.647058823529413,4,39.0,52.25,41.5,0.08333333333333334,33.55500000000001,DATA_NATIVE_COHORT
United Kingdom,Other,Marketing management consultancy services,17,14,1,15.0,17.647058823529413,4,39.0,52.25,41.5,0.08333333333333334,33.55500000000001,DATA_NATIVE_COHORT
Canada federal,Other,*Aircraft digital altitude control systems,30,1,1,15.0,30.0,4,64.16666666666667,0.0,72.08333333333333,0.08333333333333334,33.528333333333336,DATA_NATIVE_COHORT
United Kingdom,Other,Environmental issues consultancy services,22,16,1,15.0,4.545454545454546,3,52.0,58.833333333333336,8.333333333333332,0.08333333333333334,33.45666666666667,DATA_NATIVE_COHORT
United Kingdom,Other,Marine services,22,14,1,15.0,9.090909090909092,4,52.0,52.25,17.416666666666668,0.08333333333333334,33.38,DATA_NATIVE_COHORT
Canada federal,Other,*Laboratory and scientific equipment *Measuring and observing and testing instruments *Laboratory supplies and fixtures,19,2,1,15.0,89.47368421052632,3,45.33333333333333,3.5000000000000004,99.5,0.08333333333333334,33.34666666666667,DATA_NATIVE_COHORT
Ireland,Other,Construction work for buildings relating to education and research.,19,15,1,15.0,10.526315789473683,4,45.33333333333333,55.91666666666667,23.75,0.08333333333333334,33.34,DATA_NATIVE_COHORT
Canada federal,Other,*Vocational training,16,8,1,15.0,43.75,4,35.41666666666667,21.916666666666668,90.41666666666667,0.08333333333333334,33.326666666666675,DATA_NATIVE_COHORT
Canada federal,Other,*Internal audits,13,11,1,15.0,46.15384615384615,4,21.5,37.666666666666664,92.08333333333333,0.08333333333333334,33.26833333333334,DATA_NATIVE_COHORT
Ireland,Other,Chargers.,13,11,1,15.0,46.15384615384615,4,21.5,37.666666666666664,92.08333333333333,0.08333333333333334,33.26833333333334,DATA_NATIVE_COHORT
Ireland,Other,Display screens.,16,12,1,15.0,25.0,4,35.41666666666667,42.833333333333336,59.66666666666667,0.08333333333333334,33.23000000000001,DATA_NATIVE_COHORT
Ireland,Other,Asbestos-removal work.,16,12,1,15.0,25.0,3,35.41666666666667,42.833333333333336,59.66666666666667,0.08333333333333334,33.23000000000001,DATA_NATIVE_COHORT
Ireland,Other,Excavation work at archaeological sites.,14,13,1,15.0,28.57142857142857,3,26.083333333333332,48.083333333333336,68.66666666666667,0.08333333333333334,33.22833333333334,DATA_NATIVE_COHORT
United Kingdom,Other,Telematics services,13,12,1,15.0,38.46153846153847,4,21.5,42.833333333333336,84.0,0.08333333333333334,33.15666666666667,DATA_NATIVE_COHORT
United Kingdom,Other,Advertising campaign services,16,14,1,15.0,18.75,4,35.41666666666667,52.25,45.5,0.08333333333333334,33.12833333333334,DATA_NATIVE_COHORT
United Kingdom,Other,Services related to water pollution,16,14,1,15.0,18.75,3,35.41666666666667,52.25,45.5,0.08333333333333334,33.12833333333334,DATA_NATIVE_COHORT
Canada federal,Other,*Furniture *Office furniture,17,7,1,15.0,41.17647058823529,4,39.0,18.416666666666668,87.58333333333333,0.08333333333333334,33.053333333333335,DATA_NATIVE_COHORT
Canada federal,Other,*Hotel rooms,20,7,1,15.0,30.0,4,47.66666666666667,18.416666666666668,72.08333333333333,0.08333333333333334,33.03666666666667,DATA_NATIVE_COHORT
Canada federal,Other,*Banquet and catering services,18,5,1,15.0,44.44444444444444,4,42.583333333333336,11.5,91.08333333333334,0.08333333333333334,33.03166666666667,DATA_NATIVE_COHORT
United Kingdom,Other,Grounds-maintenance equipment,15,15,1,15.0,20.0,4,31.333333333333336,55.91666666666667,46.916666666666664,0.08333333333333334,33.03000000000001,DATA_NATIVE_COHORT
United Kingdom,Other,Police equipment,21,9,1,15.0,23.809523809523807,4,49.333333333333336,26.333333333333332,57.41666666666667,0.08333333333333334,32.98833333333334,DATA_NATIVE_COHORT
Canada federal,Other,*Economic analysis,14,10,1,15.0,42.857142857142854,4,26.083333333333332,31.916666666666664,89.75,0.08333333333333334,32.82,DATA_NATIVE_COHORT
United Kingdom,Other,Pension services,20,17,1,15.0,5.0,3,47.66666666666667,61.16666666666667,8.833333333333334,0.08333333333333334,32.76666666666668,DATA_NATIVE_COHORT
United Kingdom,Other,Health training services,21,12,1,15.0,14.285714285714285,4,49.333333333333336,42.833333333333336,32.33333333333333,0.08333333333333334,32.763333333333335,DATA_NATIVE_COHORT
United Kingdom,Other,Machine tools,18,15,1,15.0,11.11111111111111,3,42.583333333333336,55.91666666666667,25.333333333333336,0.08333333333333334,32.745000000000005,DATA_NATIVE_COHORT
Ireland,Other,Wood.,14,11,1,15.0,35.714285714285715,4,26.083333333333332,37.666666666666664,80.91666666666667,0.08333333333333334,32.725,DATA_NATIVE_COHORT
Canada federal,Other,*Laboratory filtering equipment and supplies,17,5,1,15.0,52.94117647058824,4,39.0,11.5,95.5,0.08333333333333334,32.68,DATA_NATIVE_COHORT
Ireland,Other,Forestry services.,20,5,1,15.0,35.0,4,47.66666666666667,11.5,80.0,0.08333333333333334,32.663333333333334,DATA_NATIVE_COHORT
Canada federal,Other,*Environmental laboratory services,18,6,1,15.0,38.88888888888889,4,42.583333333333336,14.583333333333334,84.58333333333333,0.08333333333333334,32.663333333333334,DATA_NATIVE_COHORT
Canada federal,Other,*Earth moving machinery,23,2,1,15.0,34.78260869565217,4,54.0,3.5000000000000004,79.83333333333333,0.08333333333333334,32.580000000000005,DATA_NATIVE_COHORT
Ireland,Other,Design consultancy services.,15,12,1,15.0,26.666666666666668,4,31.333333333333336,42.833333333333336,63.24999999999999,0.08333333333333334,32.568333333333335,DATA_NATIVE_COHORT
Canada federal,Other,*Fixed wing aircraft maintenance and repair services,16,6,1,15.0,56.25,4,35.41666666666667,14.583333333333334,96.66666666666667,0.08333333333333334,32.54500000000001,DATA_NATIVE_COHORT
United Kingdom,Other,Repair and maintenance services of mechanical building installations,17,16,1,15.0,11.76470588235294,4,39.0,58.833333333333336,26.166666666666664,0.08333333333333334,32.506666666666675,DATA_NATIVE_COHORT
Ireland,Other,Marketing services.,17,13,1,15.0,17.647058823529413,4,39.0,48.083333333333336,41.5,0.08333333333333334,32.47166666666667,DATA_NATIVE_COHORT
United Kingdom,Other,Natural gas,19,14,1,15.0,10.526315789473683,4,45.33333333333333,52.25,23.75,0.08333333333333334,32.38666666666667,DATA_NATIVE_COHORT
Ireland,Other,Fuels.,19,14,1,15.0,10.526315789473683,2,45.33333333333333,52.25,23.75,0.08333333333333334,32.38666666666667,DATA_NATIVE_COHORT
United Kingdom,Other,Clinical-waste collection services,19,14,1,15.0,10.526315789473683,4,45.33333333333333,52.25,23.75,0.08333333333333334,32.38666666666667,DATA_NATIVE_COHORT
United Kingdom,Other,Vessel repair services,21,3,1,15.0,38.095238095238095,4,49.333333333333336,5.75,83.58333333333333,0.08333333333333334,32.34666666666667,DATA_NATIVE_COHORT
Canada federal,Other,*Laundering services,22,6,1,15.0,27.27272727272727,4,52.0,14.583333333333334,65.0,0.08333333333333334,32.15166666666667,DATA_NATIVE_COHORT
Canada federal,Other,*Building and Facility Construction and Maintenance Services,37,1,1,15.0,21.62162162162162,4,70.58333333333333,0.0,52.666666666666664,0.08333333333333334,32.086666666666666,DATA_NATIVE_COHORT
United Kingdom,Other,Repair and maintenance services of generators,15,14,1,15.0,20.0,4,31.333333333333336,52.25,46.916666666666664,0.08333333333333334,32.07666666666667,DATA_NATIVE_COHORT
Ireland,Other,Road transport services.,16,13,1,15.0,18.75,4,35.41666666666667,48.083333333333336,45.5,0.08333333333333334,32.045,DATA_NATIVE_COHORT
United Kingdom,Other,Analysis services,19,17,1,15.0,5.263157894736842,3,45.33333333333333,61.16666666666667,8.916666666666668,0.08333333333333334,32.035000000000004,DATA_NATIVE_COHORT
United Kingdom,Other,Site-development work,19,17,1,15.0,5.263157894736842,4,45.33333333333333,61.16666666666667,8.916666666666668,0.08333333333333334,32.035000000000004,DATA_NATIVE_COHORT
Canada federal,Other,*Environmental Services,30,1,1,15.0,26.666666666666668,4,64.16666666666667,0.0,63.24999999999999,0.08333333333333334,31.938333333333333,DATA_NATIVE_COHORT
United Kingdom,Other,Orthotic services,14,12,1,15.0,28.57142857142857,4,26.083333333333332,42.833333333333336,68.66666666666667,0.08333333333333334,31.863333333333333,DATA_NATIVE_COHORT
Ireland,Other,Winter-maintenance vehicles.,14,12,1,15.0,28.57142857142857,4,26.083333333333332,42.833333333333336,68.66666666666667,0.08333333333333334,31.863333333333333,DATA_NATIVE_COHORT
Ireland,Other,Fire-extinguisher powder.,13,11,1,15.0,38.46153846153847,4,21.5,37.666666666666664,84.0,0.08333333333333334,31.81333333333333,DATA_NATIVE_COHORT
Ireland,Other,Fire doors.,20,8,1,15.0,25.0,4,47.66666666666667,21.916666666666668,59.66666666666667,0.08333333333333334,31.71166666666667,DATA_NATIVE_COHORT
United Kingdom,Other,"Services furnished by business, professional and specialist organisations",21,17,1,15.0,0.0,3,49.333333333333336,61.16666666666667,0.0,0.08333333333333334,31.710000000000004,DATA_NATIVE_COHORT
Ireland,Other,Construction-related services.,16,9,1,15.0,31.25,4,35.41666666666667,26.333333333333332,74.25,0.08333333333333334,31.565,DATA_NATIVE_COHORT
Canada federal,Other,*Naval architecture *Marine engineering,18,1,1,15.0,88.88888888888889,2,42.583333333333336,0.0,99.41666666666666,0.08333333333333334,31.54166666666666,DATA_NATIVE_COHORT
Canada federal,Other,*Highway and road construction services,22,5,1,15.0,27.27272727272727,4,52.0,11.5,65.0,0.08333333333333334,31.35,DATA_NATIVE_COHORT
Canada federal,Other,*ADP Software Maintenance - Other than Microcomputer,19,1,1,15.0,47.368421052631575,4,45.33333333333333,0.0,93.33333333333333,0.08333333333333334,31.326666666666664,DATA_NATIVE_COHORT
United Kingdom,Other,Lasers,26,13,1,15.0,0.0,3,58.75,48.083333333333336,0.0,0.08333333333333334,31.32166666666667,DATA_NATIVE_COHORT
United Kingdom,Other,Marine survey services,20,11,1,15.0,15.0,4,47.66666666666667,37.666666666666664,34.25,0.08333333333333334,31.231666666666666,DATA_NATIVE_COHORT
Canada federal,Other,*Military services and national defense,22,7,1,15.0,22.727272727272727,4,52.0,18.416666666666668,54.333333333333336,0.08333333333333334,31.228333333333335,DATA_NATIVE_COHORT
United Kingdom,Other,Construction work for buildings relating to education and research,22,15,1,15.0,0.0,3,52.0,55.91666666666667,0.0,0.08333333333333334,31.198333333333334,DATA_NATIVE_COHORT
United Kingdom,Other,Risk or hazard assessment other than for construction,14,14,1,15.0,21.428571428571427,4,26.083333333333332,52.25,51.24999999999999,0.08333333333333334,31.176666666666662,DATA_NATIVE_COHORT
Ireland,Other,Tractors.,17,12,1,15.0,17.647058823529413,4,39.0,42.833333333333336,41.5,0.08333333333333334,31.106666666666666,DATA_NATIVE_COHORT
United Kingdom,Other,Security equipment,17,12,1,15.0,17.647058823529413,4,39.0,42.833333333333336,41.5,0.08333333333333334,31.106666666666666,DATA_NATIVE_COHORT
United Kingdom,Other,Financial leasing services,15,13,1,15.0,20.0,4,31.333333333333336,48.083333333333336,46.916666666666664,0.08333333333333334,30.993333333333336,DATA_NATIVE_COHORT
Canada federal,Other,*Specialized public building construction services,26,6,1,15.0,19.230769230769234,4,58.75,14.583333333333334,46.33333333333333,0.08333333333333334,30.951666666666664,DATA_NATIVE_COHORT
Canada federal,Other,*Garbage collection or destruction or processing or disposal,21,7,1,15.0,23.809523809523807,4,49.333333333333336,18.416666666666668,57.41666666666667,0.08333333333333334,30.930000000000003,DATA_NATIVE_COHORT
Ireland,Other,"Repair, maintenance and associated services of vehicles and related equipment.",19,11,1,15.0,15.789473684210526,4,45.33333333333333,37.666666666666664,36.5,0.08333333333333334,30.889999999999997,DATA_NATIVE_COHORT
United Kingdom,Other,Surveying services,16,15,1,15.0,12.5,4,35.41666666666667,55.91666666666667,27.416666666666668,0.08333333333333334,30.826666666666668,DATA_NATIVE_COHORT
United Kingdom,Other,Insurance and pension services,16,15,1,15.0,12.5,4,35.41666666666667,55.91666666666667,27.416666666666668,0.08333333333333334,30.826666666666668,DATA_NATIVE_COHORT
Canada federal,Other,*Electronic and communication measuring and testing instruments,20,7,1,15.0,25.0,3,47.66666666666667,18.416666666666668,59.66666666666667,0.08333333333333334,30.801666666666673,DATA_NATIVE_COHORT
United Kingdom,Other,Probation services,29,1,1,15.0,24.137931034482758,3,63.16666666666667,0.0,58.416666666666664,0.08333333333333334,30.74833333333333,DATA_NATIVE_COHORT
Ireland,Other,Telecommunications network.,15,9,1,15.0,33.33333333333333,4,31.333333333333336,26.333333333333332,76.75,0.08333333333333334,30.708333333333332,DATA_NATIVE_COHORT
Canada federal,Other,*Document destruction services,16,12,1,15.0,18.75,4,35.41666666666667,42.833333333333336,45.5,0.08333333333333334,30.680000000000003,DATA_NATIVE_COHORT
Ireland,Other,Trees.,25,8,1,15.0,16.0,4,57.08333333333333,21.916666666666668,37.0,0.08333333333333334,30.645,DATA_NATIVE_COHORT
United Kingdom,Other,"Electricity, heating, solar and nuclear energy",18,16,1,15.0,5.555555555555555,4,42.583333333333336,58.833333333333336,9.416666666666666,0.08333333333333334,30.638333333333335,DATA_NATIVE_COHORT
Canada federal,Other,*Electrical switches and accessories,16,5,1,15.0,43.75,4,35.41666666666667,11.5,90.41666666666667,0.08333333333333334,30.618333333333336,DATA_NATIVE_COHORT
Canada federal,Other,*Air pollution monitoring or measurement services,23,6,1,15.0,21.73913043478261,4,54.0,14.583333333333334,52.83333333333333,0.08333333333333334,30.601666666666667,DATA_NATIVE_COHORT
Canada federal,Other,*Aircraft,23,6,1,15.0,21.73913043478261,4,54.0,14.583333333333334,52.83333333333333,0.08333333333333334,30.601666666666667,DATA_NATIVE_COHORT
Canada federal,Other,*Information services,14,11,1,15.0,28.57142857142857,4,26.083333333333332,37.666666666666664,68.66666666666667,0.08333333333333334,30.52,DATA_NATIVE_COHORT
Canada federal,Other,*Cooling equipment and parts and accessories,16,3,1,15.0,62.5,4,35.41666666666667,5.75,98.08333333333333,0.08333333333333334,30.503333333333334,DATA_NATIVE_COHORT
Ireland,Other,Marine equipment.,27,11,1,15.0,3.7037037037037033,3,60.333333333333336,37.666666666666664,7.583333333333334,0.08333333333333334,30.485,DATA_NATIVE_COHORT
United Kingdom,Other,"Hotel, restaurant and retail trade services",19,17,1,15.0,0.0,3,45.33333333333333,61.16666666666667,0.0,0.08333333333333334,30.430000000000003,DATA_NATIVE_COHORT
Canada federal,Other,*Hardware,17,4,1,15.0,41.17647058823529,3,39.0,8.166666666666666,87.58333333333333,0.08333333333333334,30.388333333333332,DATA_NATIVE_COHORT
Canada federal,Other,*Exterior grounds maintenance,17,4,1,15.0,41.17647058823529,4,39.0,8.166666666666666,87.58333333333333,0.08333333333333334,30.388333333333332,DATA_NATIVE_COHORT
Ireland,Other,Payroll management services.,12,11,1,15.0,41.66666666666667,4,14.499999999999998,37.666666666666664,88.25,0.08333333333333334,30.338333333333335,DATA_NATIVE_COHORT
Ireland,Other,Electronic equipment.,12,11,1,15.0,41.66666666666667,4,14.499999999999998,37.666666666666664,88.25,0.08333333333333334,30.338333333333335,DATA_NATIVE_COHORT
United Kingdom,Other,Retail trade services,24,13,1,15.0,0.0,3,55.25,48.083333333333336,0.0,0.08333333333333334,30.201666666666664,DATA_NATIVE_COHORT
Canada federal,Other,*Telecommunications - Satellite Services,22,1,1,15.0,31.818181818181817,3,52.0,0.0,75.16666666666667,0.08333333333333334,30.19,DATA_NATIVE_COHORT
France,Other,"Services,Fournitures",18,18,1,15.0,0.0,2,42.583333333333336,63.33333333333333,0.0,0.08333333333333334,30.113333333333333,DATA_NATIVE_COHORT
Ireland,Other,Engineering design services.,14,13,1,15.0,21.428571428571427,3,26.083333333333332,48.083333333333336,51.24999999999999,0.08333333333333334,30.09333333333333,DATA_NATIVE_COHORT
United Kingdom,Other,Post and courier services,14,13,1,15.0,21.428571428571427,3,26.083333333333332,48.083333333333336,51.24999999999999,0.08333333333333334,30.09333333333333,DATA_NATIVE_COHORT
Ireland,Other,Technical support services.,14,13,1,15.0,21.428571428571427,4,26.083333333333332,48.083333333333336,51.24999999999999,0.08333333333333334,30.09333333333333,DATA_NATIVE_COHORT
United Kingdom,Other,Building-inspection services,14,13,1,15.0,21.428571428571427,3,26.083333333333332,48.083333333333336,51.24999999999999,0.08333333333333334,30.09333333333333,DATA_NATIVE_COHORT
Canada federal,Other,*Heating and cooling and air conditioning HVAC installation and maintenance service,17,7,1,15.0,29.411764705882355,4,39.0,18.416666666666668,70.58333333333333,0.08333333333333334,29.993333333333332,DATA_NATIVE_COHORT
Canada federal,Other,*Decontamination services,17,5,1,15.0,35.294117647058826,4,39.0,11.5,80.41666666666667,0.08333333333333334,29.965,DATA_NATIVE_COHORT
United Kingdom,Other,Marine equipment,21,10,1,15.0,14.285714285714285,4,49.333333333333336,31.916666666666664,32.33333333333333,0.08333333333333334,29.925,DATA_NATIVE_COHORT
Ireland,Other,Hotel meeting and conference services.,13,11,1,15.0,30.76923076923077,4,21.5,37.666666666666664,73.5,0.08333333333333334,29.92333333333333,DATA_NATIVE_COHORT
United Kingdom,Other,Patent and copyright consultancy services,18,15,1,15.0,5.555555555555555,3,42.583333333333336,55.91666666666667,9.416666666666666,0.08333333333333334,29.880000000000003,DATA_NATIVE_COHORT
Ireland,Other,Insurance services.,16,14,1,15.0,12.5,4,35.41666666666667,52.25,27.416666666666668,0.08333333333333334,29.873333333333335,DATA_NATIVE_COHORT
United Kingdom,Other,Bus shelters,16,14,1,15.0,12.5,4,35.41666666666667,52.25,27.416666666666668,0.08333333333333334,29.873333333333335,DATA_NATIVE_COHORT
United Kingdom,Other,Safety training services,16,14,1,15.0,12.5,4,35.41666666666667,52.25,27.416666666666668,0.08333333333333334,29.873333333333335,DATA_NATIVE_COHORT
Canada federal,Other,*Labor training or development,20,6,1,15.0,25.0,4,47.66666666666667,14.583333333333334,59.66666666666667,0.08333333333333334,29.805000000000003,DATA_NATIVE_COHORT
Canada federal,Other,*Medical doctor specialist services,14,9,1,15.0,35.714285714285715,4,26.083333333333332,26.333333333333332,80.91666666666667,0.08333333333333334,29.778333333333332,DATA_NATIVE_COHORT
United Kingdom,Other,Ships and boats,15,10,1,15.0,26.666666666666668,4,31.333333333333336,31.916666666666664,63.24999999999999,0.08333333333333334,29.73,DATA_NATIVE_COHORT
United Kingdom,Other,Construction work of leisure facilities,17,13,1,15.0,11.76470588235294,4,39.0,48.083333333333336,26.166666666666664,0.08333333333333334,29.71166666666667,DATA_NATIVE_COHORT
Canada federal,Other,*Ammunition,15,5,1,15.0,46.666666666666664,4,31.333333333333336,11.5,92.5,0.08333333333333334,29.686666666666664,DATA_NATIVE_COHORT
United Kingdom,Other,Storage and retrieval services,17,16,1,15.0,5.88235294117647,3,39.0,58.833333333333336,10.333333333333334,0.08333333333333334,29.65666666666667,DATA_NATIVE_COHORT
United Kingdom,Other,Accommodation cleaning services,17,16,1,15.0,5.88235294117647,3,39.0,58.833333333333336,10.333333333333334,0.08333333333333334,29.65666666666667,DATA_NATIVE_COHORT
Ireland,Other,Lighting systems.,15,12,1,15.0,20.0,4,31.333333333333336,42.833333333333336,46.916666666666664,0.08333333333333334,29.628333333333334,DATA_NATIVE_COHORT
Ireland,Other,Harbour construction works.,16,7,1,15.0,31.25,4,35.41666666666667,18.416666666666668,74.25,0.08333333333333334,29.50666666666667,DATA_NATIVE_COHORT
Canada federal,Other,*Agricultural building construction services,19,1,1,15.0,36.84210526315789,4,45.33333333333333,0.0,82.91666666666667,0.08333333333333334,29.451666666666664,DATA_NATIVE_COHORT
Ireland,Other,Financial market regulatory services.,22,2,1,15.0,27.27272727272727,4,52.0,3.5000000000000004,65.0,0.08333333333333334,29.27,DATA_NATIVE_COHORT
Canada federal,Other,*Hoses,15,3,1,15.0,66.66666666666666,3,31.333333333333336,5.75,98.25,0.08333333333333334,29.226666666666667,DATA_NATIVE_COHORT
United Kingdom,Other,Police uniforms,13,8,1,15.0,46.15384615384615,4,21.5,21.916666666666668,92.08333333333333,0.08333333333333334,29.173333333333332,DATA_NATIVE_COHORT
Canada federal,Other,*Gaskets,16,2,1,15.0,50.0,2,35.41666666666667,3.5000000000000004,93.91666666666667,0.08333333333333334,29.168333333333337,DATA_NATIVE_COHORT
United Kingdom,Other,Technical inspection services,15,14,1,15.0,13.333333333333334,4,31.333333333333336,52.25,30.166666666666668,0.08333333333333334,29.061666666666667,DATA_NATIVE_COHORT
United Kingdom,Other,Data-processing machines (hardware),11,11,1,15.0,45.45454545454545,3,8.5,37.666666666666664,91.41666666666667,0.08333333333333334,28.988333333333333,DATA_NATIVE_COHORT
Ireland,Other,"Occupational clothing, special workwear and accessories.",17,15,1,15.0,5.88235294117647,4,39.0,55.91666666666667,10.333333333333334,0.08333333333333334,28.898333333333337,DATA_NATIVE_COHORT
Ireland,Other,Catering services.,17,15,1,15.0,5.88235294117647,3,39.0,55.91666666666667,10.333333333333334,0.08333333333333334,28.898333333333337,DATA_NATIVE_COHORT
United Kingdom,Other,Miscellaneous general and special-purpose machinery,20,14,1,15.0,0.0,3,47.66666666666667,52.25,0.0,0.08333333333333334,28.858333333333338,DATA_NATIVE_COHORT
Canada federal,Other,*Specialty building and trades services,25,4,1,15.0,20.0,4,57.08333333333333,8.166666666666666,46.916666666666664,0.08333333333333334,28.855,DATA_NATIVE_COHORT
Ireland,Other,"Administrative recreational, cultural and religious services.",15,4,1,15.0,46.666666666666664,3,31.333333333333336,8.166666666666666,92.5,0.08333333333333334,28.819999999999997,DATA_NATIVE_COHORT
Canada federal,Other,*Vocational rehabilitation services,15,4,1,15.0,46.666666666666664,3,31.333333333333336,8.166666666666666,92.5,0.08333333333333334,28.819999999999997,DATA_NATIVE_COHORT
Ireland,Other,Procurement consultancy services.,16,13,1,15.0,12.5,3,35.41666666666667,48.083333333333336,27.416666666666668,0.08333333333333334,28.79,DATA_NATIVE_COHORT
Canada federal,Other,*Unmanned aerial vehicle,14,5,1,15.0,57.14285714285714,3,26.083333333333332,11.5,96.75,0.08333333333333334,28.771666666666665,DATA_NATIVE_COHORT
Ireland,Other,Meal-preparation services.,14,12,1,15.0,21.428571428571427,3,26.083333333333332,42.833333333333336,51.24999999999999,0.08333333333333334,28.72833333333333,DATA_NATIVE_COHORT
United Kingdom,Other,Engineering-related scientific and technical services,14,12,1,15.0,21.428571428571427,4,26.083333333333332,42.833333333333336,51.24999999999999,0.08333333333333334,28.72833333333333,DATA_NATIVE_COHORT
United Kingdom,Other,System maintenance services,14,12,1,15.0,21.428571428571427,4,26.083333333333332,42.833333333333336,51.24999999999999,0.08333333333333334,28.72833333333333,DATA_NATIVE_COHORT
Canada federal,Other,*Demolition services,18,5,1,15.0,27.77777777777778,4,42.583333333333336,11.5,67.0,0.08333333333333334,28.696666666666665,DATA_NATIVE_COHORT
United Kingdom,Other,Miscellaneous fabricated products and related items,18,10,1,15.0,16.666666666666664,3,42.583333333333336,31.916666666666664,37.5,0.08333333333333334,28.695,DATA_NATIVE_COHORT
United Kingdom,Other,Rolling stock,19,11,1,15.0,10.526315789473683,4,45.33333333333333,37.666666666666664,23.75,0.08333333333333334,28.594999999999995,DATA_NATIVE_COHORT
Canada federal,Other,*Heavy equipment components,16,2,1,15.0,43.75,4,35.41666666666667,3.5000000000000004,90.41666666666667,0.08333333333333334,28.538333333333334,DATA_NATIVE_COHORT
Canada federal,Other,*Heavy construction services,15,5,1,15.0,40.0,4,31.333333333333336,11.5,85.75,0.08333333333333334,28.471666666666668,DATA_NATIVE_COHORT
United Kingdom,Other,Vocational training services,33,8,1,15.0,3.0303030303030303,4,67.0,21.916666666666668,7.083333333333333,0.08333333333333334,28.433333333333334,DATA_NATIVE_COHORT
United Kingdom,Other,Protective gear,17,12,1,15.0,11.76470588235294,4,39.0,42.833333333333336,26.166666666666664,0.08333333333333334,28.346666666666668,DATA_NATIVE_COHORT
United Kingdom,Other,Railway transport services,17,12,1,15.0,11.76470588235294,3,39.0,42.833333333333336,26.166666666666664,0.08333333333333334,28.346666666666668,DATA_NATIVE_COHORT
Ireland,Other,Gymnasium equipment.,12,11,1,15.0,33.33333333333333,4,14.499999999999998,37.666666666666664,76.75,0.08333333333333334,28.268333333333334,DATA_NATIVE_COHORT
United Kingdom,Other,Repair and maintenance services of cooler groups,12,11,1,15.0,33.33333333333333,4,14.499999999999998,37.666666666666664,76.75,0.08333333333333334,28.268333333333334,DATA_NATIVE_COHORT
Canada federal,Other,*Night vision equipment,21,4,1,15.0,23.809523809523807,3,49.333333333333336,8.166666666666666,57.41666666666667,0.08333333333333334,28.265,DATA_NATIVE_COHORT
Canada federal,Other,*Light trucks or sport utility vehicles,14,5,1,15.0,50.0,4,26.083333333333332,11.5,93.91666666666667,0.08333333333333334,28.261666666666667,DATA_NATIVE_COHORT
United Kingdom,Other,Hygiene services,15,13,1,15.0,13.333333333333334,4,31.333333333333336,48.083333333333336,30.166666666666668,0.08333333333333334,27.978333333333335,DATA_NATIVE_COHORT
United Kingdom,Other,Financial transaction processing and clearing-house services,13,12,1,15.0,23.076923076923077,4,21.5,42.833333333333336,55.00000000000001,0.08333333333333334,27.93666666666667,DATA_NATIVE_COHORT
United Kingdom,Other,Advisory services provided by nurses,12,8,1,15.0,58.333333333333336,3,14.499999999999998,21.916666666666668,97.25,0.08333333333333334,27.863333333333333,DATA_NATIVE_COHORT
United Kingdom,Other,Fire doors,16,15,1,15.0,6.25,3,35.41666666666667,55.91666666666667,10.916666666666666,0.08333333333333334,27.85666666666667,DATA_NATIVE_COHORT
United Kingdom,Other,"Library, archives, museums and other cultural services",18,13,1,15.0,5.555555555555555,3,42.583333333333336,48.083333333333336,9.416666666666666,0.08333333333333334,27.843333333333334,DATA_NATIVE_COHORT
United Kingdom,Other,Industrial robots,18,13,1,15.0,5.555555555555555,4,42.583333333333336,48.083333333333336,9.416666666666666,0.08333333333333334,27.843333333333334,DATA_NATIVE_COHORT
Ireland,Other,Meal delivery service.,17,16,1,15.0,0.0,2,39.0,58.833333333333336,0.0,0.08333333333333334,27.79666666666667,DATA_NATIVE_COHORT
United Kingdom,Other,Fire and explosion protection and control consultancy services,14,14,1,15.0,14.285714285714285,3,26.083333333333332,52.25,32.33333333333333,0.08333333333333334,27.771666666666665,DATA_NATIVE_COHORT
United Kingdom,Other,Property insurance services,14,14,1,15.0,14.285714285714285,4,26.083333333333332,52.25,32.33333333333333,0.08333333333333334,27.771666666666665,DATA_NATIVE_COHORT
United Kingdom,Other,Real estate agency services on a fee or contract basis,14,14,1,15.0,14.285714285714285,4,26.083333333333332,52.25,32.33333333333333,0.08333333333333334,27.771666666666665,DATA_NATIVE_COHORT
United Kingdom,Other,Roof repair and maintenance work,14,14,1,15.0,14.285714285714285,4,26.083333333333332,52.25,32.33333333333333,0.08333333333333334,27.771666666666665,DATA_NATIVE_COHORT
Canada federal,Other,*Building maintenance and repair services,15,2,1,15.0,46.666666666666664,4,31.333333333333336,3.5000000000000004,92.5,0.08333333333333334,27.606666666666666,DATA_NATIVE_COHORT
Ireland,Other,Housing services.,14,9,1,15.0,28.57142857142857,3,26.083333333333332,26.333333333333332,68.66666666666667,0.08333333333333334,27.573333333333334,DATA_NATIVE_COHORT
Ireland,Other,Park and playground equipment.,14,9,1,15.0,28.57142857142857,4,26.083333333333332,26.333333333333332,68.66666666666667,0.08333333333333334,27.573333333333334,DATA_NATIVE_COHORT
United Kingdom,Other,Publishing services,24,11,1,15.0,0.0,3,55.25,37.666666666666664,0.0,0.08333333333333334,27.493333333333332,DATA_NATIVE_COHORT
United Kingdom,Other,Primary education services,16,12,1,15.0,12.5,4,35.41666666666667,42.833333333333336,27.416666666666668,0.08333333333333334,27.425000000000004,DATA_NATIVE_COHORT
Canada federal,Other,*Military science and research,14,4,1,15.0,50.0,3,26.083333333333332,8.166666666666666,93.91666666666667,0.08333333333333334,27.395,DATA_NATIVE_COHORT
Canada federal,Other,*Laboratory enclosures and accessories,12,9,1,15.0,41.66666666666667,4,14.499999999999998,26.333333333333332,88.25,0.08333333333333334,27.391666666666666,DATA_NATIVE_COHORT
Ireland,Other,"Financial consultancy, financial transaction processing and clearing-house services.",14,11,1,15.0,21.428571428571427,4,26.083333333333332,37.666666666666664,51.24999999999999,0.08333333333333334,27.384999999999998,DATA_NATIVE_COHORT
United Kingdom,Other,"Imaging equipment for medical, dental and veterinary use",20,10,1,15.0,10.0,4,47.66666666666667,31.916666666666664,21.0,0.08333333333333334,27.35166666666667,DATA_NATIVE_COHORT
Ireland,Other,Construction work for buildings relating to health.,19,3,1,15.0,26.31578947368421,4,45.33333333333333,5.75,62.916666666666664,0.08333333333333334,27.346666666666664,DATA_NATIVE_COHORT
Ireland,Other,Floodgates.,15,1,1,15.0,53.333333333333336,4,31.333333333333336,0.0,95.75,0.08333333333333334,27.281666666666666,DATA_NATIVE_COHORT
United Kingdom,Other,"Agricultural, farming, fishing, forestry and related products",19,12,1,15.0,5.263157894736842,4,45.33333333333333,42.833333333333336,8.916666666666668,0.08333333333333334,27.268333333333334,DATA_NATIVE_COHORT
Ireland,Other,"Machinery for food, beverage and tobacco processing and associated parts.",13,5,1,15.0,53.84615384615385,2,21.5,11.5,96.0,0.08333333333333334,27.17,DATA_NATIVE_COHORT
United Kingdom,Other,Monitoring and control services,17,11,1,15.0,11.76470588235294,4,39.0,37.666666666666664,26.166666666666664,0.08333333333333334,27.003333333333334,DATA_NATIVE_COHORT
United Kingdom,Other,Guard services,17,11,1,15.0,11.76470588235294,3,39.0,37.666666666666664,26.166666666666664,0.08333333333333334,27.003333333333334,DATA_NATIVE_COHORT
Canada federal,Other,*Security surveillance and detection,13,9,1,15.0,30.76923076923077,4,21.5,26.333333333333332,73.5,0.08333333333333334,26.976666666666663,DATA_NATIVE_COHORT
Canada federal,Other,*Specialized trade construction and maintenance services,15,5,1,15.0,33.33333333333333,4,31.333333333333336,11.5,76.75,0.08333333333333334,26.851666666666667,DATA_NATIVE_COHORT
Canada federal,Other,*Pressure measuring and control instruments,14,2,1,15.0,57.14285714285714,4,26.083333333333332,3.5000000000000004,96.75,0.08333333333333334,26.691666666666666,DATA_NATIVE_COHORT
United Kingdom,Other,Travel agency and similar services,14,13,1,15.0,14.285714285714285,4,26.083333333333332,48.083333333333336,32.33333333333333,0.08333333333333334,26.68833333333333,DATA_NATIVE_COHORT
United Kingdom,Other,Research and experimental development services,22,9,1,15.0,9.090909090909092,4,52.0,26.333333333333332,17.416666666666668,0.08333333333333334,26.64166666666667,DATA_NATIVE_COHORT
Ireland,Other,Meal-serving services.,15,12,1,15.0,13.333333333333334,4,31.333333333333336,42.833333333333336,30.166666666666668,0.08333333333333334,26.613333333333333,DATA_NATIVE_COHORT
United Kingdom,Other,Catering supplies,15,12,1,15.0,13.333333333333334,4,31.333333333333336,42.833333333333336,30.166666666666668,0.08333333333333334,26.613333333333333,DATA_NATIVE_COHORT
Ireland,Other,Steel.,13,11,1,15.0,23.076923076923077,4,21.5,37.666666666666664,55.00000000000001,0.08333333333333334,26.59333333333333,DATA_NATIVE_COHORT
United Kingdom,Other,Non-residential property renting or leasing services,13,11,1,15.0,23.076923076923077,4,21.5,37.666666666666664,55.00000000000001,0.08333333333333334,26.59333333333333,DATA_NATIVE_COHORT
United Kingdom,Other,Library services,13,11,1,15.0,23.076923076923077,4,21.5,37.666666666666664,55.00000000000001,0.08333333333333334,26.59333333333333,DATA_NATIVE_COHORT
United Kingdom,Other,Construction work for buildings relating to health,12,12,1,15.0,25.0,4,14.499999999999998,42.833333333333336,59.66666666666667,0.08333333333333334,26.536666666666665,DATA_NATIVE_COHORT
United Kingdom,Other,"Administration, defence and social security services",18,12,1,15.0,5.555555555555555,4,42.583333333333336,42.833333333333336,9.416666666666666,0.08333333333333334,26.478333333333335,DATA_NATIVE_COHORT
United Kingdom,Other,X-ray devices,18,12,1,15.0,5.555555555555555,4,42.583333333333336,42.833333333333336,9.416666666666666,0.08333333333333334,26.478333333333335,DATA_NATIVE_COHORT
Canada federal,Other,*Scuba and snorkeling gear,13,3,1,15.0,92.3076923076923,2,21.5,5.75,99.66666666666667,0.08333333333333334,26.335,DATA_NATIVE_COHORT
Canada federal,Other,*Specialized educational services,15,7,1,15.0,26.666666666666668,4,31.333333333333336,18.416666666666668,63.24999999999999,0.08333333333333334,26.22,DATA_NATIVE_COHORT
United Kingdom,Other,Tree-cutting services,18,8,1,15.0,16.666666666666664,4,42.583333333333336,21.916666666666668,37.5,0.08333333333333334,26.095000000000002,DATA_NATIVE_COHORT
United Kingdom,Other,Analysers,19,11,1,15.0,5.263157894736842,4,45.33333333333333,37.666666666666664,8.916666666666668,0.08333333333333334,25.924999999999997,DATA_NATIVE_COHORT
Canada federal,Other,*Electrical measuring and testing equipment and accessories,14,5,1,15.0,35.714285714285715,4,26.083333333333332,11.5,80.91666666666667,0.08333333333333334,25.921666666666663,DATA_NATIVE_COHORT
Ireland,Other,Building completion work.,14,10,1,15.0,21.428571428571427,4,26.083333333333332,31.916666666666664,51.24999999999999,0.08333333333333334,25.889999999999997,DATA_NATIVE_COHORT
United Kingdom,Other,Mobile telephones,11,10,1,15.0,36.36363636363637,4,8.5,31.916666666666664,82.25,0.08333333333333334,25.843333333333334,DATA_NATIVE_COHORT
United Kingdom,Other,Bailiff services,16,13,1,15.0,6.25,4,35.41666666666667,48.083333333333336,10.916666666666666,0.08333333333333334,25.82,DATA_NATIVE_COHORT
United Kingdom,Other,"Radiotherapy, mechanotherapy, electrotherapy and physical therapy devices",13,6,1,15.0,38.46153846153847,4,21.5,14.583333333333334,84.0,0.08333333333333334,25.811666666666664,DATA_NATIVE_COHORT
Canada federal,Other,*Packaged combination meals,14,1,1,15.0,57.14285714285714,4,26.083333333333332,0.0,96.75,0.08333333333333334,25.781666666666663,DATA_NATIVE_COHORT
United Kingdom,Other,Domestic appliances,15,14,1,15.0,6.666666666666667,4,31.333333333333336,52.25,11.75,0.08333333333333334,25.746666666666666,DATA_NATIVE_COHORT
Ireland,Other,Overhead projectors.,13,13,1,15.0,15.384615384615385,4,21.5,48.083333333333336,34.66666666666667,0.08333333333333334,25.64166666666667,DATA_NATIVE_COHORT
United Kingdom,Other,Fitted kitchens,13,13,1,15.0,15.384615384615385,4,21.5,48.083333333333336,34.66666666666667,0.08333333333333334,25.64166666666667,DATA_NATIVE_COHORT
United Kingdom,Other,Emergency vehicles,13,13,1,15.0,15.384615384615385,4,21.5,48.083333333333336,34.66666666666667,0.08333333333333334,25.64166666666667,DATA_NATIVE_COHORT
Ireland,Other,Bridge.,21,10,1,15.0,4.761904761904762,4,49.333333333333336,31.916666666666664,8.5,0.08333333333333334,25.635,DATA_NATIVE_COHORT
United Kingdom,Other,Technical services,17,12,1,15.0,5.88235294117647,4,39.0,42.833333333333336,10.333333333333334,0.08333333333333334,25.496666666666666,DATA_NATIVE_COHORT
Canada federal,Other,*Lifting equipment and accessories,14,2,1,15.0,42.857142857142854,4,26.083333333333332,3.5000000000000004,89.75,0.08333333333333334,25.43166666666667,DATA_NATIVE_COHORT
Ireland,Other,Network infrastructure.,28,8,1,15.0,0.0,3,61.583333333333336,21.916666666666668,0.0,0.08333333333333334,25.425,DATA_NATIVE_COHORT
Canada federal,Other,*Roofing service,18,4,1,15.0,22.22222222222222,4,42.583333333333336,8.166666666666666,53.41666666666667,0.08333333333333334,25.385,DATA_NATIVE_COHORT
United Kingdom,Other,Miscellaneous business-related services,14,12,1,15.0,14.285714285714285,4,26.083333333333332,42.833333333333336,32.33333333333333,0.08333333333333334,25.323333333333334,DATA_NATIVE_COHORT
United Kingdom,Other,Sports goods and equipment,14,12,1,15.0,14.285714285714285,4,26.083333333333332,42.833333333333336,32.33333333333333,0.08333333333333334,25.323333333333334,DATA_NATIVE_COHORT
Ireland,Other,Outdoor sports equipment.,12,9,1,15.0,33.33333333333333,3,14.499999999999998,26.333333333333332,76.75,0.08333333333333334,25.321666666666665,DATA_NATIVE_COHORT
Ireland,Other,Designs.,15,11,1,15.0,13.333333333333334,4,31.333333333333336,37.666666666666664,30.166666666666668,0.08333333333333334,25.27,DATA_NATIVE_COHORT
Canada federal,Other,*Software maintenance and support,15,6,1,15.0,26.666666666666668,4,31.333333333333336,14.583333333333334,63.24999999999999,0.08333333333333334,25.223333333333333,DATA_NATIVE_COHORT
Canada federal,Other,*Information technology consultation services *Information technology IT management services *Information Technology Service Delivery,10,10,1,15.0,50.0,4,0.0,31.916666666666664,93.91666666666667,0.08333333333333334,25.223333333333333,DATA_NATIVE_COHORT
Canada federal,Other,*Marine fuel,17,1,1,15.0,29.411764705882355,4,39.0,0.0,70.58333333333333,0.08333333333333334,25.205,DATA_NATIVE_COHORT
Ireland,Other,"Mining, basic metals and related products.",12,11,1,15.0,25.0,4,14.499999999999998,37.666666666666664,59.66666666666667,0.08333333333333334,25.19333333333333,DATA_NATIVE_COHORT
United Kingdom,Other,Decontamination equipment,12,11,1,15.0,25.0,4,14.499999999999998,37.666666666666664,59.66666666666667,0.08333333333333334,25.19333333333333,DATA_NATIVE_COHORT
Ireland,Other,Site preparation and clearance work.,12,11,1,15.0,25.0,3,14.499999999999998,37.666666666666664,59.66666666666667,0.08333333333333334,25.19333333333333,DATA_NATIVE_COHORT
Ireland,Other,Mowers.,13,10,1,15.0,23.076923076923077,3,21.5,31.916666666666664,55.00000000000001,0.08333333333333334,25.098333333333333,DATA_NATIVE_COHORT
United Kingdom,Other,Postal services,13,10,1,15.0,23.076923076923077,4,21.5,31.916666666666664,55.00000000000001,0.08333333333333334,25.098333333333333,DATA_NATIVE_COHORT
United Kingdom,Other,Environmental monitoring other than for construction,13,10,1,15.0,23.076923076923077,4,21.5,31.916666666666664,55.00000000000001,0.08333333333333334,25.098333333333333,DATA_NATIVE_COHORT
Canada federal,Other,*All terrain vehicles tracked or wheeled,13,3,1,15.0,46.15384615384615,4,21.5,5.75,92.08333333333333,0.08333333333333334,24.97,DATA_NATIVE_COHORT
Ireland,Other,Motor vehicles for the transport of fewer than 10 persons.,11,7,1,15.0,54.54545454545454,3,8.5,18.416666666666668,96.08333333333333,0.08333333333333334,24.823333333333334,DATA_NATIVE_COHORT
United Kingdom,Other,Maintenance services of public-lighting installations and traffic lights,15,13,1,15.0,6.666666666666667,3,31.333333333333336,48.083333333333336,11.75,0.08333333333333334,24.663333333333334,DATA_NATIVE_COHORT
United Kingdom,Other,Repair and maintenance services of catering equipment,15,13,1,15.0,6.666666666666667,3,31.333333333333336,48.083333333333336,11.75,0.08333333333333334,24.663333333333334,DATA_NATIVE_COHORT
United Kingdom,Other,Agricultural services,16,10,1,15.0,12.5,4,35.41666666666667,31.916666666666664,27.416666666666668,0.08333333333333334,24.586666666666666,DATA_NATIVE_COHORT
United Kingdom,Other,Cleaning and polishing products,16,12,1,15.0,6.25,4,35.41666666666667,42.833333333333336,10.916666666666666,0.08333333333333334,24.455000000000005,DATA_NATIVE_COHORT
Ireland,Other,Piling.,11,9,1,15.0,36.36363636363637,4,8.5,26.333333333333332,82.25,0.08333333333333334,24.391666666666666,DATA_NATIVE_COHORT
Canada federal,Other,*Electrical wire,12,4,1,15.0,58.333333333333336,3,14.499999999999998,8.166666666666666,97.25,0.08333333333333334,24.28833333333333,DATA_NATIVE_COHORT
United Kingdom,Other,Supply services of medical personnel,11,11,1,15.0,27.27272727272727,4,8.5,37.666666666666664,65.0,0.08333333333333334,24.23333333333333,DATA_NATIVE_COHORT
United Kingdom,Other,Traffic-signal maintenance services,11,11,1,15.0,27.27272727272727,3,8.5,37.666666666666664,65.0,0.08333333333333334,24.23333333333333,DATA_NATIVE_COHORT
Canada federal,Other,*Landscaping services,18,6,1,15.0,16.666666666666664,4,42.583333333333336,14.583333333333334,37.5,0.08333333333333334,24.188333333333333,DATA_NATIVE_COHORT
Canada federal,Other,*Application programming services,12,8,1,15.0,33.33333333333333,4,14.499999999999998,21.916666666666668,76.75,0.08333333333333334,24.173333333333336,DATA_NATIVE_COHORT
United Kingdom,Other,Medical insurance services,28,4,1,15.0,7.142857142857142,3,61.583333333333336,8.166666666666666,12.75,0.08333333333333334,24.145,DATA_NATIVE_COHORT
Canada federal,Other,*Components for information technology or broadcasting or telecommunications,11,7,1,15.0,45.45454545454545,3,8.5,18.416666666666668,91.41666666666667,0.08333333333333334,23.983333333333338,DATA_NATIVE_COHORT
Ireland,Other,Network equipment.,14,11,1,15.0,14.285714285714285,4,26.083333333333332,37.666666666666664,32.33333333333333,0.08333333333333334,23.98,DATA_NATIVE_COHORT
United Kingdom,Other,Auction services,16,13,1,15.0,0.0,3,35.41666666666667,48.083333333333336,0.0,0.08333333333333334,23.855,DATA_NATIVE_COHORT
United Kingdom,Other,Instruments for checking physical characteristics,15,10,1,15.0,13.333333333333334,4,31.333333333333336,31.916666666666664,30.166666666666668,0.08333333333333334,23.775000000000002,DATA_NATIVE_COHORT
Ireland,Other,Taxi services.,12,10,1,15.0,25.0,4,14.499999999999998,31.916666666666664,59.66666666666667,0.08333333333333334,23.698333333333334,DATA_NATIVE_COHORT
United Kingdom,Other,Gases,12,10,1,15.0,25.0,4,14.499999999999998,31.916666666666664,59.66666666666667,0.08333333333333334,23.698333333333334,DATA_NATIVE_COHORT
Ireland,Other,Postal and telecommunications services.,12,5,1,15.0,41.66666666666667,4,14.499999999999998,11.5,88.25,0.08333333333333334,23.535,DATA_NATIVE_COHORT
Canada federal,Other,*Restaurants and catering,13,3,1,15.0,38.46153846153847,3,21.5,5.75,84.0,0.08333333333333334,23.514999999999997,DATA_NATIVE_COHORT
Canada federal,Other,*Fire protection system and equipment maintenance or repair service,11,5,1,15.0,72.72727272727273,4,8.5,11.5,98.75,0.08333333333333334,23.505,DATA_NATIVE_COHORT
Ireland,Other,Railway equipment.,13,1,1,15.0,46.15384615384615,4,21.5,0.0,92.08333333333333,0.08333333333333334,23.474999999999998,DATA_NATIVE_COHORT
Ireland,Other,Medical consumables.,16,6,1,15.0,18.75,4,35.41666666666667,14.583333333333334,45.5,0.08333333333333334,23.335000000000004,DATA_NATIVE_COHORT
United Kingdom,Other,Buses and coaches,14,8,1,15.0,21.428571428571427,4,26.083333333333332,21.916666666666668,51.24999999999999,0.08333333333333334,23.289999999999996,DATA_NATIVE_COHORT
Ireland,Other,Cultural event organisation services.,10,8,1,15.0,60.0,4,0.0,21.916666666666668,97.41666666666666,0.08333333333333334,23.25333333333333,DATA_NATIVE_COHORT
United Kingdom,Other,Portable computers,10,8,1,15.0,60.0,3,0.0,21.916666666666668,97.41666666666666,0.08333333333333334,23.25333333333333,DATA_NATIVE_COHORT
Ireland,Other,Miscellaneous medical devices and products.,11,8,1,15.0,36.36363636363637,4,8.5,21.916666666666668,82.25,0.08333333333333334,23.243333333333336,DATA_NATIVE_COHORT
United Kingdom,Other,Environmental management,14,13,1,15.0,7.142857142857142,4,26.083333333333332,48.083333333333336,12.75,0.08333333333333334,23.16333333333333,DATA_NATIVE_COHORT
Canada federal,Other,*Metal milling machines,12,3,1,15.0,50.0,4,14.499999999999998,5.75,93.91666666666667,0.08333333333333334,23.06,DATA_NATIVE_COHORT
United Kingdom,Other,Heavy-duty motor vehicles,13,11,1,15.0,15.384615384615385,4,21.5,37.666666666666664,34.66666666666667,0.08333333333333334,22.933333333333334,DATA_NATIVE_COHORT
Ireland,Other,Public security services.,24,6,1,15.0,4.166666666666666,4,55.25,14.583333333333334,8.0,0.08333333333333334,22.93166666666667,DATA_NATIVE_COHORT
Canada federal,Other,"*Trailer, travel or caravan",14,4,1,15.0,28.57142857142857,4,26.083333333333332,8.166666666666666,68.66666666666667,0.08333333333333334,22.849999999999998,DATA_NATIVE_COHORT
United Kingdom,Other,Telecommunications equipment and supplies,11,10,1,15.0,27.27272727272727,4,8.5,31.916666666666664,65.0,0.08333333333333334,22.738333333333333,DATA_NATIVE_COHORT
United Kingdom,Other,International payment transfer services,11,10,1,15.0,27.27272727272727,4,8.5,31.916666666666664,65.0,0.08333333333333334,22.738333333333333,DATA_NATIVE_COHORT
Canada federal,Other,*Plumbing construction services,12,4,1,15.0,41.66666666666667,4,14.499999999999998,8.166666666666666,88.25,0.08333333333333334,22.668333333333333,DATA_NATIVE_COHORT
Canada federal,Other,*Radar and sonar systems and components,12,4,1,15.0,41.66666666666667,4,14.499999999999998,8.166666666666666,88.25,0.08333333333333334,22.668333333333333,DATA_NATIVE_COHORT
Ireland,Other,Ground investigation services.,10,8,1,15.0,50.0,3,0.0,21.916666666666668,93.91666666666667,0.08333333333333334,22.623333333333335,DATA_NATIVE_COHORT
United Kingdom,Other,Military research and technology,23,1,1,15.0,13.043478260869565,4,54.0,0.0,29.25,0.08333333333333334,22.565,DATA_NATIVE_COHORT
United Kingdom,Other,Lighting equipment and electric lamps,15,13,1,15.0,0.0,3,31.333333333333336,48.083333333333336,0.0,0.08333333333333334,22.548333333333336,DATA_NATIVE_COHORT
United Kingdom,Other,Agricultural machinery,12,12,1,15.0,16.666666666666664,3,14.499999999999998,42.833333333333336,37.5,0.08333333333333334,22.546666666666667,DATA_NATIVE_COHORT
Ireland,Other,Advertising services.,12,12,1,15.0,16.666666666666664,4,14.499999999999998,42.833333333333336,37.5,0.08333333333333334,22.546666666666667,DATA_NATIVE_COHORT
United Kingdom,Other,"Windows, doors and related items",12,12,1,15.0,16.666666666666664,4,14.499999999999998,42.833333333333336,37.5,0.08333333333333334,22.546666666666667,DATA_NATIVE_COHORT
United Kingdom,Other,Supporting and auxiliary transport services; travel agencies services,12,12,1,15.0,16.666666666666664,4,14.499999999999998,42.833333333333336,37.5,0.08333333333333334,22.546666666666667,DATA_NATIVE_COHORT
Canada federal,Other,*Lockers,16,5,1,15.0,18.75,4,35.41666666666667,11.5,45.5,0.08333333333333334,22.533333333333335,DATA_NATIVE_COHORT
Canada federal,Other,*Commercial and industrial furniture,18,4,1,15.0,16.666666666666664,3,42.583333333333336,8.166666666666666,37.5,0.08333333333333334,22.52,DATA_NATIVE_COHORT
Canada federal,Other,*Project administration or planning,10,7,1,15.0,60.0,4,0.0,18.416666666666668,97.41666666666666,0.08333333333333334,22.34333333333333,DATA_NATIVE_COHORT
Ireland,Other,Burglar and fire alarms.,10,9,1,15.0,40.0,4,0.0,26.333333333333332,85.75,0.08333333333333334,22.301666666666666,DATA_NATIVE_COHORT
Canada federal,Other,*Personal safety and protection,12,6,1,15.0,33.33333333333333,4,14.499999999999998,14.583333333333334,76.75,0.08333333333333334,22.266666666666666,DATA_NATIVE_COHORT
United Kingdom,Other,Inspection of ventilation system,12,9,1,15.0,25.0,3,14.499999999999998,26.333333333333332,59.66666666666667,0.08333333333333334,22.246666666666666,DATA_NATIVE_COHORT
United Kingdom,Other,Calibration services,12,9,1,15.0,25.0,4,14.499999999999998,26.333333333333332,59.66666666666667,0.08333333333333334,22.246666666666666,DATA_NATIVE_COHORT
United Kingdom,Other,Hospital dialysis services,12,9,1,15.0,25.0,4,14.499999999999998,26.333333333333332,59.66666666666667,0.08333333333333334,22.246666666666666,DATA_NATIVE_COHORT
Ireland,Other,Health and safety consultancy services.,12,9,1,15.0,25.0,4,14.499999999999998,26.333333333333332,59.66666666666667,0.08333333333333334,22.246666666666666,DATA_NATIVE_COHORT
Canada federal,Other,*Rescue equipment and accessories,17,4,1,15.0,17.647058823529413,4,39.0,8.166666666666666,41.5,0.08333333333333334,22.093333333333334,DATA_NATIVE_COHORT
Canada federal,Other,*Snowmobiles or snow scooter,12,3,1,15.0,41.66666666666667,4,14.499999999999998,5.75,88.25,0.08333333333333334,22.04,DATA_NATIVE_COHORT
Canada federal,Other,*Electrical engineering services,12,3,1,15.0,41.66666666666667,4,14.499999999999998,5.75,88.25,0.08333333333333334,22.04,DATA_NATIVE_COHORT
Ireland,Other,Surveying services.,17,7,1,15.0,11.76470588235294,4,39.0,18.416666666666668,26.166666666666664,0.08333333333333334,21.99833333333333,DATA_NATIVE_COHORT
Ireland,Other,"Construction work for highways, roads.",17,7,1,15.0,11.76470588235294,3,39.0,18.416666666666668,26.166666666666664,0.08333333333333334,21.99833333333333,DATA_NATIVE_COHORT
Ireland,Other,Site-development work.,16,8,1,15.0,12.5,3,35.41666666666667,21.916666666666668,27.416666666666668,0.08333333333333334,21.986666666666668,DATA_NATIVE_COHORT
Ireland,Other,Office furniture.,15,11,1,15.0,6.666666666666667,3,31.333333333333336,37.666666666666664,11.75,0.08333333333333334,21.955,DATA_NATIVE_COHORT
United Kingdom,Other,Sewage services,13,13,1,15.0,7.6923076923076925,3,21.5,48.083333333333336,13.916666666666666,0.08333333333333334,21.906666666666666,DATA_NATIVE_COHORT
United Kingdom,Other,Building alteration work,13,13,1,15.0,7.6923076923076925,4,21.5,48.083333333333336,13.916666666666666,0.08333333333333334,21.906666666666666,DATA_NATIVE_COHORT
Canada federal,Other,*Electric vehicle charging systems,14,12,1,15.0,7.142857142857142,4,26.083333333333332,42.833333333333336,12.75,0.08333333333333334,21.798333333333336,DATA_NATIVE_COHORT
United Kingdom,Other,"Repair, maintenance and associated services related to roads and other equipment",14,12,1,15.0,7.142857142857142,4,26.083333333333332,42.833333333333336,12.75,0.08333333333333334,21.798333333333336,DATA_NATIVE_COHORT
United Kingdom,Other,Refuse transport services,14,12,1,15.0,7.142857142857142,4,26.083333333333332,42.833333333333336,12.75,0.08333333333333334,21.798333333333336,DATA_NATIVE_COHORT
United Kingdom,Other,Administrative social services,14,12,1,15.0,7.142857142857142,4,26.083333333333332,42.833333333333336,12.75,0.08333333333333334,21.798333333333336,DATA_NATIVE_COHORT
Canada federal,Other,*General building construction,10,7,1,15.0,50.0,4,0.0,18.416666666666668,93.91666666666667,0.08333333333333334,21.713333333333335,DATA_NATIVE_COHORT
United Kingdom,Other,Electrical equipment and apparatus,16,10,1,15.0,6.25,3,35.41666666666667,31.916666666666664,10.916666666666666,0.08333333333333334,21.616666666666667,DATA_NATIVE_COHORT
United Kingdom,Other,Spectrometers,16,10,1,15.0,6.25,4,35.41666666666667,31.916666666666664,10.916666666666666,0.08333333333333334,21.616666666666667,DATA_NATIVE_COHORT
Canada federal,Other,*Radio frequency data communication equipment,11,3,1,15.0,54.54545454545454,4,8.5,5.75,96.08333333333333,0.08333333333333334,21.529999999999998,DATA_NATIVE_COHORT
Canada federal,Other,*Specialized and recreational vehicles,11,2,1,15.0,81.81818181818183,3,8.5,3.5000000000000004,99.25,0.08333333333333334,21.514999999999997,DATA_NATIVE_COHORT
Canada federal,Other,*Transport services,12,5,1,15.0,33.33333333333333,4,14.499999999999998,11.5,76.75,0.08333333333333334,21.465,DATA_NATIVE_COHORT
United Kingdom,Other,Forklift trucks,13,10,1,15.0,15.384615384615385,4,21.5,31.916666666666664,34.66666666666667,0.08333333333333334,21.438333333333336,DATA_NATIVE_COHORT
Ireland,Other,Market and economic research; polling and statistics.,13,10,1,15.0,15.384615384615385,4,21.5,31.916666666666664,34.66666666666667,0.08333333333333334,21.438333333333336,DATA_NATIVE_COHORT
United Kingdom,Other,Repair and maintenance services of military vehicles,15,1,1,15.0,26.666666666666668,3,31.333333333333336,0.0,63.24999999999999,0.08333333333333334,21.431666666666665,DATA_NATIVE_COHORT
Ireland,Other,Surface work for roads.,11,6,1,15.0,36.36363636363637,3,8.5,14.583333333333334,82.25,0.08333333333333334,21.336666666666666,DATA_NATIVE_COHORT
United Kingdom,Other,Fitness equipments,10,10,1,15.0,30.0,4,0.0,31.916666666666664,72.08333333333333,0.08333333333333334,21.293333333333333,DATA_NATIVE_COHORT
Ireland,Other,Repair and maintenance services of building installations.,11,9,1,15.0,27.27272727272727,4,8.5,26.333333333333332,65.0,0.08333333333333334,21.286666666666665,DATA_NATIVE_COHORT
United Kingdom,Other,Library books,11,9,1,15.0,27.27272727272727,4,8.5,26.333333333333332,65.0,0.08333333333333334,21.286666666666665,DATA_NATIVE_COHORT
Ireland,Other,Data-processing machines (hardware).,12,11,1,15.0,16.666666666666664,4,14.499999999999998,37.666666666666664,37.5,0.08333333333333334,21.203333333333333,DATA_NATIVE_COHORT
United Kingdom,Other,Records management,12,11,1,15.0,16.666666666666664,4,14.499999999999998,37.666666666666664,37.5,0.08333333333333334,21.203333333333333,DATA_NATIVE_COHORT
Ireland,Other,Vehicle-fleet management services.,12,11,1,15.0,16.666666666666664,3,14.499999999999998,37.666666666666664,37.5,0.08333333333333334,21.203333333333333,DATA_NATIVE_COHORT
United Kingdom,Other,Mechanical engineering services,12,11,1,15.0,16.666666666666664,4,14.499999999999998,37.666666666666664,37.5,0.08333333333333334,21.203333333333333,DATA_NATIVE_COHORT
Ireland,Other,"Office machinery, equipment and supplies except computers, printers and furniture.",12,11,1,15.0,16.666666666666664,4,14.499999999999998,37.666666666666664,37.5,0.08333333333333334,21.203333333333333,DATA_NATIVE_COHORT
Ireland,Other,Educational equipment.,10,8,1,15.0,40.0,4,0.0,21.916666666666668,85.75,0.08333333333333334,21.153333333333332,DATA_NATIVE_COHORT
United Kingdom,Other,Pension fund administration services,10,8,1,15.0,40.0,3,0.0,21.916666666666668,85.75,0.08333333333333334,21.153333333333332,DATA_NATIVE_COHORT
United Kingdom,Other,Breakdown and recovery services for cars,10,8,1,15.0,40.0,4,0.0,21.916666666666668,85.75,0.08333333333333334,21.153333333333332,DATA_NATIVE_COHORT
Ireland,Other,Weed-clearance services.,12,8,1,15.0,25.0,3,14.499999999999998,21.916666666666668,59.66666666666667,0.08333333333333334,21.098333333333333,DATA_NATIVE_COHORT
Ireland,Other,Construction work for water and sewage pipelines.,16,7,1,15.0,12.5,3,35.41666666666667,18.416666666666668,27.416666666666668,0.08333333333333334,21.076666666666668,DATA_NATIVE_COHORT
United Kingdom,Other,Job search services,14,9,1,15.0,14.285714285714285,4,26.083333333333332,26.333333333333332,32.33333333333333,0.08333333333333334,21.033333333333328,DATA_NATIVE_COHORT
Canada federal,Other,*Automotive and light truck maintenance and repair,19,4,1,15.0,10.526315789473683,4,45.33333333333333,8.166666666666666,23.75,0.08333333333333334,20.924999999999997,DATA_NATIVE_COHORT
United Kingdom,Other,Administrative educational services,17,10,1,15.0,0.0,3,39.0,31.916666666666664,0.0,0.08333333333333334,20.798333333333336,DATA_NATIVE_COHORT
Canada federal,Other,*Miscellaneous Electric Power and Distribution Equipment,14,1,1,15.0,28.57142857142857,4,26.083333333333332,0.0,68.66666666666667,0.08333333333333334,20.726666666666667,DATA_NATIVE_COHORT
United Kingdom,Other,Timber harvesting services,15,4,1,15.0,20.0,4,31.333333333333336,8.166666666666666,46.916666666666664,0.08333333333333334,20.615,DATA_NATIVE_COHORT
Canada federal,Other,*Light and wave generating and measuring equipment,13,6,1,15.0,23.076923076923077,4,21.5,14.583333333333334,55.00000000000001,0.08333333333333334,20.591666666666665,DATA_NATIVE_COHORT
Ireland,Other,Laboratory reagents.,13,6,1,15.0,23.076923076923077,4,21.5,14.583333333333334,55.00000000000001,0.08333333333333334,20.591666666666665,DATA_NATIVE_COHORT
Canada federal,Other,*Furniture and Furnishings,12,1,1,15.0,41.66666666666667,4,14.499999999999998,0.0,88.25,0.08333333333333334,20.544999999999998,DATA_NATIVE_COHORT
United Kingdom,Other,Detection and analysis apparatus,13,12,1,15.0,7.6923076923076925,4,21.5,42.833333333333336,13.916666666666666,0.08333333333333334,20.541666666666668,DATA_NATIVE_COHORT
United Kingdom,Other,Bathrooms construction work,13,12,1,15.0,7.6923076923076925,3,21.5,42.833333333333336,13.916666666666666,0.08333333333333334,20.541666666666668,DATA_NATIVE_COHORT
United Kingdom,Other,Insurance brokerage services,15,10,1,15.0,6.666666666666667,4,31.333333333333336,31.916666666666664,11.75,0.08333333333333334,20.46,DATA_NATIVE_COHORT
United Kingdom,Other,Repair and maintenance services of military electronic systems,26,3,1,15.0,0.0,3,58.75,5.75,0.0,0.08333333333333334,20.315,DATA_NATIVE_COHORT
United Kingdom,Other,Waste-tip management services,11,11,1,15.0,18.181818181818183,3,8.5,37.666666666666664,42.833333333333336,0.08333333333333334,20.243333333333332,DATA_NATIVE_COHORT
Ireland,Other,Electric vehicles.,11,11,1,15.0,18.181818181818183,3,8.5,37.666666666666664,42.833333333333336,0.08333333333333334,20.243333333333332,DATA_NATIVE_COHORT
United Kingdom,Other,Ground investigation work,11,11,1,15.0,18.181818181818183,4,8.5,37.666666666666664,42.833333333333336,0.08333333333333334,20.243333333333332,DATA_NATIVE_COHORT
United Kingdom,Other,Lift and escalator installation work,11,11,1,15.0,18.181818181818183,4,8.5,37.666666666666664,42.833333333333336,0.08333333333333334,20.243333333333332,DATA_NATIVE_COHORT
United Kingdom,Other,Catering services for other enterprises or other institutions,11,11,1,15.0,18.181818181818183,3,8.5,37.666666666666664,42.833333333333336,0.08333333333333334,20.243333333333332,DATA_NATIVE_COHORT
United Kingdom,Other,Road construction works,10,7,1,15.0,40.0,4,0.0,18.416666666666668,85.75,0.08333333333333334,20.243333333333332,DATA_NATIVE_COHORT
Ireland,Other,Passenger cars.,10,7,1,15.0,40.0,3,0.0,18.416666666666668,85.75,0.08333333333333334,20.243333333333332,DATA_NATIVE_COHORT
Ireland,Other,Road-maintenance vehicles.,12,7,1,15.0,25.0,3,14.499999999999998,18.416666666666668,59.66666666666667,0.08333333333333334,20.188333333333336,DATA_NATIVE_COHORT
Canada federal,Other,*Commercial marine craft *Salvage ships *Icebreaker *Rescue ships or boats *Water transport vessel maintenance and repair services,11,1,1,15.0,54.54545454545454,3,8.5,0.0,96.08333333333333,0.08333333333333334,20.034999999999997,DATA_NATIVE_COHORT
Ireland,Other,Building surveying services.,13,9,1,15.0,15.384615384615385,3,21.5,26.333333333333332,34.66666666666667,0.08333333333333334,19.986666666666668,DATA_NATIVE_COHORT
United Kingdom,Other,Ultrasound scanners,10,4,1,15.0,80.0,3,0.0,8.166666666666666,98.91666666666666,0.08333333333333334,19.948333333333327,DATA_NATIVE_COHORT
United Kingdom,Other,Installation of doors,10,9,1,15.0,30.0,4,0.0,26.333333333333332,72.08333333333333,0.08333333333333334,19.841666666666665,DATA_NATIVE_COHORT
United Kingdom,Other,District heating,10,9,1,15.0,30.0,4,0.0,26.333333333333332,72.08333333333333,0.08333333333333334,19.841666666666665,DATA_NATIVE_COHORT
United Kingdom,Other,Snow-clearing services,15,11,1,15.0,0.0,3,31.333333333333336,37.666666666666664,0.0,0.08333333333333334,19.84,DATA_NATIVE_COHORT
Canada federal,Other,*Pest control,13,5,1,15.0,23.076923076923077,4,21.5,11.5,55.00000000000001,0.08333333333333334,19.790000000000003,DATA_NATIVE_COHORT
Ireland,Other,Repair and maintenance services of electrical and mechanical building installations.,12,10,1,15.0,16.666666666666664,3,14.499999999999998,31.916666666666664,37.5,0.08333333333333334,19.708333333333332,DATA_NATIVE_COHORT
United Kingdom,Other,Vehicle-fleet-support services,12,10,1,15.0,16.666666666666664,4,14.499999999999998,31.916666666666664,37.5,0.08333333333333334,19.708333333333332,DATA_NATIVE_COHORT
Ireland,Other,Installation services of electrical and mechanical equipment.,12,10,1,15.0,16.666666666666664,3,14.499999999999998,31.916666666666664,37.5,0.08333333333333334,19.708333333333332,DATA_NATIVE_COHORT
Canada federal,Other,*Medical science and research,10,4,1,15.0,60.0,3,0.0,8.166666666666666,97.41666666666666,0.08333333333333334,19.67833333333333,DATA_NATIVE_COHORT
United Kingdom,Other,Letting services of short-stay furnished accommodation,14,12,1,15.0,0.0,3,26.083333333333332,42.833333333333336,0.0,0.08333333333333334,19.503333333333334,DATA_NATIVE_COHORT
United Kingdom,Other,"Construction work for pipelines, communication and power lines, for highways, roads, airfields and railways; flatwork",14,12,1,15.0,0.0,3,26.083333333333332,42.833333333333336,0.0,0.08333333333333334,19.503333333333334,DATA_NATIVE_COHORT
United Kingdom,Other,"Public security, law and order services",14,12,1,15.0,0.0,3,26.083333333333332,42.833333333333336,0.0,0.08333333333333334,19.503333333333334,DATA_NATIVE_COHORT
Ireland,Other,Catering equipment.,14,12,1,15.0,0.0,2,26.083333333333332,42.833333333333336,0.0,0.08333333333333334,19.503333333333334,DATA_NATIVE_COHORT
United Kingdom,Other,Construction management services,14,12,1,15.0,0.0,2,26.083333333333332,42.833333333333336,0.0,0.08333333333333334,19.503333333333334,DATA_NATIVE_COHORT
Ireland,Other,Refurbishment work.,13,13,1,15.0,0.0,3,21.5,48.083333333333336,0.0,0.08333333333333334,19.401666666666667,DATA_NATIVE_COHORT
Canada federal,Other,*Paper shredding machines or accessories,10,6,1,15.0,40.0,3,0.0,14.583333333333334,85.75,0.08333333333333334,19.246666666666666,DATA_NATIVE_COHORT
Canada federal,Other,*Education and Training Services,11,1,1,15.0,45.45454545454545,4,8.5,0.0,91.41666666666667,0.08333333333333334,19.195,DATA_NATIVE_COHORT
Ireland,Other,Advertising material.,12,6,1,15.0,25.0,3,14.499999999999998,14.583333333333334,59.66666666666667,0.08333333333333334,19.191666666666666,DATA_NATIVE_COHORT
United Kingdom,Other,Surveillance services,12,6,1,15.0,25.0,3,14.499999999999998,14.583333333333334,59.66666666666667,0.08333333333333334,19.191666666666666,DATA_NATIVE_COHORT
Canada federal,Other,*Accommodation furniture *Office furniture,18,6,1,15.0,5.555555555555555,4,42.583333333333336,14.583333333333334,9.416666666666666,0.08333333333333334,19.133333333333333,DATA_NATIVE_COHORT
Canada federal,Other,*Chartered airplane travel *Passenger aircraft rental or leasing service,14,3,1,15.0,21.428571428571427,2,26.083333333333332,5.75,51.24999999999999,0.08333333333333334,19.086666666666662,DATA_NATIVE_COHORT
Canada federal,Other,*Fishery research or experimentation services,10,3,1,15.0,60.0,4,0.0,5.75,97.41666666666666,0.08333333333333334,19.049999999999997,DATA_NATIVE_COHORT
Canada federal,Other,*Electrical components,15,9,1,15.0,6.666666666666667,3,31.333333333333336,26.333333333333332,11.75,0.08333333333333334,19.008333333333333,DATA_NATIVE_COHORT
United Kingdom,Other,Environmental impact assessment other than for construction,14,10,1,15.0,7.142857142857142,4,26.083333333333332,31.916666666666664,12.75,0.08333333333333334,18.959999999999997,DATA_NATIVE_COHORT
United Kingdom,Other,Enteral feeds,14,10,1,15.0,7.142857142857142,3,26.083333333333332,31.916666666666664,12.75,0.08333333333333334,18.959999999999997,DATA_NATIVE_COHORT
Ireland,Other,Administrative services related to tourism affairs.,13,8,1,15.0,15.384615384615385,3,21.5,21.916666666666668,34.66666666666667,0.08333333333333334,18.838333333333335,DATA_NATIVE_COHORT
United Kingdom,Other,Military defence services,21,5,1,15.0,0.0,3,49.333333333333336,11.5,0.0,0.08333333333333334,18.796666666666667,DATA_NATIVE_COHORT
United Kingdom,Other,Minibuses,11,10,1,15.0,18.181818181818183,4,8.5,31.916666666666664,42.833333333333336,0.08333333333333334,18.748333333333335,DATA_NATIVE_COHORT
United Kingdom,Other,Repair and maintenance services of machinery,11,10,1,15.0,18.181818181818183,4,8.5,31.916666666666664,42.833333333333336,0.08333333333333334,18.748333333333335,DATA_NATIVE_COHORT
United Kingdom,Other,Lifts,11,10,1,15.0,18.181818181818183,4,8.5,31.916666666666664,42.833333333333336,0.08333333333333334,18.748333333333335,DATA_NATIVE_COHORT
United Kingdom,Other,Cafeteria services,11,10,1,15.0,18.181818181818183,4,8.5,31.916666666666664,42.833333333333336,0.08333333333333334,18.748333333333335,DATA_NATIVE_COHORT
Canada federal,Other,*Pipe piping and pipe fittings,10,2,1,15.0,80.0,3,0.0,3.5000000000000004,98.91666666666666,0.08333333333333334,18.734999999999996,DATA_NATIVE_COHORT
Canada federal,Other,*Defense and law enforcement and security and safety training equipment,10,2,1,15.0,80.0,4,0.0,3.5000000000000004,98.91666666666666,0.08333333333333334,18.734999999999996,DATA_NATIVE_COHORT
Canada federal,Other,*Events management *Meeting planning services,10,2,1,15.0,80.0,3,0.0,3.5000000000000004,98.91666666666666,0.08333333333333334,18.734999999999996,DATA_NATIVE_COHORT
United Kingdom,Other,Network equipment,10,8,1,15.0,30.0,4,0.0,21.916666666666668,72.08333333333333,0.08333333333333334,18.69333333333333,DATA_NATIVE_COHORT
United Kingdom,Other,Chargers,12,12,1,15.0,8.333333333333332,3,14.499999999999998,42.833333333333336,15.5,0.08333333333333334,18.586666666666666,DATA_NATIVE_COHORT
Canada federal,Other,*Building and Facility Construction and Maintenance Services *Nonresidential building construction services,15,1,1,15.0,20.0,2,31.333333333333336,0.0,46.916666666666664,0.08333333333333334,18.491666666666664,DATA_NATIVE_COHORT
Canada federal,Other,*Food Beverage and Tobacco Products,12,1,1,15.0,33.33333333333333,4,14.499999999999998,0.0,76.75,0.08333333333333334,18.474999999999998,DATA_NATIVE_COHORT
Canada federal,Other,*Vehicle servicing equipment,10,2,1,15.0,60.0,4,0.0,3.5000000000000004,97.41666666666666,0.08333333333333334,18.464999999999996,DATA_NATIVE_COHORT
Canada federal,Other,*Agricultural and forestry and landscape machinery and equipment,11,2,1,15.0,36.36363636363637,4,8.5,3.5000000000000004,82.25,0.08333333333333334,18.455,DATA_NATIVE_COHORT
Ireland,Other,Administrative healthcare services.,12,5,1,15.0,25.0,4,14.499999999999998,11.5,59.66666666666667,0.08333333333333334,18.39,DATA_NATIVE_COHORT
Canada federal,Other,*Defense or law enforcement ammunition,13,3,1,15.0,23.076923076923077,4,21.5,5.75,55.00000000000001,0.08333333333333334,18.294999999999998,DATA_NATIVE_COHORT
United Kingdom,Other,Personnel-training services,12,9,1,15.0,16.666666666666664,3,14.499999999999998,26.333333333333332,37.5,0.08333333333333334,18.256666666666664,DATA_NATIVE_COHORT
Ireland,Other,Flatbed and Tipper trucks.,12,9,1,15.0,16.666666666666664,3,14.499999999999998,26.333333333333332,37.5,0.08333333333333334,18.256666666666664,DATA_NATIVE_COHORT
United Kingdom,Other,Police services,12,9,1,15.0,16.666666666666664,4,14.499999999999998,26.333333333333332,37.5,0.08333333333333334,18.256666666666664,DATA_NATIVE_COHORT
United Kingdom,Other,Daycare services for disabled children and young people,12,9,1,15.0,16.666666666666664,2,14.499999999999998,26.333333333333332,37.5,0.08333333333333334,18.256666666666664,DATA_NATIVE_COHORT
United Kingdom,Other,Repair and maintenance services of rolling stock,11,6,1,15.0,27.27272727272727,4,8.5,14.583333333333334,65.0,0.08333333333333334,18.231666666666666,DATA_NATIVE_COHORT
Ireland,Other,"Services furnished by business, professional and specialist organisations.",17,2,1,15.0,11.76470588235294,3,39.0,3.5000000000000004,26.166666666666664,0.08333333333333334,18.12,DATA_NATIVE_COHORT
United Kingdom,Other,Multi-dwelling buildings construction work,13,12,1,15.0,0.0,3,21.5,42.833333333333336,0.0,0.08333333333333334,18.03666666666667,DATA_NATIVE_COHORT
United Kingdom,Other,Electrical domestic appliances,13,12,1,15.0,0.0,3,21.5,42.833333333333336,0.0,0.08333333333333334,18.03666666666667,DATA_NATIVE_COHORT
United Kingdom,Other,Landscaping work,13,12,1,15.0,0.0,3,21.5,42.833333333333336,0.0,0.08333333333333334,18.03666666666667,DATA_NATIVE_COHORT
Canada federal,Other,*Electric alternating current AC motors,10,1,1,15.0,100.0,2,0.0,0.0,100.0,0.08333333333333334,18.02,DATA_NATIVE_COHORT
United Kingdom,Other,Surface work for highways,13,7,1,15.0,15.384615384615385,4,21.5,18.416666666666668,34.66666666666667,0.08333333333333334,17.92833333333333,DATA_NATIVE_COHORT
United Kingdom,Other,Railway construction works,13,7,1,15.0,15.384615384615385,4,21.5,18.416666666666668,34.66666666666667,0.08333333333333334,17.92833333333333,DATA_NATIVE_COHORT
Canada federal,Other,*Chartered airplane travel,15,8,1,15.0,6.666666666666667,3,31.333333333333336,21.916666666666668,11.75,0.08333333333333334,17.86,DATA_NATIVE_COHORT
Canada federal,Other,*Electronic Components and Supplies,10,1,1,15.0,70.0,3,0.0,0.0,98.5,0.08333333333333334,17.75,DATA_NATIVE_COHORT
Canada federal,Other,"*Printers, Page, Laser - Maintenance",10,1,1,15.0,70.0,3,0.0,0.0,98.5,0.08333333333333334,17.75,DATA_NATIVE_COHORT
United Kingdom,Other,Travel services,13,10,1,15.0,7.6923076923076925,4,21.5,31.916666666666664,13.916666666666666,0.08333333333333334,17.703333333333333,DATA_NATIVE_COHORT
Canada federal,Other,*Gas analyzers and monitors,15,4,1,15.0,13.333333333333334,4,31.333333333333336,8.166666666666666,30.166666666666668,0.08333333333333334,17.599999999999998,DATA_NATIVE_COHORT
Canada federal,Other,*Roofing and siding and sheet metal services,10,4,1,15.0,40.0,4,0.0,8.166666666666666,85.75,0.08333333333333334,17.57833333333333,DATA_NATIVE_COHORT
Canada federal,Other,*Infrastructure maintenance and repair services,11,1,1,15.0,36.36363636363637,4,8.5,0.0,82.25,0.08333333333333334,17.544999999999998,DATA_NATIVE_COHORT
United Kingdom,Other,Decoration work,14,9,1,15.0,7.142857142857142,4,26.083333333333332,26.333333333333332,12.75,0.08333333333333334,17.50833333333333,DATA_NATIVE_COHORT
United Kingdom,Other,Commissioning of public lighting installations,11,9,1,15.0,18.181818181818183,4,8.5,26.333333333333332,42.833333333333336,0.08333333333333334,17.296666666666667,DATA_NATIVE_COHORT
Ireland,Other,Banking services.,11,9,1,15.0,18.181818181818183,3,8.5,26.333333333333332,42.833333333333336,0.08333333333333334,17.296666666666667,DATA_NATIVE_COHORT
United Kingdom,Other,Motor vehicle conversion services,11,9,1,15.0,18.181818181818183,4,8.5,26.333333333333332,42.833333333333336,0.08333333333333334,17.296666666666667,DATA_NATIVE_COHORT
Ireland,Other,Guidance and counselling services.,11,9,1,15.0,18.181818181818183,3,8.5,26.333333333333332,42.833333333333336,0.08333333333333334,17.296666666666667,DATA_NATIVE_COHORT
United Kingdom,Other,Urban planning and landscape architectural services,12,11,1,15.0,8.333333333333332,4,14.499999999999998,37.666666666666664,15.5,0.08333333333333334,17.243333333333332,DATA_NATIVE_COHORT
United Kingdom,Other,Mechanical engineering installation works,12,11,1,15.0,8.333333333333332,3,14.499999999999998,37.666666666666664,15.5,0.08333333333333334,17.243333333333332,DATA_NATIVE_COHORT
United Kingdom,Other,Refuse skips,12,11,1,15.0,8.333333333333332,4,14.499999999999998,37.666666666666664,15.5,0.08333333333333334,17.243333333333332,DATA_NATIVE_COHORT
United Kingdom,Other,Health insurance services,12,11,1,15.0,8.333333333333332,4,14.499999999999998,37.666666666666664,15.5,0.08333333333333334,17.243333333333332,DATA_NATIVE_COHORT
United Kingdom,Other,Financial management consultancy services,12,11,1,15.0,8.333333333333332,4,14.499999999999998,37.666666666666664,15.5,0.08333333333333334,17.243333333333332,DATA_NATIVE_COHORT
Canada federal,Other,*Specialized accommodation services,14,5,1,15.0,14.285714285714285,4,26.083333333333332,11.5,32.33333333333333,0.08333333333333334,17.176666666666666,DATA_NATIVE_COHORT
United Kingdom,Other,Railway-track maintenance services,12,8,1,15.0,16.666666666666664,3,14.499999999999998,21.916666666666668,37.5,0.08333333333333334,17.108333333333334,DATA_NATIVE_COHORT
Canada federal,Other,*Laboratory equipment maintenance,12,8,1,15.0,16.666666666666664,4,14.499999999999998,21.916666666666668,37.5,0.08333333333333334,17.108333333333334,DATA_NATIVE_COHORT
Canada federal,Other,*Transportation components and systems,10,3,1,15.0,40.0,4,0.0,5.75,85.75,0.08333333333333334,16.95,DATA_NATIVE_COHORT
United Kingdom,Other,Machines and apparatus for testing and measuring,13,6,1,15.0,15.384615384615385,3,21.5,14.583333333333334,34.66666666666667,0.08333333333333334,16.93166666666667,DATA_NATIVE_COHORT
Ireland,Other,Environmental management.,12,3,1,15.0,25.0,3,14.499999999999998,5.75,59.66666666666667,0.08333333333333334,16.895,DATA_NATIVE_COHORT
Canada federal,Other,*Sampling equipment,12,3,1,15.0,25.0,3,14.499999999999998,5.75,59.66666666666667,0.08333333333333334,16.895,DATA_NATIVE_COHORT
Canada federal,Other,*Agricultural machinery for harvesting,13,1,1,15.0,23.076923076923077,3,21.5,0.0,55.00000000000001,0.08333333333333334,16.8,DATA_NATIVE_COHORT
Canada federal,Other,*General building and office cleaning and maintenance services,10,6,1,15.0,30.0,4,0.0,14.583333333333334,72.08333333333333,0.08333333333333334,16.786666666666665,DATA_NATIVE_COHORT
Canada federal,Other,*Civil engineering,10,6,1,15.0,30.0,4,0.0,14.583333333333334,72.08333333333333,0.08333333333333334,16.786666666666665,DATA_NATIVE_COHORT
Ireland,Other,Suction-sweeper vehicles.,10,6,1,15.0,30.0,4,0.0,14.583333333333334,72.08333333333333,0.08333333333333334,16.786666666666665,DATA_NATIVE_COHORT
United Kingdom,Other,Telephone-answering services,10,10,1,15.0,20.0,4,0.0,31.916666666666664,46.916666666666664,0.08333333333333334,16.763333333333332,DATA_NATIVE_COHORT
United Kingdom,Other,Engineering design services for mechanical and electrical installations for buildings,10,10,1,15.0,20.0,4,0.0,31.916666666666664,46.916666666666664,0.08333333333333334,16.763333333333332,DATA_NATIVE_COHORT
United Kingdom,Other,Meter reading service,10,10,1,15.0,20.0,4,0.0,31.916666666666664,46.916666666666664,0.08333333333333334,16.763333333333332,DATA_NATIVE_COHORT
United Kingdom,Other,Boiler installation work,10,10,1,15.0,20.0,4,0.0,31.916666666666664,46.916666666666664,0.08333333333333334,16.763333333333332,DATA_NATIVE_COHORT
United Kingdom,Other,Electrical supplies and accessories,10,10,1,15.0,20.0,4,0.0,31.916666666666664,46.916666666666664,0.08333333333333334,16.763333333333332,DATA_NATIVE_COHORT
United Kingdom,Other,"Cleaning and sanitation services in urban or rural areas, and related services",10,10,1,15.0,20.0,4,0.0,31.916666666666664,46.916666666666664,0.08333333333333334,16.763333333333332,DATA_NATIVE_COHORT
United Kingdom,Other,Office-support services,10,10,1,15.0,20.0,3,0.0,31.916666666666664,46.916666666666664,0.08333333333333334,16.763333333333332,DATA_NATIVE_COHORT
United Kingdom,Other,Accommodation management services,10,10,1,15.0,20.0,3,0.0,31.916666666666664,46.916666666666664,0.08333333333333334,16.763333333333332,DATA_NATIVE_COHORT
United Kingdom,Other,Youth education services,13,11,1,15.0,0.0,3,21.5,37.666666666666664,0.0,0.08333333333333334,16.69333333333333,DATA_NATIVE_COHORT
Canada federal,Other,*Tires and tire tubes,11,4,1,15.0,27.27272727272727,3,8.5,8.166666666666666,65.0,0.08333333333333334,16.563333333333333,DATA_NATIVE_COHORT
Canada federal,Other,*Fitness equipment,10,2,1,15.0,40.0,3,0.0,3.5000000000000004,85.75,0.08333333333333334,16.365,DATA_NATIVE_COHORT
Ireland,Other,Analysis services.,14,8,1,15.0,7.142857142857142,4,26.083333333333332,21.916666666666668,12.75,0.08333333333333334,16.36,DATA_NATIVE_COHORT
Canada federal,Other,*Professional engineering services *Architectural engineering,12,2,1,15.0,25.0,4,14.499999999999998,3.5000000000000004,59.66666666666667,0.08333333333333334,16.31,DATA_NATIVE_COHORT
Canada federal,Other,*ADP Input-Output and Storage Devices - Maintenance,16,1,1,15.0,12.5,3,35.41666666666667,0.0,27.416666666666668,0.08333333333333334,16.288333333333334,DATA_NATIVE_COHORT
Canada federal,Other,*Office furniture *Seating,18,2,1,15.0,5.555555555555555,4,42.583333333333336,3.5000000000000004,9.416666666666666,0.08333333333333334,16.251666666666665,DATA_NATIVE_COHORT
United Kingdom,Other,Miscellaneous medical devices and products,13,9,1,15.0,7.6923076923076925,3,21.5,26.333333333333332,13.916666666666666,0.08333333333333334,16.251666666666665,DATA_NATIVE_COHORT
Ireland,Other,Cleaning and sanitation services.,13,9,1,15.0,7.6923076923076925,4,21.5,26.333333333333332,13.916666666666666,0.08333333333333334,16.251666666666665,DATA_NATIVE_COHORT
Ireland,Other,Plumbing equipment.,12,7,1,15.0,16.666666666666664,3,14.499999999999998,18.416666666666668,37.5,0.08333333333333334,16.198333333333334,DATA_NATIVE_COHORT
Ireland,Other,Building demolition and wrecking work and earthmoving work.,11,8,1,15.0,18.181818181818183,4,8.5,21.916666666666668,42.833333333333336,0.08333333333333334,16.148333333333333,DATA_NATIVE_COHORT
Canada federal,Other,*Helicopter services,10,5,1,15.0,30.0,3,0.0,11.5,72.08333333333333,0.08333333333333334,15.984999999999998,DATA_NATIVE_COHORT
Canada federal,Other,*Chromatographic measuring instruments and accessories,15,6,1,15.0,6.666666666666667,3,31.333333333333336,14.583333333333334,11.75,0.08333333333333334,15.953333333333335,DATA_NATIVE_COHORT
United Kingdom,Other,Entertainment services,12,12,1,15.0,0.0,3,14.499999999999998,42.833333333333336,0.0,0.08333333333333334,15.796666666666667,DATA_NATIVE_COHORT
United Kingdom,Other,Architectural and building-surveying services,12,10,1,15.0,8.333333333333332,3,14.499999999999998,31.916666666666664,15.5,0.08333333333333334,15.748333333333331,DATA_NATIVE_COHORT
Ireland,Other,Banking and investment services.,12,10,1,15.0,8.333333333333332,3,14.499999999999998,31.916666666666664,15.5,0.08333333333333334,15.748333333333331,DATA_NATIVE_COHORT
United Kingdom,Other,Environmental improvement works,12,10,1,15.0,8.333333333333332,4,14.499999999999998,31.916666666666664,15.5,0.08333333333333334,15.748333333333331,DATA_NATIVE_COHORT
United Kingdom,Other,Interior decorating services,11,11,1,15.0,9.090909090909092,3,8.5,37.666666666666664,17.416666666666668,0.08333333333333334,15.668333333333333,DATA_NATIVE_COHORT
United Kingdom,Other,Corporate finance and venture capital services,11,11,1,15.0,9.090909090909092,4,8.5,37.666666666666664,17.416666666666668,0.08333333333333334,15.668333333333333,DATA_NATIVE_COHORT
Ireland,Other,Vans.,10,9,1,15.0,20.0,4,0.0,26.333333333333332,46.916666666666664,0.08333333333333334,15.311666666666664,DATA_NATIVE_COHORT
Ireland,Other,Pension services.,10,9,1,15.0,20.0,3,0.0,26.333333333333332,46.916666666666664,0.08333333333333334,15.311666666666664,DATA_NATIVE_COHORT
Ireland,Other,Networks.,10,9,1,15.0,20.0,4,0.0,26.333333333333332,46.916666666666664,0.08333333333333334,15.311666666666664,DATA_NATIVE_COHORT
United Kingdom,Other,Domestic furniture,10,9,1,15.0,20.0,4,0.0,26.333333333333332,46.916666666666664,0.08333333333333334,15.311666666666664,DATA_NATIVE_COHORT
Canada federal,Other,*HVAC mechanical construction service,13,4,1,15.0,15.384615384615385,4,21.5,8.166666666666666,34.66666666666667,0.08333333333333334,15.263333333333334,DATA_NATIVE_COHORT
United Kingdom,Other,"Nuclear, biological, chemical and radiological protection equipment",11,7,1,15.0,18.181818181818183,3,8.5,18.416666666666668,42.833333333333336,0.08333333333333334,15.238333333333333,DATA_NATIVE_COHORT
Canada federal,Other,*Viewing and observing instruments and accessories,11,7,1,15.0,18.181818181818183,4,8.5,18.416666666666668,42.833333333333336,0.08333333333333334,15.238333333333333,DATA_NATIVE_COHORT
Ireland,Other,Footpath construction work.,11,7,1,15.0,18.181818181818183,4,8.5,18.416666666666668,42.833333333333336,0.08333333333333334,15.238333333333333,DATA_NATIVE_COHORT
Canada federal,Other,*Building construction management,12,6,1,15.0,16.666666666666664,3,14.499999999999998,14.583333333333334,37.5,0.08333333333333334,15.201666666666666,DATA_NATIVE_COHORT
Canada federal,Other,*Electrical and electronic engineering,16,3,1,15.0,6.25,3,35.41666666666667,5.75,10.916666666666666,0.08333333333333334,14.813333333333336,DATA_NATIVE_COHORT
United Kingdom,Other,Magnets,17,4,1,15.0,0.0,3,39.0,8.166666666666666,0.0,0.08333333333333334,14.623333333333333,DATA_NATIVE_COHORT
Canada federal,Other,*Other Telecommunications Services,11,1,1,15.0,27.27272727272727,3,8.5,0.0,65.0,0.08333333333333334,14.44,DATA_NATIVE_COHORT
Canada federal,Other,*Sewage treatment services,11,1,1,15.0,27.27272727272727,4,8.5,0.0,65.0,0.08333333333333334,14.44,DATA_NATIVE_COHORT
Canada federal,Other,*Passenger marine transportation,12,5,1,15.0,16.666666666666664,4,14.499999999999998,11.5,37.5,0.08333333333333334,14.399999999999999,DATA_NATIVE_COHORT
United Kingdom,Other,Medical education services,12,9,1,15.0,8.333333333333332,4,14.499999999999998,26.333333333333332,15.5,0.08333333333333334,14.296666666666667,DATA_NATIVE_COHORT
United Kingdom,Other,Vehicle refuelling services,11,6,1,15.0,18.181818181818183,4,8.5,14.583333333333334,42.833333333333336,0.08333333333333334,14.241666666666667,DATA_NATIVE_COHORT
Canada federal,Other,*Laboratory environmental conditioning equipment,13,7,1,15.0,7.6923076923076925,3,21.5,18.416666666666668,13.916666666666666,0.08333333333333334,14.193333333333332,DATA_NATIVE_COHORT
Ireland,Other,"Heating, ventilation and air-conditioning installation work.",13,7,1,15.0,7.6923076923076925,4,21.5,18.416666666666668,13.916666666666666,0.08333333333333334,14.193333333333332,DATA_NATIVE_COHORT
United Kingdom,Other,Urban development construction work,11,10,1,15.0,9.090909090909092,3,8.5,31.916666666666664,17.416666666666668,0.08333333333333334,14.173333333333334,DATA_NATIVE_COHORT
United Kingdom,Other,"Repair and maintenance services of measuring, testing and checking apparatus",10,8,1,15.0,20.0,3,0.0,21.916666666666668,46.916666666666664,0.08333333333333334,14.163333333333332,DATA_NATIVE_COHORT
Ireland,Other,Urban planning and landscape architectural services.,10,8,1,15.0,20.0,2,0.0,21.916666666666668,46.916666666666664,0.08333333333333334,14.163333333333332,DATA_NATIVE_COHORT
Ireland,Other,Catering supplies.,10,8,1,15.0,20.0,4,0.0,21.916666666666668,46.916666666666664,0.08333333333333334,14.163333333333332,DATA_NATIVE_COHORT
Ireland,Other,Heat pumps.,10,8,1,15.0,20.0,3,0.0,21.916666666666668,46.916666666666664,0.08333333333333334,14.163333333333332,DATA_NATIVE_COHORT
Canada federal,Other,*Audio and visual equipment,10,2,1,15.0,30.0,3,0.0,3.5000000000000004,72.08333333333333,0.08333333333333334,13.904999999999998,DATA_NATIVE_COHORT
Canada federal,Other,*Air transportation support systems and equipment,12,4,1,15.0,16.666666666666664,4,14.499999999999998,8.166666666666666,37.5,0.08333333333333334,13.533333333333331,DATA_NATIVE_COHORT
Canada federal,Other,*Cargo trucks,11,5,1,15.0,18.181818181818183,3,8.5,11.5,42.833333333333336,0.08333333333333334,13.440000000000001,DATA_NATIVE_COHORT
United Kingdom,Other,Sheltered housing construction work,10,7,1,15.0,20.0,3,0.0,18.416666666666668,46.916666666666664,0.08333333333333334,13.253333333333332,DATA_NATIVE_COHORT
United Kingdom,Other,Clinical forensics equipment and supplies,10,7,1,15.0,20.0,3,0.0,18.416666666666668,46.916666666666664,0.08333333333333334,13.253333333333332,DATA_NATIVE_COHORT
United Kingdom,Other,Archaeological services,10,7,1,15.0,20.0,4,0.0,18.416666666666668,46.916666666666664,0.08333333333333334,13.253333333333332,DATA_NATIVE_COHORT
United Kingdom,Other,Repair and maintenance services of security and defence materials,13,6,1,15.0,7.6923076923076925,4,21.5,14.583333333333334,13.916666666666666,0.08333333333333334,13.196666666666665,DATA_NATIVE_COHORT
Ireland,Other,Road bridge construction work.,15,5,1,15.0,0.0,3,31.333333333333336,11.5,0.0,0.08333333333333334,13.036666666666667,DATA_NATIVE_COHORT
United Kingdom,Other,Radiation protection services,12,10,1,15.0,0.0,2,14.499999999999998,31.916666666666664,0.0,0.08333333333333334,12.958333333333332,DATA_NATIVE_COHORT
Ireland,Other,Coaching services.,12,10,1,15.0,0.0,3,14.499999999999998,31.916666666666664,0.0,0.08333333333333334,12.958333333333332,DATA_NATIVE_COHORT
United Kingdom,Other,Administrative services of agencies,14,4,1,15.0,7.142857142857142,4,26.083333333333332,8.166666666666666,12.75,0.08333333333333334,12.784999999999998,DATA_NATIVE_COHORT
United Kingdom,Other,Adult-education services at university level,11,9,1,15.0,9.090909090909092,3,8.5,26.333333333333332,17.416666666666668,0.08333333333333334,12.721666666666666,DATA_NATIVE_COHORT
United Kingdom,Other,Construction work for water projects,11,9,1,15.0,9.090909090909092,4,8.5,26.333333333333332,17.416666666666668,0.08333333333333334,12.721666666666666,DATA_NATIVE_COHORT
United Kingdom,Other,Pension investment services,11,9,1,15.0,9.090909090909092,3,8.5,26.333333333333332,17.416666666666668,0.08333333333333334,12.721666666666666,DATA_NATIVE_COHORT
United Kingdom,Other,Secondary education services,11,9,1,15.0,9.090909090909092,3,8.5,26.333333333333332,17.416666666666668,0.08333333333333334,12.721666666666666,DATA_NATIVE_COHORT
United Kingdom,Other,Patient-monitoring system,11,9,1,15.0,9.090909090909092,4,8.5,26.333333333333332,17.416666666666668,0.08333333333333334,12.721666666666666,DATA_NATIVE_COHORT
United Kingdom,Other,Law-courts-related administrative services,11,4,1,15.0,18.181818181818183,4,8.5,8.166666666666666,42.833333333333336,0.08333333333333334,12.573333333333334,DATA_NATIVE_COHORT
United Kingdom,Other,"Coffee, tea and related products",11,11,1,15.0,0.0,3,8.5,37.666666666666664,0.0,0.08333333333333334,12.533333333333333,DATA_NATIVE_COHORT
United Kingdom,Other,Solar energy,11,11,1,15.0,0.0,3,8.5,37.666666666666664,0.0,0.08333333333333334,12.533333333333333,DATA_NATIVE_COHORT
United Kingdom,Other,Training and simulation in military electronic systems,12,2,1,15.0,16.666666666666664,3,14.499999999999998,3.5000000000000004,37.5,0.08333333333333334,12.32,DATA_NATIVE_COHORT
Canada federal,Other,*Mowers,10,6,1,15.0,20.0,4,0.0,14.583333333333334,46.916666666666664,0.08333333333333334,12.256666666666664,DATA_NATIVE_COHORT
United Kingdom,Other,Prison services,10,6,1,15.0,20.0,3,0.0,14.583333333333334,46.916666666666664,0.08333333333333334,12.256666666666664,DATA_NATIVE_COHORT
Ireland,Other,Demolition work.,12,7,1,15.0,8.333333333333332,3,14.499999999999998,18.416666666666668,15.5,0.08333333333333334,12.238333333333333,DATA_NATIVE_COHORT
Ireland,Other,Community action programme.,15,4,1,15.0,0.0,2,31.333333333333336,8.166666666666666,0.0,0.08333333333333334,12.17,DATA_NATIVE_COHORT
Ireland,Other,Electrical wiring and fitting work.,10,10,1,15.0,10.0,4,0.0,31.916666666666664,21.0,0.08333333333333334,12.098333333333333,DATA_NATIVE_COHORT
United Kingdom,Other,Weather-forecasting services,10,10,1,15.0,10.0,4,0.0,31.916666666666664,21.0,0.08333333333333334,12.098333333333333,DATA_NATIVE_COHORT
Canada federal,Other,*Snow plow truck,11,3,1,15.0,18.181818181818183,4,8.5,5.75,42.833333333333336,0.08333333333333334,11.945,DATA_NATIVE_COHORT
United Kingdom,Other,Ironmongery,11,8,1,15.0,9.090909090909092,3,8.5,21.916666666666668,17.416666666666668,0.08333333333333334,11.573333333333334,DATA_NATIVE_COHORT
Canada federal,Other,*Electrical cable and accessories,11,8,1,15.0,9.090909090909092,3,8.5,21.916666666666668,17.416666666666668,0.08333333333333334,11.573333333333334,DATA_NATIVE_COHORT
Canada federal,Other,*Public relations and professional communications services,11,8,1,15.0,9.090909090909092,3,8.5,21.916666666666668,17.416666666666668,0.08333333333333334,11.573333333333334,DATA_NATIVE_COHORT
Ireland,Other,"Security, fire-fighting, police and defence equipment.",11,8,1,15.0,9.090909090909092,4,8.5,21.916666666666668,17.416666666666668,0.08333333333333334,11.573333333333334,DATA_NATIVE_COHORT
United Kingdom,Other,Restaurant and food-serving services,11,8,1,15.0,9.090909090909092,3,8.5,21.916666666666668,17.416666666666668,0.08333333333333334,11.573333333333334,DATA_NATIVE_COHORT
Ireland,Other,Construction work for bridges.,11,8,1,15.0,9.090909090909092,4,8.5,21.916666666666668,17.416666666666668,0.08333333333333334,11.573333333333334,DATA_NATIVE_COHORT
United Kingdom,Other,"Laundry washing, dry-cleaning and drying machines",11,8,1,15.0,9.090909090909092,3,8.5,21.916666666666668,17.416666666666668,0.08333333333333334,11.573333333333334,DATA_NATIVE_COHORT
United Kingdom,Other,Vaccines,14,2,1,15.0,7.142857142857142,3,26.083333333333332,3.5000000000000004,12.75,0.08333333333333334,11.571666666666665,DATA_NATIVE_COHORT
Ireland,Other,Hire of passenger transport vehicles with driver.,10,5,1,15.0,20.0,3,0.0,11.5,46.916666666666664,0.08333333333333334,11.454999999999998,DATA_NATIVE_COHORT
Canada federal,Other,*ADP Software - Installation,12,1,1,15.0,16.666666666666664,3,14.499999999999998,0.0,37.5,0.08333333333333334,11.41,DATA_NATIVE_COHORT
Canada federal,Other,*Fresh fruits *Fresh vegetables,12,1,1,15.0,16.666666666666664,4,14.499999999999998,0.0,37.5,0.08333333333333334,11.41,DATA_NATIVE_COHORT
Canada federal,Other,*Dental services,14,5,1,15.0,0.0,2,26.083333333333332,11.5,0.0,0.08333333333333334,11.356666666666666,DATA_NATIVE_COHORT
Ireland,Other,Construction work for college buildings.,12,6,1,15.0,8.333333333333332,3,14.499999999999998,14.583333333333334,15.5,0.08333333333333334,11.241666666666667,DATA_NATIVE_COHORT
Ireland,Other,Specialist training services.,11,10,1,15.0,0.0,3,8.5,31.916666666666664,0.0,0.08333333333333334,11.038333333333334,DATA_NATIVE_COHORT
United Kingdom,Other,"Repair, maintenance and associated services related to aircraft, railways, roads and marine equipment",11,10,1,15.0,0.0,3,8.5,31.916666666666664,0.0,0.08333333333333334,11.038333333333334,DATA_NATIVE_COHORT
United Kingdom,Other,Pressure vessels,13,6,1,15.0,0.0,2,21.5,14.583333333333334,0.0,0.08333333333333334,10.691666666666666,DATA_NATIVE_COHORT
United Kingdom,Other,Diving services,13,6,1,15.0,0.0,3,21.5,14.583333333333334,0.0,0.08333333333333334,10.691666666666666,DATA_NATIVE_COHORT
United Kingdom,Other,Services furnished by professional organisations,11,7,1,15.0,9.090909090909092,3,8.5,18.416666666666668,17.416666666666668,0.08333333333333334,10.663333333333334,DATA_NATIVE_COHORT
United Kingdom,Other,Educational equipment,10,9,1,15.0,10.0,3,0.0,26.333333333333332,21.0,0.08333333333333334,10.646666666666667,DATA_NATIVE_COHORT
United Kingdom,Other,Access control system,10,9,1,15.0,10.0,3,0.0,26.333333333333332,21.0,0.08333333333333334,10.646666666666667,DATA_NATIVE_COHORT
United Kingdom,Other,Bicycles,10,9,1,15.0,10.0,4,0.0,26.333333333333332,21.0,0.08333333333333334,10.646666666666667,DATA_NATIVE_COHORT
Ireland,Other,"Surveying, hydrographic, oceanographic and hydrological instruments and appliances.",10,9,1,15.0,10.0,2,0.0,26.333333333333332,21.0,0.08333333333333334,10.646666666666667,DATA_NATIVE_COHORT
Ireland,Other,Topographical services.,10,9,1,15.0,10.0,3,0.0,26.333333333333332,21.0,0.08333333333333334,10.646666666666667,DATA_NATIVE_COHORT
United Kingdom,Other,Safety equipment,10,9,1,15.0,10.0,4,0.0,26.333333333333332,21.0,0.08333333333333334,10.646666666666667,DATA_NATIVE_COHORT
Canada federal,Other,*Elevators *Elevator maintenance services,10,4,1,15.0,20.0,4,0.0,8.166666666666666,46.916666666666664,0.08333333333333334,10.588333333333331,DATA_NATIVE_COHORT
Canada federal,Other,*Landscaping services *Exterior grounds maintenance,10,4,1,15.0,20.0,3,0.0,8.166666666666666,46.916666666666664,0.08333333333333334,10.588333333333331,DATA_NATIVE_COHORT
Canada federal,Other,*Community relations consultation and engagement,14,4,1,15.0,0.0,3,26.083333333333332,8.166666666666666,0.0,0.08333333333333334,10.489999999999998,DATA_NATIVE_COHORT
Canada federal,Other,*Mattresses or sleep sets,10,3,1,15.0,20.0,4,0.0,5.75,46.916666666666664,0.08333333333333334,9.959999999999997,DATA_NATIVE_COHORT
Canada federal,Other,*Environmental management,11,6,1,15.0,9.090909090909092,4,8.5,14.583333333333334,17.416666666666668,0.08333333333333334,9.666666666666666,DATA_NATIVE_COHORT
Ireland,Other,Transport systems consultancy services.,11,6,1,15.0,9.090909090909092,3,8.5,14.583333333333334,17.416666666666668,0.08333333333333334,9.666666666666666,DATA_NATIVE_COHORT
United Kingdom,Other,Administrative housing services,11,9,1,15.0,0.0,3,8.5,26.333333333333332,0.0,0.08333333333333334,9.586666666666666,DATA_NATIVE_COHORT
United Kingdom,Other,Safety consultancy services,12,4,1,15.0,8.333333333333332,3,14.499999999999998,8.166666666666666,15.5,0.08333333333333334,9.573333333333332,DATA_NATIVE_COHORT
United Kingdom,Other,Forestry management services,12,4,1,15.0,8.333333333333332,3,14.499999999999998,8.166666666666666,15.5,0.08333333333333334,9.573333333333332,DATA_NATIVE_COHORT
United Kingdom,Other,Pension fund consultancy services,10,8,1,15.0,10.0,3,0.0,21.916666666666668,21.0,0.08333333333333334,9.498333333333333,DATA_NATIVE_COHORT
Ireland,Other,"Fleet management, repair and maintenance services.",10,8,1,15.0,10.0,3,0.0,21.916666666666668,21.0,0.08333333333333334,9.498333333333333,DATA_NATIVE_COHORT
Ireland,Other,Energy-management services.,10,8,1,15.0,10.0,2,0.0,21.916666666666668,21.0,0.08333333333333334,9.498333333333333,DATA_NATIVE_COHORT
Canada federal,Other,*Healthcare provider specialist services,12,7,1,15.0,0.0,3,14.499999999999998,18.416666666666668,0.0,0.08333333333333334,9.448333333333334,DATA_NATIVE_COHORT
Ireland,Other,Landscaping work for gardens.,12,3,1,15.0,8.333333333333332,4,14.499999999999998,5.75,15.5,0.08333333333333334,8.945,DATA_NATIVE_COHORT
United Kingdom,Other,Timber products,10,7,1,15.0,10.0,3,0.0,18.416666666666668,21.0,0.08333333333333334,8.588333333333333,DATA_NATIVE_COHORT
United Kingdom,Other,Street-lighting equipment,10,7,1,15.0,10.0,4,0.0,18.416666666666668,21.0,0.08333333333333334,8.588333333333333,DATA_NATIVE_COHORT
United Kingdom,Other,Customer services,10,10,1,15.0,0.0,3,0.0,31.916666666666664,0.0,0.08333333333333334,8.318333333333333,DATA_NATIVE_COHORT
United Kingdom,Other,Weed-killing services,10,10,1,15.0,0.0,3,0.0,31.916666666666664,0.0,0.08333333333333334,8.318333333333333,DATA_NATIVE_COHORT
United Kingdom,Other,Hire of industrial vehicles with driver,10,10,1,15.0,0.0,3,0.0,31.916666666666664,0.0,0.08333333333333334,8.318333333333333,DATA_NATIVE_COHORT
United Kingdom,Other,Wood fuels,10,10,1,15.0,0.0,2,0.0,31.916666666666664,0.0,0.08333333333333334,8.318333333333333,DATA_NATIVE_COHORT
United Kingdom,Other,Administrative services for business operations,10,10,1,15.0,0.0,3,0.0,31.916666666666664,0.0,0.08333333333333334,8.318333333333333,DATA_NATIVE_COHORT
United Kingdom,Other,Electronic warfare systems and counter measures,13,2,1,15.0,0.0,3,21.5,3.5000000000000004,0.0,0.08333333333333334,7.81,DATA_NATIVE_COHORT
Ireland,Other,Patent and copyright consultancy services.,10,6,1,15.0,10.0,3,0.0,14.583333333333334,21.0,0.08333333333333334,7.591666666666667,DATA_NATIVE_COHORT
United Kingdom,Other,Cabins,10,6,1,15.0,10.0,4,0.0,14.583333333333334,21.0,0.08333333333333334,7.591666666666667,DATA_NATIVE_COHORT
Ireland,Other,"Newspapers, journals, periodicals and magazines.",10,6,1,15.0,10.0,3,0.0,14.583333333333334,21.0,0.08333333333333334,7.591666666666667,DATA_NATIVE_COHORT
United Kingdom,Other,Gully cleaning and emptying services,11,7,1,15.0,0.0,3,8.5,18.416666666666668,0.0,0.08333333333333334,7.528333333333334,DATA_NATIVE_COHORT
Canada federal,Other,*Engineering and Research and Technology Based Services,12,1,1,15.0,8.333333333333332,3,14.499999999999998,0.0,15.5,0.08333333333333334,7.449999999999999,DATA_NATIVE_COHORT
Canada federal,Other,*Naval architecture,11,3,1,15.0,9.090909090909092,3,8.5,5.75,17.416666666666668,0.08333333333333334,7.369999999999999,DATA_NATIVE_COHORT
United Kingdom,Other,Consulting services for water-supply and waste-water other than for construction,10,9,1,15.0,0.0,3,0.0,26.333333333333332,0.0,0.08333333333333334,6.866666666666666,DATA_NATIVE_COHORT
United Kingdom,Other,Installation services of electrical equipment,10,9,1,15.0,0.0,3,0.0,26.333333333333332,0.0,0.08333333333333334,6.866666666666666,DATA_NATIVE_COHORT
United Kingdom,Other,"Travel agency, tour operator and tourist assistance services",10,9,1,15.0,0.0,2,0.0,26.333333333333332,0.0,0.08333333333333334,6.866666666666666,DATA_NATIVE_COHORT
United Kingdom,Other,Preventive maintenance services,10,9,1,15.0,0.0,2,0.0,26.333333333333332,0.0,0.08333333333333334,6.866666666666666,DATA_NATIVE_COHORT
United Kingdom,Other,"Fruit, vegetables and related products",10,9,1,15.0,0.0,2,0.0,26.333333333333332,0.0,0.08333333333333334,6.866666666666666,DATA_NATIVE_COHORT
Canada federal,Other,*Refrigerated and heated walk in environmental or growth chambers,10,5,1,15.0,10.0,3,0.0,11.5,21.0,0.08333333333333334,6.789999999999999,DATA_NATIVE_COHORT
Ireland,Other,"Lathes, boring and milling machine tools.",10,5,1,15.0,10.0,2,0.0,11.5,21.0,0.08333333333333334,6.789999999999999,DATA_NATIVE_COHORT
United Kingdom,Other,"Repair, maintenance and associated services related to marine and other equipment",10,8,1,15.0,0.0,3,0.0,21.916666666666668,0.0,0.08333333333333334,5.718333333333334,DATA_NATIVE_COHORT
United Kingdom,Other,Rock salt,10,8,1,15.0,0.0,3,0.0,21.916666666666668,0.0,0.08333333333333334,5.718333333333334,DATA_NATIVE_COHORT
United Kingdom,Other,Sportswear,10,8,1,15.0,0.0,3,0.0,21.916666666666668,0.0,0.08333333333333334,5.718333333333334,DATA_NATIVE_COHORT
United Kingdom,Other,Waste analysis services,10,8,1,15.0,0.0,3,0.0,21.916666666666668,0.0,0.08333333333333334,5.718333333333334,DATA_NATIVE_COHORT
Ireland,Other,Exhibition equipment.,10,8,1,15.0,0.0,3,0.0,21.916666666666668,0.0,0.08333333333333334,5.718333333333334,DATA_NATIVE_COHORT
United Kingdom,Other,Repair and maintenance services of playground equipment,10,8,1,15.0,0.0,3,0.0,21.916666666666668,0.0,0.08333333333333334,5.718333333333334,DATA_NATIVE_COHORT
United Kingdom,Other,Burglar and fire alarms,10,8,1,15.0,0.0,3,0.0,21.916666666666668,0.0,0.08333333333333334,5.718333333333334,DATA_NATIVE_COHORT
United Kingdom,Other,Reconditioning services of ships or boats,12,2,1,15.0,0.0,2,14.499999999999998,3.5000000000000004,0.0,0.08333333333333334,5.569999999999999,DATA_NATIVE_COHORT
Ireland,Other,Road-surfacing materials.,10,3,1,15.0,10.0,2,0.0,5.75,21.0,0.08333333333333334,5.295,DATA_NATIVE_COHORT
Canada federal,Other,*Closed circuit television CCTV system,10,3,1,15.0,10.0,4,0.0,5.75,21.0,0.08333333333333334,5.295,DATA_NATIVE_COHORT
United Kingdom,Other,Electricity distribution,11,4,1,15.0,0.0,3,8.5,8.166666666666666,0.0,0.08333333333333334,4.863333333333333,DATA_NATIVE_COHORT
United Kingdom,Other,Physical well-being services,10,7,1,15.0,0.0,3,0.0,18.416666666666668,0.0,0.08333333333333334,4.808333333333334,DATA_NATIVE_COHORT
United Kingdom,Other,"Weapons, ammunition and associated parts",10,7,1,15.0,0.0,3,0.0,18.416666666666668,0.0,0.08333333333333334,4.808333333333334,DATA_NATIVE_COHORT
United Kingdom,Other,Defence services,12,1,1,15.0,0.0,3,14.499999999999998,0.0,0.0,0.08333333333333334,4.659999999999999,DATA_NATIVE_COHORT
Ireland,Other,Executive services.,11,3,1,15.0,0.0,3,8.5,5.75,0.0,0.08333333333333334,4.234999999999999,DATA_NATIVE_COHORT
Canada federal,Other,*Production statistics collection or analysis services,10,6,1,15.0,0.0,3,0.0,14.583333333333334,0.0,0.08333333333333334,3.811666666666667,DATA_NATIVE_COHORT
Canada federal,Other,*Miscellaneous Aircraft Accessories and Components (Military) - Repair and Overhaul,10,1,1,15.0,0.0,2,0.0,0.0,0.0,0.08333333333333334,0.02,DATA_NATIVE_COHORT
United Kingdom,Other,"Training and simulation in aircrafts, missiles and spacecrafts",10,1,1,15.0,0.0,3,0.0,0.0,0.0,0.08333333333333334,0.02,DATA_NATIVE_COHORT
