Warehouse_Source,Historical_Tender_ID,Title,Description,Category,Subcategory,Buyer_ID,Buyer_Name,Country,Publication_Date,Deadline,Lean_Fit,Source_URL,Source_Reference,Niche,Macro_Category,AI_Leverage,Subcontractability,Remote_Feasibility,Low_Entry_Burden,Low_Execution_Pain,Margin_Potential
United Kingdom,ten_16e9f73213278ffde1bb,RMG Access Control System Upgrade,,Other,UNKNOWN,buy_5eda9d0febf3a25e6b2d,National Maritime Museum,United Kingdom,2026-07-27,2026-08-17,15.0,,,Access control / intrusion systems,SECURITY_RESALE,0.24,0.98,0.42,0.66,0.62,0.8
TED,ted_3925391eaad54c91d05d,Framework agreement for the procurement and installation of equipment connected to the existing Lenel OnGuardS2 access control system.,"The aim of this procurement is to enter into parallel framework agreements for the delivery of software, equipment, as well as maintenance and assistance services for the municipality ́s access control system (in this document referred to as AAK). The contracts are for expansions and changes to the existing Lenel OnGuradS2 system and tenderers must therefore have access to equipment, have Lenel OnGuradS2 certified technicians as well as be certified VAR (Value Added Reseller). Bodø municipality shall always have a robust, flexible, well-functioning and future oriented access control system.",Automation / software,Software / automation,buy_581df20f038735ed5497,Bodø Kommune,NOR,2026-07-09,2026-08-17,74.0,,,Access control / intrusion systems,SECURITY_RESALE,0.24,0.98,0.42,0.66,0.62,0.8
Canada federal,ten_7fc8b4a766a59eab435a,Request for Information (RFI) Enterprise Network Access Control Solution,,Other,"*LOCAL AREA NETWORKS, SYSTEMS AND COMPONENTS",buy_6cccf1c8162482cf8b98,Shared Services Canada,Canada,2026-07-06,2026-08-17,15.0,,,Access control / intrusion systems,SECURITY_RESALE,0.24,0.98,0.42,0.66,0.62,0.8
United Kingdom,ten_fc769bf9e8bf1e7fbfa7,Statutory Maintenance and Reactive Repairs of Powered Pedestrian Access Doors (including Reactive Repairs to Door Entry and Access Control Systems),,Other,Repair and maintenance services of building installations,buy_56c4af56ced6b18dfda8,Renfrewshire Council,United Kingdom,2026-07-06,2026-08-06,15.0,,,Access control / intrusion systems,SECURITY_RESALE,0.24,0.98,0.42,0.66,0.62,0.8
United Kingdom,ten_82f881db415cc3989c44,PAN3380 - Installation of Public Toilets Access Control Systems,,Other,UNKNOWN,buy_1b28f6f177adf416cc85,Leicester City Council,United Kingdom,2026-06-29,,15.0,,,Access control / intrusion systems,SECURITY_RESALE,0.24,0.98,0.42,0.66,0.62,0.8
Canada federal,ten_288ef2acce7fcc5c4cd2,EFA66-251568 Verification and maintenance of the access control system and closed circuit cameras,,Other,*Electrical system services,buy_0607a8a09c35020b4e75,Department of Public Works and Government Services (PSPC),Canada,2026-06-26,2026-08-05,15.0,,,Access control / intrusion systems,SECURITY_RESALE,0.24,0.98,0.42,0.66,0.62,0.8
United Kingdom,ten_04a19d5e55fa1bde5c8c,CSP26629 - maintenance of current access control system,,Other,UNKNOWN,buy_e55cc49c62224cdd58a2,UK Research and Innovation,United Kingdom,2026-06-25,,15.0,,,Access control / intrusion systems,SECURITY_RESALE,0.24,0.98,0.42,0.66,0.62,0.8
Canada federal,ten_2b748e1a088f11abb4e0,Replacement of Perimeter Intrusion Detection System (PIDS),,Other,*Specialized public building construction services,buy_0607a8a09c35020b4e75,Department of Public Works and Government Services (PSPC),Canada,2026-06-19,2026-08-20,15.0,,,Access control / intrusion systems,SECURITY_RESALE,0.24,0.98,0.42,0.66,0.62,0.8
United Kingdom,ten_9dc164d0fe1051c58de6,Door Access Control System,,Other,UNKNOWN,buy_1ecee19a42ce40359650,East Midlands Ambulance Service NHS Trust,United Kingdom,2026-06-19,2026-07-20,15.0,,,Access control / intrusion systems,SECURITY_RESALE,0.24,0.98,0.42,0.66,0.62,0.8
United Kingdom,ten_e6442b8753f07a6cf419,Howden House and Town Hall Access Control System Upgrade,,Automation / software,Software / automation,buy_dba756f02bf3866f8366,Sheffield City Council,United Kingdom,2026-06-03,,72.0,,,Access control / intrusion systems,SECURITY_RESALE,0.24,0.98,0.42,0.66,0.62,0.8
TED,ted_8d0a5f332546f4448ee6,Procurement of an access control system,The aim of the procurement is to enter into a contract with a tenderer for the procurement of an access control system with an integrated theft alarm for all of the Directorate of Fisheries ́ office locations. Please refer to the attached competition documents for further information on and requirements for the procurement.,Other,UNKNOWN,buy_581df20f038735ed5497,Fiskeridirektoratet,NOR,2026-05-22,2026-06-23,20.0,,,Access control / intrusion systems,SECURITY_RESALE,0.24,0.98,0.42,0.66,0.62,0.8
Belgium,bel_c2ab92aefeef10b7c0cc5f72,Intrusion Detection System (IDS),Dit contract is een overheidsopdracht voor leveringen met als voorwerp de aankoop van een open source-oplossing voor inbraakdetectie (IDS).,,,buy_be32635e6a2c08f2d2eb7930,Center voor Cyberveiligheid Belgie,BE,2026-04-09,2026-04-20,,https://www.publicprocurement.be/publication-workspaces/4dceaa1c-5d1e-4c86-9413-8cc88a611ff4,,Access control / intrusion systems,SECURITY_RESALE,0.24,0.98,0.42,0.66,0.62,0.8
France,ten_d46a9e649cf34ac3a3a2,Etude de définition et de positionnement et étude de programmation architecturale et fonctionnelle portant sur des sites préhistoriques de la vallée de la Vézère (24),,Monitoring / research,Monitoring / analysis,buy_0e7ecd3d0ea9189ed293,Centre des Monuments Nationaux,France,2026-06-05,2026-10-06,70.0,,,Architectural programming / pre-design studies,SPECIALIST_CONSULTING,0.52,0.98,0.72,0.38,0.52,0.86
France,ten_33c41c9274907d1f295d,Etude urbaine et paysagère préalable au projet de renouvellement des espaces publics de l'Eraudière.,,Monitoring / research,Monitoring / analysis,buy_47a241f84cbd0f1a7a1c,Nantes Métropole,France,2026-05-29,2026-06-29,70.0,,,Architectural programming / pre-design studies,SPECIALIST_CONSULTING,0.52,0.98,0.72,0.38,0.52,0.86
France,ten_d9a3439b32e0921211b6,"Maitrise D'Oeuvre Pour L'Etude Urbaine, Residentielle Et Paysagere Allee Des Yvelines A Trappes",,Monitoring / research,Monitoring / analysis,buy_fc307295a7463aa35caa,Ville de Trappes,France,2026-05-20,2026-11-06,70.0,,,Architectural programming / pre-design studies,SPECIALIST_CONSULTING,0.52,0.98,0.72,0.38,0.52,0.86
France,ten_e236af6fb7370325b2b3,Assistance à maitrise d'ouvrage pour la programmation architecturale et technique des opérations de construction et de réhabilitation de bâtiments et abords de la Ville de Lyon,,Other,Services,buy_97eadb1634db6ab94c90,Ville de Lyon,France,2026-05-15,2026-07-16,15.0,,,Architectural programming / pre-design studies,SPECIALIST_CONSULTING,0.52,0.98,0.72,0.38,0.52,0.86
France,ten_d84fdb92aef07b885c9d,Marché de programmation architecturale de la réhabilitation du Complexe Edouard Vaillant de la ville de Bobigny (93),,Monitoring / research,Monitoring / analysis,buy_58c4cf6f87e0d54cd770,Mairie de Bobigny,France,2026-04-30,2026-05-29,70.0,,,Architectural programming / pre-design studies,SPECIALIST_CONSULTING,0.52,0.98,0.72,0.38,0.52,0.86
France,ten_70211e012fc7f6ccb5c8,Etude pré-opérationnelle d'une Opération Programmée d'Amélioration de l'Habitat et de Renouvellement Urbain à Aubagne,,Monitoring / research,Monitoring / analysis,buy_d12f341b47716f49190b,SPL ONE PROVENCE PROMOTION agissant au nom et pour le compte de la Métropole Aix-Marseille-Provence,France,2026-03-28,2026-04-27,70.0,,,Architectural programming / pre-design studies,SPECIALIST_CONSULTING,0.52,0.98,0.72,0.38,0.52,0.86
France,ten_5b77b0aaa6a9f7cedd7e,Mission de programmation architecturale et muséographique pour la création d'une Cité des Sciences,,Creative / communications,Design / publishing,buy_f0528294d328b12c85c1,Commune de Saint-Denis,France,2026-03-26,,82.0,,,Architectural programming / pre-design studies,SPECIALIST_CONSULTING,0.52,0.98,0.72,0.38,0.52,0.86
France,ten_4f44e16236aafb0f0f6b,Etude urbaine et paysagère quartier de la gare et entrée de ville Sud – ville de Brignoles,,Monitoring / research,Monitoring / analysis,buy_06b5eea95ff5e1dc72f3,Mairie de Brignoles,France,2026-03-24,2026-04-15,70.0,,,Architectural programming / pre-design studies,SPECIALIST_CONSULTING,0.52,0.98,0.72,0.38,0.52,0.86
France,ten_fefb84eae8c74526f239,"Etude pré-opérationnelle de faisabilité pour la réalisation de terrains familiaux locatifs, habitat adapté ou aire d'accueil pour les Gens du Voyage",,Monitoring / research,Monitoring / analysis,buy_27ee838690c5f450dbc2,Saint-Nazaire Agglomération - la CARENE,France,2026-03-19,2026-04-22,70.0,,,Architectural programming / pre-design studies,SPECIALIST_CONSULTING,0.52,0.98,0.72,0.38,0.52,0.86
France,ten_15d54455e99afda388c1,ÉTUDE PRE OPERATIONNELLE OPAH-RU Quartier GOMBO KOMOU à Cogneau EST,,Monitoring / research,Monitoring / analysis,buy_a2d7780739a5579630b9,Ville de Matoury (973),France,2026-03-03,2026-07-04,70.0,,,Architectural programming / pre-design studies,SPECIALIST_CONSULTING,0.52,0.98,0.72,0.38,0.52,0.86
France,ten_997fe7e6b45f9a6eff6f,Etude urbaine et habitat pour la définition d’un dispositif d’intervention pour l’amélioration de l’habitat sur les quartiers de Saint-Mauront Ouest et Butte Saint-Mauront,,Monitoring / research,Monitoring / analysis,buy_8cab8061b2069c54f049,Métropole Aix-Marseille-Provence,France,2026-02-20,2026-03-31,70.0,,,Architectural programming / pre-design studies,SPECIALIST_CONSULTING,0.52,0.98,0.72,0.38,0.52,0.86
France,ten_a0508ba6fa60a8cb8ea2,étude pré-opérationnelle pour l'amélioration de l'habitat pour la commune de Bessèges,,Monitoring / research,Monitoring / analysis,buy_1dbaca0dc33ebb3c5602,Communauté de Commune Cèze Cévennes,France,2026-02-07,2026-07-09,70.0,,,Architectural programming / pre-design studies,SPECIALIST_CONSULTING,0.52,0.98,0.72,0.38,0.52,0.86
United Kingdom,ten_9cb22d8f62a7b65e6022,UK2 – Preliminary Market Engagement – Sellafield Limited: Software Asset Management Services,,Other,UNKNOWN,buy_af49523002954336293f,Sellafield Limited,United Kingdom,2026-07-30,,15.0,,,Asset management software,ASSET_SOFTWARE,0.72,0.88,0.98,0.6,0.66,0.88
France,ten_ca0ef58296ff5a39ce4f,"Expertise, Conseil et Assistance dans la Gestion des Actifs Financiers",,Other,Services,buy_90b9dd1b3f05a53b6eb5,Carpimko,France,2026-07-29,,15.0,,,Asset management software,ASSET_SOFTWARE,0.72,0.88,0.98,0.6,0.66,0.88
United Kingdom,ten_5c3655d627612a92d921,ENHT - EasiHeat Steam System Maintenance (26>29),,Other,UNKNOWN,buy_2c1f3b862c5f0623868c,East and North Hertfordshire Teaching NHS Trust,United Kingdom,2026-07-22,,15.0,,,Asset management software,ASSET_SOFTWARE,0.72,0.88,0.98,0.6,0.66,0.88
United Kingdom,ten_98d81f26ce7ba71d83c7,SYP - Digital Asset Management System Extension,,Other,Police services,buy_06c19a1915f5b9dfd02c,South Yorkshire Mayoral Combined Authority,United Kingdom,2026-07-22,,15.0,,,Asset management software,ASSET_SOFTWARE,0.72,0.88,0.98,0.6,0.66,0.88
Quebec,ten_eaa34a9a2acae3e9d833,Consultation en gestion des actifs techniques pour le réseau des résidences EnHarmonie,,Other,UNKNOWN,buy_024a4fb6e5b833e2900f,OMH de Montréal (OMHM),Canada - Quebec,2026-07-22,,15.0,,,Asset management software,ASSET_SOFTWARE,0.72,0.88,0.98,0.6,0.66,0.88
United Kingdom,ten_99f7afbc3c03872d40cf,Asset Management Software.,,Other,UNKNOWN,buy_6efc2baa76deeb49955c,Great Yarmouth Borough Council,United Kingdom,2026-07-21,,15.0,,,Asset management software,ASSET_SOFTWARE,0.72,0.88,0.98,0.6,0.66,0.88
Germany,ten_fd32cf4bd62f8816e68c,Dual Beam Focused Ion Beam System (FIB) und Transmissionselektronenmikroskop (TEM),,Other,UNKNOWN,buy_2a4aa214e5cc265ceefc,Institut für Oberflächen- und Schichttechnik GmbH,Germany,2026-07-15,2026-08-17,15.0,,,Asset management software,ASSET_SOFTWARE,0.72,0.88,0.98,0.6,0.66,0.88
Quebec,ten_06e6ad7b7a74bc42a529,Contrat de services professionnels pour l’élaboration d’un plan de gestion des actifs en eau (PGA-Eau),,Other,UNKNOWN,buy_609ecf6fbf2f55045d43,Ville de Saint-Augustin-de-Desmaures,Canada - Quebec,2026-07-10,,15.0,,,Asset management software,ASSET_SOFTWARE,0.72,0.88,0.98,0.6,0.66,0.88
Germany,ten_60c380bae270419aef2b,Bereitstellung und Betrieb eines digitalen Asset Management Systems,,Creative / communications,Design / publishing,buy_581ba338256aa814b42e,Techniker Krankenkasse,Germany,2026-07-09,2026-08-20,82.0,,,Asset management software,ASSET_SOFTWARE,0.72,0.88,0.98,0.6,0.66,0.88
United Kingdom,ten_7543279510a2b0c0d321,Soft Market Testing for Asset Management Software,,Other,UNKNOWN,buy_ecdc0c66b156cb601c18,St Helens Council,United Kingdom,2026-07-06,,15.0,,,Asset management software,ASSET_SOFTWARE,0.72,0.88,0.98,0.6,0.66,0.88
United Kingdom,ten_2e03f0260604e9287d3b,Asset Management System,,Other,UNKNOWN,buy_385f3f45ca2a041b0a55,Cambridgeshire and Peterborough Fire Authority,United Kingdom,2026-07-03,,15.0,,,Asset management software,ASSET_SOFTWARE,0.72,0.88,0.98,0.6,0.66,0.88
United Kingdom,ten_358a473b5588b0886535,InfoShare and Asset Management System,,Other,UNKNOWN,buy_72201653997be270c081,Pembrokeshire County Council,United Kingdom,2026-07-03,,15.0,,,Asset management software,ASSET_SOFTWARE,0.72,0.88,0.98,0.6,0.66,0.88
TED,ted_2898d3d68d79a0ab7add,"PROCEDURA APERTA PER L’AFFIDAMENTO DELLA FORNITURA DI LICENZE SOFTWARE ANNUALI (LOTTO 1 LICENZE MICROSOFT – LOTTO 2 LICENZE VEEAM – LOTTO 3 LICENZE ADOBE – LOTTO 4 LICENZE LANSWEEPER E LOTTO 5 LICENZE NINJAONE) PER LA DURATA DI N. 36 MESI IN FAVORE DI A.F.O.L. MONZA E BRIANZA, ESPLETATA TRAMITE PIATTAFORMA TELEMATICA “ACQUISTI TELEMATICI” DI DIGITALPA S.R.L., CON IL CRITERIO DEL MINOR PREZZO","PROCEDURA APERTA, AI SENSI DELL'ARTT. 71, IN MODALITÀ MULTILOTTO, PER L’AFFIDAMENTO DELLA FORNITURA DI LICENZE SOFTWARE ANNUALI (LOTTO 1 LICENZE MICROSOFT – LOTTO 2 LICENZE VEEAM – LOTTO 3 LICENZE ADOBE – LOTTO 4 LICENZE LANSWEEPER E LOTTO 5 LICENZE NINJAONE) PER LA DURATA DI N. 36 MESI IN FAVORE DI A.F.O.L. MONZA E BRIANZA, ESPLETATA TRAMITE PIATTAFORMA TELEMATICA “ACQUISTI TELEMATICI” DI DIGITALPA S.R.L., CON IL CRITERIO DEL MINOR PREZZO, AI SENSI DELL’ART. 108 COMMA 3 DEL D.LGS. 36/2023 E SS.MM.II",Automation / software,Software / automation,buy_811f3d14bc58dffafbdd,Provincia di Monza e della Brianza,ITA,2026-08-03,2026-09-07,74.0,,,Backup / disaster recovery / storage,INFRA_RESALE,0.38,0.96,0.88,0.62,0.68,0.8
TED,ted_20d271c4d9a472856d5e,KPO2 – Cyberbezpieczeństwo – Podniesienie obecnie posiadanego rozwiązania Veeam Backup & Replication w wersji Foundation Standard do wersji Advanced Enterprise,"Postępowanie prowadzone jest w trybie przetargu nieograniczonego o wartości zamówienia przekraczającej progi unijne, na podstawie art. 139 ustawy Pzp. Przedmiotem zamówienia jest podniesienie posiadanych przez Zamawiającego licencji do Veeam Backup & Replication Advanced Enterprise wraz z zapewnieniem wsparcia producenta do dnia 10.05.2028 r. Zamawiający posiada obecnie 38 licencji wieczystych oprogramowania Veeam Backup & Replication Foundation Standard licencjonowanych w modelu per socket, objętych kontraktem producenta nr 03662338. Przedmiot zamówienia obejmuje dostarczenie licencji umożliwiających podniesienie posiadanego rozwiązania do wersji Veeam Backup & Replication Advanced Enterprise, z zachowaniem ciągłości licencjonowania oraz wsparcia producenta. Szczegółowy opis przedmiotu zamówienia oraz wymagania dotyczące funkcjonalności i parametrów technicznych określa Załącznik nr 6 do SWZ – Opis Przedmiotu Zamówienia.",Automation / software,IT services / software,buy_e4d061caa68fce2f60e7,Wojewódzki Szpital Specjalistyczny we Wrocławiu,POL,2026-07-31,2026-08-19,60.0,,,Backup / disaster recovery / storage,INFRA_RESALE,0.38,0.96,0.88,0.62,0.68,0.8
TED,ted_28219f0b9010934c50de,FORNITURA DI LICENZE VEEAM KASTEN PER IL BACKUP DEGLI AMBIENTI OCP ON-PREMISE E CLOUD,FORNITURA DI LICENZE VEEAM KASTEN PER IL BACKUP DEGLI AMBIENTI OCP ON-PREMISE E CLOUD,Automation / software,IT services / software,buy_811f3d14bc58dffafbdd,CINECA Consorzio Interuniversitario,ITA,2026-07-29,2026-09-04,60.0,,,Backup / disaster recovery / storage,INFRA_RESALE,0.38,0.96,0.88,0.62,0.68,0.8
TED,ted_3c00a0bd9a8df272ca85,"UPGRADE DELLE INFRASTRUTTURE HARDWARE E SOFTWARE DI BASE PER L'INSTALLAZIONE DELLA CENTRALE UNICA DI RISPOSTA ECALL READY (CER) DELLA REGIONE TOSCANA E DEL SISTEMA DI DISASTER RECOVERY RECIPROCO PER L'ATTUAZIONE DEL SERVIZIO DEL NUMERO UNICO DI EMERGENZA EUROPEO (112 NUE) TRA TOSCANA E CENTRALE VICARIA”, AGGIUDICATO CON DETERMINA N. 72/2020",MODIFICA DEL QUADRO ECONOMICO EX ART. 106 COMMA 1 LETT. B) DEL D. LGS. 50/2016 AUTORIZZATA CON DET.817 DEL 26/06/2026,Automation / software,Software / automation,buy_811f3d14bc58dffafbdd,ESTAR,ITA,2026-07-24,,74.0,,,Backup / disaster recovery / storage,INFRA_RESALE,0.38,0.96,0.88,0.62,0.68,0.8
United Kingdom,ten_34d66ba2b7e53c122dd5,Tritium Storage Solutions Specification Definition and Market Research,,Other,UNKNOWN,buy_2d98b10f18cca3edfe77,UK Atomic Energy Authority,United Kingdom,2026-07-24,,15.0,,,Backup / disaster recovery / storage,INFRA_RESALE,0.38,0.96,0.88,0.62,0.68,0.8
United Kingdom,ten_afdb62e672fa083f1aa1,Disaster Recovery,,Other,UNKNOWN,buy_4f0a0f5ec9bb8570b768,Braintree District Council,United Kingdom,2026-07-22,,15.0,,,Backup / disaster recovery / storage,INFRA_RESALE,0.38,0.96,0.88,0.62,0.68,0.8
TED,ted_8957eef7f5b8c468121e,"Suscripciones De Software Veeam Backup, Soporte Del Fabricante Y Servicios De Soporte Especializado Para La Plataforma De Backup De La Uned. (Universidad Nacional De Educación A Distancia)","Suscripciones De Software Veeam Backup, Soporte Del Fabricante Y Servicios De Soporte Especializado Para La Plataforma De Backup De La Uned. (Universidad Nacional De Educación A Distancia)",Automation / software,Software / automation,buy_262acb26bfbdf5a4121e,Dirección General de Racionalización y Centralización de la Contratación-Junta de Contratación Centralizada,ESP,2026-07-20,,74.0,,,Backup / disaster recovery / storage,INFRA_RESALE,0.38,0.96,0.88,0.62,0.68,0.8
TED,ted_412e8a2525c9bfab87be,(DAG) AQUISIÇÃO DE SOLUÇÃO DE BACKUPS E DISASTER RECOVERY PARA INFRAESTRUTURAS E DADOS - PILAR 1 - REFORMA E MODERNIZAÇÃO DA REDE DE DADOS DA SAÚDE (PRR) (20260265),(DAG) AQUISIÇÃO DE SOLUÇÃO DE BACKUPS E DISASTER RECOVERY PARA INFRAESTRUTURAS E DADOS - PILAR 1 - REFORMA E MODERNIZAÇÃO DA REDE DE DADOS DA SAÚDE (PRR) (20260265),Automation / software,IT services / software,buy_091d5eef279cbb542f9f,"Serviços Partilhados do Ministério da Saúde, EPE",PRT,2026-07-19,2026-08-17,60.0,,,Backup / disaster recovery / storage,INFRA_RESALE,0.38,0.96,0.88,0.62,0.68,0.8
Germany,ten_734eabc2fd89e0bc0351,Erhöhung und Verlängerung Veeam Lizenzen,,Automation / software,IT services / software,,,Germany,2026-07-17,2026-08-13,60.0,,,Backup / disaster recovery / storage,INFRA_RESALE,0.38,0.96,0.88,0.62,0.68,0.8
Germany,ten_d15e3d24ff5fb303e505,Backupsoftware Veeam Wartungsvertrag,,Automation / software,Software / automation,,,Germany,2026-07-16,2026-07-31,74.0,,,Backup / disaster recovery / storage,INFRA_RESALE,0.38,0.96,0.88,0.62,0.68,0.8
United Kingdom,ten_30c1aa95abdaa00cb0e0,Modular Buildings & Storage Solutions Y26020,,Other,UNKNOWN,buy_23596c7a4bb0a338d675,Kent County Council trading as Procurement Services,United Kingdom,2026-07-14,2026-09-14,15.0,,,Backup / disaster recovery / storage,INFRA_RESALE,0.38,0.96,0.88,0.62,0.68,0.8
Germany,ten_8aa5fef3b82e739c6586,Veeam Lizenzen und Dienstleistungen,,Automation / software,IT services / software,buy_3604e00302f8591b1465,KDN - Dachverband kommunaler IT Dienstleister,Germany,2026-07-14,2026-07-27,60.0,,,Backup / disaster recovery / storage,INFRA_RESALE,0.38,0.96,0.88,0.62,0.68,0.8
TED,ted_741378a6f7d53d6094b1,CAFM rendszer fejlesztése,CAFM rendszer fejlesztése A részletes műszaki leírást a Közbeszerzési dokumentáció tartalmazza.,Automation / software,IT services / software,buy_b01261b2534556cbe22a,Nemzeti Közszolgálati Egyetem,HUN,2026-08-06,,60.0,,,CAFM / facilities management software,FACILITY_SOFTWARE,0.66,0.9,0.98,0.62,0.68,0.88
Germany,ten_688de8a2cdeda9f11edc,Universität zu Köln - Vorbereitung und Begleitung Ausschreibung CAFM-System und Einführung,,Automation / software,IT services / software,buy_5bbbb2ab0a0fc2b20834,"Universität zu Köln, Abteilung 64 - Einkauf",Germany,2026-07-28,,60.0,,,CAFM / facilities management software,FACILITY_SOFTWARE,0.66,0.9,0.98,0.62,0.68,0.88
TED,ted_635e307014378bb8e229,"Beschaffung, Einführung und Betrieb einer CAFM-Lösung","Beschaffung eines CAFM-Systems welches die immobilien- und betriebsbezogenen Prozesse ganzheitlich, medienbruchfrei und datenbasiert steuert. Im Mittelpunkt steht dabei die Absicht, ein technologisch, organisatorisch und strategisch zukunftsfähiges Systemumfeld zu schaffen, das den Betrieb unterstützt, die Zusammenarbeit verbessert und die Einhaltung gesetzlicher, regulatorischer sowie interner Standards (z. B. ESG, Datenschutz, Compliance, digitale Barrierefreiheit) langfristig sicherstellt.",Automation / software,IT services / software,buy_bacf2bcb45c828276231,ETH Zürich - Abt. Informatikdienste,CHE,2026-07-27,2026-09-14,60.0,,,CAFM / facilities management software,FACILITY_SOFTWARE,0.66,0.9,0.98,0.62,0.68,0.88
United Kingdom,ten_ce77adb85ed748005a96,Assets and Facilities Management Software,,Automation / software,Software / automation,buy_2fcdca71f037bbac4cc1,Reading Borough Council,United Kingdom,2026-07-27,,72.0,,,CAFM / facilities management software,FACILITY_SOFTWARE,0.66,0.9,0.98,0.62,0.68,0.88
United Kingdom,ten_3f1c8cb3c3cf308e364f,Facility Management System,,Other,UNKNOWN,buy_4a4bf6dbcdb1f4c81eea,Hereford and Worcester Fire Authority,United Kingdom,2026-07-15,,15.0,,,CAFM / facilities management software,FACILITY_SOFTWARE,0.66,0.9,0.98,0.62,0.68,0.88
Germany,ten_ba31b7ebb9b9ac2a421a,Implementierung und Betrieb einer CAFM-Software,,Automation / software,Software / automation,,,Germany,2026-07-15,,74.0,,,CAFM / facilities management software,FACILITY_SOFTWARE,0.66,0.9,0.98,0.62,0.68,0.88
Germany,ten_90dc1db98d8b3beabee1,Beratungsleistung CAFM-System,,Automation / software,IT services / software,,,Germany,2026-07-14,,60.0,,,CAFM / facilities management software,FACILITY_SOFTWARE,0.66,0.9,0.98,0.62,0.68,0.88
United Kingdom,ten_a0d616dc4b5599ab81b1,Computer Aided Facilities Management (CAFM) System,,Creative / communications,Design / publishing,buy_6f8e1322666426ee088f,West Yorkshire Fire and Rescue Authority,United Kingdom,2026-07-10,,80.0,,,CAFM / facilities management software,FACILITY_SOFTWARE,0.66,0.9,0.98,0.62,0.68,0.88
United Kingdom,ten_24f27eacdf2ccce566b2,Clinical Research Facility Management System,,Other,UNKNOWN,buy_d66d547650c0770baa0d,The Newcastle Upon Tyne Hospitals NHS Foundation Trust,United Kingdom,2026-07-09,,15.0,,,CAFM / facilities management software,FACILITY_SOFTWARE,0.66,0.9,0.98,0.62,0.68,0.88
Germany,ten_ed708a1b0eb586eeba51,Beschaffung CAFM-System,,Automation / software,IT services / software,,,Germany,2026-06-29,,60.0,,,CAFM / facilities management software,FACILITY_SOFTWARE,0.66,0.9,0.98,0.62,0.68,0.88
United Kingdom,ten_f21acd8cb2e13eb6e029,UOW996 - CAFM Software,,Other,UNKNOWN,buy_b14e01c63b360db7a3a3,University of Worcester,United Kingdom,2026-06-29,,15.0,,,CAFM / facilities management software,FACILITY_SOFTWARE,0.66,0.9,0.98,0.62,0.68,0.88
United Kingdom,ten_659c80748e2aee8e938d,Computer Aided Facilities Management (CAFM) System / IWFMS,,Other,UNKNOWN,buy_9cd44cdfa158a7fc484a,Blackpool Borough Council,United Kingdom,2026-06-26,,15.0,,,CAFM / facilities management software,FACILITY_SOFTWARE,0.66,0.9,0.98,0.62,0.68,0.88
TED,ted_f4d79c9a3ad414d268cf,Servis call center České správy sociálního zabezpečení,služby technické a servisní podpory call center zadavatele,Other,UNKNOWN,buy_85fe87d2665464f38efa,Česká správa sociálního zabezpečení,CZE,2026-08-05,2026-09-10,20.0,,,Call center / contact center services & platforms,CONTACT_CENTER,0.78,0.96,0.95,0.72,0.68,0.84
United Kingdom,ten_d4725cb094fe98df1f14,Replacement of Corporate Telephony and Contact Centre Environment,,Automation / software,Software / automation,buy_d18b527f7fb08702bc68,Link Group,United Kingdom,2026-07-30,,72.0,,,Call center / contact center services & platforms,CONTACT_CENTER,0.78,0.96,0.95,0.72,0.68,0.84
TED,ted_43b392f1e93510dba881,Servizio di contact center,Servizio di contact center per il rilascio di informazioni e la ricezione di istanze e segnalazioni da parte delle utenze domestiche e non domestiche presenti nel territorio del Comune di Napoli,Other,UNKNOWN,buy_811f3d14bc58dffafbdd,Azienda Servizi Igiene Ambientale Napoli SpA,ITA,2026-07-28,,20.0,,,Call center / contact center services & platforms,CONTACT_CENTER,0.78,0.96,0.95,0.72,0.68,0.84
TED,ted_54bb8ace50b5069bdb78,APPALTO SERVIZIO CONTACT CENTER COMMERCIALE,APPALTO SERVIZIO CONTACT CENTER COMMERCIALE,Other,UNKNOWN,buy_811f3d14bc58dffafbdd,Acque Bresciane S.r.l.,ITA,2026-07-28,2026-09-21,20.0,,,Call center / contact center services & platforms,CONTACT_CENTER,0.78,0.96,0.95,0.72,0.68,0.84
TED,ted_f022f413e987864df6ba,"SERVIZI DI FRONT OFFICE, BACK OFFICE, CALL CENTER E BILLING COMPRENSIVO DELLA FORNITURA DEL RELATIVO SOFTWARE A FAVORE DI UNI.CO. G.E. S.R.L. PER UN PERIODO DI 24 MESI OLTRE EVENTUALI OPZIONI","SERVIZI DI FRONT OFFICE, BACK OFFICE, CALL CENTER E BILLING COMPRENSIVO DELLA FORNITURA DEL RELATIVO SOFTWARE A FAVORE DI UNI.CO. G.E. S.R.L. PER UN PERIODO DI 24 MESI OLTRE EVENTUALI OPZIONI",Automation / software,Software / automation,buy_811f3d14bc58dffafbdd,Centrale Unica di Committenza Consorzio Le Valli,ITA,2026-07-27,,74.0,,,Call center / contact center services & platforms,CONTACT_CENTER,0.78,0.96,0.95,0.72,0.68,0.84
United Kingdom,ten_66a8d7ac9077e61566f5,Customer Contact Centre -Telephony/CRM,,Other,UNKNOWN,buy_36aba054d5445046fbf9,West Yorkshire Combined Authority,United Kingdom,2026-07-24,,15.0,,,Call center / contact center services & platforms,CONTACT_CENTER,0.78,0.96,0.95,0.72,0.68,0.84
United Kingdom,ten_edfc55345d9edbdfc593,WV26014 - Lifeline and Out of Hours Contact Centre Services,,Other,UNKNOWN,buy_1f508b6ca352ad61a00f,Mid Devon District Council,United Kingdom,2026-07-24,,15.0,,,Call center / contact center services & platforms,CONTACT_CENTER,0.78,0.96,0.95,0.72,0.68,0.84
TED,ted_99d516f503adf9f47f52,procedura aperta per l'affidamento del servizio di Call Center coi clienti dei servizi erogati dal Gruppo Aimag spa,Procedura aperta per l'affidamento del servizio di Call Center coi clienti dei servizi erogati dal Gruppo Aimag spa,Other,UNKNOWN,buy_811f3d14bc58dffafbdd,AIMAG SPA,ITA,2026-07-22,2026-09-09,20.0,,,Call center / contact center services & platforms,CONTACT_CENTER,0.78,0.96,0.95,0.72,0.68,0.84
TED,ted_180de1690fbb37020151,Organizzazione e gestione del servizio di contact center Superabile Inail,"La presente procedura ha per oggetto l’organizzazione e la gestione del servizio di Contact Center “SuperAbile INAIL” in modo integrato per l’attività di informazione e consulenza in tema di disabilità e, segnatamente, delle seguenti componenti in cui esso si articola: • Call center • Portale • Rivista • Canali social • Iniziative di promozione e servizi accessori",Other,UNKNOWN,buy_811f3d14bc58dffafbdd,DIREZIONE CENTRALE ACQUISTI,ITA,2026-07-21,2026-09-15,20.0,,,Call center / contact center services & platforms,CONTACT_CENTER,0.78,0.96,0.95,0.72,0.68,0.84
Germany,ten_8cf8f6b3f8a110484eaf,1875-UP-Contact Center Lösung,,Automation / software,Software / automation,buy_0b8cf4e027006b340fbb,BWI GmbH,Germany,2026-07-20,2026-08-20,74.0,,,Call center / contact center services & platforms,CONTACT_CENTER,0.78,0.96,0.95,0.72,0.68,0.84
United Kingdom,ten_5b1ab5c9a3a4b759a5af,Contact Centre Omni Channel Telephony,,Automation / software,Software / automation,buy_c4a64cf38006b0e82e31,GREENSQUAREACCORD LIMITED,United Kingdom,2026-07-16,,72.0,,,Call center / contact center services & platforms,CONTACT_CENTER,0.78,0.96,0.95,0.72,0.68,0.84
United Kingdom,ten_5ea099e7697ae99ec536,Contact Centre Omni Channel Telephony,,Automation / software,Software / automation,buy_c4a64cf38006b0e82e31,GREENSQUAREACCORD LIMITED,United Kingdom,2026-07-13,,72.0,,,Call center / contact center services & platforms,CONTACT_CENTER,0.78,0.96,0.95,0.72,0.68,0.84
Quebec,ten_3d5d267cf813adacf59c,Soutien au projet « Participation citoyenne et gestion de proximité en prévention : laboratoire territorial de la prévention participative en Montérégie »,,Other,UNKNOWN,buy_d5d73b9630725c2080de,Commissaire à la santé et au bien-être,Canada - Quebec,2026-06-11,,15.0,,,Citizen engagement / participation platforms,CIVIC_TECH,0.82,0.92,0.99,0.78,0.78,0.88
Belgium,bel_9f702e15fd3a38acc9673216,Plateforme de participation citoyenne,Plateforme de participation citoyenne,,,buy_ef2e3b316e54c7623d091034,Nivelles,BE,2026-06-03,,,https://www.publicprocurement.be/publication-workspaces/a123af9f-fe38-4e6e-830c-97bff7962092,,Citizen engagement / participation platforms,CIVIC_TECH,0.82,0.92,0.99,0.78,0.78,0.88
United Kingdom,ten_23d0ed60de22a433243e,Digital Citizen Engagement Platform,,Other,UNKNOWN,buy_95f944b2d4c5c6c5077c,City of Doncaster Council,United Kingdom,2026-06-02,,15.0,,,Citizen engagement / participation platforms,CIVIC_TECH,0.82,0.92,0.99,0.78,0.78,0.88
France,ten_6d9302fb9ef7c0b8f1cd,"ASSISTANT A MAITRISE D'OUVRAGE EN CONCERTATION, PARTICIPATION CITOYENNE ET MAITRISE D'USAGE",,Creative / communications,Design / publishing,buy_714413c2fc3f9f63e2cc,EPA ECOVALLEE PLAINE DU VAR,France,2026-05-06,2026-08-07,82.0,,,Citizen engagement / participation platforms,CIVIC_TECH,0.82,0.92,0.99,0.78,0.78,0.88
Quebec,ten_346d7fc71bbbed0e48b6,Mandat - Élaboration d'une politique de participation citoyenne,,Other,UNKNOWN,buy_a80246bd0fe0c9a87a72,Ville de Rigaud,Canada - Quebec,2026-04-20,,15.0,,,Citizen engagement / participation platforms,CIVIC_TECH,0.82,0.92,0.99,0.78,0.78,0.88
TED,ted_fb6e2591c8f271fd0ede,Croix-Verte des Pâquis (M355TI) Mandat d'assistance à maîtrise d'ouvrage spécialisé dans la participation citoyenne,"Prestations de service d'assistance à maîtrise d'ouvrage spécialisé dans la participation citoyenne Estimation : CHF 670'000.- Mandat d'étude d'assistance à maîtrise d'ouvrage et à maîtrise d'usage pour la conduite de la participation citoyenne dans le cadre du projet de la ""Croix-Verte"" dans le quartier des Pâquis. La dimension participative du projet a été clairement identifiée comme primordiales par les habitant-e-s et associations à l'origine de la pétition. De ce fait, nous parlons ici d'une mission d'assistance à maîtrise d'ouvrage qui sera conduite par un bureau spécialisé (AMO) dont l'étendue des prestations ira de la définition du besoin jusqu'à la mise en exploitation et au-delà, de façon à s'assurer de la bonne appropriation des aménagements réalisés.",Other,UNKNOWN,buy_bacf2bcb45c828276231,"Unité soumissions - Département de l'aménagement, des constructions et de la mobilité (DACM) de la Ville de Genève",CHE,2026-03-06,2026-04-22,20.0,,,Citizen engagement / participation platforms,CIVIC_TECH,0.82,0.92,0.99,0.78,0.78,0.88
Belgium,bel_90e3b7439244021536bfc6cf,Informatique - Souscription d'un abonnement à une application mobile de participation citoyenne,Informatique - Souscription d'un abonnement à une application mobile de participation citoyenne,,,buy_820ddb9c6531220e701b5175,Sint-Pieters-Woluwe,BE,2026-03-03,,,https://www.publicprocurement.be/publication-workspaces/6efe682b-bf4b-4946-befd-b0a399326b56,,Citizen engagement / participation platforms,CIVIC_TECH,0.82,0.92,0.99,0.78,0.78,0.88
United Kingdom,ten_064d0a1a8fbb0f48c2b8,"CSP25593 - Development of citizen engagement workshops, advisory panels and engagement strategy",,Other,UNKNOWN,buy_e55cc49c62224cdd58a2,UK Research and Innovation,United Kingdom,2025-12-18,,15.0,,,Citizen engagement / participation platforms,CIVIC_TECH,0.82,0.92,0.99,0.78,0.78,0.88
Belgium,bel_7af4804d67f28f0f3a2f0499,"Réseau social de voisinage, outil de communication et de participation citoyenne","Ce marché public de service consiste à mettre en place une plateforme digitale à destination des citoyens de la Commune de Chaudfontaine. Celle-ci aura pour but de renforcer la cohésion sociale et la participation citoyenne sur l'entité en permettant aux habitants des différents villages d'interagir entre eux (ex. échanges de biens, de services, ...) tout en facilitant la communication avec l’administration communale (ex. diffusion d'informations ciblées, réalisation d'enquêtes ou sondages, organisation et vote concernant le budget participatif, ...). Cette plateforme web et mobile, disponible en langue française tout comme le manuel d'utilisation, permettra de promouvoir l'interaction et la cohésion sociale ainsi que la communication locale ciblée. Le service global proposé devra comprendre la conception, l’hébergement, le support et l’amélioration continue de cet outil digital ainsi qu’un accompagnement notamment pour l'explication de l'utilisation de cette plateforme numérique. Ce marché public de service comprend : - Un marché de base comportant la conception et la mise en place de la plateforme (paramétrage) et formation de base ainsi que l'hébergement sécurisé des données en Europe et conformément aux règles RGPD, la maintenance, le support technique, les mises à jour continues et un accompagnement continu ; - Une reconduction qui comporte les éléments suivants : l'hébergement sécurisé des données en Europe et conformément aux règles RGPD, la maintenance, le support technique, les mises à jour continues et un accompagnement continu.",,,buy_235299efbc558161c81c9854,Chaudfontaine,BE,2025-12-09,,,https://www.publicprocurement.be/publication-workspaces/1ebc4c02-bbba-474e-b20e-fc9c128c71c5,,Citizen engagement / participation platforms,CIVIC_TECH,0.82,0.92,0.99,0.78,0.78,0.88
United Kingdom,ten_94ee38c30f915df3767e,Victim and Citizen Engagement Technology Solution,,Other,UNKNOWN,buy_4f7803250fa7357c4de9,BLUELIGHT COMMERCIAL LIMITED,United Kingdom,2025-11-19,,15.0,,,Citizen engagement / participation platforms,CIVIC_TECH,0.82,0.92,0.99,0.78,0.78,0.88
France,ten_edef5ec418eec8479451,"Prestations de conseils, d'animations et de formations en participation citoyenne Lot 1 : Assistance à l'organisation et l'animation de démarches de concertation ; Lot 2 : Organisation de formations e",,Other,Services,buy_71e90a3c59a346952485,Métropole Européenne de Lille,France,2025-11-05,2025-12-06,15.0,,,Citizen engagement / participation platforms,CIVIC_TECH,0.82,0.92,0.99,0.78,0.78,0.88
France,ten_6caac0fc0e299af66b7d,MISE EN PLACE D'UNE PLATEFORME NUMERIQUE DE DEMOCRATIE PARTICIPATIVE,,Other,Services,buy_c9434597cdd8bf1e69ac,Conseil Départemental du Lot-et-Garonne,France,2025-10-12,2026-12-01,15.0,,,Citizen engagement / participation platforms,CIVIC_TECH,0.82,0.92,0.99,0.78,0.78,0.88
Quebec,ten_367993aee2bd96ef4441,Services d’accompagnement en communication et relations publiques,,Creative / communications,Design / publishing,buy_4a7bd9fd0d10b8eeb109,Parc olympique,Canada - Quebec,2026-07-31,2026-08-25,82.0,,,Communications campaigns & public relations,COMMUNICATIONS,0.88,0.97,0.98,0.88,0.84,0.88
TED,ted_a7243e4a907c7260f68e,"Organisation of public events, communication campaigns and production of promotional materials for the communication needs of the EC Representation in Bulgaria","ORGANISING PUBLIC EVENTS AND COMMUNICATION CAMPAIGNS IN BULGARIA 2027-2031. The overall subject of the contract is to assist the EC Representation in its communication activity in Bulgaria aimed at increasing public and media attention to the policy developments and strategic discussions at European Union level. This is to be done by facilitating the organization of events and campaigns such as: press conferences, media briefings, media seminars, conferences, workshops, meetings, round-table discussions, presentations, public events, fairs, award ceremonies, any other public gatherings and communication campaigns. Therefore, the EC Representation is seeking contractors to facilitate its work in organizing public events. The contractors shall carry out all creative, advisory, logistical and technical activities related to the organization and smooth implementation of the events. The services to be contracted will also include photo and video recording services, accompany the events as well as the production and delivery of promotional materials",Creative / communications,Design / publishing,buy_b63fd7ac83e5501cf324,"European Commission, DG COMM - Communication",BGR,2026-07-17,2026-09-16,82.0,,,Communications campaigns & public relations,COMMUNICATIONS,0.88,0.97,0.98,0.88,0.84,0.88
Germany,ten_b1829bad0ed2977936bf,Content-Marketing und Public Relations für das Lernlabor Cybersicherheit - PR1242887-2800-I,,Other,UNKNOWN,buy_020eb52517b1f76bb55e,Fraunhofer-Gesellschaft - Einkauf B12,Germany,2026-07-16,2026-08-10,15.0,,,Communications campaigns & public relations,COMMUNICATIONS,0.88,0.97,0.98,0.88,0.84,0.88
Germany,ten_55547211bf58da801020,10010807-Communication Campaign,,Other,UNKNOWN,buy_14b5c2e3da752bbbc886,Deutsche Gesellschaft für Internationale Zusammenarbeit (GIZ) GmbH,Germany,2026-07-10,2026-08-11,15.0,,,Communications campaigns & public relations,COMMUNICATIONS,0.88,0.97,0.98,0.88,0.84,0.88
France,ten_7808cf7232e17d9ce8c9,"Communication, animation et relations publiques à l'occasion de l'organisation en 2026 d'un open de tennis féminin international WTA à Rouen",,Creative / communications,Design / publishing,buy_4ee83802c89a52c758c5,Metropole Rouen Normandie,France,2026-07-05,,82.0,,,Communications campaigns & public relations,COMMUNICATIONS,0.88,0.97,0.98,0.88,0.84,0.88
United Kingdom,ten_4c5db770c71eb30f1af1,Food Sense Wales- Food Cardiff Communications Campaign,,Creative / communications,Design / publishing,buy_b456108b0a747b2474fd,Cardiff and Vale University Health Board,United Kingdom,2026-07-02,2026-07-28,80.0,,,Communications campaigns & public relations,COMMUNICATIONS,0.88,0.97,0.98,0.88,0.84,0.88
France,ten_aaf59cc44eca24963d85,2026A0014 - Missions d'accompagnement pour les relations presse et relations publiques du Département des Alpes-Maritimes,,Creative / communications,Design / publishing,buy_a332b1b943884568fbe8,Département des Alpes-Maritimes - Secrétariat Général,France,2026-06-24,,82.0,,,Communications campaigns & public relations,COMMUNICATIONS,0.88,0.97,0.98,0.88,0.84,0.88
United Kingdom,ten_68fcf226e98814b2c3a2,Peabody Public Relations Agencies Framework,,Other,UNKNOWN,buy_a190ee670cad3fa80904,Peabody Trust,United Kingdom,2026-06-23,,15.0,,,Communications campaigns & public relations,COMMUNICATIONS,0.88,0.97,0.98,0.88,0.84,0.88
Quebec,ten_dd897c2fed6374603940,Entérinement de mandat - Services professionnels en matière de relations publiques et de communications stratégiques,,Creative / communications,Design / publishing,buy_48d8d8b45b725ea89d67,Ville de Saint-Constant.,Canada - Quebec,2026-06-18,,82.0,,,Communications campaigns & public relations,COMMUNICATIONS,0.88,0.97,0.98,0.88,0.84,0.88
TED,ted_32e9b1918c596adb1fdf,CT3035/2026 - Tender for the Development of a Communication Strategy and Implementation of a Communication Campaign for Cross-Border Digital Health Services,CT3035/2026 - Tender for the Development of a Communication Strategy and Implementation of a Communication Campaign for Cross-Border Digital Health Services,Creative / communications,Design / publishing,buy_49603fbd0efcf57ee39e,Department of Contracts,MLT,2026-06-17,2026-07-22,82.0,,,Communications campaigns & public relations,COMMUNICATIONS,0.88,0.97,0.98,0.88,0.84,0.88
Quebec,ten_36d3c6f2ffa9891f2405,Services conseils de relations publiques,,Other,UNKNOWN,buy_59f73c393d8199c14a0e,Ville de Repentigny.,Canada - Quebec,2026-05-13,,15.0,,,Communications campaigns & public relations,COMMUNICATIONS,0.88,0.97,0.98,0.88,0.84,0.88
United Kingdom,ten_40a376fd26b6add4ddea,Public Relations support for the Property Development Project,,Other,UNKNOWN,buy_d41d911496d90b7b24ad,Sheffield Hallam University,United Kingdom,2026-05-06,,15.0,,,Communications campaigns & public relations,COMMUNICATIONS,0.88,0.97,0.98,0.88,0.84,0.88
Belgium,bel_d082a42710e5be1a33f59b90,"Remplacement des deux baies de stockage SAN centrales, avec migration des données et mise en service","Remplacement des deux baies de stockage SAN centrales actuellement constituées de 2 × HPE 3PAR StoreServ 8200, avec migration complète des données et mise en production opérationnelle. Cela comprend : • La fourniture, l’installation et la mise en service d’une nouvelle solution de stockage centralisé équivalente ou supérieure ; • La migration complète des données existantes vers la nouvelle infrastructure ; • La fourniture des licences nécessaires ; • La documentation et le support constructeur. La solution proposée devra assurer la continuité du service public et garantir un niveau de performance au moins équivalent à l’environnement existant.",,,buy_3269e25cc57d8434295ff5f7,CPAS de Charleroi,BE,2026-07-10,2026-08-18,,https://www.publicprocurement.be/publication-workspaces/0430a19f-2e9b-449c-b1c0-35cdd0a2668b,,Data migration services,DATA_SERVICES,0.9,0.9,0.99,0.66,0.72,0.92
United Kingdom,ten_6a810588aaf383cf255c,Discovery Consultancy Support for NEC Data Migration,,Automation / software,Software / automation,buy_60eacdb83f95d20e0992,Thirteen Housing Group Limited,United Kingdom,2026-07-09,,72.0,,,Data migration services,DATA_SERVICES,0.9,0.9,0.99,0.66,0.72,0.92
Quebec,ten_df239bc5ac76b1f744ff,Migration de données vers Microsoft Fabric,,Creative / communications,Design / publishing,buy_a9a9318ebcfbd63731d3,Centre universitaire de santé McGill.,Canada - Quebec,2026-05-28,,82.0,,,Data migration services,DATA_SERVICES,0.9,0.9,0.99,0.66,0.72,0.92
United Kingdom,ten_0b549c00aa7c498c876e,HR and Payroll Data Migration and Testing,,Automation / software,Software / automation,buy_45758162c0a4c1ac4261,Gloucestershire County Council,United Kingdom,2026-05-22,,72.0,,,Data migration services,DATA_SERVICES,0.9,0.9,0.99,0.66,0.72,0.92
United Kingdom,ten_e6b6636e00032625df88,PROC3 26-08 Data migration for implementation of new financial system,,Automation / software,Software / automation,buy_84f8945b6e586191070a,Erewash Borough Council,United Kingdom,2026-05-15,,72.0,,,Data migration services,DATA_SERVICES,0.9,0.9,0.99,0.66,0.72,0.92
Belgium,bel_b1f1069982cf9f07f5222f04,Data Migration Tool,"Dans le cadre de la migration des données pour le programme shERPa, nous devons disposer d’un outil supplémentaire en complément de la Migration Cockpit (SAP) et d’IDP (Accenture).",,,buy_6b3f3d8c0601b4a006f6ec16,SNCB-Procurement,BE,2026-04-24,,,https://www.publicprocurement.be/publication-workspaces/1d3301fa-8eda-4aff-81e5-534d0dd87354,,Data migration services,DATA_SERVICES,0.9,0.9,0.99,0.66,0.72,0.92
United Kingdom,ten_2fd3626b7fa154a06756,Data Migration Engineer,,Automation / software,Software / automation,buy_255ac6a1f60111a3ecb6,Cell & Gene Therapy Catapult,United Kingdom,2026-04-15,,72.0,,,Data migration services,DATA_SERVICES,0.9,0.9,0.99,0.66,0.72,0.92
United Kingdom,ten_aec7d3da834c225a5d34,Data Migration Implementation Services,,Automation / software,Software / automation,buy_65b0955181ba530a6bac,BROMFORD FLAGSHIP LIVEWEST LIMITED,United Kingdom,2026-04-02,,72.0,,,Data migration services,DATA_SERVICES,0.9,0.9,0.99,0.66,0.72,0.92
TED,ted_187e1e5af3f711abc1a5,"Développement et maintenance d’une solution informatique entre le secteur communal et l’Etat (« COSMOS »), de mise en place d’un registre national communal et de migration de données depuis une application existante (« e-MINT »)","L’objet du marché consiste à développer et assurer la maintenance d’une application. La solution informatique à développer pour les besoins du ministère des Affaires intérieures (MAINT) est dénommée COSMOS. Elle inclut la mise en place de la couche applicative et de la gestion des accès dans une application à part, la mise en place d’un registre national communal, la mise en place d’un Front-Office unique avec différents formulaires structurés pour les communes, ainsi que d’un Back-Office unique. L’échange entre Front- et Back-Office repose sur des formulaires standardisés et structurés avec fonctionnalités communes, un nombre restreint de workflows end-to-end et décisions/statuts communs, ainsi que de courriers standardisés.",Automation / software,IT services / software,buy_eeed8814d806fe8dfbe5,Centre des technologies de l'information de l'État,LUX,2026-03-01,2026-04-17,60.0,,,Data migration services,DATA_SERVICES,0.9,0.9,0.99,0.66,0.72,0.92
United Kingdom,ten_de4367261c7827054da8,Data Migration Specialist,,Automation / software,Software / automation,buy_54fc23fd795212697d44,Portsmouth City Council,United Kingdom,2026-02-27,,72.0,,,Data migration services,DATA_SERVICES,0.9,0.9,0.99,0.66,0.72,0.92
Ireland,ten_927d27fd95edbf58b087,Data Migration Services,,Automation / software,Software / automation,buy_0b65a6b4ce257fcfd126,Raidió Teilifís Éireann ( RTÉ ),Ireland,2026-02-05,2026-03-10,72.0,,,Data migration services,DATA_SERVICES,0.9,0.9,0.99,0.66,0.72,0.92
United Kingdom,ten_77a0fadfd3bbd388041a,"WPL06337-Heidelberg Heyex 2 Software Upgrade, Data Migration and 5 year software support",,Automation / software,Software / automation,buy_dac8384ca3656c5582cc,UNIVERSITY HOSPITAL SOUTHAMPTON NHS FOUNDATION TRUST,United Kingdom,2026-02-04,,72.0,,,Data migration services,DATA_SERVICES,0.9,0.9,0.99,0.66,0.72,0.92
TED,ted_636c961afe58f6aeb50d,"Suministro De La Actualización De Las Licencias Y El Soporte De La Plataforma De Software De Gestión Documental De La Gerencia De Informática De La Seguridad Social Y Del Ministerio De Inclusión, Seguridad Social Y Migraciones. (Ministerio De Inclusión, Seguridad Social Y Migraciones-Gerencia De Informatica De La Seguridad Social)","Suministro De La Actualización De Las Licencias Y El Soporte De La Plataforma De Software De Gestión Documental De La Gerencia De Informática De La Seguridad Social Y Del Ministerio De Inclusión, Seguridad Social Y Migraciones. (Ministerio De Inclusión, Seguridad Social Y Migraciones-Gerencia De Informatica De La Seguridad Social)",Automation / software,Software / automation,buy_262acb26bfbdf5a4121e,Dirección General de Racionalización y Centralización de la Contratación-Junta de Contratación Centralizada,ESP,2026-07-27,,74.0,,,Document management / ECM / GED,DOCUMENT_SOFTWARE,0.86,0.9,0.99,0.7,0.76,0.9
United Kingdom,ten_f3e931316ce1aa33dd3d,Provision of Document Management System,,Other,UNKNOWN,buy_c2e7c51ce766462da157,Thameslink Southern Great Northern Limited (TSGN),United Kingdom,2026-07-15,,15.0,,,Document management / ECM / GED,DOCUMENT_SOFTWARE,0.86,0.9,0.99,0.7,0.76,0.9
TED,ted_a32a152e36069ef2f455,"Servicios de retirada de vehículos de las vías públicas, así como señalización previa de las vías (eventos, obras), gestión documental, traslado y tratamiento de los vehículos al final de su vida útil del término municipal de Eivissa al centro autorizado","Servicios de retirada de vehículos de las vías públicas, así como señalización previa de las vías (eventos, obras), gestión documental, traslado y tratamiento de los vehículos al final de su vida útil del término municipal de Eivissa al centro autorizado",Other,UNKNOWN,buy_262acb26bfbdf5a4121e,Concejalía Delegada del Ayuntamiento de Eivissa,ESP,2026-07-03,2026-08-03,20.0,,,Document management / ECM / GED,DOCUMENT_SOFTWARE,0.86,0.9,0.99,0.7,0.76,0.9
TED,ted_65799bc265024b0d6d11,Licencia De Uso De Tipo Campus De Una Herramienta De Gestión Documental Para La Agencia Estatal Consejo Superior De Investigaciones Científicas. (Agencia Estatal Consejo Superior De Investigaciones Científicas),Licencia De Uso De Tipo Campus De Una Herramienta De Gestión Documental Para La Agencia Estatal Consejo Superior De Investigaciones Científicas. (Agencia Estatal Consejo Superior De Investigaciones Científicas),Automation / software,IT services / software,buy_262acb26bfbdf5a4121e,Dirección General de Racionalización y Centralización de la Contratación-Junta de Contratación Centralizada,ESP,2026-07-02,,60.0,,,Document management / ECM / GED,DOCUMENT_SOFTWARE,0.86,0.9,0.99,0.7,0.76,0.9
Quebec,ten_bbb5ea4f80f52482c3d7,Solution de gestion électronique des documents et des archives Constellio,,Automation / software,Software / automation,buy_f0210c328dcaa7d7e64a,Centre de services scolaire des Patriotes,Canada - Quebec,2026-07-02,,74.0,,,Document management / ECM / GED,DOCUMENT_SOFTWARE,0.86,0.9,0.99,0.7,0.76,0.9
United Kingdom,ten_84f231cdf5aeee70d200,Cyc Firearms Document Management System,,Other,UNKNOWN,buy_29b4fe632131afa7e1da,The Police & Crime Commissioner for Sussex,United Kingdom,2026-06-23,,15.0,,,Document management / ECM / GED,DOCUMENT_SOFTWARE,0.86,0.9,0.99,0.7,0.76,0.9
United Kingdom,ten_ade77b64bae886dc69d6,Soft Market Testing for Revenues & Benefits Electronic Document Management System (EDMS) and Core System,,Other,UNKNOWN,buy_77dc4d7e55b8c9aa3701,Wirral Council,United Kingdom,2026-06-17,,15.0,,,Document management / ECM / GED,DOCUMENT_SOFTWARE,0.86,0.9,0.99,0.7,0.76,0.9
TED,ted_31b616844e41ad870abe,Implantación i despliegue del sistema integral de gestión documental del Ayuntamiento de Mollet del Vallés,"Contratación de una plataforma tecnológica de gestión documental y archivo que permita la gestión del archivo físico y del archivo electrónico único, la conservación a largo plazo de sus documentos y expedientes, el acceso controlado a la información custodiada i la difusión del contingente documental digital. La gestión documental incluye documentos electrónicos (EDMS/ERMS) expedientes físicos tradicionales híbridos, otros documentos, objetos digitales i datos que formen parte de los sistemas de información del Ayuntamiento, así como documentos que son patrimonio documental del Ayuntamiento (ya sea de creación propia o de incorporación por donación de particular)",Automation / software,IT services / software,buy_262acb26bfbdf5a4121e,Ajuntament de Mollet del Vallès,ESP,2026-06-09,2026-07-10,60.0,,,Document management / ECM / GED,DOCUMENT_SOFTWARE,0.86,0.9,0.99,0.7,0.76,0.9
TED,ted_df19644d55a7fb7e783f,Contratación De Software De Gestión Documental Con Destino Al Servicio Público De Empleo Estatal (Sepe). (Ministerio De Trabajo Y Economía Social-Servicio Publico De Empleo Estatal),Contratación De Software De Gestión Documental Con Destino Al Servicio Público De Empleo Estatal (Sepe). (Ministerio De Trabajo Y Economía Social-Servicio Publico De Empleo Estatal),Automation / software,Software / automation,buy_262acb26bfbdf5a4121e,Dirección General de Racionalización y Centralización de la Contratación-Junta de Contratación Centralizada,ESP,2026-06-03,,74.0,,,Document management / ECM / GED,DOCUMENT_SOFTWARE,0.86,0.9,0.99,0.7,0.76,0.9
TED,ted_a35e1a359b4c6c748296,"Contrato Específico Del Sistema Dinámico De Adquisición (Sda 25/2022) De Suministros De Software Del Sistema, De Desarrollo Y De Aplicación, Del Sistema Estatal De Contratación Centralizada. Lote 5 Renovación De Licencias Del Sistema De Gestión Documental Corporativo (Administrador De Infraestructuras Ferroviarias (Adif))","Contrato Específico Del Sistema Dinámico De Adquisición (Sda 25/2022) De Suministros De Software Del Sistema, De Desarrollo Y De Aplicación, Del Sistema Estatal De Contratación Centralizada. Lote 5 Renovación De Licencias Del Sistema De Gestión Documental Corporativo (Administrador De Infraestructuras Ferroviarias (Adif))",Automation / software,Software / automation,buy_262acb26bfbdf5a4121e,Dirección General de Racionalización y Centralización de la Contratación-Junta de Contratación Centralizada,ESP,2026-04-23,,74.0,,,Document management / ECM / GED,DOCUMENT_SOFTWARE,0.86,0.9,0.99,0.7,0.76,0.9
France,ten_b3aaf55460eebfb5b37b,"FOURNITURE, MISE EN OEUVRE ET MAINTENANCE D'UNE SOLUTION DE GESTION ELECTRONIQUE DES DOCUMENTS (GED) TRANSVERSE POUR LE CNFPT",,Automation / software,Software / automation,buy_90ed5ae96eb3ecd094e2,CNFPT - Direction de l'achat public,France,2026-04-23,2026-05-18,74.0,,,Document management / ECM / GED,DOCUMENT_SOFTWARE,0.86,0.9,0.99,0.7,0.76,0.9
Belgium,bel_094736fed72147415f24da84,Mise en place d’un système de dématérialisation et de gestion électronique des documents pour FAMIWAL,Mise en place d’un système de dématérialisation et de gestion électronique des documents pour FAMIWAL,,,buy_de6a281a95c377899b20618c,Caisse publique wallonne d'allocations familiales-FAMIWAL,BE,2026-04-22,2026-04-29,,https://www.publicprocurement.be/publication-workspaces/783529e6-ca4e-4841-abab-a2c42fadd7b4,,Document management / ECM / GED,DOCUMENT_SOFTWARE,0.86,0.9,0.99,0.7,0.76,0.9
TED,ted_1a1a0918aff51c4de744,"Prórroga Del Contrato A5901/2025. Servicio De Mantenimiento Adaptativo, Evolutivo Y Correctivo Para El Aseguramiento Del Servicio De La Web Institucional Y Sede Electrónica Del Consejo Superior De Investigaciones Científicas. (Agencia Estatal Consejo Superior De Investigaciones Científicas)","Prórroga Del Contrato A5901/2025. Servicio De Mantenimiento Adaptativo, Evolutivo Y Correctivo Para El Aseguramiento Del Servicio De La Web Institucional Y Sede Electrónica Del Consejo Superior De Investigaciones Científicas. (Agencia Estatal Consejo Superior De Investigaciones Científicas)",Automation / software,IT services / software,buy_262acb26bfbdf5a4121e,Dirección General de Racionalización y Centralización de la Contratación-Junta de Contratación Centralizada,ESP,2026-08-11,,60.0,,,E-government / electronic administration platforms,GOVTECH,0.78,0.86,0.99,0.52,0.62,0.9
TED,ted_35a327f3921358b79941,Prórroga Del Contrato A4191/2025. Servicio De Mantenimiento Y Optimización De La Sede Electrónica Y Del Registro De Apoderamientos Del Organismo Estatal Inspección De Trabajo Y Seguridad Social (Organismo Estatal Inspección De Trabajo Y Seguridad Social-Secretaría General),Prórroga Del Contrato A4191/2025. Servicio De Mantenimiento Y Optimización De La Sede Electrónica Y Del Registro De Apoderamientos Del Organismo Estatal Inspección De Trabajo Y Seguridad Social (Organismo Estatal Inspección De Trabajo Y Seguridad Social-Secretaría General),Automation / software,IT services / software,buy_262acb26bfbdf5a4121e,Dirección General de Racionalización y Centralización de la Contratación-Junta de Contratación Centralizada,ESP,2026-08-11,,60.0,,,E-government / electronic administration platforms,GOVTECH,0.78,0.86,0.99,0.52,0.62,0.9
TED,ted_ccef23007521584f62cb,Contrato Específico Del Sistema Dinámico De Adquisición (Sda 26/2021) Para Los Servicios De Desarrollo De Sistemas De Administración Electrónica. Soporte Y Mantenimiento Del Sistema Gcadif (Ministerio De Transportes Y Movilidad Sostenible-Administrador De Infraestructuras Ferroviarias (Adif)),Contrato Específico Del Sistema Dinámico De Adquisición (Sda 26/2021) Para Los Servicios De Desarrollo De Sistemas De Administración Electrónica. Soporte Y Mantenimiento Del Sistema Gcadif (Ministerio De Transportes Y Movilidad Sostenible-Administrador De Infraestructuras Ferroviarias (Adif)),Automation / software,IT services / software,buy_262acb26bfbdf5a4121e,Dirección General de Racionalización y Centralización de la Contratación-Junta de Contratación Centralizada,ESP,2026-08-11,,60.0,,,E-government / electronic administration platforms,GOVTECH,0.78,0.86,0.99,0.52,0.62,0.9
TED,ted_6962e9edca1fd33af741,"Servicios de desarrollo adaptativo y evolutivo del sistema de historia clínica electrónica JIMENA de la Gerencia Regional de Salud de Castilla y León (GRS), incluyéndose entre los mismos las tareas necesarias para el mantenimiento, implantación y/o integración con el sistema de módulos y servicios de administración electrónica”, dentro del SDA 26/2021, de la DGRC","Servicios de desarrollo adaptativo y evolutivo del sistema de historia clínica electrónica JIMENA de la Gerencia Regional de Salud de Castilla y León (GRS), incluyéndose entre los mismos las tareas necesarias para el mantenimiento, implantación y/o integración con el sistema de módulos y servicios de administración electrónica”, dentro del Sistema Dinámico de Adquisición 26/2021, de la Dirección General De Racionalización y Centralización de la Contratación del Ministerio de Hacienda y Función Pública (Sistema Dinámico de Adquisición de Servicios Dirigidos al Desarrollo de La Administración Electrónica).",Automation / software,IT services / software,buy_262acb26bfbdf5a4121e,Gerencia Regional de Salud de Castilla y León,ESP,2026-08-07,,60.0,,,E-government / electronic administration platforms,GOVTECH,0.78,0.86,0.99,0.52,0.62,0.9
TED,ted_ee8f4222d83f4c94c856,"Servicios De Configuración, Mantenimiento, Resolución De Incidencias Y Apoyo Técnico A Usuarios, Así Como De Configuración De Recursos Tecnológicos Y De Comunicaciones Y Sistemas Para La Administración Electrónica Del Instituto Para La Transición Justa, O.A. (Ministerio Para La Transición Ecológica Y El Reto Demográfico-Contratación Del Instituto Para La Transición Justa, O.A.)","Servicios De Configuración, Mantenimiento, Resolución De Incidencias Y Apoyo Técnico A Usuarios, Así Como De Configuración De Recursos Tecnológicos Y De Comunicaciones Y Sistemas Para La Administración Electrónica Del Instituto Para La Transición Justa, O.A. (Ministerio Para La Transición Ecológica Y El Reto Demográfico-Contratación Del Instituto Para La Transición Justa, O.A.)",Automation / software,IT services / software,buy_262acb26bfbdf5a4121e,Dirección General de Racionalización y Centralización de la Contratación-Junta de Contratación Centralizada,ESP,2026-08-04,,60.0,,,E-government / electronic administration platforms,GOVTECH,0.78,0.86,0.99,0.52,0.62,0.9
TED,ted_c3b8c1918d0b06938e5c,"Suministro, Implantación, Migración, Mantenimiento Y Soporte De Una Plataforma De Administración Electrónica (Ministerio De Economía, Comercio Y Empresa-Icex España Exportación E Inversiones, Ep E.)","Suministro, Implantación, Migración, Mantenimiento Y Soporte De Una Plataforma De Administración Electrónica (Ministerio De Economía, Comercio Y Empresa-Icex España Exportación E Inversiones, Ep E.)",Automation / software,IT services / software,buy_262acb26bfbdf5a4121e,Dirección General de Racionalización y Centralización de la Contratación-Junta de Contratación Centralizada,ESP,2026-07-27,,60.0,,,E-government / electronic administration platforms,GOVTECH,0.78,0.86,0.99,0.52,0.62,0.9
TED,ted_636be32229dc4630bfa8,Suministro De Licencias Para La Plataforma Software De Balanceo De Carga De Los Servicios De Sede Electrónica Del Ministerio De Industria Y Turismo (Ministerio De Industria Y Turismo-Subdirección General De Tecnologías De La Información Y De Las Comunicaciones),Suministro De Licencias Para La Plataforma Software De Balanceo De Carga De Los Servicios De Sede Electrónica Del Ministerio De Industria Y Turismo (Ministerio De Industria Y Turismo-Subdirección General De Tecnologías De La Información Y De Las Comunicaciones),Automation / software,Software / automation,buy_262acb26bfbdf5a4121e,Dirección General de Racionalización y Centralización de la Contratación-Junta de Contratación Centralizada,ESP,2026-07-24,,74.0,,,E-government / electronic administration platforms,GOVTECH,0.78,0.86,0.99,0.52,0.62,0.9
TED,ted_b5ec62b4208936ef8323,Servicio de apoyo para la implantación de la administración electrónica en el marco del proyecto SeDiVal,Servicio de apoyo para la implantación de la administración electrónica en el marco del proyecto SeDiVal,Automation / software,IT services / software,buy_262acb26bfbdf5a4121e,Presidencia de la Diputación Provincial de Valencia,ESP,2026-07-18,2026-08-03,60.0,,,E-government / electronic administration platforms,GOVTECH,0.78,0.86,0.99,0.52,0.62,0.9
TED,ted_3a375b1e430ed606c78c,Prórroga Del Contrato 1119/2024. Contrato Específico Del Sda 26/2021 Para Los Servicios De Desarrollo De Sistemas De Administración Electrónica. Expediente En Plataforma De Contratación 2021/16. Evolución Herramienta De Gestión De Facturación De Energía A Operadores - Gfo. (Ministerio De Transportes Y Movilidad Sostenible-Administrador De Infraestructuras Ferroviarias (Adif)),Prórroga Del Contrato 1119/2024. Contrato Específico Del Sda 26/2021 Para Los Servicios De Desarrollo De Sistemas De Administración Electrónica. Expediente En Plataforma De Contratación 2021/16. Evolución Herramienta De Gestión De Facturación De Energía A Operadores - Gfo. (Ministerio De Transportes Y Movilidad Sostenible-Administrador De Infraestructuras Ferroviarias (Adif)),Automation / software,IT services / software,buy_262acb26bfbdf5a4121e,Dirección General de Racionalización y Centralización de la Contratación-Junta de Contratación Centralizada,ESP,2026-07-07,,60.0,,,E-government / electronic administration platforms,GOVTECH,0.78,0.86,0.99,0.52,0.62,0.9
TED,ted_52e7c4aabc7b522d289b,Contratación del suministro de un sistema integral de gestión y administración electrónica y los servicios de consultoría y asistencia técnica necesarios para implantar la solución integrada en el Ayuntamiento de Palos de la Frontera.,Contratación del suministro de un sistema integral de gestión y administración electrónica y los servicios de consultoría y asistencia técnica necesarios para implantar la solución integrada en el Ayuntamiento de Palos de la Frontera.,Automation / software,IT services / software,buy_262acb26bfbdf5a4121e,Alcaldia del Ayuntamiento de Palos de la Frontera,ESP,2026-07-03,2026-08-07,60.0,,,E-government / electronic administration platforms,GOVTECH,0.78,0.86,0.99,0.52,0.62,0.9
TED,ted_53f2ccf041169a87f360,"Mantenimiento, actualización y administración de equipamientos de informática de usuario final para la administración electrónica en la Ciudad Autónoma de Melilla.","Mantenimiento, actualización y administración de equipamientos de informática de usuario final para la administración electrónica en la Ciudad Autónoma de Melilla.",Other,UNKNOWN,buy_262acb26bfbdf5a4121e,Consejería de Hacienda de la Ciudad Autónoma de Melilla,ESP,2026-07-03,2026-08-04,20.0,,,E-government / electronic administration platforms,GOVTECH,0.78,0.86,0.99,0.52,0.62,0.9
TED,ted_653d25dc61b01dc71808,Servicio de centralita telefónica y asistencia técnica a la Administración Electrónica,El objeto de este contrato es el servicio de centralita telefónica y asistencia técnica a la Administración Electrónica con la finalidad de dar apoyo a la ciudadanía,Automation / software,IT services / software,buy_262acb26bfbdf5a4121e,Ajuntament de Manlleu - Junta Govern Local,ESP,2026-06-20,2026-07-20,60.0,,,E-government / electronic administration platforms,GOVTECH,0.78,0.86,0.99,0.52,0.62,0.9
Quebec,ten_078d2a19af3f9b2abec7,Entente achat de services SAD Résidence Le Signature,,Other,UNKNOWN,buy_22070916a2334d37e1ed,CISSS Montérégie-Ouest,Canada - Quebec,2026-07-15,,15.0,,,Electronic signature / trust services,TRUST_SERVICES,0.62,0.94,0.99,0.72,0.78,0.84
TED,ted_5ab9ca6b4c42b8a97178,"„Дигитализация на процедурите по регистрация на търсещите работа лица чрез таблети с digital signature, ID card reader за четене на документи и автоматизация на процесите в ДБТ“","Подробно описание на предмета на обществената поръчка се съдържа в Техническата спецификация на Възложителя - Приложение № 1 от документацията на обществената поръчка. В предмета на обществената поръчка е включено изпълнението на следните дейности: Дейност 1: Доставка на хардуерно оборудване; Дейност 2: Дигитализацията на процедурите по регистрация на търсещи работа лица и трудово посредничество в Дирекции „Бюра по труда“, ​​​​​​​Дейност 3: Гаранционна поддръжка.",Automation / software,IT services / software,buy_b63fd7ac83e5501cf324,АГЕНЦИЯ ПО ЗАЕТОСТТА,BGR,2026-07-09,,60.0,,,Electronic signature / trust services,TRUST_SERVICES,0.62,0.94,0.99,0.72,0.78,0.84
Quebec,ten_026985c9657ffcf32c59,Solution infonuagique de signature électronique sécurisée,,Automation / software,Software / automation,buy_00c13398e37e0f09da3a,Cégep Beauce-Appalaches.,Canada - Quebec,2026-07-09,,74.0,,,Electronic signature / trust services,TRUST_SERVICES,0.62,0.94,0.99,0.72,0.78,0.84
United Kingdom,ten_9901cfc4b628da782dc5,Docusign E-signatures,,Other,UNKNOWN,buy_a18b72afc7f955fd0665,Babergh District Council,United Kingdom,2026-06-30,,15.0,,,Electronic signature / trust services,TRUST_SERVICES,0.62,0.94,0.99,0.72,0.78,0.84
United Kingdom,ten_734ff14e7dfd4e41e4f0,Document eSignature Service,,Other,UNKNOWN,buy_ecee304a6d9dddad3b0a,Golden Lane Housing Limited,United Kingdom,2026-06-23,,15.0,,,Electronic signature / trust services,TRUST_SERVICES,0.62,0.94,0.99,0.72,0.78,0.84
Quebec,ten_fe2930183ff9504b3bdf,"Autorisation de signature de contrat d'éxécution avec l'artiste créatrice Amélie Brindamour, dans le cadre de la Politique d'intégration des arts du ministère de la Culture et des Communications",,Creative / communications,Design / publishing,buy_4645b3ac5ba18eac5ef1,Municipalité de La Conception,Canada - Quebec,2026-06-05,,82.0,,,Electronic signature / trust services,TRUST_SERVICES,0.62,0.94,0.99,0.72,0.78,0.84
Quebec,ten_13a9d6387c17ae91d36a,"05-149-26 Autorisation de signature afin de présenter les spectacles de la programmation estivale – Été 2026 « Mercredis, spectacles de la promenade »",,Other,UNKNOWN,buy_0175eb7a8c7f090c33b4,Ville de Sainte-Anne-de-Bellevue,Canada - Quebec,2026-05-14,,15.0,,,Electronic signature / trust services,TRUST_SERVICES,0.62,0.94,0.99,0.72,0.78,0.84
France,ten_1875b86aca42a91577c3,FOURNITURE DE CERTIFICATS DE SIGNATURES ET DE CACHETS ELECTRONIQUES POUR LES ORGANISMES DE SECURITE SOCIALE,,Automation / software,Software / automation,buy_f0ca060c1b7e440b3084,UCANSS,France,2026-05-13,2026-06-15,74.0,,,Electronic signature / trust services,TRUST_SERVICES,0.62,0.94,0.99,0.72,0.78,0.84
Germany,ten_5abc5422d229236610d9,Modularer QES-Signaturserver für kartengebundene Signaturen und Fernsignaturen mit integriertem Signaturprüfungsmodul,,Automation / software,IT services / software,,,Germany,2026-05-12,2026-06-01,60.0,,,Electronic signature / trust services,TRUST_SERVICES,0.62,0.94,0.99,0.72,0.78,0.84
Quebec,ten_7f89eda8c7a1f133e859,Acquisition d'une solution pour la modernisation des services de signatures électroniques et numériques,,Creative / communications,Design / publishing,buy_c6c4f8fd98cdffdd3a77,Ministère de la Justice,Canada - Quebec,2026-05-04,2026-07-06,82.0,,,Electronic signature / trust services,TRUST_SERVICES,0.62,0.94,0.99,0.72,0.78,0.84
TED,ted_b6878100a600bfd856b6,"„Дигитализация на процедурите по регистрация на търсещите работа лица чрез таблети с digital signature, ID card reader за четене на документи и автоматизация на процесите в ДБТ“","Подробно описание на предмета на обществената поръчка се съдържа в Техническата спецификация на Възложителя - Приложение № 1 от документацията на обществената поръчка. В предмета на обществената поръчка е включено изпълнението на следните дейности: Дейност 1: Доставка на хардуерно оборудване; Дейност 2: Дигитализацията на процедурите по регистрация на търсещи работа лица и трудово посредничество в Дирекции „Бюра по труда“, Дейност 3: Гаранционна поддръжка.",Automation / software,IT services / software,buy_b63fd7ac83e5501cf324,АГЕНЦИЯ ПО ЗАЕТОСТТА,BGR,2026-04-02,2026-05-05,60.0,,,Electronic signature / trust services,TRUST_SERVICES,0.62,0.94,0.99,0.72,0.78,0.84
Belgium,bel_d9ab69b5f08da1758e37db6e,SOLUTION DE SIGNATURES ÉLECTRONIQUES DE DOCUMENTS,SOLUTION DE SIGNATURES ÉLECTRONIQUES DE DOCUMENTS,,,buy_6af11c350b86c39c7ad55a0f,Châtelet,BE,2026-02-26,,,https://www.publicprocurement.be/publication-workspaces/97684f62-0b1c-487a-9519-3343e4f8a025,,Electronic signature / trust services,TRUST_SERVICES,0.62,0.94,0.99,0.72,0.78,0.84
France,ten_5de3af062f812f385d1b,Marché de maîtrise d'œuvre relatif à des travaux de phytomanagement des sols pollués - Site Abralor Rue de la Digue à Nancy (54)-.,,Other,Services,buy_4e917d2ffed8385f9e44,Métropole du Grand Nancy,France,2026-07-16,,15.0,,,Environmental studies / contaminated land / GHG,SPECIALIST_CONSULTING,0.48,0.98,0.62,0.36,0.5,0.86
United Kingdom,ten_8a0e9a0199dbd6b8cba4,Strategic Environmental Assessment (SEA) and a Habitat Regulations Assessment (HRA),,Other,UNKNOWN,buy_d2a7a1883855ebc5224c,Warrington Borough Council,United Kingdom,2026-07-15,,15.0,,,Environmental studies / contaminated land / GHG,SPECIALIST_CONSULTING,0.48,0.98,0.62,0.36,0.5,0.86
United Kingdom,ten_569a4395b82a68d7d456,North Northamptonshire Local Plan - Strategic Environmental Assessment,,Creative / communications,Design / publishing,buy_dccf1961f194649b717d,North Northamptonshire Council,United Kingdom,2026-07-08,2026-08-07,80.0,,,Environmental studies / contaminated land / GHG,SPECIALIST_CONSULTING,0.48,0.98,0.62,0.36,0.5,0.86
France,ten_aba81706f11ad99f13ef,Aménagement du site Kléber à Essey-Lès-Nancy Etudes sites et sols pollués,,Monitoring / research,Monitoring / analysis,buy_62b2f5cb5733742ababc,SLIM TERRITOIRES,France,2026-07-04,,70.0,,,Environmental studies / contaminated land / GHG,SPECIALIST_CONSULTING,0.48,0.98,0.62,0.36,0.5,0.86
Germany,ten_ff589cbe547a0aa43bb4,10101990000 - Analysis and communication of Strategic Environmental Assessments as an instrument for supporting green recovery in Ukraine,,Other,UNKNOWN,,,Germany,2026-07-01,2026-07-22,15.0,,,Environmental studies / contaminated land / GHG,SPECIALIST_CONSULTING,0.48,0.98,0.62,0.36,0.5,0.86
France,ten_6544dfb36f81c535de2d,Marché de maîtrise d'œuvre relatif à des travaux de phytomanagement des sols pollués - Site Abralor Rue de la Digue à Nancy (54)-.,,Other,Services,buy_4e917d2ffed8385f9e44,Métropole du Grand Nancy,France,2026-06-26,,15.0,,,Environmental studies / contaminated land / GHG,SPECIALIST_CONSULTING,0.48,0.98,0.62,0.36,0.5,0.86
United Kingdom,ten_bb5b4dfc9f363ac4fdbf,Contaminated Land Advice2,,Other,UNKNOWN,buy_263b4a0f192d544f3634,Woking Borough Council,United Kingdom,2026-06-22,,15.0,,,Environmental studies / contaminated land / GHG,SPECIALIST_CONSULTING,0.48,0.98,0.62,0.36,0.5,0.86
France,ten_ca34e4fb62d70e3d045f,"MARTINIQUE (972) – FORT-de-FRANCE – Morne Desaix – Zone technique – Réalisation de prestations d’ingénierie, d’étude, d’assistance et de contrôle relatives aux sites et sols pollués",,Monitoring / research,Monitoring / analysis,buy_646048616213d19a82e3,DID FdF,France,2026-06-21,2026-07-28,70.0,,,Environmental studies / contaminated land / GHG,SPECIALIST_CONSULTING,0.48,0.98,0.62,0.36,0.5,0.86
United Kingdom,ten_875058f5dc5dcad84a48,Non-Carbon Capture and Storage (CCS) Reliant Greenhouse Gas Removals (GGR),,Other,UNKNOWN,buy_2dfcbe23a0dedc7b6f23,Department for Energy Security & Net Zero,United Kingdom,2026-06-19,,15.0,,,Environmental studies / contaminated land / GHG,SPECIALIST_CONSULTING,0.48,0.98,0.62,0.36,0.5,0.86
France,ten_35759e9b9211f3b42e16,Actualisation du Bilan des Emissions de Gaz à Effet de Serre de la Région Normandie (Bilan carbone de la Région Normandie),,Monitoring / research,Monitoring / analysis,buy_11fe3b9fa2f09fbe6dc3,REGION NORMANDIE,France,2026-06-19,2026-07-23,70.0,,,Environmental studies / contaminated land / GHG,SPECIALIST_CONSULTING,0.48,0.98,0.62,0.36,0.5,0.86
France,ten_f62263a542a14aa5081f,Réalisation de missions de prestations Sites et Sols Pollués en vue de la cessation d'activité de 6 déchèteries,,Monitoring / research,Monitoring / analysis,buy_d7fcd254a7f75f1c0f80,Mauges Communauté,France,2026-06-03,2026-10-04,70.0,,,Environmental studies / contaminated land / GHG,SPECIALIST_CONSULTING,0.48,0.98,0.62,0.36,0.5,0.86
TED,ted_a7612b48d371b6e17890,"Provision of services to support economic modelling of climate change and energy policies: Modelling of non-CO2 greenhouse gases, air pollutants, and LULUCF offsets","The European Green Deal is the roadmap for making the EU’s economy sustainable. It is a set of policy initiatives with the overarching aim of making Europe climate neutral by 2050. The ""Economics of Climate Change, Energy and Transport"" Unit (JRC.C.6) of the Joint Research Centre supports the European Commission’s European Green Deal by performing economics-based research in several areas related to energy and climate change. This work includes the development of a reference toolset of economic models and the completion of associated research activities to improve the models' reliability and robustness. The JRC.C.6 Unit is based in Seville, Spain. JRC.C.6 is seeking to strengthen its socio-economic research and modelling capabilities by expanding its coverage of modelling areas and by updating and improving its existing models and toolsets. The unit JRC.C.6 maintains, develops and applies a number of quantitative tools to analyse the impact of different policies on the energy demand and supply sectors, as well as tools for macro-economic modelling. This toolset comprises the EU and global partial equilibrium models POTEnCIA and POLES including their corresponding databases (notably JRC-IDEES), and the global general equilibrium model JRC-GEM-E3. All these tools are able to provide model output in terms of CO2 emissions. The comprehensive modelling of climate change mitigation scenarios requires additional information as regards non-CO2 greenhouse gas emissions as well as on emissions and sinks related to land use, land use change and forestry offsets (LULUCF). Besides, climate action can have important co[1]benefits in terms of reduced emissions of air pollutants and of improved air quality. This Framework Contract aims at supporting the operation of the abovementioned set of models by providing the JRC with data, methods and results relevant for the analysis of non-CO2 greenhouse gas emissions, emissions of air pollutants (including air quality impacts), and LULUCF offsets.",Other,UNKNOWN,buy_262acb26bfbdf5a4121e,"European Commission, DG JRC - Joint Research Centre",ESP,2026-05-25,2026-06-29,20.0,,,Environmental studies / contaminated land / GHG,SPECIALIST_CONSULTING,0.48,0.98,0.62,0.36,0.5,0.86
United Kingdom,ten_effba791f7471b44566d,Provision of a Fully Maintained Vehicle Fleet and Fleet Management Service for North Cumbria Integrated Care NHS Foundation Trust,,Other,UNKNOWN,buy_718b5233b03eefef607c,North Cumbria Integrated Care NHS Foundation Trust,United Kingdom,2026-07-29,2026-10-19,15.0,,,Fleet management software & services,FLEET,0.62,0.92,0.9,0.66,0.68,0.84
United Kingdom,ten_d9845e010603b16b03d5,Renewal of the Tranman System for the fleet management software,,Automation / software,Software / automation,buy_f124be2536f80c97d5a6,Middlesbrough Council,United Kingdom,2026-07-21,,72.0,,,Fleet management software & services,FLEET,0.62,0.92,0.9,0.66,0.68,0.84
United Kingdom,ten_5145bdc15322515aab31,Tranman Fleet Management System,,Other,UNKNOWN,buy_f7489107459f375e7a9f,Stoke on Trent City Council,United Kingdom,2026-07-17,,15.0,,,Fleet management software & services,FLEET,0.62,0.92,0.9,0.66,0.68,0.84
TED,ted_ddd38eb11923aba33d2d,SERVIZIO DI FLEET MANAGEMENT PER LA GESTIONE DELLA FLOTTA VEICOLI DELLE AASS/ENTI DELLA REGIONE TOSCANA,Procedura aperta per l’affidamento di “SERVIZIO DI FLEET MANAGEMENT PER LA GESTIONE DELLA FLOTTA VEICOLI DEI VARI ENTI DEL SERVIZIO SANITARIO DELLA REGIONE TOSCANA” -CUI 2024-011-0017,Other,UNKNOWN,buy_811f3d14bc58dffafbdd,ESTAR - Ente di Supporto Tecnico Amministrativo Regionale,ITA,2026-07-08,2026-09-14,20.0,,,Fleet management software & services,FLEET,0.62,0.92,0.9,0.66,0.68,0.84
United Kingdom,ten_cc69ef5bef956ad1e925,Short and Long-Term Lease and Fleet Management,,Other,UNKNOWN,buy_416ffc7f3cc27bdc9b3f,Essex County Council,United Kingdom,2026-07-08,,15.0,,,Fleet management software & services,FLEET,0.62,0.92,0.9,0.66,0.68,0.84
United Kingdom,ten_a6b0dae49d616967d295,Fleet Management Framework - PME 2.0,,Other,UNKNOWN,buy_c32094c4a39cf71abd79,Places for People Group Limited,United Kingdom,2026-07-07,,15.0,,,Fleet management software & services,FLEET,0.62,0.92,0.9,0.66,0.68,0.84
United Kingdom,ten_b670be9e21bf6f40e246,Fleet Tracking Software,,Other,UNKNOWN,buy_f4958c430115b8963352,Lancaster City Council,United Kingdom,2026-06-16,,15.0,,,Fleet management software & services,FLEET,0.62,0.92,0.9,0.66,0.68,0.84
Quebec,ten_d3c478740fe413dad67d,"Acquisition,implantation et support d’un système intégré de géolocalisation et de gestion de flotte pour l’ensemble des véhicules municipaux",,Automation / software,Software / automation,buy_392d69216eb84030301e,Ville de Westmount,Canada - Quebec,2026-06-11,2026-07-08,74.0,,,Fleet management software & services,FLEET,0.62,0.92,0.9,0.66,0.68,0.84
United Kingdom,ten_73bb4485def35ca9bf39,Fleet Management Software - Preliminary Market Engagement (PME),,Other,UNKNOWN,buy_8b14ea4b1ccf1ec40ee5,THE GUINNESS PARTNERSHIP LIMITED,United Kingdom,2026-06-09,,15.0,,,Fleet management software & services,FLEET,0.62,0.92,0.9,0.66,0.68,0.84
United Kingdom,ten_99c286f5be91d94a81e7,Fleet Management,,Other,UNKNOWN,buy_3c95ea8b0251a783fa18,Karbon Homes,United Kingdom,2026-06-05,2026-06-30,15.0,,,Fleet management software & services,FLEET,0.62,0.92,0.9,0.66,0.68,0.84
Quebec,ten_d0e7644205c8f4e9e61f,Geotab - système de gestion de flotte - 36 mois,,Automation / software,Software / automation,buy_d3357d8fd14453177977,Ville de Cowansville,Canada - Quebec,2026-06-05,,74.0,,,Fleet management software & services,FLEET,0.62,0.92,0.9,0.66,0.68,0.84
United Kingdom,ten_d29f2c00c50721eedb36,Fleet Management Solution - PIN Notice,,Automation / software,Software / automation,buy_0a838d47c028c33f65e7,Wrexham County Borough Council,United Kingdom,2026-06-04,,72.0,,,Fleet management software & services,FLEET,0.62,0.92,0.9,0.66,0.68,0.84
Quebec,ten_6653568d35457394af48,Support du système information géographique (SIG),,Creative / communications,Design / publishing,buy_a0efb1a76b4a3f084b39,Ville de Sherbrooke,Canada - Quebec,2026-07-14,,82.0,,,GIS / geospatial information systems,GEO_SOFTWARE,0.78,0.88,0.96,0.54,0.62,0.88
France,ten_687d6ecd1e92751e5dc4,Maintenance et expertise du Système d’Information Géographique (SIG) de l’Agence de la biomédecine,,Creative / communications,Design / publishing,buy_5c3d0100a81480d15cbe,Agence de la biomédecine,France,2026-06-14,2026-07-20,82.0,,,GIS / geospatial information systems,GEO_SOFTWARE,0.78,0.88,0.96,0.54,0.62,0.88
France,ten_4db1ac873f6908b33e84,"Prestations de relevés géoréférencés, qualifiés, dans un format intégrable au Système d'Information Géographique communautaire du territoire",,Creative / communications,Design / publishing,buy_e7e7ed42120699216597,Communauté de Communes du Golfe de Saint-Tropez,France,2026-05-13,2026-06-19,82.0,,,GIS / geospatial information systems,GEO_SOFTWARE,0.78,0.88,0.96,0.54,0.62,0.88
United Kingdom,ten_e2454f06b18628aafb0c,Geographic Information Systems (GIS) Support and Maintenance,,Automation / software,Software / automation,buy_bedf92c5b3d904e467f5,Maritime and Coastguard Agency,United Kingdom,2026-04-30,,72.0,,,GIS / geospatial information systems,GEO_SOFTWARE,0.78,0.88,0.96,0.54,0.62,0.88
France,ten_7de0da0662eee347258c,Assistance à Maîtrise d'Ouvrage pour le développement et la gestion de l'information géographique intercommunale,,Creative / communications,Design / publishing,buy_e78a94c95521b78e5dec,Communauté de communes de la Vallée du Garon,France,2026-04-23,2026-05-26,82.0,,,GIS / geospatial information systems,GEO_SOFTWARE,0.78,0.88,0.96,0.54,0.62,0.88
Ireland,ten_f69193fd2130f22bb192,RFT to establish a Single Supplier Framework Agreement for Geographic Information System (GIS) Professional Services for Tailte Éireann,,Other,Geographic information systems (GIS or equivalent).,buy_147123731ceebe18a46b,Tailte Éireann,Ireland,2026-03-19,2026-04-24,15.0,,,GIS / geospatial information systems,GEO_SOFTWARE,0.78,0.88,0.96,0.54,0.62,0.88
France,ten_b462689a038790906a54,"Maintenance, acquisition et prestations associées sur une suite de logiciels d'information géographique : ArcGIS",,Creative / communications,Design / publishing,buy_71e90a3c59a346952485,Métropole européenne de Lille,France,2026-03-13,,82.0,,,GIS / geospatial information systems,GEO_SOFTWARE,0.78,0.88,0.96,0.54,0.62,0.88
TED,ted_2089dde57aff5737f3d6,Geographical information systems (map system and data management),"The competition is for the delivery of geographical information systems for Lier municipality. The procurement ́s value is estimated to: NOK 3,500,000 excluding VAT over 4 years, which is above the EEA threshold. The volume is an estimate and is not binding for the contracting authority. See the procurement documents for further information. The contracting authority reserves the right to cancel the competition, i.a. in connection with budgetary coverage. The obligation to make requirements for apprentices is considered to apply for this procurement, cf. the Procurement Act § 7. See the contract for more information.",Creative / communications,Design / publishing,buy_581df20f038735ed5497,Lier kommune,NOR,2026-02-05,2026-03-16,82.0,,,GIS / geospatial information systems,GEO_SOFTWARE,0.78,0.88,0.96,0.54,0.62,0.88
France,ten_205404aaab798763993a,Hébergement du système d'information géographique de Saint-Brieuc Armor Agglomération,,Creative / communications,Design / publishing,buy_b595f5077f0a5c8af84d,Saint-Brieuc Armor Agglomération,France,2026-02-03,2026-03-30,82.0,,,GIS / geospatial information systems,GEO_SOFTWARE,0.78,0.88,0.96,0.54,0.62,0.88
United Kingdom,ten_fd20b84d3241bb062f4f,Shared Geographical Information System,,Automation / software,Software / automation,buy_21ed95af88729c37bce1,London Borough of Hammersmith and Fuham,United Kingdom,2026-01-26,,72.0,,,GIS / geospatial information systems,GEO_SOFTWARE,0.78,0.88,0.96,0.54,0.62,0.88
France,ten_710d501fb8f583ac3b98,"Prestations de relevés géoréférencés, qualifiés, dans un format intégrable au Système d'Information Géographique communautaire du territoire (Relance)",,Creative / communications,Design / publishing,buy_e7e7ed42120699216597,Communauté de Communes du Golfe de Saint-Tropez,France,2026-01-07,2026-07-20,82.0,,,GIS / geospatial information systems,GEO_SOFTWARE,0.78,0.88,0.96,0.54,0.62,0.88
Belgium,bel_b207ab6743f0668739b14e07,"Onderhoud, ondersteuning en aankoop van GIS-Producten (Geographical Information System)",L’objet de ce marché consiste en l’acquisition et la maintenance de produits GIS ainsi que le support et la formation qui les accompagne.,,,buy_bd2f3abd22ddfa9ca6c61861,i-CITY,BE,2025-12-18,2026-01-07,,https://www.publicprocurement.be/publication-workspaces/b809e49e-54cf-4a80-be11-4da2e112a036,,GIS / geospatial information systems,GEO_SOFTWARE,0.78,0.88,0.96,0.54,0.62,0.88
France,ten_e2594242fd7fbce1cf69,"Réalisation de diagnostics voirie et bâtiments, de diagnostics structurels et d'études géotechniques sur bâtiment pour la Ville de Chartres, Chartres Métropole, le CIAS et le CCAS.",,Monitoring / research,Monitoring / analysis,buy_5c44d324338a9a0cec98,Ville de Chartres (28),France,2026-07-31,2026-09-25,70.0,,,Geotechnical investigations & studies,FIELD_SUBCONTRACT,0.28,0.99,0.38,0.34,0.44,0.86
Quebec,ten_5a74c7aad8a2f84b8732,"Services professionnels - (3204, rue Young) - Étude géotechnique et hydrogéologique/caractérisation environnementale des sols et évaluation environnementale de site (ÉES), phase I",,Creative / communications,Design / publishing,buy_024a4fb6e5b833e2900f,OMH de Montréal (OMHM),Canada - Quebec,2026-07-30,,82.0,,,Geotechnical investigations & studies,FIELD_SUBCONTRACT,0.28,0.99,0.38,0.34,0.44,0.86
France,ten_d9b85bece47a49a9807d,"Saint-Claude, cathédrale : fouilles archéologiques en accompagnement d'études géotechniques et de travaux de maçonnerie/pierre de taille",,Monitoring / research,Monitoring / analysis,buy_bed33585546bfc173c11,DRAC Bourgogne-Franche-Comté,France,2026-07-30,,70.0,,,Geotechnical investigations & studies,FIELD_SUBCONTRACT,0.28,0.99,0.38,0.34,0.44,0.86
Quebec,ten_f4916846b8f0df9485ee,"Services professionnels - (2055, avenue Elmhurst) - Étude géotechnique/échantillonnage environnemental des sols et évaluation environnementale de site phase I",,Monitoring / research,Monitoring / analysis,buy_024a4fb6e5b833e2900f,OMH de Montréal (OMHM),Canada - Quebec,2026-07-30,,70.0,,,Geotechnical investigations & studies,FIELD_SUBCONTRACT,0.28,0.99,0.38,0.34,0.44,0.86
France,ten_0299c7577385519731a5,Etudes géotechniques (lot 1) et pédologiques (lot 2) pour le NPNRU Emile Dubois à Aubervilliers.,,Monitoring / research,Monitoring / analysis,buy_ba9e4e6c8cc1f771d0d4,SPL PLAINE COMMUNE DEVELOPPEMENT,France,2026-07-28,2026-10-09,70.0,,,Geotechnical investigations & studies,FIELD_SUBCONTRACT,0.28,0.99,0.38,0.34,0.44,0.86
Quebec,ten_7b9622af8d44bbf3b324,Étude géotechnique Rang Saint-François,,Monitoring / research,Monitoring / analysis,buy_129060f79d6ff2d5dde4,Ville de Lavaltrie.,Canada - Quebec,2026-07-28,,70.0,,,Geotechnical investigations & studies,FIELD_SUBCONTRACT,0.28,0.99,0.38,0.34,0.44,0.86
France,ten_318d8676a70026c26f5a,Missions d'études géotechniques et de sondages de sols,,Monitoring / research,Monitoring / analysis,buy_a5d7ad5f1ab309a64221,Agglomération Roissy Pays de France,France,2026-07-26,2026-09-15,70.0,,,Geotechnical investigations & studies,FIELD_SUBCONTRACT,0.28,0.99,0.38,0.34,0.44,0.86
Quebec,ten_23df1e279a5e3b800eb0,"Étude géotechnique, hydrogéologique et environnementale - Site de la caserne",,Monitoring / research,Monitoring / analysis,buy_e192adf5e66c46105645,Ville de Sainte-Adèle.,Canada - Quebec,2026-07-23,,70.0,,,Geotechnical investigations & studies,FIELD_SUBCONTRACT,0.28,0.99,0.38,0.34,0.44,0.86
France,ten_2cf2e3ef540bc6571bd4,ACCORD-CADRE A BONS DE COMMANDE POUR DES MISSIONS D'INGENIERIE ET D'ETUDES GEOTECHNIQUES,,Monitoring / research,Monitoring / analysis,buy_b09c688641d027e3d089,LES RESIDENCES SOCIETE ANONYME D'HABITATIONS A LOYER MODERE,France,2026-07-23,2026-09-25,70.0,,,Geotechnical investigations & studies,FIELD_SUBCONTRACT,0.28,0.99,0.38,0.34,0.44,0.86
Quebec,ten_cb218788cf501f6e1995,Étude géotechnique rue Girard et Grande-Ligne,,Monitoring / research,Monitoring / analysis,buy_85548d0dc369572c14c2,Municipalité de Sainte-Angèle-de-Monnoir.,Canada - Quebec,2026-07-23,,70.0,,,Geotechnical investigations & studies,FIELD_SUBCONTRACT,0.28,0.99,0.38,0.34,0.44,0.86
Quebec,ten_de355038a254e12527d9,Etude géotechnique avec caractérisation environnementale,,Monitoring / research,Monitoring / analysis,buy_7135d0c0582956e9687a,Université Concordia,Canada - Quebec,2026-07-22,,70.0,,,Geotechnical investigations & studies,FIELD_SUBCONTRACT,0.28,0.99,0.38,0.34,0.44,0.86
France,ten_2e1c6b89cfb106ef164c,Accord-cadre à bons de commande pour des études géotechniques dans le cadre de travaux d'assainissement et d'eau potable sur le territoire du Siaepa O2 Bray,,Monitoring / research,Monitoring / analysis,buy_0c4a2639b44bdf813e96,Siaepa O2 Bray,France,2026-07-20,2026-07-09,70.0,,,Geotechnical investigations & studies,FIELD_SUBCONTRACT,0.28,0.99,0.38,0.34,0.44,0.86
Quebec,ten_4435fd84e39b07e81fcd,"Prolongation de contrat pour la solution informatique SOFE pour la gestion des ressources humaines, de la paie et du temps",,Automation / software,Software / automation,buy_96ef8b648f9d08ce608c,Ville de L'Assomption.,Canada - Quebec,2026-07-28,,74.0,,,HR / workforce / time management software,HR_SOFTWARE,0.78,0.9,0.99,0.68,0.72,0.9
Belgium,bel_a81f1fe1fd8bb4fc0ad1736b,Marché public de services relatif à l'implémentation et la maintenance d'un logiciel intégré de gestion des Ressources Humaines et du traitement de la paie pour les membres du personnel de Iriscare et de Vivalis,"Le présent marché porte sur la livraison, l'implémentation et la maintenance d'un moteur salarial centralisé, bilingue (NL/FR) qui doit être intégré au sein d'un logiciel de gestion modulable pour les ressources humaines et qui est compatible avec les systèmes RH existants au sein des institutions.",,,buy_781c38e69170b9f8b3526dab,iriscare,BE,2026-07-24,2026-08-31,,https://www.publicprocurement.be/publication-workspaces/53265664-ef66-469b-aa30-3e87b73e63f9,,HR / workforce / time management software,HR_SOFTWARE,0.78,0.9,0.99,0.68,0.72,0.9
United Kingdom,ten_c1d7062692bea1847ba2,Workforce Management Solution Pre Market Engagement,,Other,UNKNOWN,buy_36aba054d5445046fbf9,West Yorkshire Combined Authority,United Kingdom,2026-07-22,,15.0,,,HR / workforce / time management software,HR_SOFTWARE,0.78,0.9,0.99,0.68,0.72,0.9
Belgium,bel_428d61db22b5c32bb2ee8a5e,"Fourniture, implémentation et maintenance d'un système de paie et de gestion des ressources humaines et d'un système de planification et pointages","Fourniture, implémentation et maintenance d'un système de paie et de gestion des ressources humaines et d'un système de planification et pointages",,,buy_be1996689465396723bae7e6,GROUPE SANTE CHC ASBL,BE,2026-07-07,2026-09-30,,https://www.publicprocurement.be/publication-workspaces/51b801fa-2454-4737-bb28-1796372330d7,,HR / workforce / time management software,HR_SOFTWARE,0.78,0.9,0.99,0.68,0.72,0.9
United Kingdom,ten_11f40ed4b6c24c8dfa06,NHS24 Workforce Management Solution,,Automation / software,Software / automation,buy_fd956a03a1f446f621c5,NHS 24,United Kingdom,2026-07-03,2026-08-05,72.0,,,HR / workforce / time management software,HR_SOFTWARE,0.78,0.9,0.99,0.68,0.72,0.9
Belgium,bel_c60eaaeed8bc4b29c5dcaeb7,acquisition d’une solution informatique de gestion des ressources humaines et support technique,"Le présent marché a pour objet la fourniture d'une solution informatique de gestion des ressources humaines et support technique et l’installation de modules d’évaluation, de formation et gestion des contenus de formation.   L’objectif est de mettre en place une plateforme SIRH robuste et évolutive, offrant une expérience utilisateur optimale, tout en répondant aux besoins spécifiques de notre entreprise en matière de gestion des ressources humaines.",,,buy_c23e4f509880fe54a4c8049e,Commission communautaire française,BE,2026-06-26,2026-07-13,,https://www.publicprocurement.be/publication-workspaces/2d22ba2d-cc32-4079-bcf1-51341b25d1ac,,HR / workforce / time management software,HR_SOFTWARE,0.78,0.9,0.99,0.68,0.72,0.9
United Kingdom,ten_fcd3458fc3389ae486c7,"Workforce management products that manage erostering, eJob planning and eRota & exception reporting",,Other,UNKNOWN,buy_02a2746b1a5c2f32f94a,North Bristol NHS Trust,United Kingdom,2026-06-23,,15.0,,,HR / workforce / time management software,HR_SOFTWARE,0.78,0.9,0.99,0.68,0.72,0.9
United Kingdom,ten_0c05ff41d0b0ff0fa04a,"Lone Working, Workforce Management and Rostering Solution",,Other,UNKNOWN,buy_b5d003619f2420c9a7c0,Newcastle City Council,United Kingdom,2026-06-19,,15.0,,,HR / workforce / time management software,HR_SOFTWARE,0.78,0.9,0.99,0.68,0.72,0.9
United Kingdom,ten_293ab13632e7e06bc8aa,Contract for Payroll and HR Software,,Other,UNKNOWN,buy_58a8ac81b849cedf639f,Redditch Borough Council,United Kingdom,2026-06-18,,15.0,,,HR / workforce / time management software,HR_SOFTWARE,0.78,0.9,0.99,0.68,0.72,0.9
Belgium,bel_80861b946056825e79a7f5bf,e-Market 827 - SAP HR Software Engineer (OM/PA/TIME),"e-Market 827 - SAP HR Software Engineer (OM/PA/TIME) (basé sur l’existence d’un système de qualification Y15Bis, I-46 publié aux niveaux belge et européen: https://www.publicprocurement.be/publication-workspaces/d5aa281d-f0b8-4143-a93e-c9cfbc8b9759/general conformément aux articles 11, 15 – 3° et 18 de l’AR du 18 juin 2017)",,,buy_ad79eddac5d342679ead4dd7,Infrabel - Goods & Services,BE,2026-06-08,,,https://www.publicprocurement.be/publication-workspaces/304e689e-f9f3-45c4-b9b6-91a2b778b3ec,,HR / workforce / time management software,HR_SOFTWARE,0.78,0.9,0.99,0.68,0.72,0.9
France,ten_d634bf57d7f83767576e,Mission d’assistance à maîtrise d’ouvrage pour l’accompagnement de la collectivité de Saint-Martin dans sa gestion des ressources humaines,,Other,Travaux,buy_3704c75d0bb190f3ec02,Collectivité de Saint Martin (978),France,2026-06-07,2026-07-27,15.0,,,HR / workforce / time management software,HR_SOFTWARE,0.78,0.9,0.99,0.68,0.72,0.9
TED,ted_ca4faf99e54ca33100c2,Rahmenvereinbarung On Demand Verkehr Software - 2026-VV-08,"Die Verkehrsverbundorganisationsgesellschaften der Bundesländer Salzburg, Oberösterreich und Tirol haben beschlossen, als strategischen Schritt eine einheitliche Softwarelösung für On-Demand-Verkehre in allen drei Bundesländern einzuführen. Ziel des gegenständlichen Vergabeverfahrens ist der Abschluss von drei inhaltsgleichen Rahmenvereinbarungen, wobei jeder Verkehrsverbund Vertragspartner einer eigenen Rah-menvereinbarung wird. Gegenstand der Verträge ist die Lieferung, Implementierung sowie der laufende Service einer Softwarelösung für On-Demand-Verkehre. Die Erbringung der Verkehrsdienstleistungen ist nicht Teil dieses Beschaffungsvorhabens.",Automation / software,Software / automation,buy_001cc06b96d8f5cfe636,"Verkehrsverbund Tirol GesmbH, Salzburger Verkehrsverbund GmbH, OÖ Verkehrsverbund Organisations GmbH Nfg. & Co KG",AUT,2026-06-03,,74.0,,,HR / workforce / time management software,HR_SOFTWARE,0.78,0.9,0.99,0.68,0.72,0.9
France,ten_dea3b886d23ff12bfaa8,Gestion des identités et des habilitations (IAM),,Automation / software,Software / automation,buy_1653e3fc80c30396cea5,Coallia,France,2026-07-28,2026-10-09,74.0,,,Identity / SSO / access management,IDENTITY_SECURITY,0.72,0.88,0.98,0.52,0.62,0.9
Canada federal,ten_e07a07e00afd9c51d2ed,Strategic Services for Identity and Access Management (IAM),,Other,UNKNOWN,buy_b0ad4dbb3810f970f64d,Business Development Bank of Canada,Canada,2026-07-28,2026-09-04,15.0,,,Identity / SSO / access management,IDENTITY_SECURITY,0.72,0.88,0.98,0.52,0.62,0.9
Germany,ten_c01798507fd8feb00e79,Beschaffung einer Beratungsdienstleistung zur Leitung eines Identity and Access Management (IAM) Projektes für die Stadtwerke Bielefeld (SWB),,Automation / software,IT services / software,buy_55acd0cfbe0e4482ec8f,Stadtwerke Bielefeld GmbH,Germany,2026-07-25,,60.0,,,Identity / SSO / access management,IDENTITY_SECURITY,0.72,0.88,0.98,0.52,0.62,0.9
TED,ted_313fb70e31ae792055e1,Dostawa licencji Serwerowego Systemu Operacyjnego (SSO) 64 bit oraz urządzeń UTM,"Dostawa licencji Serwerowego Systemu Operacyjnego (SSO) 64 bit oraz urządzeń UTM na potrzeby realizacji projektu „Cyberbezpieczny Powiat Lubelski” współfinansowany w ramach Programu Fundusze Europejskie na Rozwój Cyfrowy, Priorytet II: Zaawansowane usługi cyfrowe, Działanie 2.2 – Wzmocnienie krajowego systemy cyberbezpieczeństwa na podstawie umowy o powierzenie grantu: FERC.02.02-CS.01-001/23/0716/FERC.02.02.CS.01-001/23/2024. Część I: Dostawa licencji Serwerowego Systemu Operacyjnego (SSO) 64 bit: dostawa licencji 6 sztuk systemu operacyjnego serwera, gdzie przez 1 szt. rozumie się komplet licencji rdzeniowych pokrywający wszystkie 48 rdzeni fizycznych klastra, uprawniający do uruchomienia 2 instancji OS. 6 kompletów = pokrycie 48 rdzeni + 12 instancji OS. 270 sztuk bezterminowych licencji dostępowych (CAL) do systemu operacyjnego serwera, uprawniających do korzystania z usług systemu serwerowego, w modelu na urządzenie. 50 sztuk bezterminowych licencji dostępowych do usług zdalnego dostępu, uprawniających do korzystania ze zdalnego środowiska serwerowego, w modelu na urządzenie, Część II: Dostawa urządzeń UTM: dostawa dwóch urządzeń UTM przeznaczonych dla filii Starostwa Powiatowego w Lublinie. Szczegółowy opis przedmiotu zamówienia dla części nr I i II określa Załącznik Nr 1 do SWZ. Kwota przeznaczona na realizację zamówienia: łącznie: 161 287,00 zł brutto, w tym: Dla części I - 145 287,00 zł brutto, Dla części II – 16 000,00 brutto.",Automation / software,IT services / software,buy_8a419ea0c511ed35f932,Powiat Lubelski,POL,2026-07-21,2026-08-21,60.0,,,Identity / SSO / access management,IDENTITY_SECURITY,0.72,0.88,0.98,0.52,0.62,0.9
TED,ted_542eb1d499c17a99e771,KHBG - SSO Karten Authentifizierung,Ziel des gegenständlichen Beschaffungsvorhabens ist der Abschluss eines Leistungsvertrags über die Beschaffung einer Lösung für das Single Sign-On (SSO). Weiters siehe Teilnahmeunterlagen.,Automation / software,IT services / software,buy_7d750a13cd2de9e3ad91,Vorarlberger Krankenhaus-Betriebsgesellschaft mit beschränkter Haftung,AUT,2026-07-09,,60.0,,,Identity / SSO / access management,IDENTITY_SECURITY,0.72,0.88,0.98,0.52,0.62,0.9
France,ten_0bd2ebe5ff2677f6ca85,Acquisition d'un Système d'Information et de Gestion des Identités et des Accès (IAM/IGA),,Automation / software,Software / automation,buy_f70af34cada028e2b80f,INST NAL DES SCIENCES APPLIQUEES LYON,France,2026-07-07,2026-08-24,74.0,,,Identity / SSO / access management,IDENTITY_SECURITY,0.72,0.88,0.98,0.52,0.62,0.9
TED,ted_16832704e108e4267bed,"Centrinės architektūros, SSO, API ekosistemos ir dizaino sistemos sukūrimo techninių specifikacijų parengimo paslaugos (Atviras konkursas)",Pirkimo objektas - NŠA vieningos technologinės ir integracinės aplinkos bei modernizuojamų (juos perkuriant naujomis technologijomis) IS Techninės specifikacijos parengimo paslaugos ir Techninės specifikacijos parengimo paslaugos kitoms atnaujinamoms IS; Pedagogų veiklos ir kompetencijų į(si)vertinimo įrankio sukūrimo vieningoje NŠA technologinėje ir integracinėje aplinkoje Techninės specifikacijos parengimo paslaugos; Dirbtinio intelekto technologijos ir licencijų diegimo Techninės specifikacijos parengimo paslaugos.,Automation / software,IT services / software,buy_3878737b0bf9117c77ed,Nacionalinė švietimo agentūra,LTU,2026-07-03,2026-08-10,60.0,,,Identity / SSO / access management,IDENTITY_SECURITY,0.72,0.88,0.98,0.52,0.62,0.9
TED,ted_e0845b57521a09ce4232,RFI - initial market survey: Identity and access management - IAM,"Digi Møre og Romsdal has started an initial work connected to a possible future procurement of systems and/or services for identity and access management, Identity and Access Management – IAM. At the present time we would like to get in touch with suppliers who provide systems and services in one or several of the following areas: - identity management - access management - role and rights management. - IAM platforms - integrations with relevant trade systems and catalogue services. - management, operation and consultancy for IAM. The aim of this enquiry is to get a better overview of relevant suppliers and systems in the market. After the joint holiday, a completed market dialogue is planned. It has not yet been decided whether the market dialogue will be carried out in writing, as dialogue meetings, or as a combination of this. Tenderers who believe they can have relevant systems or services, are requested to send the following information: - name of the tenderer - gender neutral preferred - e-mail address and telephone number. - a short description of the relevant system and/or service area. to: Stian Nesset Busæt stian.nesset.busaet@alesund.kommune.no This is not a competition. Participation in this initial market survey gives no rights or advantages in any later procurement. Any competition will be announced and implemented in accordance with the public procurement regulations.",Automation / software,Software / automation,buy_581df20f038735ed5497,Ålesund kommune,NOR,2026-06-30,,74.0,,,Identity / SSO / access management,IDENTITY_SECURITY,0.72,0.88,0.98,0.52,0.62,0.9
TenderNed,tn_51fdc597db66c081d450,"Leveren, implementeren en onderhouden van een Identity and Access Management-systeem","De scope van de Opdracht omvat het leveren, implementeren, configureren en beheren van een IAM-oplossing, inclusief de migratie vanuit de huidige autorisatiestructuur uit G4Gem (dit is een database waarin dat geregistreerd staat), de inrichting volgens het functioneel ontwerp en het realiseren van de benodigde integraties. Het IAM-systeem dient in ieder geval de volgende componenten en integraties te omvatten: • Componenten: IDU-automatisering (instroom, doorstroom, uitstroom), aanvragen/goedkeuren/mandateren van Procesrollen en los aan te vragen autorisaties, autorisatiebeheer van Autorisaties, Procesrollen en HR-attributen. Integraties: HR-systeem YouForce, Active Directory (AD), ITSM Topdesk, e-mail-voorziening, datapakhuis en Microsoft Entra ID voor SSO. Zie aanbestedingsdocumenten.",Automation / software,Software / automation,buy_ca31e7e4d3e19f9048ff,Gemeente Zaanstad,Netherlands,2026-06-30,2026-10-02,74.0,https://www.tenderned.nl/tenderned-tap/aankondigingen/430963,,Identity / SSO / access management,IDENTITY_SECURITY,0.72,0.88,0.98,0.52,0.62,0.9
France,ten_78396f4caeee86f61853,Le présent marché a pour objet l’acquisition d’un Système d’information et de gestion des identités et accès (IAM/IGA).,,Automation / software,Software / automation,buy_f70af34cada028e2b80f,INST NAL DES SCIENCES APPLIQUEES LYON,France,2026-06-25,2026-07-13,74.0,,,Identity / SSO / access management,IDENTITY_SECURITY,0.72,0.88,0.98,0.52,0.62,0.9
TenderNed,tn_693542b3a6aaef42e8cb,Identity management,"Advies en/of diensten die zich op het ontwerpen, inrichten en optimaliseren van processen, technologieën en beleidsmaatregelen die ervoor zorgen dat de juiste personen op het juiste moment toegang hebben tot de juiste IT-systemen, applicaties en gegevens, en uitsluitend met de passende rechten. Hierbij omvatten deze diensten onder meer strategisch advies, implementatiebegeleiding, governance-inrichting en de ontwikkeling en het beheer van de in gebruik zijnde IT systemen.",Automation / software,Software / automation,buy_d9d819667d286fc76832,Radboud Universiteit,Netherlands,2026-06-25,2034-06-25,74.0,https://www.tenderned.nl/tenderned-tap/aankondigingen/430421,,Identity / SSO / access management,IDENTITY_SECURITY,0.72,0.88,0.98,0.52,0.62,0.9
United Kingdom,ten_54b36cdf8e071ef69435,Privileged Identity and Access Management,,Automation / software,Software / automation,buy_7cd92a8aa6c72bc66815,MERSEY CARE NHS FOUNDATION TRUST,United Kingdom,2026-06-01,,72.0,,,Identity / SSO / access management,IDENTITY_SECURITY,0.72,0.88,0.98,0.52,0.62,0.9
United Kingdom,ten_6a04db81b2e850d1b4c8,MRC LMS Electrification of Gas-Fired Humidifier,,Other,UNKNOWN,buy_080697350037fb530071,UK Research & Innovation (UKRI),United Kingdom,2026-07-30,2026-09-04,15.0,,,LMS / e-learning platforms,LEARNING_TECH,0.82,0.9,0.99,0.68,0.72,0.9
Canada federal,ten_7c56b08be333a2aaf13b,"International Trade Curriculum, Learning Platform and Knowledge Resources",,Other,*Distance learning systems *Trade information services,buy_be546aff06e1098a3120,Export Development Canada (EDC),Canada,2026-07-30,2026-08-14,15.0,,,LMS / e-learning platforms,LEARNING_TECH,0.82,0.9,0.99,0.68,0.72,0.9
United Kingdom,ten_69af71024223035d84ae,Totara LMS Managed Services,,Other,UNKNOWN,buy_2705859c5a2324ac0986,Construction Industry Training Board,United Kingdom,2026-07-29,,15.0,,,LMS / e-learning platforms,LEARNING_TECH,0.82,0.9,0.99,0.68,0.72,0.9
TED,ted_366196f5bb24ad9d8b7f,"IS pro profesionální MS, LMS a OBS","Předmětem Veřejné zakázky je prováděcí projekt, analýza řešení, vývoj a implementace IS pro profesionální MS, LMS a OBS (dále a výše také „IS METEOROLOGIE – OBSERVER“) včetně dále poskytnutí služeb následné provozní podpory a rozvoje.",Automation / software,IT services / software,buy_6f79629fe8c07370e0e8,Český hydrometeorologický ústav,CZE,2026-07-28,,60.0,,,LMS / e-learning platforms,LEARNING_TECH,0.82,0.9,0.99,0.68,0.72,0.9
Belgium,bel_e5088766272c2083a0be03dd,Talent & Learning Management Systems,Talent & Learning Management Systems,,,buy_b21d5b1cc3bbe4ecc645e3c3,AZORG vzw,BE,2026-07-27,2026-08-17,,https://www.publicprocurement.be/publication-workspaces/626dc533-05d5-4090-a6a9-126842f4ffea,,LMS / e-learning platforms,LEARNING_TECH,0.82,0.9,0.99,0.68,0.72,0.9
United Kingdom,ten_9f800d3717cb41b397c0,Online Learning Platform,,Other,UNKNOWN,buy_dd263fce266ab7be3a22,University of Lincoln,United Kingdom,2026-07-24,,15.0,,,LMS / e-learning platforms,LEARNING_TECH,0.82,0.9,0.99,0.68,0.72,0.9
United Kingdom,ten_c743c874f37c7f151382,AccessHR system upgrade and integration of ATS and LMS,,Other,UNKNOWN,buy_019c048f0b155eb43d30,ACIS GROUP LIMITED,United Kingdom,2026-07-21,,15.0,,,LMS / e-learning platforms,LEARNING_TECH,0.82,0.9,0.99,0.68,0.72,0.9
TED,ted_ee724d8e878eb6faaf05,"Servicii de extindere, întreținere și actualizare a Ecosistemului de Learning Management System (LMS) Moodle al UB - reluare loturile 1, 3 și 4, anunț participare nr.CN1092216 / 05.05.2026","Universitatea din București intenționează achiziția de Servicii de extindere, întreținere și actualizare a Ecosistemului de Learning Management System (LMS) Moodle al UB, prin încheierea unui Acord cadru pentru 3 ani. Scopul achiziției este susținerea și îmbunătățirea activității didactice, a formării continue și a proiectelor educaționale de la nivelul tuturor celor 20 de facultăți și departamente conexe. Având în vedere dezvoltarea accelerată a digitalizării în cadrul instituției, actuala infrastructură a evoluat de la o singură instanță la un ecosistem complex, menit să asigure sustenabilitatea proiectelor finanțate prin PNRR și să deservească nevoi specifice de pedagogie. Ecosistemul de Learning Management System (LMS) Moodle al UB a fost deja implementat prin proiectul „Ecosistemul digital pentru învățare sustenabilă la Universitarea din București – EDIS UB” (cod proiect 182832954). Având în vedere aplicabilitatea platformei Moodle în sfera academică din facultățile noastre, platforma fiind esențială în activitatea personalului didactic și a studenților (derularea cursurilor, examenelor, publicarea notelor, etc.), de-a lungul timpului funcționalitățile platformei au fost adaptate necesităților beneficiarilor direcți ai Universității din București cu scopul de a facilita activitatea în online. Numar zile până la care se pot solicita clarificări înainte de data limită de depunere a ofertelor: 17 zile. Autoritatea contractantă va raspunde în mod clar și complet tuturor solicitarilor de clarificare/informațiilor suplimentare în a 11-a zi înainte de termenul limită de depunere a ofertelor.",Automation / software,Software / automation,buy_56f10621e0007ccb73ca,Universitatea din Bucuresti,ROU,2026-07-16,2026-08-21,74.0,,,LMS / e-learning platforms,LEARNING_TECH,0.82,0.9,0.99,0.68,0.72,0.9
TED,ted_e9af2166bebe5d7037f5,Learning Platform,The Norwegian Directorate of Immigration (UDI) intends to enter into a contract for a cloud-based learning management platform (LMS). The purpose of the procurement is to ensure a modern and user-friendly learning platform that supports UDI’s work on competence development and knowledge sharing. Further information about the procurement is provided in the attached rules for the procurement and the draft contract with appendices,Automation / software,Software / automation,buy_581df20f038735ed5497,The Norwegian Directorate of Immigration,NOR,2026-07-13,2026-08-31,74.0,,,LMS / e-learning platforms,LEARNING_TECH,0.82,0.9,0.99,0.68,0.72,0.9
TED,ted_57a15740966d66f33234,"Dostawy inwestorskie armatury związane z budową gazociągu DN700 MOP 8,4 MPa do Elektrowni Kozienice oraz Zakup zaworów kulowych na potrzeby LMS","Przedmiotem Zamówienia jest dostawa fabrycznie nowej Armatury dla gazu ziemnego wraz z napędami w klasie ciśnieniowej Class600, Serwisu Bieżącego oraz Usług Nadzoru i Serwisu na potrzeby zadania: „Dostawy inwestorskie armatury związane z budową gazociągu DN700 MOP 8,4 MPa do Elektrowni Kozienice” oraz „Zakup zaworów kulowych na potrzeby LMS”.",Other,UNKNOWN,buy_e4d061caa68fce2f60e7,Operator Gazociągów Przesyłowych GAZ-SYSTEM S.A.,POL,2026-07-10,2026-08-19,20.0,,,LMS / e-learning platforms,LEARNING_TECH,0.82,0.9,0.99,0.68,0.72,0.9
Germany,ten_e2568b63c14cd4d9b789,Berliner Stadtgüter GmbH - Einführung eines ERP-LMS,,Automation / software,IT services / software,buy_ba332bde22eff92c8d69,Berliner Stadtgüter GmbH,Germany,2026-07-01,,60.0,,,LMS / e-learning platforms,LEARNING_TECH,0.82,0.9,0.99,0.68,0.72,0.9
France,ten_38c20571aa5ab49f04ba,Achat d'une Plateforme Lms (Learning Management System) pour l'Ufr des Sciences de la Santé,,Creative / communications,Design / publishing,buy_f39413d988eee70b9321,Université Versailles Saint Quentin en Yvelines,France,2026-06-18,2026-10-07,82.0,,,LMS / e-learning platforms,LEARNING_TECH,0.82,0.9,0.99,0.68,0.72,0.9
TED,ted_f2f8ad6ec76f9746a8f4,"Servizio di assistenza e manutenzione dei sistemi Ris Pacs presenti presso l'Azienda Ospedaliera ""Ospedali Riuniti Villa Sofia Cervello""","Servizio di assistenza e manutenzione dei sistemi Ris Pacs presenti presso l'Azienda Ospedaliera ""Ospedali Riuniti Villa Sofia Cervello""",Automation / software,IT services / software,buy_811f3d14bc58dffafbdd,U.O.C. PROVVEDITORATO - Ospedali Riuniti Villa Sofia Cervello,ITA,2026-07-01,2026-08-07,60.0,,,Laboratory / hospital information systems,HEALTH_IT,0.62,0.84,0.94,0.3,0.42,0.92
TED,ted_82a99fe1d3970fc43040,CT2131/2026 - Tender for the Provision of Services on Health Information Systems within the Ministry for Health and Active Ageing,CT2131/2026 - Tender for the Provision of Services on Health Information Systems within the Ministry for Health and Active Ageing,Automation / software,IT services / software,buy_49603fbd0efcf57ee39e,Department of Contracts,MLT,2026-06-23,2026-07-28,60.0,,,Laboratory / hospital information systems,HEALTH_IT,0.62,0.84,0.94,0.3,0.42,0.92
United Kingdom,ten_472dafa5265a97bb2be8,Renewal of the Laboratory Information System,,Automation / software,Software / automation,buy_02a2746b1a5c2f32f94a,North Bristol NHS Trust,United Kingdom,2026-06-15,,72.0,,,Laboratory / hospital information systems,HEALTH_IT,0.62,0.84,0.94,0.3,0.42,0.92
United Kingdom,ten_c8cc50fca5f203b14d22,Laboratory Information System,,Automation / software,Software / automation,buy_c5b5a7f38d25dd61e131,Northumbria Healthcare Facilities Management,United Kingdom,2026-04-30,,72.0,,,Laboratory / hospital information systems,HEALTH_IT,0.62,0.84,0.94,0.3,0.42,0.92
TED,ted_1e5c3b2c879c43b6c14a,"SIstem integrat de digitalizare HIS (Hospital Information System)de gestionare a resurselor medicale și economico-financiare, in cadrul proiectului ,,Modernizarea si extinderea sistemului informatic și a infrastructurii digitale in cadrul Spitalului Municipal Carei""","Obiectul prezentului contract constă în furnizarea si implementarea unui ""SIstem integrat de digitalizare HIS (Hospital Information System) de gestionare a resurselor medicale și economico-financiare conform caietului de sarcini. Soluția informatică integrată va fi furnizată, instalată și configurată astfel încât să fie utilizabilă pe toate echipamentele digitale nou achiziționate și existente ale spitalului, indiferent de locație, gestionate în mod centralizat la sediul principal. Implementarea soluției va presupune instalarea și configurarea software-ului pe infrastructura IT a spitalului, asigurând compatibilitatea cu echipamentele existente și cele nou achiziționate. De asemenea, se va realiza integrarea sistemelor software cu infrastructura hardware și cu alte sisteme informatice utilizate în unitatea sanitară. Soluția va fi administrată centralizat în sediul spitalului, garantând acces securizat și optimizat pentru toate locațiile relevante. Pentru a asigura interoperabilitatea și funcționalitatea completă, soluția informatică va fi instalată și configurată astfel încât să fie accesibilă din toate punctele de lucru, inclusiv din unități secundare sau departamente aflate în locații externe. Implementarea va include și măsuri de securitate și acces protejat pentru utilizatori. Soluția informatică va fi instalată pe un număr minim de 100 de dispozitive. Toate componentele soluției informatice trebuie să fie complet operaționale și integrate în infrastructura digitală a spitalului, conform cerințelor specificate în documentația achiziției. Vor fi incluse si serviciile de instruire pentru personalul implicat.",Automation / software,Software / automation,buy_56f10621e0007ccb73ca,SPITALUL MUNICIPAL CAREI,ROU,2026-03-24,2026-04-30,74.0,,,Laboratory / hospital information systems,HEALTH_IT,0.62,0.84,0.94,0.3,0.42,0.92
TED,ted_91cd5d2209072c261cd2,AVVISO DI CONSULTAZIONE PRELIMINARE DI MERCATO RELATIVA ALLA PROCEDURA DI AFFIDAMENTO DEL SERVIZIO DI CONSERVAZIONE DIGITALE IMMAGINI CLINICHE AD INTEGRAZIONE APPLICATIVO RIS PACS 1^ EDIZIONE,"Azienda Zero - U.O.C. CRAV in qualità di Centrale di committenza e Soggetto aggregatore ha in programma l'espletamento di una procedura aperta telematica per l'aggiudicazione del servizio di conservazione digitale immagini cliniche ad integrazione applicativo RIS PACS - 1^ Edizione. La procedura viene indetta dalla UOC CRAV di Azienda Zero in qualità di centrale di committenza regionale e soggetto aggregatore giusta L.R. n. 19 del 25/10/2016 e successiva DGRV n. 1940/2017. La presente consultazione preliminare di mercato (CPM) è indetta ai sensi degli artt. 77 e 78 del D.Lgs. n. 36/2023 e s.m.i. ed è volta alla raccolta d’informazioni utili al fine dell’espletamento della procedura, di prossima indizione, informando, al contempo, gli operatori economici operanti nel mercato di riferimento della programmazione dell’appalto. La Consultazione persegue inoltre lo scopo di calibrare obiettivi e fabbisogni della stazione appaltante al fine di realizzare economie di mezzi e risorse, anche in relazione all’assetto del mercato. Nello specifico, la consultazione preliminare di mercato verterà sul contenuto tecnico-prestazionale del servizio da affidare, per il quale si rinvia all’Allegato 1 – Bozza di Capitolato Tecnico. La predetta documentazione è da considerarsi utile al solo fine della presente CPM e pertanto la stessa documentazione, in vista dell’attivazione della procedura, potrà essere modificata, integrata e sostituita ad insindacabile giudizio della scrivente Stazione Appaltante. La presente consultazione non costituisce una procedura di dialogo competitivo, né altra procedura di affidamento di contratto pubblico. I soggetti interessati a partecipare alla suddetta consultazione preliminare di mercato potranno inviare la richiesta esclusivamente a mezzo PEC all’indirizzo protocollo.azero@pecveneto.it entro il giorno 10 aprile 2026 ore 12.00 specificando nell'oggetto ""Per UOC CRAV: “CPM SERVIZIO DI CONSERVAZIONE DIGITALE IMMAGINI”, nonché a mezzo e-mail all’attenzione dei referenti dell’istruttoria i cui recapiti sono indicati in calce alla presente",Automation / software,IT services / software,buy_811f3d14bc58dffafbdd,Azienda Zero Passaggio Gaudenzio 1 - Padova,ITA,2026-03-19,,60.0,,,Laboratory / hospital information systems,HEALTH_IT,0.62,0.84,0.94,0.3,0.42,0.92
TED,ted_08997a5777ee71629b20,Dostawa i wdrożenie systemu klasy CIS (Clinical Information System) wraz z dostawą niezbędnych urządzeń IT oraz świadczeniem usług serwisowych i gwarancyjnych,"1. Przedmiotem zamówienia jest dostawa i wdrożenie systemu klasy CIS (Clinical Information System) wraz z dostawą niezbędnych urządzeń IT oraz świadczeniem usług serwisowych i gwarancyjnych. Realizacja przedmiotu zamówienia musi obejmować wszystkie działania niezbędne do zapewnienia pełnego, bezpiecznego i prawidłowego funkcjonowania systemu CIS w środowisku Zamawiającego, bez konieczności ponoszenia dodatkowych nakładów organizacyjnych, technicznych lub finansowych. 2. Szczegółowy Przedmiot Zamówienia określa Załącznik nr 2 - OPIS PRZEDMIOTU ZAMÓWIENIA (OPZ) do SWZ.",Automation / software,IT services / software,buy_e4d061caa68fce2f60e7,Szpitale Pomorskie Sp. z o.o.,POL,2026-02-05,2026-03-09,60.0,,,Laboratory / hospital information systems,HEALTH_IT,0.62,0.84,0.94,0.3,0.42,0.92
TED,ted_1a4079fe234ef671a79f,"Dostawa i wdrożenie systemu klasy CIS (Clinical Information System), wraz z dostawą niezbędnych urządzeń IT oraz świadczeniem usług serwisowych i gwarancyjnych (część nr 1) oraz Dostawa zestawów komputerowych – medycznych stacji roboczych wraz z wózkami jezdnymi zapewniającymi transport komputera AIO (część nr 2).","1. Przedmiotem zamówienia jest dostawa i wdrożenie systemu klasy CIS (Clinical Information System), wraz z dostawą niezbędnych urządzeń IT oraz świadczeniem usług serwisowych i gwarancyjnych (część nr 1) oraz Dostawa zestawów komputerowych – medycznych stacji roboczych wraz z wózkami jezdnymi zapewniającymi transport komputera AIO (część nr 2). 2. Zakres przedmiotowy został szczegółowo opisany w załączeniu do niniejszej SWZ oraz we wzorze umowy- Część II SWZ. Opis przedmiotu zamówienia zawiera zestawienie parametrów technicznych – Część III SWZ. Opis przedmiotu zamówienia należy odczytywać wraz z ewentualnymi zmianami treści specyfikacji, będącymi np. wynikiem udzielonych odpowiedzi na zapytania wykonawców.",Automation / software,IT services / software,buy_e4d061caa68fce2f60e7,Wojewódzki Szpital Specjalistyczny im. Janusza Korczaka w Słupsku Sp. z o. o.,POL,2026-01-07,2026-02-09,60.0,,,Laboratory / hospital information systems,HEALTH_IT,0.62,0.84,0.94,0.3,0.42,0.92
TED,ted_1ac15e8b10466c87c81e,Negotiated Procedure for the provision of Support Services on Health Information Systems within The Ministry for Health and Active Ageing - CPSU 10473/2025,Negotiated Procedure for the provision of Support Services on Health Information Systems within The Ministry for Health and Active Ageing,Other,UNKNOWN,buy_49603fbd0efcf57ee39e,Central Procurement and Supplies Unit (MFH),MLT,2025-12-31,,20.0,,,Laboratory / hospital information systems,HEALTH_IT,0.62,0.84,0.94,0.3,0.42,0.92
TED,ted_0ddf9c2ecb01f7da20d2,Prior information notice: Laboratory information system (LIMS) for the health companies in Helse Nord.,"Invitation to market dialogue. Sykehusinnkjøp HF hereby invites tenderers to a market dialogue for the procurement of a laboratory information system for the health companies in Helse Nord. The market dialogue is a part of the preliminary work for the procurement and is being carried out because the Contracting Authority would like input for the procurement from potential suppliers, possibly also from other interested parties. As a part of this process, suppliers are invited to provide input to the procurement prior to the announcement. The feedback makes it possible to make a decision about the type of procurement and procurement procedure. Based on input from the market dialogue, the Contracting Authority will, as needed, open to a closer dialogue with some of the suppliers for further details and discussions. The contracting authority would like input on the following points: Short presentation of the supplier/tendererWhich the specialist areas the system is meant to cover (see further information on all disciplines within the laboratory service in annex ""Invitation to market dialogue"") About the solution, including brief information on functionality, possibilities and limitations, and: Describe how the system is built up in the tender documentation. modules, and which advantages this provides. How the system is deployed to clients; web based and/or sw deployed on clients. By the latter; whether there are specific requirements for clients. How the system will be deployed back-end. Describe how the system supports portable devices (tablets etc.). References to customers where the system is in use (and possibly which parts of the system they use). The tenderer ́s thoughts on how the system will support future development within the disciplines, e.g. within AI, integrations (i.a. FHIR), personalised medicine, etc. Input for the procurement as regards the expected functionality described in chapter 5 (see annex ""Invitation to Market Dialogue""):How does the system ensure user friendliness, intuitive user interface and training? How does the system cover the overall description and for each of the disciplines covered by the solution? If there is functionality that cannot be offered we would like to know this. Which disciplines the solution covers and whether it covers all disciplines within the laboratory service (note possible exceptions for transfusion medicine/blood bank). How the system supports decision support functionality. How the solution supports artificial intelligence. How the system supports personalised medicine. How does the system support different integration mechanisms with other systems (FHIR, message exchange in accordance with Norwegian requirements, etc.?) Delivery. Which factors affect delivery time and how do you handle risk? All the functionalities are ready developed and can be delivered. If there is functionality that needs to be developed, it is desirable to know. Delivery model: cloud and/or local installation. If the system is cloud compatible; about Norwegian requirements are complied with. Whether there are specific requirements for HW and underlying SW-platform for customers. Short proposals as to how the system will be implemented at Customer Provisions that the Customer is expected to fulfil. Frequency of release bicycles and response to new functionality and error recovery. Integrations: does this require assistance from customers? Describe the pricing model and what factors affect the total cost of ownership (TCO) Licenses Maintenance/support price driven factors. And input that the tenderer deems important. Deadline for written feedback on the above mentioned points from interested parties: 28.11.2025. This is only a prior information notice in order to get information on the market and to have a dialogue with relevant suppliers. The actual competition may be announced at a later date. Feedback on or questions to the market survey is done in the Mercell communication module. After this market survey, the contracting authority will assess the need to hold meetings(s) with relevant interested parties.",Creative / communications,Design / publishing,buy_581df20f038735ed5497,SYKEHUSINNKJØP HF,NOR,2025-11-13,,82.0,,,Laboratory / hospital information systems,HEALTH_IT,0.62,0.84,0.94,0.3,0.42,0.92
TED,ted_4a184d0d8e5837857587,"Procedura negoziata ai sensi dell’art. 76 del D.Lgs. n. 36/2023 comma 2, lettera b), n.2) e n.3), del D.Lgs. n. 36/2023, finalizzata alla stipula di un contratto per l’acquisizione del servizio di upgrade, assistenza e manutenzione delle licenze software per il sistema integrato RIS PACS per INAIL – ID 2841","Procedura negoziata ai sensi dell’art. 76 del D.Lgs. n. 36/2023 comma 2, lettera b), n.2) e n.3), del D.Lgs. n. 36/2023, finalizzata alla stipula di un contratto per l’acquisizione del servizio di upgrade, assistenza e manutenzione delle licenze software per il sistema integrato RIS PACS per INAIL – ID 2841",Automation / software,Software / automation,buy_811f3d14bc58dffafbdd,Consip S.p.A.,ITA,2025-10-14,,74.0,,,Laboratory / hospital information systems,HEALTH_IT,0.62,0.84,0.94,0.3,0.42,0.92
TED,ted_19e7d2684abae4066c7d,Fornitura di Upgrade Tecnologico CO118 e RIS PACS,Procedura aperta per la stipula di una convenzione per la fornitura di Upgrade Tecnologico 118 e RIS PACS Area Vasta Sud Est ed Area Vasta Centro del SSR Toscano e Agenzia Regionale Sanitaria (ARS) e Aziende Sanitarie Territoriali della Regione Marche.,Other,UNKNOWN,buy_811f3d14bc58dffafbdd,ESTAR - Ente di Supporto Tecnico Amministrativo Regionale,ITA,2025-10-14,2025-11-18,20.0,,,Laboratory / hospital information systems,HEALTH_IT,0.62,0.84,0.94,0.3,0.42,0.92
Canada federal,ten_3ced2a587d67abed97f4,Market Research Services,,Monitoring / research,Monitoring / analysis,buy_be546aff06e1098a3120,Export Development Canada - EDC,Canada,2026-07-31,2026-09-16,70.0,,,Market research / surveys / data collection,RESEARCH_SERVICES,0.92,0.96,0.96,0.84,0.82,0.88
United Kingdom,ten_34d66ba2b7e53c122dd5,Tritium Storage Solutions Specification Definition and Market Research,,Other,UNKNOWN,buy_2d98b10f18cca3edfe77,UK Atomic Energy Authority,United Kingdom,2026-07-24,,15.0,,,Market research / surveys / data collection,RESEARCH_SERVICES,0.92,0.96,0.96,0.84,0.82,0.88
United Kingdom,ten_92446e5c7dcb87ab7b5d,Market Research Services,,Monitoring / research,Monitoring / analysis,buy_b53a5d20e4ba712eeafd,Metropolitan Housing Trust Limited,United Kingdom,2026-07-24,,70.0,,,Market research / surveys / data collection,RESEARCH_SERVICES,0.92,0.96,0.96,0.84,0.82,0.88
United Kingdom,ten_b01f2a65cdd9dc01cdcb,National Patient Survey Service Provision,,Other,UNKNOWN,buy_452d6cf0f265d337f028,BUCKINGHAMSHIRE HEALTHCARE NHS TRUST,United Kingdom,2026-07-22,,15.0,,,Market research / surveys / data collection,RESEARCH_SERVICES,0.92,0.96,0.96,0.84,0.82,0.88
France,ten_e825ec80227ad6b9f6b6,"Assistance à maitrise d'ouvrage pour la mise en conformité au standard CNIG accessibilité, comprenant la structuration du graphe de cheminement, la collecte de données terrain, leur traitement SIG...",,Monitoring / research,Monitoring / analysis,buy_5f10d2fc5d982709abe1,Mairie de Vitry-Sur-Seine - Service des Marchés Publics - 437,France,2026-07-16,2026-09-15,70.0,,,Market research / surveys / data collection,RESEARCH_SERVICES,0.92,0.96,0.96,0.84,0.82,0.88
United Kingdom,ten_2b8671651936678a37a0,Market research and consultancy services,,Other,UNKNOWN,buy_8d6108a50293a6babccb,FLOOD RE LIMITED,United Kingdom,2026-07-08,,15.0,,,Market research / surveys / data collection,RESEARCH_SERVICES,0.92,0.96,0.96,0.84,0.82,0.88
United Kingdom,ten_0f91a574115ab2eaa1f9,Environmental survey services framework,,Other,Environmental services,buy_df723aee55b4e4cf6786,EAST WEST RAILWAY COMPANY LIMITED,United Kingdom,2026-07-07,,15.0,,,Market research / surveys / data collection,RESEARCH_SERVICES,0.92,0.96,0.96,0.84,0.82,0.88
United Kingdom,ten_c8194897f59101120cf7,ID 6207077 - DFE - The Consumer Council - Market Research,,Other,UNKNOWN,buy_bb9bcff59eed229f12a2,Consumer Council for Northern Ireland,United Kingdom,2026-06-25,2026-07-27,15.0,,,Market research / surveys / data collection,RESEARCH_SERVICES,0.92,0.96,0.96,0.84,0.82,0.88
TED,ted_3bdeffb7c2a47f010f4d,market research: Substation installation services / Merkterkundung: Montageleistungen für Umspannwerke,"Installation and commissioning services involving Primary and Secondary Systems in High-Voltage Substations (110kV, 220kV and 380kV) of Austrian Power Grid AG. /// Montagearbeiten Primär- und Sekundärtechnik für Schaltanlagen im Hoch- und Höchstspannungsnetz (110kV, 220kV und 380kV) der Austrian Power Grid AG.",Monitoring / research,Monitoring / analysis,buy_001cc06b96d8f5cfe636,Austrian Power Grid AG,AUT,2026-06-24,,70.0,,,Market research / surveys / data collection,RESEARCH_SERVICES,0.92,0.96,0.96,0.84,0.82,0.88
United Kingdom,ten_5c54e6884a45cbdd2a57,Mystery Shopping Market Research for TransPennine Trains Limited,,Other,UNKNOWN,buy_c3b3497804e581a42e67,Transpennine Trains Limited,United Kingdom,2026-06-23,2026-07-21,15.0,,,Market research / surveys / data collection,RESEARCH_SERVICES,0.92,0.96,0.96,0.84,0.82,0.88
United Kingdom,ten_bf450b578a981a6729e0,Market Research Services,,Monitoring / research,Monitoring / analysis,buy_4b63fbbae36e11a6d6b2,NETWORK RAIL INFRASTRUCTURE LIMITED,United Kingdom,2026-06-22,,70.0,,,Market research / surveys / data collection,RESEARCH_SERVICES,0.92,0.96,0.96,0.84,0.82,0.88
France,ten_4690f09681db068df8cc,Prestations de mise à disposition d’une plateforme de collecte de données et de services associés dans le cadre du programme d’évaluation du dispositif des certificats d'économies d'énergie.,,Automation / software,Software / automation,buy_96081b651e00fa53992b,CSTB.,France,2026-06-14,2026-07-28,74.0,,,Market research / surveys / data collection,RESEARCH_SERVICES,0.92,0.96,0.96,0.84,0.82,0.88
United Kingdom,ten_d3da31438e5e9b2bbba8,CEFAS26-19 Clean Catch Mobile Application Support and Maintenance Services,,Other,UNKNOWN,buy_14682549ff2d73d44e6e,"CENTRE FOR ENVIRONMENT, FISHERIES AND AQUACULTURE SCIENCE",United Kingdom,2026-07-24,,15.0,,,Mobile application development,SOFTWARE_SERVICES,0.9,0.92,0.99,0.76,0.76,0.92
United Kingdom,ten_af9646d37b0d7beee407,Personal Safety Devices and Mobile app. - SNG 2026,,Automation / software,Software / automation,buy_587b9eb75b538eee55fb,Sovereign Network Group,United Kingdom,2026-07-16,2026-08-10,72.0,,,Mobile application development,SOFTWARE_SERVICES,0.9,0.92,0.99,0.76,0.76,0.92
United Kingdom,ten_5d96b8357ca54d69a1b3,Digital Fire Logbook and Mobile Application 2026,,Other,UNKNOWN,buy_c4a64cf38006b0e82e31,GREENSQUAREACCORD LIMITED,United Kingdom,2026-07-14,,15.0,,,Mobile application development,SOFTWARE_SERVICES,0.9,0.92,0.99,0.76,0.76,0.92
Quebec,ten_44ca505e7eb5e3b6893a,Renouvellement du système de gestion des alertes (application mobile),,Automation / software,Software / automation,buy_c46ccb81431a1fc83f97,Santé Québec Chaudière-Appalaches,Canada - Quebec,2026-07-08,,74.0,,,Mobile application development,SOFTWARE_SERVICES,0.9,0.92,0.99,0.76,0.76,0.92
Belgium,bel_35593ddee8f02da9c905055d,e-Market 852 - Senior .Net Angular full stack & Mobile App developer,"e-Market 852 - Senior .Net Angular full stack & Mobile App developer (basé sur l’existence d’un système de qualification Y15Bis, I-46 publié aux niveaux belge et européen: https://www.publicprocurement.be/publication-workspaces/d5aa281d-f0b8-4143-a93e-c9cfbc8b9759/general conformément aux articles 11, 15 – 3° et 18 de l’AR du 18 juin 2017)",,,buy_ad79eddac5d342679ead4dd7,Infrabel - Goods & Services,BE,2026-06-30,,,https://www.publicprocurement.be/publication-workspaces/f251d53f-4255-433f-b85a-19c81b2d2c39,,Mobile application development,SOFTWARE_SERVICES,0.9,0.92,0.99,0.76,0.76,0.92
Belgium,bel_626cb6316db12f0741552e09,SNCB Man Down Mobile App,"Context en doelstellingen van de opdracht: De NMBS wenst zich te voorzien van een duurzame oplossing voor de bescherming van alleenwerkers, gebaseerd op een smartphone-applicatie, om de veiligheid te garanderen van medewerkers die blootgesteld zijn aan risicovolle werksituaties of die geïsoleerd werken. Deze opdracht heeft tot doel een tijdelijke oplossing te vervangen die momenteel in gebruik is (type DATI), geïmplementeerd in een kortetermijncontext. De NMBS wil nu beschikken over een stabiele en onderhoudbare oplossing op lange termijn, geïntegreerd in haar operationele en IT-omgeving.   ///   Type oplossing:  Android-applicatie voor smartphone, type “lone worker / Man Down”.",,,buy_6b3f3d8c0601b4a006f6ec16,SNCB-Procurement,BE,2026-06-19,2026-06-26,,https://www.publicprocurement.be/publication-workspaces/9e57693e-a779-4fea-a3a7-ac1110dd1246,,Mobile application development,SOFTWARE_SERVICES,0.9,0.92,0.99,0.76,0.76,0.92
Quebec,ten_071f8dffc0f3764d22ba,Développement d'une application mobile - Projet résilience,,Automation / software,Software / automation,buy_dbe26133b9d35630f868,Université de Montréal,Canada - Quebec,2026-06-08,,74.0,,,Mobile application development,SOFTWARE_SERVICES,0.9,0.92,0.99,0.76,0.76,0.92
United Kingdom,ten_3ba224580d7bc3e01013,"The Provision of Journey Planning, Mobile Ticketing and Mobile Application",,Other,UNKNOWN,buy_b34d3b4d60c11aa67b89,West Midlands Combined Authority,United Kingdom,2026-06-05,2026-07-06,15.0,,,Mobile application development,SOFTWARE_SERVICES,0.9,0.92,0.99,0.76,0.76,0.92
United Kingdom,ten_86603ade2602bd7c5024,Better Health Mobile App Development Partner,,Other,UNKNOWN,buy_5ca115be1cde4809eeba,Department of Health & Social Care,United Kingdom,2026-05-20,,15.0,,,Mobile application development,SOFTWARE_SERVICES,0.9,0.92,0.99,0.76,0.76,0.92
Quebec,ten_0fd6d8e999166acff69b,UTILISATION DE L'APPLICATION MOBILE DU PARTAGE CLUB,,Automation / software,Software / automation,buy_e248accab9b68b862f2a,MRC de La Rivière du Nord,Canada - Quebec,2026-05-08,,74.0,,,Mobile application development,SOFTWARE_SERVICES,0.9,0.92,0.99,0.76,0.76,0.92
Belgium,bel_37867d6d5f99868f3b76c819,"Acquiring processor, Payment Service Provider and Payment mobile app","Opdracht in drie percelen ; 1) acquiring processor, 2) betalingsdienstverlener (PSP) en 3) Tap on Phone mobile app.",,,buy_6b3f3d8c0601b4a006f6ec16,SNCB-Procurement,BE,2026-04-29,,,https://www.publicprocurement.be/publication-workspaces/99c22592-1875-4e1f-b7c1-01baf59859ed,,Mobile application development,SOFTWARE_SERVICES,0.9,0.92,0.99,0.76,0.76,0.92
United Kingdom,ten_8d39992b76427807a03c,Parenting learning tool mobile application,,Other,UNKNOWN,buy_57b9ca602da3258ee8aa,Lancashire County Council,United Kingdom,2026-04-24,,15.0,,,Mobile application development,SOFTWARE_SERVICES,0.9,0.92,0.99,0.76,0.76,0.92
TED,ted_5bd0973e22f5b4830fe9,Providing maintenance services for AVL and electronic payment systems,Providing maintenance services for AVL and electronic payment systems,Automation / software,IT services / software,buy_5ed803fae1f670fc4749,Public Transport Enterprise Skopje,MKD,2026-07-31,,60.0,,,Online payments / payment platforms,PAYMENTS,0.54,0.88,0.99,0.48,0.56,0.88
United Kingdom,ten_d92fe835ff7b6b9e6f96,Electronic Payment System,,Other,UNKNOWN,buy_9e3821b8b10f78d03099,Midland Heart,United Kingdom,2026-07-30,2026-08-31,15.0,,,Online payments / payment platforms,PAYMENTS,0.54,0.88,0.99,0.48,0.56,0.88
Quebec,ten_9b447c5ee0a2e9cdc6ae,Logiciels gestion du territoire et services et paiement en ligne 2025-2028,,Creative / communications,Design / publishing,buy_d40c8df85b73da562360,Municipalité Saint-Thomas,Canada - Quebec,2026-07-15,,82.0,,,Online payments / payment platforms,PAYMENTS,0.54,0.88,0.99,0.48,0.56,0.88
United Kingdom,ten_e851e7d70a3e30722844,Electronic Payment Services 2027-2031,,Other,UNKNOWN,buy_e51b28c0b4e35c927fe5,Northern Housing Consortium Ltd,United Kingdom,2026-07-10,,15.0,,,Online payments / payment platforms,PAYMENTS,0.54,0.88,0.99,0.48,0.56,0.88
France,ten_c54f8807f109da118e2a,Acquisition d’une solution de paiement par carte achats et services associés pour Nièvre numérique,,Other,Services,buy_8443ad67571500af9fba,NIEVRE NUMERIQUE,France,2026-06-29,2026-08-14,15.0,,,Online payments / payment platforms,PAYMENTS,0.54,0.88,0.99,0.48,0.56,0.88
TED,ted_986cf0ce9bfb36a2d6ec,Providing maintenance services for AVL and electronic payment systems,Providing maintenance services for AVL and electronic payment systems,Automation / software,IT services / software,buy_5ed803fae1f670fc4749,Public Transport Enterprise Skopje,MKD,2026-06-22,2026-07-07,60.0,,,Online payments / payment platforms,PAYMENTS,0.54,0.88,0.99,0.48,0.56,0.88
United Kingdom,ten_4e95a56935f197f8657b,Online Payments,,Other,UNKNOWN,buy_eba7c768ff423aaf447e,the Education Authority,United Kingdom,2026-06-18,2026-08-14,15.0,,,Online payments / payment platforms,PAYMENTS,0.54,0.88,0.99,0.48,0.56,0.88
United Kingdom,ten_0af2024b4ea41912b86b,Electronic Payment Services,,Other,Financial transaction processing and clearing-house services,buy_0b408956e498269f58a5,WALSALL HOUSING GROUP LIMITED,United Kingdom,2026-06-04,,15.0,,,Online payments / payment platforms,PAYMENTS,0.54,0.88,0.99,0.48,0.56,0.88
France,ten_32de09ec0b405a3f4252,"Solution de paiement par carte achat pour le Centre hospitalier Bretagne Atlantique, le Centre hospitalier de Ploërmel, le Centre hospitalier de Josselin et l’EHPAD de Malestroit",,Other,Services,buy_162225b1297358a0a406,Centre hospitalier Bretagne Atlantique,France,2026-05-29,2026-06-29,15.0,,,Online payments / payment platforms,PAYMENTS,0.54,0.88,0.99,0.48,0.56,0.88
United Kingdom,ten_fb06c7e7e8e58ac06695,Re-Proc of Electronic Payment System Starts 1.5.29,,Other,UNKNOWN,buy_3db11dbc5b32979f2af7,Clarion Housing Group,United Kingdom,2026-05-26,,15.0,,,Online payments / payment platforms,PAYMENTS,0.54,0.88,0.99,0.48,0.56,0.88
United Kingdom,ten_aa423631b2485b0622ec,E‑payment platform and Online Store,,Other,UNKNOWN,buy_3107a2a3aea35410f841,Weston College,United Kingdom,2026-05-21,,15.0,,,Online payments / payment platforms,PAYMENTS,0.54,0.88,0.99,0.48,0.56,0.88
United Kingdom,ten_719685080e66b5dff847,VN_Online payment solution for Exams,,Other,UNKNOWN,buy_2da6bd0a729eb81d504b,British Council,United Kingdom,2026-05-20,,15.0,,,Online payments / payment platforms,PAYMENTS,0.54,0.88,0.99,0.48,0.56,0.88
Quebec,ten_7031b199fba6e03e9eab,Contrat d'Abonnement au Service Eureka pour la revue de presse écrite,,Creative / communications,Design / publishing,buy_78dfd7b9f65fb65fb074,Université de Sherbrooke -Service des ressources financières- Section de l'approvisionnement,Canada - Quebec,2026-06-30,,82.0,,,Press review / clipping services,MONITORING_CONTENT,0.96,0.98,0.99,0.92,0.9,0.9
Quebec,ten_6f578ab7feb78f4c0425,REVUE DE PRESSE ÉCRITE ET VEILLE DES MEDIAS,,Creative / communications,Design / publishing,buy_b09b36e95e556fb79750,Centre d'acquisitions gouvernementales,Canada - Quebec,2026-05-29,2026-08-06,82.0,,,Press review / clipping services,MONITORING_CONTENT,0.96,0.98,0.99,0.92,0.9,0.9
France,ten_c0073295d27241f5235c,Revue de Presse,,Other,Services,buy_21a00bf3ce9a82da2e49,Hec Paris,France,2026-04-30,2026-05-21,15.0,,,Press review / clipping services,MONITORING_CONTENT,0.96,0.98,0.99,0.92,0.9,0.9
Quebec,ten_90a120fd1fa768507870,PRODUCTION D'UNE REVUE DE PRESSE QUOTIDIENNE,,Other,UNKNOWN,buy_222ef02dd5db3c1d6ad6,Ville de Saguenay,Canada - Quebec,2026-04-20,,15.0,,,Press review / clipping services,MONITORING_CONTENT,0.96,0.98,0.99,0.92,0.9,0.9
Belgium,bel_a6916eef12a88fd0ecf4be46,Accès à la plateforme BELGAPRESS pour l'année civile 2026 dans le cadre de la réalisation de la revue de presse interne électronique quotidienne du Département de la Communication de la Province de Liège.,Accès à la plateforme BELGAPRESS pour l'année civile 2026 dans le cadre de la réalisation de la revue de presse interne électronique quotidienne du Département de la Communication de la Province de Liège.,,,buy_c1e5f44612959a23ab76b4d6,DGT - Marchés publics,BE,2026-03-26,,,https://www.publicprocurement.be/publication-workspaces/c83e1d00-a333-471c-ac44-48560076b858,,Press review / clipping services,MONITORING_CONTENT,0.96,0.98,0.99,0.92,0.9,0.9
France,ten_49d73411f416691d302f,Prestations de veille et de revue de presse pour le compte de l’EPA Euroméditerranée,,Creative / communications,Design / publishing,buy_0198df052b43b75a631b,ETAB PUBLIC AMENAGEMENT EUROMEDITERRA,France,2026-02-20,2026-03-20,82.0,,,Press review / clipping services,MONITORING_CONTENT,0.96,0.98,0.99,0.92,0.9,0.9
Belgium,bel_f6973d670f96eb9aaa69af60,"Accès à la plateforme BELGAPRESS pour l'année civile 2026, dans le cadre de la réalisation de sa revue de presse interne électronique quotidienne.","Accès à la plateforme BELGAPRESS pour l'année civile 2026, dans le cadre de la réalisation de sa revue de presse interne électronique quotidienne.",,,buy_c1e5f44612959a23ab76b4d6,DGT - Marchés publics,BE,2025-12-22,,,https://www.publicprocurement.be/publication-workspaces/49a9f5c8-8207-4ee8-9706-07961f87296c,,Press review / clipping services,MONITORING_CONTENT,0.96,0.98,0.99,0.92,0.9,0.9
Quebec,ten_0722407500050b3f97fb,Solution de revue de presse électronique,,Creative / communications,Design / publishing,buy_7a4f20655226d7f5284d,Ville de Gatineau.,Canada - Quebec,2025-09-04,,82.0,,,Press review / clipping services,MONITORING_CONTENT,0.96,0.98,0.99,0.92,0.9,0.9
Quebec,ten_fea8ee324a39ab79e31a,Services professionnels de confection et distribution d'une revue de presse quotidienne pour la Ville de Montréal,,Creative / communications,Design / publishing,buy_c25f154ab51e6f04a4cb,Ville de Montréal - Service de l'approvisionnement,Canada - Quebec,2025-07-23,2025-08-28,82.0,,,Press review / clipping services,MONITORING_CONTENT,0.96,0.98,0.99,0.92,0.9,0.9
Quebec,ten_409b1691bc8c872d3ca5,Services professionnels de revue de presse pour le SPVM,,Creative / communications,Design / publishing,buy_e3ffe0c63ece806a19b0,Ville de Montréal - Service de police,Canada - Quebec,2025-06-18,2025-07-10,82.0,,,Press review / clipping services,MONITORING_CONTENT,0.96,0.98,0.99,0.92,0.9,0.9
Quebec,ten_611329ece396af610afe,Services professionnels de revue de presse pour le SPVM,,Creative / communications,Design / publishing,buy_c25f154ab51e6f04a4cb,Ville de Montréal - Service de l'approvisionnement,Canada - Quebec,2025-06-18,2025-07-10,82.0,,,Press review / clipping services,MONITORING_CONTENT,0.96,0.98,0.99,0.92,0.9,0.9
Quebec,ten_684c293d7ac5eb76b8cb,Services professionnels de revue de presse pour le SPVM,,Creative / communications,Design / publishing,buy_c25f154ab51e6f04a4cb,Ville de Montréal - Service de l'approvisionnement,Canada - Quebec,2025-06-18,2025-07-10,82.0,,,Press review / clipping services,MONITORING_CONTENT,0.96,0.98,0.99,0.92,0.9,0.9
TED,ted_2b856e3a04be322b3caa,The procurement of SAP DFPS develops 2026025812,The contracting authority shall enter into this agreement on behalf of Cyber Defence ́s IT Department (CIT) DRIV. The aim of this notice is to fill the role of developer in the product team Structure in CIT DRIV. The consultant shall develope within the discipline ABAP with a focus on the SAP modules DFPS and ECC. The role shall also support project P1160 with the technical upgrade to S/4HANA technology. The role could involve cooperation with any other departments and/or projects in the Norwegian Armed Forces.,Automation / software,IT services / software,buy_581df20f038735ed5497,FORSVARSMATERIELL,NOR,2026-08-10,2026-09-11,60.0,,,Procurement / e-sourcing platforms,PROCUREMENT_TECH,0.72,0.86,0.99,0.5,0.6,0.9
TED,ted_1bbdb9c3ee33dce654d9,Successive procurement of motor fuels,Successive procurement of motor fuels,Other,UNKNOWN,buy_5ed803fae1f670fc4749,Public Utility Enterprise Komunalec,MKD,2026-08-06,2026-09-04,20.0,,,Procurement / e-sourcing platforms,PROCUREMENT_TECH,0.72,0.86,0.99,0.5,0.6,0.9
TED,ted_a3c0d53315d7003fb9e8,GARA EUROPEA A PROCEDURA APERTA TELEMATICA TRAMITE PIATTAFORMA AZIENDALE (E-PROCUREMENT) IN QUATTRO LOTTI PER LAFFIDAMENTO DELLA FORNITURA IN SERVICE QUINQUENNALE DI REAGENTI E MATERIALE DI CONSUMO OCCORRENTI ALLE UU.OO. DI PATOLOGIA CLININICA DELLAZIENDA CON IL CRITERIO DI AGGIUDICAZIONE DELLOFFERTA ECONOMICAMENTE PIU VANTAGGIOSA.,GARA EUROPEA A PROCEDURA APERTA TELEMATICA TRAMITE PIATTAFORMA AZIENDALE (E-PROCUREMENT) IN QUATTRO LOTTI PER LAFFIDAMENTO DELLA FORNITURA IN SERVICE QUINQUENNALE DI REAGENTI E MATERIALE DI CONSUMO OCCORRENTI ALLE UU.OO. DI PATOLOGIA CLININICA DELLAZIENDA CON IL CRITERIO DI AGGIUDICAZIONE DELLOFFERTA ECONOMICAMENTE PIU VANTAGGIOSA.,Other,UNKNOWN,buy_811f3d14bc58dffafbdd,Azienda Sanitaria Provinciale di Messina - Ufficio Provveditorato,ITA,2026-08-06,2026-09-28,20.0,,,Procurement / e-sourcing platforms,PROCUREMENT_TECH,0.72,0.86,0.99,0.5,0.6,0.9
TED,ted_bb7cee62efc711c274f4,Framework agreement for the procurement of a MOM system for electro and tunnel.,"operation and maintenance) that covers the counties ́needs for the disciplines electro and tunnel. The system shall support work processes and legal requirements connected to the management of tunnels and electrical installations on the county road network, including requirements in the tunnel safety regulations.",Automation / software,IT services / software,buy_581df20f038735ed5497,Novari IKS,NOR,2026-08-03,2026-09-02,60.0,,,Procurement / e-sourcing platforms,PROCUREMENT_TECH,0.72,0.86,0.99,0.5,0.6,0.9
TED,ted_fe789a0dcd4ba443be57,Market dialogue - Contract for the procurement of consumables for cleaning and canteens,"Vestfold county and Telemark county would like to enter into new contracts for consumables for cleaning and cafeterias, as well as cleaning machines (including robot vacuum cleaners/washers for floor and windows) for use in county houses, sixth form colleges, museums and dental clinics. The aim of this market dialogue is to: Obtain information about the market ́s tenders, systems and prices.",Other,UNKNOWN,buy_581df20f038735ed5497,Vestfold fylkeskommune,NOR,2026-07-31,,20.0,,,Procurement / e-sourcing platforms,PROCUREMENT_TECH,0.72,0.86,0.99,0.5,0.6,0.9
TED,ted_22bc82f4c64f1e778d74,Market dialogue - Contract for the procurement of consumables for cleaning and canteens,"Vestfold county and Telemark county would like to enter into new contracts for consumables for cleaning and cafeterias, as well as cleaning machines (including robot vacuum cleaners/washers for floor and windows) for use in county houses, sixth form colleges, museums and dental clinics. The aim of this market dialogue is to: Obtain information about the market ́s tenders, systems and prices.",Other,UNKNOWN,buy_581df20f038735ed5497,Vestfold fylkeskommune,NOR,2026-07-30,,20.0,,,Procurement / e-sourcing platforms,PROCUREMENT_TECH,0.72,0.86,0.99,0.5,0.6,0.9
TED,ted_8d68cfeb2d8213ee4cfd,Negotiated Procedure for the procurement of services in relation to the Leasing of Theatre Facilities and Ward Area Contract to complement CT 2293/2021,Negotiated Procedure for the procurement of services in relation to the Leasing of Theatre Facilities and Ward Area Contract to complement CT 2293/2021 until 21st July 2026,Other,UNKNOWN,buy_49603fbd0efcf57ee39e,Central Procurement and Supplies Unit (MFH),MLT,2026-07-30,,20.0,,,Procurement / e-sourcing platforms,PROCUREMENT_TECH,0.72,0.86,0.99,0.5,0.6,0.9
TED,ted_d725c73779bbe5e05b3a,Pensionsversicherungsanstalt - e-Procurement Beschaffungsplattform (Markterkundung),Die Pensionsversicherungsanstalt (PVA) plant die Beschaffung einer Softwarelösung für eine digitale e-Procurement Beschaffungsplattform. Hierzu soll im Vorfeld eine Markterkundung durchgeführt werden.,Automation / software,Software / automation,buy_001cc06b96d8f5cfe636,Pensionsversicherungsanstalt,AUT,2026-07-30,,74.0,,,Procurement / e-sourcing platforms,PROCUREMENT_TECH,0.72,0.86,0.99,0.5,0.6,0.9
United Kingdom,ten_00ffe1f26cc367b4ac94,Framework Agreement for the Procurement of Occupational Health Counselling Services,,Other,UNKNOWN,buy_45758162c0a4c1ac4261,Gloucestershire County Council,United Kingdom,2026-07-30,2026-09-01,15.0,,,Procurement / e-sourcing platforms,PROCUREMENT_TECH,0.72,0.86,0.99,0.5,0.6,0.9
United Kingdom,ten_c1257af44fe8d0b80b38,eProcurement Cloud Marketplace,,Other,UNKNOWN,buy_ca5deefec4b4117a4973,UNIVERSITY OF EXETER,United Kingdom,2026-07-30,,15.0,,,Procurement / e-sourcing platforms,PROCUREMENT_TECH,0.72,0.86,0.99,0.5,0.6,0.9
TED,ted_81e4d58cc3387ebb0696,"Procedura aperta, ai sensi del combinato disposto degli artt. 71 e 153 del D.lgs. n. 36/2023 nell ambito di applicazione dei settori speciali ai sensi degli artt. 141 e 149, s.m.i. per l affidamento della fornitura di metri 5.500 di cavo unipolare per trasporto energia elettrica in corrente continua con sezione di 1x500 mmq da esperire con il sistema delle-Procurement.","Procedura aperta, ai sensi del combinato disposto degli artt. 71 e 153 del D.lgs. n. 36/2023 nell ambito di applicazione dei settori speciali ai sensi degli artt. 141 e 149, s.m.i. per l affidamento della fornitura di metri 5.500 di cavo unipolare per trasporto energia elettrica in corrente continua con sezione di 1x500 mmq da esperire con il sistema delle-Procurement.",Other,UNKNOWN,buy_811f3d14bc58dffafbdd,ATAC - Ricambi e Materiali Vari,ITA,2026-07-29,,20.0,,,Procurement / e-sourcing platforms,PROCUREMENT_TECH,0.72,0.86,0.99,0.5,0.6,0.9
United Kingdom,ten_7832222efbca03dccb27,Training and Testing Audit Services Reprocurement,,Other,UNKNOWN,buy_a7afbf929d019edf3f0e,Driver and Vehicle Standards Agency,United Kingdom,2026-07-29,,15.0,,,Procurement / e-sourcing platforms,PROCUREMENT_TECH,0.72,0.86,0.99,0.5,0.6,0.9
United Kingdom,ten_2f641165799fafea37ed,UKRI-6122 Project Management Software,,Other,UNKNOWN,buy_080697350037fb530071,UK Research & Innovation (UKRI),United Kingdom,2026-07-10,,15.0,,,Project / portfolio management software,PROJECT_SOFTWARE,0.74,0.9,0.99,0.68,0.72,0.88
Quebec,ten_4d774ebfd23502e75762,Conseil - Portefeuille projets,,Monitoring / research,Monitoring / analysis,buy_0864af28805d8660903a,Centre de services scolaire des Laurentides.,Canada - Quebec,2026-06-23,,70.0,,,Project / portfolio management software,PROJECT_SOFTWARE,0.74,0.9,0.99,0.68,0.72,0.88
TED,ted_52f95ed21ff74ac6922a,RFI - Strategic Project Portfolio Management,Avinor AS invites suppliers to participate in a written market dialogue regarding solutions for strategic project portfolio management. The deadline for submitting written responses to this RFI is 10.06.2026 at 23:59.,Automation / software,IT services / software,buy_581df20f038735ed5497,AVINOR AS,NOR,2026-05-20,,60.0,,,Project / portfolio management software,PROJECT_SOFTWARE,0.74,0.9,0.99,0.68,0.72,0.88
France,ten_1fb7f87c62ae2912ff10,ACQUISITION D’UN PROGICIEL DE GESTION DE PORTEFEUILLE PROJETS,,Automation / software,Software / automation,buy_f90746cb899d5b717a7f,"Syndicat Mixte pour les Inondations, l'Aménagement et la Gestion de l'Eau (06)",France,2026-04-22,,74.0,,,Project / portfolio management software,PROJECT_SOFTWARE,0.74,0.9,0.99,0.68,0.72,0.88
TenderNed,tn_6a4136c829b768dccafe,Project Portfolio Managementsysteem,"Een Europese aanbesteding voor de levering (inclusief implementatie), licentieverlening, onderhoud en ondersteuning van een nieuw Project Portfolio Managementsysteem (PPM-systeem) voor het beheer van onderzoeksprojecten bij de UvA en HvA.",Monitoring / research,Monitoring / analysis,buy_349102c26e14ca9b9846,Universiteit van Amsterdam,Netherlands,2026-03-15,2026-05-15,70.0,https://www.tenderned.nl/tenderned-tap/aankondigingen/415871,,Project / portfolio management software,PROJECT_SOFTWARE,0.74,0.9,0.99,0.68,0.72,0.88
United Kingdom,ten_67da99d5a6e14cdeecf2,Project Portfolio Management Software,,Automation / software,Software / automation,buy_908930e0a8163dc948d2,Shropshire Fire and Rescue Service,United Kingdom,2026-02-24,,72.0,,,Project / portfolio management software,PROJECT_SOFTWARE,0.74,0.9,0.99,0.68,0.72,0.88
United Kingdom,ten_1b38ea1a5c67cfd4dbe9,PRN004602 Project Management Software,,Other,UNKNOWN,buy_1e64a4540ff6da903208,Nottinghamshire and City of Nottingham Fire Authority,United Kingdom,2026-02-19,,15.0,,,Project / portfolio management software,PROJECT_SOFTWARE,0.74,0.9,0.99,0.68,0.72,0.88
United Kingdom,ten_6aaffba25c214dec8c04,Knowledge and Project Management Platform,,Automation / software,IT services / software,buy_7f9ad55bc48b5b35d9be,UK INDUSTRIAL FUSION SOLUTIONS LTD,United Kingdom,2026-02-12,,60.0,,,Project / portfolio management software,PROJECT_SOFTWARE,0.74,0.9,0.99,0.68,0.72,0.88
United Kingdom,ten_ee8d04a0df7c0b15ec4b,Preliminary Market Engagement for Provision of Project Portfolio Management (PPM) Solution,,Automation / software,Software / automation,buy_f439ac7f8e16eb6abc35,University of South Wales,United Kingdom,2026-02-11,,72.0,,,Project / portfolio management software,PROJECT_SOFTWARE,0.74,0.9,0.99,0.68,0.72,0.88
TenderNed,tn_0aada6806898ce9d733e,Marktconsultatie Project Portfolio Managementsysteem (PPM),"Marktconsultatie ter voorbereiding op de aanbesteding van een Project Portfolio Managementsysteem (PPM). Het systeem zal worden ingezet voor de beheersing van contractonderzoekprojecten, zowel in de voorbereidende fase (pre-award) als tijdens de uitvoering (post-award).",Monitoring / research,Monitoring / analysis,buy_349102c26e14ca9b9846,Universiteit van Amsterdam,Netherlands,2026-02-03,,70.0,https://www.tenderned.nl/tenderned-tap/aankondigingen/410515,,Project / portfolio management software,PROJECT_SOFTWARE,0.74,0.9,0.99,0.68,0.72,0.88
United Kingdom,ten_4941247c5d07dbcfe1cf,Provision of Project Portfolio Management System,,Other,UNKNOWN,buy_ac54c8264db5a256a32a,Somerset NHS Foundation Trust,United Kingdom,2026-01-19,2026-02-25,15.0,,,Project / portfolio management software,PROJECT_SOFTWARE,0.74,0.9,0.99,0.68,0.72,0.88
United Kingdom,ten_0c2d6dae35697ff670e4,UKRI-5520 PRISM Project Management Software,,Other,UNKNOWN,buy_080697350037fb530071,UK Research & Innovation (UKRI),United Kingdom,2025-12-09,,15.0,,,Project / portfolio management software,PROJECT_SOFTWARE,0.74,0.9,0.99,0.68,0.72,0.88
Ireland,ten_a95bd5723828e3bc7843,Social Media Campaigns for Tourism In County Leitrim,,Creative / communications,Design / publishing,buy_d9ebaa7515d674ca8176,Leitrim County Council,Ireland,2025-12-17,2026-01-26,80.0,,,Social media management & community,COMMUNICATIONS,0.94,0.96,0.99,0.92,0.86,0.9
United Kingdom,ten_12f67e29e7200c47a7e5,Leeds Stop Smoking Service -Social Media Campaign,,Other,UNKNOWN,buy_bc4de57ccd02ba83764d,Leeds City Council,United Kingdom,2025-11-30,,15.0,,,Social media management & community,COMMUNICATIONS,0.94,0.96,0.99,0.92,0.86,0.9
Germany,ten_bada8c4b6e1f27b11963,Vergabe von Social Media Services und Contentproduktionen,,Other,UNKNOWN,buy_94c7a303095f046fd911,Hamburg Messe und Congress GmbH,Germany,2025-11-18,,15.0,,,Social media management & community,COMMUNICATIONS,0.94,0.96,0.99,0.92,0.86,0.9
Ireland,ten_e0ebfc42ee5ded4e0ae1,HSE 27530 Mini Competition for The Provision of Social Media Campaign Development and Management for the HSE Youth Vaping Prevention Campaign,,Other,Advertising material.,buy_a53a2075be8b016ee75b,Health Service Executive (HSE),Ireland,2025-11-18,,15.0,,,Social media management & community,COMMUNICATIONS,0.94,0.96,0.99,0.92,0.86,0.9
United Kingdom,ten_4a1f9f4db1595503e6f3,Maternal Reducing Inequalities Care Bundle - Community-Led Social Media Campaign,,Other,UNKNOWN,buy_80e14296282f5f5b135c,NHS England,United Kingdom,2025-11-11,,15.0,,,Social media management & community,COMMUNICATIONS,0.94,0.96,0.99,0.92,0.86,0.9
France,ten_4bea059bd69f24276ff8,PRESTATIONS DE VEILLE ET D'ANALYSE DES RESEAUX SOCIAUX ET D'E-REPUTATION POUR LE COMPTE DE L'OFII,,Other,Services,buy_5dc9ade592781386b979,OFFICE FRANCAIS DE L'IMMIGRATION ET DE L'INTEGRATION,France,2025-11-04,2025-12-05,15.0,,,Social media management & community,COMMUNICATIONS,0.94,0.96,0.99,0.92,0.86,0.9
Ireland,ten_bff59e82d10729498bab,Mini Competition for the Provision of Social Media Campaign Development and Management for the HSE Sexual Wellbeing campaign.,,Other,Advertising material.,buy_a53a2075be8b016ee75b,Health Service Executive (HSE),Ireland,2025-09-01,,15.0,,,Social media management & community,COMMUNICATIONS,0.94,0.96,0.99,0.92,0.86,0.9
Ireland,ten_b48000edd3a6b3927d4c,HSE 25582 Mini Competition for the provision of Social Media Campaign Development and Management for the HSE National Mental Health Programme – Mental Literacy Campaign,,Other,Advertising material.,buy_a53a2075be8b016ee75b,Health Service Executive (HSE),Ireland,2025-07-16,,15.0,,,Social media management & community,COMMUNICATIONS,0.94,0.96,0.99,0.92,0.86,0.9
Quebec,ten_5f4562ed118d16b2059e,Soutien pour le Parc olympique / média sociaux,,Creative / communications,Design / publishing,buy_4a7bd9fd0d10b8eeb109,Parc olympique,Canada - Quebec,2025-06-11,,82.0,,,Social media management & community,COMMUNICATIONS,0.94,0.96,0.99,0.92,0.86,0.9
Belgium,bel_c296aca6f2c4020a33922a5c,"MARCHÉ PUBLIC DE SERVICES AYANT POUR OBJET LE MONITORING DE  LA  PRESSE  ECRITE,  DES  SITES  WEB  D’INFORMATIONS, DE  LA RADIO/TELEVISION BELGE FRANCOPHONE ET NEERLANDOPHONE, DES RESEAUX SOCIAUX ET SUR L'ETABLISSEMENT D'UNE REVUE DE PRESSE QUOTIDIENNE, HEBDOMADAIRE ET MENSUELLE POUR BRUXELLES- PROPRETE","Het voorwerp van de opdracht is de monitoring van de geschreven pers, van de informatiewebsites en van de Belgische Nederlandstalige en Franstalige radio/televisie, van de sociale media en het opmaken van een dagelijks, wekelijks en maandelijks persoverzicht voor Net Brussel.  De opdracht heeft een looptijd van 2 jaar, vanaf 04/11/2025. Deze opdracht zal twee keer worden verlengd voor een periode van één jaar, behoudens opzegging door een van de partijen betekend via aangetekend schrijven neergelegd bij de post ten minste zes maanden voor het einde van de looptijd van 2 of 3 jaar. De dienst wordt continu verzekerd. Deze opdracht doet geen afbreuk aan de mogelijkheid voor het Agentschap om een beroep te doen op een andere leverancier voor punctuele opdrachten, zonder exclusiviteit voor de opdrachtnemer van deze opdracht.",,,buy_ac1dd61674372d98dd8cb029,Agence régionale pour la propreté - Bruxelles-Propreté,BE,2025-05-07,2025-06-10,,https://www.publicprocurement.be/publication-workspaces/1fa6ddf9-d691-49e9-ba7e-d7c0484c7221,,Social media management & community,COMMUNICATIONS,0.94,0.96,0.99,0.92,0.86,0.9
Ireland,ten_ea8b8a2d122398d3b107,HSE 25466 Mini Competition for The Provision of Social Media Campaign Development and Management for the HSE National Screening Service Programmes,,Other,Advertising material.,buy_a53a2075be8b016ee75b,Health Service Executive (HSE),Ireland,2025-05-02,,15.0,,,Social media management & community,COMMUNICATIONS,0.94,0.96,0.99,0.92,0.86,0.9
Germany,ten_893c6b6074662c166889,2025 Social Media Service Agency GNTO Beijing,,Creative / communications,Design / publishing,,,Germany,2025-04-24,,82.0,,,Social media management & community,COMMUNICATIONS,0.94,0.96,0.99,0.92,0.86,0.9
United Kingdom,ten_286f68a710af684f1e42,Works required for the structured cabling between the Ground Floor Workshop and the loft space,,Other,UNKNOWN,buy_fe03094be18bb5e2dbce,NPL Management Limited,United Kingdom,2026-07-31,,15.0,,,Structured cabling / network installation,FIELD_SUBCONTRACT,0.1,0.99,0.3,0.72,0.58,0.76
United Kingdom,ten_dd55050b02c705f64e55,IT Data Cabling Framework,,Other,UNKNOWN,buy_b26100140fc1be8690e6,United Lincolnshire Teaching Hospitals NHS Trust,United Kingdom,2026-07-16,2026-09-07,15.0,,,Structured cabling / network installation,FIELD_SUBCONTRACT,0.1,0.99,0.3,0.72,0.58,0.76
TED,ted_6e4e5c81b1132d1d0ef8,"NRK 2026/45 Framework agreement for electrical installations, structured cabling, and broadcast engineering.","NRK intends to enter into parallel framework agreements for technical installations within electrical systems, structured cabling, and broadcast engineering. NRK has an ongoing need for installation services and materials for the following areas: Electrical installations Structured cabling Broadcast engineering The framework agreement applies nationwide. Historically, up to 80% of the assignments have been associated with the headquarters in Oslo. Historical volumes are indicative only and do not constitute any future commitment for NRK. The agreement primarily covers electrotechnical installations in existing buildings, such as studios, control rooms, server rooms, editorial offices, and open-plan office environments. The assignments will vary considerably in both scope and complexity. As NRK is a media enterprise in full operation, the contractor must continuously plan and adapt the work to prevent any disruptions to production.",Other,UNKNOWN,buy_581df20f038735ed5497,Norsk broadcasting AS,NOR,2026-06-30,,20.0,,,Structured cabling / network installation,FIELD_SUBCONTRACT,0.1,0.99,0.3,0.72,0.58,0.76
United Kingdom,ten_0aad6738c0f7a1e8ba49,Structured Cabling,,Other,UNKNOWN,buy_87d8454b3c9d95dee4b4,Cardiff University,United Kingdom,2026-06-29,2026-08-14,15.0,,,Structured cabling / network installation,FIELD_SUBCONTRACT,0.1,0.99,0.3,0.72,0.58,0.76
France,ten_0fcd4f8273faae20fb25,Accord-cadre à bons de commande relatif au pré-câblage informatique de divers bâtiments communaux de la Ville de Perpignan,,Other,Travaux,buy_29e073cfd9b4c3dfbc03,Mairie de Perpignan,France,2026-06-23,2026-07-24,15.0,,,Structured cabling / network installation,FIELD_SUBCONTRACT,0.1,0.99,0.3,0.72,0.58,0.76
United Kingdom,ten_cdfa3fda6dbb07b0dc11,London Gateway Berth 5 Structured Cabling System,,Other,UNKNOWN,buy_d61f879bfdc7a8f67678,LONDON GATEWAY PORT LIMITED,United Kingdom,2026-06-04,2026-07-02,15.0,,,Structured cabling / network installation,FIELD_SUBCONTRACT,0.1,0.99,0.3,0.72,0.58,0.76
United Kingdom,ten_eb0de6b55b9b0a2d6367,Installation and Supply of Structured Cabling with Maintenance and Support,,Other,UNKNOWN,buy_ef4b020bfa5d9abb1f7d,Caerphilly County Borough Council,United Kingdom,2026-06-01,,15.0,,,Structured cabling / network installation,FIELD_SUBCONTRACT,0.1,0.99,0.3,0.72,0.58,0.76
United Kingdom,ten_c2ce4bf93444f2d1070c,Network Cabling Replacements,,Other,UNKNOWN,buy_8b2e91fb3854f174b94b,Gateshead College,United Kingdom,2026-05-21,,15.0,,,Structured cabling / network installation,FIELD_SUBCONTRACT,0.1,0.99,0.3,0.72,0.58,0.76
United Kingdom,ten_418965f59aaee37de7cd,Data Cabling,,Other,UNKNOWN,buy_db096f231b599db0d6d8,Staffordshire County Council,United Kingdom,2026-05-20,,15.0,,,Structured cabling / network installation,FIELD_SUBCONTRACT,0.1,0.99,0.3,0.72,0.58,0.76
United Kingdom,ten_ff4afd5abf55c6c3e980,Watnall Structured Cabling Upgrade,,Other,UNKNOWN,buy_e4c1145fe7432ba6ff13,Met Office,United Kingdom,2026-04-23,,15.0,,,Structured cabling / network installation,FIELD_SUBCONTRACT,0.1,0.99,0.3,0.72,0.58,0.76
France,ten_0be5a897615399a3b62f,ACCORD-CADRE À BONS DE COMMANDE EN VUE DE L'EXÉCUTION DE TRAVAUX DE PRÉ CÂBLAGE INFORMATIQUE (COURANTS FAIBLES) DES COLLÈGES DU DÉPARTEMENT DES BOUCHES-DU-RHÔNE (3 LOTS),,Other,Travaux,buy_bf122695dd6d16b19cde,Conseil départemental des Bouches-du-Rhône,France,2026-04-17,2026-05-21,15.0,,,Structured cabling / network installation,FIELD_SUBCONTRACT,0.1,0.99,0.3,0.72,0.58,0.76
United Kingdom,ten_5f3616a4e3b05289d471,Data Cabling Framework,,Other,UNKNOWN,buy_6f07a03950e187fc16ef,Nottingham Trent University,United Kingdom,2026-04-17,,15.0,,,Structured cabling / network installation,FIELD_SUBCONTRACT,0.1,0.99,0.3,0.72,0.58,0.76
TED,ted_0a34b78af2b62d84ac90,"Wdrożenie systemu do zarządzania i monitorowania UC (Unified Communications), opar-tego na posiadanym przez Zamawiającego systemie Cisco Unified Communications Ma-nager (CUCM).","Przedmiotem zamówienia jest wdrożenie systemu do zarządzania i monitorowania UC (Unified Communications), opartego na posiadanym przez Zamawiającego systemie Cisco Unified Communications Manager (CUCM) w podziale na: Etap I: implementację i konfigurację dostarczonego systemu, przeprowadzenie instruktażu powdrożeniowego, wytworzenie oraz dostarczenie planu testów akceptacyjnych (PTA), scenariuszy testów akceptacyjnych (STA) dokumentacji powykonawczej, eksploatacyjnej, podręcznika użytkownika, udzielenie licencji oraz przekazanie Zamawiającemu dokumentów licencyjnych Etap II: wsparcie techniczne dla systemu świadczone przez Wykonawcę przez okres 36 miesięcy",Creative / communications,Design / publishing,buy_e4d061caa68fce2f60e7,KOMENDA GŁÓWNA POLICJI,POL,2026-08-04,,82.0,,,Telephony / VoIP / unified communications,TELECOM_RESALE,0.28,0.97,0.78,0.64,0.68,0.78
TED,ted_243bbcedf14698173554,Subscripții și suport tehnic - Subscripții pentru soluțiile software necesare activităților DNA și ale Compartimentului IT - Telefonie VOIP NEC 3C (reluarea procedurii de atribuire pentru lotul 6 din anuntul de participare nr. CN1093435 / 15.06.2026),"Subscripții și suport tehnic necesare pentru echipamente de securitate Checkpoint, subscripții pentru soluțiile de securitate software existente și subscripții pentru soluțiile software necesare activităților DNA și ale Compartimentului IT conform documentației de atribuire. Termenul de solicitare de clarificări cu privire la Documentația de atribuire: a 18 -a zi înainte de data limită de depunere a ofertelor; Termen de răspuns la solicitările de clarificări: a - 11-a zi înainte de data limită de depunere a ofertelor.",Automation / software,Software / automation,buy_56f10621e0007ccb73ca,DIRECTIA NATIONALA ANTICORUPTIE,ROU,2026-07-31,2026-09-02,74.0,,,Telephony / VoIP / unified communications,TELECOM_RESALE,0.28,0.97,0.78,0.64,0.68,0.78
France,ten_acf7d33766efb303c355,"Mise à disposition d'une solution de téléphonie VoIP, hébergement, maintenance et support.",,Creative / communications,Design / publishing,buy_2af7505559c9826f3369,Anact,France,2026-07-23,2026-09-09,82.0,,,Telephony / VoIP / unified communications,TELECOM_RESALE,0.28,0.97,0.78,0.64,0.68,0.78
United Kingdom,ten_0200524f594f272ebf5e,Unified Communications and Mobile Services - 2026,,Other,UNKNOWN,buy_b1c256454186b1984e54,The Education Training Collective,United Kingdom,2026-07-07,2026-08-03,15.0,,,Telephony / VoIP / unified communications,TELECOM_RESALE,0.28,0.97,0.78,0.64,0.68,0.78
United Kingdom,ten_b2cdde6d0520690fe7e7,Unified Communications,,Automation / software,Software / automation,buy_1f30802aeb2187dd03b8,HAFOD HOUSING ASSOCIATION LIMITED,United Kingdom,2026-07-03,2026-08-10,72.0,,,Telephony / VoIP / unified communications,TELECOM_RESALE,0.28,0.97,0.78,0.64,0.68,0.78
TED,ted_14a9ca1e511a82fd52a5,"Prestación integral de los servicios de telecomunicaciones del Ayuntamiento de Daimiel, incluyendo la creación, mantenimiento y administración de una red privada municipal, telefonía fija (VoIP), telefonía móvil, red inalámbrica y seguridad perimetral.","Prestación integral de los servicios de telecomunicaciones del Ayuntamiento de Daimiel, incluyendo la creación, mantenimiento y administración de una red privada municipal, telefonía fija (VoIP), telefonía móvil, red inalámbrica y seguridad perimetral.",Other,UNKNOWN,buy_262acb26bfbdf5a4121e,Junta de Gobierno del Ayuntamiento de Daimiel,ESP,2026-07-01,2026-08-05,20.0,,,Telephony / VoIP / unified communications,TELECOM_RESALE,0.28,0.97,0.78,0.64,0.68,0.78
TED,ted_fbe332d7d3571599c97e,"Świadczenie usług telekomunikacyjnych głosowych w technologii VoIP, sieci transmisji danych, dostępu do Internetu oraz świadczenia usług wsparcia technicznego na potrzeby Urzędu Marszałkowskiego Województwa Mazowieckiego w Warszawie na lata 2027 - 2029","Przedmiotem zamówienia jest kompleksowe świadczenie usług telekomunikacyjnych głosowych w technologii VoIP, sieci transmisji danych, dostępu do Internetu, świadczenie wsparcia technicznego, w tym zapewnienia ciągłości działania usług objętych zamówieniem oraz zapewnienie bezpieczeństwa teleinformatycznego Zamawiającego.",Other,UNKNOWN,buy_e4d061caa68fce2f60e7,Województwo Mazowieckie,POL,2026-06-26,,20.0,,,Telephony / VoIP / unified communications,TELECOM_RESALE,0.28,0.97,0.78,0.64,0.68,0.78
Germany,ten_de6f928f20d9430213f5,Wartungsvertrag VoIP - 5 Jahre,,Other,UNKNOWN,,,Germany,2026-06-24,,15.0,,,Telephony / VoIP / unified communications,TELECOM_RESALE,0.28,0.97,0.78,0.64,0.68,0.78
United Kingdom,ten_79e33b59adc99ff301d3,Telephony – Unified Communications and Contact Centre,,Other,UNKNOWN,buy_31405d09e877f5e4899c,Sovini Limited,United Kingdom,2026-06-19,2026-07-20,15.0,,,Telephony / VoIP / unified communications,TELECOM_RESALE,0.28,0.97,0.78,0.64,0.68,0.78
Germany,ten_c5ddb9aae8f2ec6fe9f9,Lieferung und betriebsfertige Bereitstellung von VoIP-Kommunikationssystemen an Schulen der Stadt Remscheid,,Creative / communications,Design / publishing,,,Germany,2026-06-18,2026-07-10,82.0,,,Telephony / VoIP / unified communications,TELECOM_RESALE,0.28,0.97,0.78,0.64,0.68,0.78
TED,ted_129041d011e712952b8e,Servizi SIP Trunk - Servizi PSTN in modalità VoIP su protocollo SIP,Servizi SIP Trunk - Servizi PSTN in modalità VoIP su protocollo SIP,Other,UNKNOWN,buy_811f3d14bc58dffafbdd,RAI - Radiotelevisione Italiana S.p.A. - A/TEI/INT,ITA,2026-06-17,2026-06-30,20.0,,,Telephony / VoIP / unified communications,TELECOM_RESALE,0.28,0.97,0.78,0.64,0.68,0.78
Germany,ten_477b6f378d8959504dd6,Rahmenvertrag für Cisco Unified Communications und Collaborationsysteme (Videokonferenzsysteme),,Creative / communications,Design / publishing,buy_79a07bc6b897953fb6d5,Universitätsklinikum Heidelberg,Germany,2026-06-11,2026-07-13,82.0,,,Telephony / VoIP / unified communications,TELECOM_RESALE,0.28,0.97,0.78,0.64,0.68,0.78
United Kingdom,ten_19028fea4fd53b694793,PME - Digital Preservation System (DPS) (UID 226M),,Other,UNKNOWN,buy_d430c5f540fa87d268fd,Historic England,United Kingdom,2026-07-27,,15.0,,,Ticketing / booking / reservation systems,TRANSACTION_SOFTWARE,0.76,0.9,0.99,0.64,0.68,0.9
TED,ted_358e61cad7a64054556c,Markterkundung Open Loop Ticketing System und EMV Prepaid,Markterkundung Open Loop Ticketing System und EMV Prepaid,Automation / software,IT services / software,buy_3b728012f8a40f91f071,WIENER LINIEN GmbH & Co KG,AUT,2026-07-03,,60.0,,,Ticketing / booking / reservation systems,TRANSACTION_SOFTWARE,0.76,0.9,0.99,0.64,0.68,0.9
United Kingdom,ten_196999525fd7bf537816,Holiday Activities and Food (HAF) Booking System,,Other,UNKNOWN,buy_57897d52296f35314ac6,City of Bradford Metropolitan District Council,United Kingdom,2026-07-03,2026-08-03,15.0,,,Ticketing / booking / reservation systems,TRANSACTION_SOFTWARE,0.76,0.9,0.99,0.64,0.68,0.9
United Kingdom,ten_01452c6efa96bc5e4361,"PME - Museums & Heritage sites Electronic Point of Sale, bookings management & on-line customer ticketing system",,Other,UNKNOWN,buy_eccef005938b28d927ca,Leicestershire County Council,United Kingdom,2026-06-29,,15.0,,,Ticketing / booking / reservation systems,TRANSACTION_SOFTWARE,0.76,0.9,0.99,0.64,0.68,0.9
United Kingdom,ten_9e31ba7c24e94f42fc9d,Matrix Room and Desk Booking System Renewal,,Other,UNKNOWN,buy_e1de8a5c81ddf8559d48,GENOMICS ENGLAND LIMITED,United Kingdom,2026-06-24,,15.0,,,Ticketing / booking / reservation systems,TRANSACTION_SOFTWARE,0.76,0.9,0.99,0.64,0.68,0.9
United Kingdom,ten_8cf8f98e87d3edcee3ca,Desk and Parking Booking System,,Other,UNKNOWN,buy_8e12ae8c31e5e86ea1bb,West Berkshire Council,United Kingdom,2026-06-09,,15.0,,,Ticketing / booking / reservation systems,TRANSACTION_SOFTWARE,0.76,0.9,0.99,0.64,0.68,0.9
United Kingdom,ten_c07a4f47fac62d34f781,Registrars Online Booking System,,Automation / software,Software / automation,buy_9b4280fe3053f1ea5a4f,London Borough of Havering,United Kingdom,2026-05-21,,72.0,,,Ticketing / booking / reservation systems,TRANSACTION_SOFTWARE,0.76,0.9,0.99,0.64,0.68,0.9
United Kingdom,ten_fb63d0fc5c25ef8d5fad,Holiday Activities and Food (HAF) Booking System Platform,,Other,UNKNOWN,buy_37c892a1099607e66350,Lincolnshire County Council,United Kingdom,2026-04-27,,15.0,,,Ticketing / booking / reservation systems,TRANSACTION_SOFTWARE,0.76,0.9,0.99,0.64,0.68,0.9
United Kingdom,ten_aa141e86f3b05b088ee8,Residential Online Booking System for Pest Control Appointment Bookings,,Automation / software,Software / automation,buy_f124be2536f80c97d5a6,Middlesbrough Council,United Kingdom,2026-04-13,,72.0,,,Ticketing / booking / reservation systems,TRANSACTION_SOFTWARE,0.76,0.9,0.99,0.64,0.68,0.9
Ireland,ten_85c8a43f6de71773fbcf,IT3507C- CFT for the Provision of a Customer Support Software and Ticketing System for the Education Shared Business Services (ESBS),,Automation / software,IT services / software,buy_5af3eed44adedc5c454a,Education Procurement Service (EPS),Ireland,2026-03-23,2026-04-28,60.0,,,Ticketing / booking / reservation systems,TRANSACTION_SOFTWARE,0.76,0.9,0.99,0.64,0.68,0.9
United Kingdom,ten_1d5a9859460161586bce,Resource Booking System,,Other,UNKNOWN,buy_ac54c8264db5a256a32a,SOMERSET NHS FOUNDATION TRUST,United Kingdom,2026-02-11,,15.0,,,Ticketing / booking / reservation systems,TRANSACTION_SOFTWARE,0.76,0.9,0.99,0.64,0.68,0.9
United Kingdom,ten_626757c9b3d1466541a6,Holiday Activity and Food Programme (HAF) Booking System funded from HAF Grant,,Other,UNKNOWN,buy_57897d52296f35314ac6,City of Bradford Metropolitan District Council,United Kingdom,2026-02-11,,15.0,,,Ticketing / booking / reservation systems,TRANSACTION_SOFTWARE,0.76,0.9,0.99,0.64,0.68,0.9
France,ten_3abe7b092dd27cf4c7a1,"Prestations de levés topographiques dans les secteurs du bâtiment, de la voirie et de l'urbanisme",,Creative / communications,Design / publishing,buy_47acbfad94a32a22870c,Ville de Clamart,France,2026-07-30,2026-08-09,82.0,,,Topographic / land surveying services,FIELD_SUBCONTRACT,0.3,0.99,0.34,0.48,0.5,0.84
France,ten_49232540ce34c32cbf31,Missions De Leves Topographiques,,Creative / communications,Design / publishing,buy_8175c2385965a601f924,Syndicat Intercommunal D'Assainissement De Marne-La-Vallee,France,2026-07-30,2026-04-09,82.0,,,Topographic / land surveying services,FIELD_SUBCONTRACT,0.3,0.99,0.34,0.48,0.5,0.84
Quebec,ten_c2fcfebd084db6a14c77,Relevé topographique Prolongement aqueduc 40 Nord,,Creative / communications,Design / publishing,buy_129060f79d6ff2d5dde4,Ville de Lavaltrie.,Canada - Quebec,2026-07-30,,82.0,,,Topographic / land surveying services,FIELD_SUBCONTRACT,0.3,0.99,0.34,0.48,0.5,0.84
United Kingdom,ten_df01f95b9e03b4870def,Business Rates and Surveying Services,,Other,UNKNOWN,buy_1e6985ccbfca4636cd62,HM Revenue & Customs,United Kingdom,2026-07-26,,15.0,,,Topographic / land surveying services,FIELD_SUBCONTRACT,0.3,0.99,0.34,0.48,0.5,0.84
France,ten_f89b7c796ba30fc9a19f,Relevés topographiques à grande échelle et prestations foncières,,Creative / communications,Design / publishing,buy_d2e35adf617aefa7188c,Communauté d'agglomération Territoires vendômois,France,2026-07-24,2026-09-14,82.0,,,Topographic / land surveying services,FIELD_SUBCONTRACT,0.3,0.99,0.34,0.48,0.5,0.84
France,ten_5af43dc792e52e4aadae,Recensement du patrimoine des ouvrages hydrauliques par levés topographiques dans le cadre de l'élaboration du schéma directeur des eaux pluviales de la CASUD,,Creative / communications,Design / publishing,buy_7d19f920372736ce5339,Communauté d’Agglomération du Sud,France,2026-07-21,,82.0,,,Topographic / land surveying services,FIELD_SUBCONTRACT,0.3,0.99,0.34,0.48,0.5,0.84
United Kingdom,ten_c2eee782462d8c819a6e,Quantity Surveying Services for Externally Funded Property Improvement Grants,,Other,UNKNOWN,buy_a58fd4a94ffe829e8e6c,Rhondda Cynon Taf CBC,United Kingdom,2026-07-17,,15.0,,,Topographic / land surveying services,FIELD_SUBCONTRACT,0.3,0.99,0.34,0.48,0.5,0.84
United Kingdom,ten_a21a4cbb16b28036b2a7,Wireline Geologging & Topographical surveys,,Other,UNKNOWN,buy_86d921032d582b7b9dea,Mining Remediation Authority,United Kingdom,2026-07-15,,15.0,,,Topographic / land surveying services,FIELD_SUBCONTRACT,0.3,0.99,0.34,0.48,0.5,0.84
United Kingdom,ten_3ac15b632e4a6219838c,Provision of Worldwide Real Estate Surveying Services,,Other,UNKNOWN,buy_d72631fa0e35ba03b476,"Foreign, Commonwealth and Development Office",United Kingdom,2026-07-08,2026-08-10,15.0,,,Topographic / land surveying services,FIELD_SUBCONTRACT,0.3,0.99,0.34,0.48,0.5,0.84
United Kingdom,ten_dfe25325464d329ccc03,Employers agent and quantity surveying services for the Deben Fields Project,,Other,UNKNOWN,buy_6d592bcc5d36465ebe59,East Suffolk Council,United Kingdom,2026-07-08,,15.0,,,Topographic / land surveying services,FIELD_SUBCONTRACT,0.3,0.99,0.34,0.48,0.5,0.84
France,ten_4986f29d1623015d8edc,Réalisation de levés topographiques et de réseaux existants de l'ensemble des circonscriptions portuaires du Gpmg,,Creative / communications,Design / publishing,buy_746e696d499731e0ac88,Grand Port Maritime Guadeloupe,France,2026-07-05,2026-05-28,82.0,,,Topographic / land surveying services,FIELD_SUBCONTRACT,0.3,0.99,0.34,0.48,0.5,0.84
United Kingdom,ten_1eb3c285cc7199023e69,Contract admin and Quantity Surveying services,,Other,UNKNOWN,buy_b36c3c47ce15e437480b,The Mayor and Commonalty and Citizens of the City of London,United Kingdom,2026-07-03,,15.0,,,Topographic / land surveying services,FIELD_SUBCONTRACT,0.3,0.99,0.34,0.48,0.5,0.84
