Niche,Supplier_ID,Supplier_Name,Supplier_Country,Fractional_Awards,Observed_Awards,Niche_Fractional_Awards,Supplier_Share_Pct,rn
AI chatbot / assistant,sup_b08af754aa04f02e4962,"INTELEQUIA TECHNOLOGIES, SL",ESP,6.0,6,63.0,9.523809523809524,1
AI chatbot / assistant,sup_cad8870f15cac7235fe0,Lockus Sp. z o. o.,POL,5.0,5,63.0,7.936507936507937,2
AI chatbot / assistant,sup_403f89d96e8f2557467f,Microsoft Norge AS,NOR,4.0,4,63.0,6.349206349206349,3
AI chatbot / assistant,sup_48d9f70ef29ca5aa868c,twoday Oy,FIN,4.0,4,63.0,6.349206349206349,4
AI chatbot / assistant,sup_e43df4c71dafc6662b93,ACCURATE BUSINESS SRL,ROU,3.5,5,63.0,5.555555555555555,5
AI chatbot / assistant,sup_6f79629fe8c07370e0e8,"MAMA TELMA AI, s.r.o.",CZE,3.0,3,63.0,4.761904761904762,6
AI chatbot / assistant,sup_b50ff1613a9e13c258a0,VESTRA INDUSTRY SRL,ROU,2.5,3,63.0,3.9682539682539684,7
AI chatbot / assistant,sup_2e0022c2d654d952e4cc,Data Commandos,Nederland,2.0,2,63.0,3.1746031746031744,8
AI chatbot / assistant,sup_8932cecb8b895bff607a,UnderstandLing,Nederland,2.0,2,63.0,3.1746031746031744,9
AI chatbot / assistant,sup_8c39cd3b588223402422,Askmona,Canada,2.0,2,63.0,3.1746031746031744,10
AI chatbot / assistant,sup_e453e2e9674c44eae6cd,Onlim GmbH,AUT,2.0,2,63.0,3.1746031746031744,11
AI chatbot / assistant,sup_1c3571349c7c79b60861,"SELECT ASTERISCO, SL",ES,1.0,1,63.0,1.5873015873015872,12
AI chatbot / assistant,sup_1f44b7e33e998fb5dbbb,Mehiläinen Oy,FIN,1.0,1,63.0,1.5873015873015872,13
AI chatbot / assistant,sup_293363763c9d1a4b758f,Bpower2 sp. z o.o.,POL,1.0,1,63.0,1.5873015873015872,14
AI chatbot / assistant,sup_2d7c5349c498524fcfeb,ARGE ITPMPE2021,AUT,1.0,1,63.0,1.5873015873015872,15
AI chatbot / assistant,sup_2f9caccae7b4d4e1b0de,UAB „Tilde informacinės technologijos“,LTU,1.0,1,63.0,1.5873015873015872,16
AI chatbot / assistant,sup_316e865ca2188d2e6ddb,Titanom Solutions GmbH,DEU,1.0,1,63.0,1.5873015873015872,17
AI chatbot / assistant,sup_54b1bc9cd593cef4f92b,ACP IT Solutions GmbH,DEU,1.0,1,63.0,1.5873015873015872,18
AI chatbot / assistant,sup_5acb791fbc310808e98f,Philippe Beaufort,Canada,1.0,1,63.0,1.5873015873015872,19
AI chatbot / assistant,sup_7475806087cac57c3a9e,BOXXE LIMITED,United Kingdom,1.0,1,63.0,1.5873015873015872,20
AI chatbot / assistant,sup_7da124faa78d964e7570,TECHGENETIX LTD,United Kingdom,1.0,1,63.0,1.5873015873015872,21
AI chatbot / assistant,sup_7df3f614ef715f596109,LeadDesk Oyj,FI,1.0,1,63.0,1.5873015873015872,22
AI chatbot / assistant,sup_7feff0ffff824d2db8a8,Esecom International OÜ,EST,1.0,1,63.0,1.5873015873015872,23
AI chatbot / assistant,sup_80eedcd23228d8894ed5,"TEKNEI INFORMATION TECHNOLOGY, S.L.",ESP,1.0,1,63.0,1.5873015873015872,24
AI chatbot / assistant,sup_91889cfecae87ad40328,Heimat24 GmbH,DEU,1.0,1,63.0,1.5873015873015872,25
Animation / motion design,sup_aeef92c88f48a5fe02de,LES PRODUCTIONS CINA INC.,Canada,4.0,4,12.999999999999998,30.769230769230774,1
Animation / motion design,sup_506a6e1bf70b4a92abed,Studio Nordik Inc.,Canada,2.0,2,12.999999999999998,15.384615384615387,2
Animation / motion design,sup_1365c890e8fa0bb2100a,ЕЙЧ ДИ ЧЕНЪЛ ЕООД,BG,1.0,1,12.999999999999998,7.692307692307693,3
Animation / motion design,sup_2cab7a1216e1f9cee40e,"AVRIL FILMS,MINI DOC",UNKNOWN,1.0,1,12.999999999999998,7.692307692307693,4
Animation / motion design,sup_73636759c822007dbcff,Animation Happy Camper Inc.,Canada,1.0,1,12.999999999999998,7.692307692307693,5
Animation / motion design,sup_74a80c361de375237bc2,АПРА ООД,BGR,1.0,1,12.999999999999998,7.692307692307693,6
Animation / motion design,sup_805a3780d1170b9ec7b8,"MSTREAM,NAUTILE PRODUCTION,ASGARD",UNKNOWN,1.0,1,12.999999999999998,7.692307692307693,7
Animation / motion design,sup_e6c46bc024eaa5e0da80,Studios Machiavel Inc.,Canada,1.0,1,12.999999999999998,7.692307692307693,8
Animation / motion design,sup_2e1a0fc9ef66336586da,LOLACOM,UNKNOWN,0.1111111111111111,1,12.999999999999998,0.8547008547008548,9
Animation / motion design,sup_685cd303bdcc6d8fb3c2,CHRISTIANE BLANCHARD,UNKNOWN,0.1111111111111111,1,12.999999999999998,0.8547008547008548,10
Animation / motion design,sup_742ed3fd4240e98afaf1,DUPEYRON ALEXANDRE,UNKNOWN,0.1111111111111111,1,12.999999999999998,0.8547008547008548,11
Animation / motion design,sup_8b3a066089b688c99cea,OUEST AUDIOVISUEL,UNKNOWN,0.1111111111111111,1,12.999999999999998,0.8547008547008548,12
Animation / motion design,sup_a7bb71491b1d481a1138,"CHRISTIANE BLANCHARD,LOLACOM,MAGENTA FILMS,OUEST AUDIOVISUEL,WR2 STUDIO",UNKNOWN,0.1111111111111111,1,12.999999999999998,0.8547008547008548,13
Animation / motion design,sup_b91ed27cf636af5a6136,PEYROU JOEL,UNKNOWN,0.1111111111111111,1,12.999999999999998,0.8547008547008548,14
Animation / motion design,sup_c4fbd75770ee5eb924db,MAGENTA FILMS,UNKNOWN,0.1111111111111111,1,12.999999999999998,0.8547008547008548,15
Animation / motion design,sup_c937b214cfa067ff675d,WR2 STUDIO,UNKNOWN,0.1111111111111111,1,12.999999999999998,0.8547008547008548,16
Animation / motion design,sup_cfb24eb3a552cb7052fa,PANIER DES TOUCHES OLIVIER,UNKNOWN,0.1111111111111111,1,12.999999999999998,0.8547008547008548,17
Annual report / publication layout,sup_403f89d96e8f2557467f,KPMG AS,NOR,3.0,3,26.0,11.538461538461538,1
Annual report / publication layout,sup_5480a4fe5855a8a7b367,"EBSCO International, Inc.",USA,2.0,2,26.0,7.6923076923076925,2
Annual report / publication layout,sup_bcb844d947a66e47f99c,BIP Recherche inc.,Canada,2.0,2,26.0,7.6923076923076925,3
Annual report / publication layout,sup_f28626c525f13b6f7a90,"Boulet, Jean",Canada,2.0,2,26.0,7.6923076923076925,4
Annual report / publication layout,sup_0352b4080b4479042165,Reporting Estándar S.L.,ESP,1.0,1,26.0,3.8461538461538463,5
Annual report / publication layout,sup_0b913203009876136a5b,STRATEACT,UNKNOWN,1.0,1,26.0,3.8461538461538463,6
Annual report / publication layout,sup_106dae99ec5f4d61aac4,LEV Engineering Ltd,United Kingdom,1.0,1,26.0,3.8461538461538463,7
Annual report / publication layout,sup_11a35c378399c17e88dc,ERNST & YOUNG,UNKNOWN,1.0,1,26.0,3.8461538461538463,8
Annual report / publication layout,sup_1b9b422f97e9a2e7272a,Design102 (Ministry of Justice),United Kingdom,1.0,1,26.0,3.8461538461538463,9
Annual report / publication layout,sup_2ccce632117f86b91fbd,FR_FORVIS MAZARS SA,CHE,1.0,1,26.0,3.8461538461538463,10
Annual report / publication layout,sup_3eabbf7431c7c8f3e843,Forvis Mazars N.V.,Nederland,1.0,1,26.0,3.8461538461538463,11
Annual report / publication layout,sup_4f52592921c56c3d90bb,ERNST & YOUNG ADVISORY,UNKNOWN,1.0,1,26.0,3.8461538461538463,12
Annual report / publication layout,sup_64b144a8169c364e7e54,Fig. communication graphique,Canada,1.0,1,26.0,3.8461538461538463,13
Annual report / publication layout,sup_8a0c65b51d06ea67a604,UBPartner,FRA,1.0,1,26.0,3.8461538461538463,14
Annual report / publication layout,sup_982c5e0fbba5ed532cdd,Dréimire Teoranta,,1.0,1,26.0,3.8461538461538463,15
Annual report / publication layout,sup_a06c9985be8d23efafaa,Audit Wales,United Kingdom,1.0,1,26.0,3.8461538461538463,16
Annual report / publication layout,sup_a8d5d4763b65aa5a2e51,Brendan Boyle,,1.0,1,26.0,3.8461538461538463,17
Annual report / publication layout,sup_cb1e4b73123ce7f9d77e,Samson & Associés CPA/Consultation Inc.,Canada,1.0,1,26.0,3.8461538461538463,18
Annual report / publication layout,sup_d8d74919ef3d2a5fb882,Outlook Coop,MLT,1.0,1,26.0,3.8461538461538463,19
Annual report / publication layout,sup_f0891839ec7088d43c06,The Works Design Communications Ltd.,,1.0,1,26.0,3.8461538461538463,20
Annual report / publication layout,sup_fdf91ec1beb581e18017,OGAM inc.,Canada,1.0,1,26.0,3.8461538461538463,21
Brand identity / visual identity,sup_b08af754aa04f02e4962,IMPRENTA PELLON SL,ESP,7.0,7,187.0,3.7433155080213902,1
Brand identity / visual identity,sup_66a4afa1c8ec37c7ad8e,DB Ingegneria dell'Immagine S.r.l.,ITA,5.5,6,187.0,2.9411764705882355,2
Brand identity / visual identity,sup_01c9522453760e1ff646,BRANDMANNEN,Nederland,4.0,4,187.0,2.1390374331550803,3
Brand identity / visual identity,sup_8fbe7497b6750e529c5a,NORD DDB Copenhagen ApS,DNK,4.0,4,187.0,2.1390374331550803,4
Brand identity / visual identity,sup_403f89d96e8f2557467f,Spir Arbeidsinkludering AS,NOR,3.0,3,187.0,1.6042780748663101,5
Brand identity / visual identity,sup_2ccce632117f86b91fbd,DE_frappant.ch AG,CHE,2.0,2,187.0,1.0695187165775402,6
Brand identity / visual identity,sup_38412d76d85611eea2f2,COMMUNICATIONS IMAGO INC.,Canada,2.0,2,187.0,1.0695187165775402,7
Brand identity / visual identity,sup_3b559a93cf304b8114cf,Global Trend GmbH,CHE,2.0,2,187.0,1.0695187165775402,8
Brand identity / visual identity,sup_5480a4fe5855a8a7b367,Coursera Inc.,USA,2.0,2,187.0,1.0695187165775402,9
Brand identity / visual identity,sup_563016628dc6d9da01de,Online Slimmerik B.V.,Nederland,2.0,2,187.0,1.0695187165775402,10
Brand identity / visual identity,sup_5bd6991479dfaadb6ddc,INDEED UK OPERATIONS LIMITED,United Kingdom,2.0,2,187.0,1.0695187165775402,11
Brand identity / visual identity,sup_6b34c611ec4269af6e52,Personalwerk GmbH,DEU,2.0,2,187.0,1.0695187165775402,12
Brand identity / visual identity,sup_7976cb9513a7f3b8717d,De Bondt Grafimedia Communicatie BV,Nederland,2.0,2,187.0,1.0695187165775402,13
Brand identity / visual identity,sup_7aaae039a57c049ca616,Leus Specials B.V.,Nederland,2.0,2,187.0,1.0695187165775402,14
Brand identity / visual identity,sup_8a419ea0c511ed35f932,ALURON CMC WARTA ZAWIERCIE S.A.,POL,2.0,2,187.0,1.0695187165775402,15
Brand identity / visual identity,sup_9e7ff29eeb58a1a90bff,Robitex B.V.,Nederland,2.0,2,187.0,1.0695187165775402,16
Brand identity / visual identity,sup_9eab44086a05769f15b2,Handelsonderneming Scherpenberg B.V.,Nederland,2.0,2,187.0,1.0695187165775402,17
Brand identity / visual identity,sup_aaad98a3e3391fd488c8,GGD Zaanstreek - Waterland,Nederland,2.0,2,187.0,1.0695187165775402,18
Brand identity / visual identity,sup_ab040d6e905a592376c9,Anonym,AUT,2.0,2,187.0,1.0695187165775402,19
Brand identity / visual identity,sup_ccf36d4b15af1b50f9ac,SOUTH of MARKET AG,DEU,2.0,2,187.0,1.0695187165775402,20
Brand identity / visual identity,sup_dff39380d1dab979e8d8,Integra Solutions S.r.l. Società Benefit (mandante),ITA,1.5,2,187.0,0.8021390374331551,21
Brand identity / visual identity,sup_00daf9f3bb766850f776,Polyprint GmbH,DEU,1.0,1,187.0,0.5347593582887701,22
Brand identity / visual identity,sup_028e893bd8bb545f169e,Autoschade Utrecht B.V.,Nederland,1.0,1,187.0,0.5347593582887701,23
Brand identity / visual identity,sup_03371739d2232d4854ad,BALLHAUS WEST Agentur für Kampagnen GmbH,DEU,1.0,1,187.0,0.5347593582887701,24
Brand identity / visual identity,sup_0352b4080b4479042165,Business Innovation Consulting Group SL,ESP,1.0,1,187.0,0.5347593582887701,25
Brochure / flyer / poster printing,sup_e43df4c71dafc6662b93,MEDLIFE,ROU,857.0666666666676,1080,9111.99999999999,9.405911618378715,1
Brochure / flyer / poster printing,sup_b50ff1613a9e13c258a0,MEDA CONSULT,ROU,574.7333333333336,801,9111.99999999999,6.307433421129655,2
Brochure / flyer / poster printing,sup_edd8ad531e311579626b,SANROTEX TRADING SRL,ROU,364.73333333333306,524,9111.99999999999,4.002780216564239,3
Brochure / flyer / poster printing,sup_6779e1dc67fb6996af3a,PAM ALY 2007,ROU,265.7333333333333,369,9111.99999999999,2.9163008486976905,4
Brochure / flyer / poster printing,sup_4342cd68448daa56847d,SECUNET PROJECT SRL,RO,202.25,206,9111.99999999999,2.2196005267778776,5
Brochure / flyer / poster printing,sup_33e84142da5bc79980f3,B.BRAUN MEDICAL,ROU,197.5,198,9111.99999999999,2.167471466198422,6
Brochure / flyer / poster printing,sup_39c13c652627edef498a,EUROPHARM HOLDING,ROU,166.33333333333334,172,9111.99999999999,1.8254316652033968,7
Brochure / flyer / poster printing,sup_380db7628d6138cf47ff,TRANSMEDIC IMPEX,ROU,162.73333333333332,173,9111.99999999999,1.7859233245537036,8
Brochure / flyer / poster printing,sup_7feff0ffff824d2db8a8,OVERALL EESTI AS,EST,135.0,135,9111.99999999999,1.4815627743634783,9
Brochure / flyer / poster printing,sup_25962bbfbc854ec09f97,ALLIANCE HEALTHCARE ROMANIA,RO,117.0,117,9111.99999999999,1.2840210711150144,10
Brochure / flyer / poster printing,sup_ca7f2e8c8e452874f961,Prisum Healthcare,ROU,110.5,111,9111.99999999999,1.2126865671641802,11
Brochure / flyer / poster printing,sup_8fcbe75858b54596af84,S.C. DONA.LOGISTICA S.R.L.,ROU,106.0,107,9111.99999999999,1.1633011413520644,12
Brochure / flyer / poster printing,sup_c514b45564dec7cac722,FARMEXIM S.A.,RO,103.0,103,9111.99999999999,1.130377524143987,13
Brochure / flyer / poster printing,sup_53ab9ec387ae3dd79a1d,MEDIPLUS EXIM,RO,93.0,93,9111.99999999999,1.020632133450396,14
Brochure / flyer / poster printing,sup_017b874d8e9cf13bfbaa,Deutsche Post AG,DEU,88.0,88,9111.99999999999,0.9657594381036007,15
Brochure / flyer / poster printing,sup_235681938bb036151f4c,TORUS PHARMA COMPANY SRL,ROU,86.0,87,9111.99999999999,0.9438103599648824,16
Brochure / flyer / poster printing,sup_403f89d96e8f2557467f,CARBON LIMITS AS,NOR,83.0,83,9111.99999999999,0.9108867427568051,17
Brochure / flyer / poster printing,sup_83b36b6d5cec6a8ccf71,ND PHARMA S.R.L.,ROU,72.25,74,9111.99999999999,0.7929104477611948,18
Brochure / flyer / poster printing,sup_38fa930e6bb74690dc89,DR.MAX,ROU,69.5,70,9111.99999999999,0.7627304653204573,19
Brochure / flyer / poster printing,sup_496a05602f9496ed6b61,FRESENIUS KABI ROMANIA,RO,62.0,62,9111.99999999999,0.680421422300264,20
Brochure / flyer / poster printing,sup_f298967cedbe4a258b4c,PHARMAFARM,RO,57.0,57,9111.99999999999,0.6255487269534685,21
Brochure / flyer / poster printing,sup_795a077d76e410bc27dc,ND PHARMA S.R.L.,ROU,55.25,56,9111.99999999999,0.6063432835820901,22
Brochure / flyer / poster printing,sup_e76d3e598a8eaae51792,FARMACEUTICA REMEDIA DISTRIBUTION & LOGISTICS S.R.L.,RO,55.0,55,9111.99999999999,0.6035996488147504,23
Brochure / flyer / poster printing,sup_64e8f64c436cd4377b87,DONA. LOGISTICA,RO,54.0,54,9111.99999999999,0.5926251097453913,24
Brochure / flyer / poster printing,sup_fba745fb58190a131beb,FELSIN FARM S.R.L.,RO,54.0,54,9111.99999999999,0.5926251097453913,25
CMS development / migration,sup_48d9f70ef29ca5aa868c,Siili Solutions Oyj,FIN,26.333333333333332,27,132.0,19.949494949494948,1
CMS development / migration,sup_b08af754aa04f02e4962,"SISTEMAS AVANZADOS DE TECNOLOGÍA, S.A.",ESP,10.0,10,132.0,7.575757575757576,2
CMS development / migration,sup_f513636818fbf27d448d,Sulava Oy,FIN,6.0,6,132.0,4.545454545454546,3
CMS development / migration,sup_26e7246dcc8003608081,GROUPE TOUMORO INC.,Canada,5.0,5,132.0,3.787878787878788,4
CMS development / migration,sup_44ea09b8d144d639807e,irusrigroup AB,SWE,5.0,5,132.0,3.787878787878788,5
CMS development / migration,sup_1f44b7e33e998fb5dbbb,twoday Oy,FIN,4.333333333333334,5,132.0,3.2828282828282833,6
CMS development / migration,sup_24ee97e2e163cd9fbd79,ICO TECHNOLOGIES INC.,Canada,4.0,4,132.0,3.0303030303030303,7
CMS development / migration,sup_335ef104511e81d2ecff,Cofomo Québec inc.,Canada,4.0,4,132.0,3.0303030303030303,8
CMS development / migration,sup_40500b7fd57056078772,ÉVOLUTION WEB,Canada,3.0,3,132.0,2.272727272727273,9
CMS development / migration,sup_6f79629fe8c07370e0e8,"Algotech, a.s.",CZE,3.0,3,132.0,2.272727272727273,10
CMS development / migration,sup_09f326af87e57168417a,Lexmark International Ltd,United Kingdom,2.0,2,132.0,1.5151515151515151,11
CMS development / migration,sup_224a17716f20991a19fe,Gofore Oyj,FIN,2.0,2,132.0,1.5151515151515151,12
CMS development / migration,sup_25b29f3d4c3cfe96298a,Academia Ltd,United Kingdom,2.0,2,132.0,1.5151515151515151,13
CMS development / migration,sup_76c05c29159c733ae0af,OÜ Web Expert,EST,2.0,2,132.0,1.5151515151515151,14
CMS development / migration,sup_7feff0ffff824d2db8a8,OÜ Web Expert,EST,2.0,2,132.0,1.5151515151515151,15
CMS development / migration,sup_c0ea9d45b41e47aff54a,Lease Deal IT Oy,FIN,2.0,2,132.0,1.5151515151515151,16
CMS development / migration,sup_d9a6fd8a61225f95f9b3,Contentful (UK) Limited,United Kingdom,2.0,2,132.0,1.5151515151515151,17
CMS development / migration,sup_fd6f94ba2693b6468f6d,LIBÉO INC.,Canada,2.0,2,132.0,1.5151515151515151,18
CMS development / migration,sup_fee12ab1d0e90b4cd47c,KOMMPAKT AG Kommunikation,CHE,2.0,2,132.0,1.5151515151515151,19
CMS development / migration,sup_01bdb852b44db87fb9ac,"Skyfly Solutions Inc., iFathom Corp., and EPIUSE Now Inc. in Joint Venture",,1.0,1,132.0,0.7575757575757576,20
CMS development / migration,sup_07b9ab92706129f53d5e,The Dextrous Web,United Kingdom,1.0,1,132.0,0.7575757575757576,21
CMS development / migration,sup_0dd5b055f05af8495004,KontextWork GbR,DEU,1.0,1,132.0,0.7575757575757576,22
CMS development / migration,sup_10042bbc5b012906cc13,UMBRACO UK LIMITED,United Kingdom,1.0,1,132.0,0.7575757575757576,23
CMS development / migration,sup_1241a20deecb577fc25e,STRATIS,UNKNOWN,1.0,1,132.0,0.7575757575757576,24
CMS development / migration,sup_1554066e9eaa4cac88ff,CODESTONE SOLUTIONS LIMITED,United Kingdom,1.0,1,132.0,0.7575757575757576,25
Cataloguing / indexing / metadata,sup_276c05a9474ea45b3167,"OCLC, Inc.",Canada,4.0,4,11.0,36.36363636363637,1
Cataloguing / indexing / metadata,sup_403f89d96e8f2557467f,Stiftelsen Asta,NOR,3.0,3,11.0,27.272727272727273,2
Cataloguing / indexing / metadata,sup_0ae77277354d5970821d,Mastermind Ireland Limited,,1.0,1,11.0,9.090909090909092,3
Cataloguing / indexing / metadata,sup_13a119ae4e562f1d9380,isogeo,Canada,1.0,1,11.0,9.090909090909092,4
Cataloguing / indexing / metadata,sup_cf81529e9edf8a313749,Sigdal Næringsutvikling,NOR,1.0,1,11.0,9.090909090909092,5
Cataloguing / indexing / metadata,sup_28012461f4795f55ec4a,Siemens Mobility A/S,DNK,0.5,1,11.0,4.545454545454546,6
Cataloguing / indexing / metadata,sup_292a2cd82c2b1c44ecb4,Siemens Mobility GmbH,DEU,0.5,1,11.0,4.545454545454546,7
Copywriting / editorial content,sup_9bdcf944fb93e639e137,EDILEX INC.,Canada,39.0,39,430.0,9.069767441860465,1
Copywriting / editorial content,sup_2ccce632117f86b91fbd,FR_SPIE MTS SA,CHE,6.0,6,430.0,1.3953488372093024,2
Copywriting / editorial content,sup_2e131f8bc89fc0ec26d6,L'ATELIER URBAIN INC.,Canada,5.0,5,430.0,1.1627906976744187,3
Copywriting / editorial content,sup_6f79629fe8c07370e0e8,Boomerang Communication s.r.o.,CZE,5.0,5,430.0,1.1627906976744187,4
Copywriting / editorial content,sup_7b661f75471d83b15505,Société Valsoft inc.,Canada,5.0,5,430.0,1.1627906976744187,5
Copywriting / editorial content,sup_44d80b0919fc8416f8a8,"LUC DEVAR, CONSULTANT INC.",Canada,4.0,4,430.0,0.9302325581395349,6
Copywriting / editorial content,sup_56504c1ce06bc2737ed9,Competenza Formation,Canada,4.0,4,430.0,0.9302325581395349,7
Copywriting / editorial content,sup_05983029369a41a614ee,United Power 2 AB,SWE,3.0,3,430.0,0.6976744186046512,8
Copywriting / editorial content,sup_0d3cb003a84e1700e934,ITS4U,LUX,3.0,3,430.0,0.6976744186046512,9
Copywriting / editorial content,sup_39a19acae4d0542044b0,KPMG S.R.L./S.E.N.C.R.L.,Canada,3.0,3,430.0,0.6976744186046512,10
Copywriting / editorial content,sup_8185fb43eb4026cd0b12,L’Entrepreneur Académique,Canada,3.0,3,430.0,0.6976744186046512,11
Copywriting / editorial content,sup_cad8870f15cac7235fe0,NTT Technology sp. z o.o.,POL,3.0,3,430.0,0.6976744186046512,12
Copywriting / editorial content,sup_cda2dbd08ced83a52200,Coarchitecture inc.,Canada,3.0,3,430.0,0.6976744186046512,13
Copywriting / editorial content,sup_ef370f8e80ca9df63983,CCM2 Architectes inc.,Canada,3.0,3,430.0,0.6976744186046512,14
Copywriting / editorial content,sup_020c0e76b702eab1f769,Stelio Perombelon,Canada,2.0,2,430.0,0.46511627906976744,15
Copywriting / editorial content,sup_02e59dd70bb95c3b10f0,UBIQUS,UNKNOWN,2.0,2,430.0,0.46511627906976744,16
Copywriting / editorial content,sup_062fde1c6ef14b017f31,INSTITUT SUR LA GOUVERNANCE D'ORGANISATIONS PRIVÉES ET PUBLIQUES,Canada,2.0,2,430.0,0.46511627906976744,17
Copywriting / editorial content,sup_0dd87b7f01646f8eab87,"Bergeron, France",Canada,2.0,2,430.0,0.46511627906976744,18
Copywriting / editorial content,sup_1321793c49bff6cee331,"LORD, LYNN",Canada,2.0,2,430.0,0.46511627906976744,19
Copywriting / editorial content,sup_16f1fdf3572d8493d72b,"Champagne, Isabelle",Canada,2.0,2,430.0,0.46511627906976744,20
Copywriting / editorial content,sup_19e2d8526a42fe0e9bb1,Benoit Lebel,Canada,2.0,2,430.0,0.46511627906976744,21
Copywriting / editorial content,sup_1d2ab96401c08fb96939,"Tremblay , Marie-Hélène",Canada,2.0,2,430.0,0.46511627906976744,22
Copywriting / editorial content,sup_1f44b7e33e998fb5dbbb,Elena Henriikka Sulin,FIN,2.0,2,430.0,0.46511627906976744,23
Copywriting / editorial content,sup_222d9d2fdf3b79d1c934,Proconsultant Informatique S.A.,Canada,2.0,2,430.0,0.46511627906976744,24
Copywriting / editorial content,sup_22f1886df6a74d249e08,"Vigneault, France",Canada,2.0,2,430.0,0.46511627906976744,25
Data cleaning / deduplication,sup_403f89d96e8f2557467f,Framsikt AS,NOR,5.0,5,41.0,12.195121951219512,1
Data cleaning / deduplication,sup_3adc58600fd4160faaca,Paul Scherrer Institute,CHE,2.0,2,41.0,4.878048780487805,2
Data cleaning / deduplication,sup_6f79629fe8c07370e0e8,Neit Consulting s.r.o.,CZE,2.0,2,41.0,4.878048780487805,3
Data cleaning / deduplication,sup_75db05c83d53c7a69cea,Cytek Biosciences B.V.,NLD,2.0,2,41.0,4.878048780487805,4
Data cleaning / deduplication,sup_f8dd3f672253c615b84a,Bruker Nordic AB,SWE,2.0,2,41.0,4.878048780487805,5
Data cleaning / deduplication,sup_a3f57d50df041f15680f,VITO ~ VLAAMSE INSTELLING VOOR TECHNOLOGISCH ONDERZOEK NV,BEL,1.1111111111111112,2,41.0,2.710027100271003,6
Data cleaning / deduplication,sup_037baff69db1d6a608e3,Acumentice Ltd,United Kingdom,1.0,1,41.0,2.4390243902439024,7
Data cleaning / deduplication,sup_07bd06d546521c7a00e3,PENNINGTON CHOICES LIMITED,United Kingdom,1.0,1,41.0,2.4390243902439024,8
Data cleaning / deduplication,sup_21d608cefc7ad1917578,A/B Sciex Oy,FIN,1.0,1,41.0,2.4390243902439024,9
Data cleaning / deduplication,sup_276652cbe7baf0bcb4a7,Monte Carlo Data Inc,United States,1.0,1,41.0,2.4390243902439024,10
Data cleaning / deduplication,sup_29ec708acb53c25e535a,Regnology Ireland Ltd.,IRL,1.0,1,41.0,2.4390243902439024,11
Data cleaning / deduplication,sup_2a34429be977dd223e18,Phoenix Software Ltd,United Kingdom,1.0,1,41.0,2.4390243902439024,12
Data cleaning / deduplication,sup_2ccce632117f86b91fbd,FR_Colombus Consulting SA,CHE,1.0,1,41.0,2.4390243902439024,13
Data cleaning / deduplication,sup_40e5a92eb2ef8ee191bf,CatalystOne Solutions AS,NOR,1.0,1,41.0,2.4390243902439024,14
Data cleaning / deduplication,sup_44ea09b8d144d639807e,Bruker Nordic AB,SWE,1.0,1,41.0,2.4390243902439024,15
Data cleaning / deduplication,sup_48d9f70ef29ca5aa868c,A/B Sciex Oy,FIN,1.0,1,41.0,2.4390243902439024,16
Data cleaning / deduplication,sup_5480a4fe5855a8a7b367,Metabolon Inc,USA,1.0,1,41.0,2.4390243902439024,17
Data cleaning / deduplication,sup_6002131fbc11798b0b73,Cytek Biosciences B.V,NLD,1.0,1,41.0,2.4390243902439024,18
Data cleaning / deduplication,sup_61b7eb2279f733440747,Answer Digital Limited,United Kingdom,1.0,1,41.0,2.4390243902439024,19
Data cleaning / deduplication,sup_655d7a7eadf3829bdec1,Beamtree Europe Pte Ltd,,1.0,1,41.0,2.4390243902439024,20
Data cleaning / deduplication,sup_751d2a0be33c8eaaa87d,TOTAL SERVICE a.s.,CZE,1.0,1,41.0,2.4390243902439024,21
Data cleaning / deduplication,sup_899ffd6a04f61dbbd071,EXPERIAN LIMITED,United Kingdom,1.0,1,41.0,2.4390243902439024,22
Data cleaning / deduplication,sup_8b7a9d6e97226a202ad7,Collibra,United Kingdom,1.0,1,41.0,2.4390243902439024,23
Data cleaning / deduplication,sup_8d2821b97d791bed3a3e,Insource Select Limited,United Kingdom,1.0,1,41.0,2.4390243902439024,24
Data cleaning / deduplication,sup_90f599af60f9936c42d7,Ideal Health Consultants Ltd,United Kingdom,1.0,1,41.0,2.4390243902439024,25
Data entry / back-office processing,sup_66a4afa1c8ec37c7ad8e,Maggioli S.p.a.,ITA,7.0,7,59.0,11.864406779661017,1
Data entry / back-office processing,sup_33ce3225cb545328d637,Digitarca S.rl.s.,ITA,4.0,4,59.0,6.779661016949152,2
Data entry / back-office processing,sup_403f89d96e8f2557467f,Sikri AS,NOR,2.0,2,59.0,3.389830508474576,3
Data entry / back-office processing,sup_50cd676c0211535f89ca,VIKING SOFTWARE SOLUTIONS,Canada,2.0,2,59.0,3.389830508474576,4
Data entry / back-office processing,sup_b520b2ce1cc310f59a62,Science du bâtiment ALTA Building Science Inc.,Canada,2.0,2,59.0,3.389830508474576,5
Data entry / back-office processing,sup_0974f2968fdf3b870d59,Asplan Viak AS,NO,1.0,1,59.0,1.694915254237288,6
Data entry / back-office processing,sup_1bb287283969e6b33344,Fehily Timoney and Company,,1.0,1,59.0,1.694915254237288,7
Data entry / back-office processing,sup_1ecba47434aa16853556,ARHS DEVELOPMENTS S.A.,LUX,1.0,2,59.0,1.694915254237288,8
Data entry / back-office processing,sup_2002c5e6322b1e88ddbf,Wipro Limited,IND,1.0,1,59.0,1.694915254237288,9
Data entry / back-office processing,sup_27f180bccf4a85385ba1,MD5 LTD,United Kingdom,1.0,1,59.0,1.694915254237288,10
Data entry / back-office processing,sup_2985f7a05e52690712d8,EX1 - DIGITAL FORENSIC SERVICES LTD,United Kingdom,1.0,1,59.0,1.694915254237288,11
Data entry / back-office processing,sup_29c653fdbfd6b93c2760,TRACTR,Canada,1.0,1,59.0,1.694915254237288,12
Data entry / back-office processing,sup_2e6703661a95e9613a79,STIKK & MÅL AS,NO,1.0,1,59.0,1.694915254237288,13
Data entry / back-office processing,sup_2faba1e3e0c50587a623,Multiconsult Norge AS,NO,1.0,1,59.0,1.694915254237288,14
Data entry / back-office processing,sup_32e75b40190f422f02ca,Etruria p.a. S.r.l.,IT,1.0,1,59.0,1.694915254237288,15
Data entry / back-office processing,sup_40d0c5c901e6904aeb9b,EMIS (Egton Medical Information Systems) Ltd,United Kingdom,1.0,1,59.0,1.694915254237288,16
Data entry / back-office processing,sup_40e5a92eb2ef8ee191bf,Compose Software AS,NOR,1.0,1,59.0,1.694915254237288,17
Data entry / back-office processing,sup_47476e7a88b53da37e84,PIICOMM INC,,1.0,1,59.0,1.694915254237288,18
Data entry / back-office processing,sup_4e50707c200637f77b44,Sundt Air AS,NO,1.0,1,59.0,1.694915254237288,19
Data entry / back-office processing,sup_53002d927124a67f2ba9,ASCHEM PETROKİMYA SAN. A.Ş.,TUR,1.0,1,59.0,1.694915254237288,20
Data entry / back-office processing,sup_6f0cb3dbb23cec4d8382,MjøsPlan AS,NO,1.0,1,59.0,1.694915254237288,21
Data entry / back-office processing,sup_74599d4dd48535593023,Groupe TACT,,1.0,1,59.0,1.694915254237288,22
Data entry / back-office processing,sup_79f39e31a78c4385b268,UN ARCHITECTURE INC.,Canada,1.0,1,59.0,1.694915254237288,23
Data entry / back-office processing,sup_854b5a1101f9db4c2674,Triona,NO,1.0,1,59.0,1.694915254237288,24
Data entry / back-office processing,sup_864804b4514b2d550083,Norconsult Norge AS,NO,1.0,1,59.0,1.694915254237288,25
Desk research / information collection,sup_751d2a0be33c8eaaa87d,"InsightLab, s.r.o.",CZE,10.0,10,39.0,25.641025641025642,1
Desk research / information collection,sup_0b58dbaeff96b15c70ae,T-Mobile Czech Republic a.s.,CZE,2.0,2,39.0,5.128205128205129,2
Desk research / information collection,sup_26d3a8a8e075ea396cb2,NMS Market Research s.r.o.,CZE,2.0,2,39.0,5.128205128205129,3
Desk research / information collection,sup_6f79629fe8c07370e0e8,"STEM/MARK, a.s.",CZE,2.0,2,39.0,5.128205128205129,4
Desk research / information collection,sup_bac6bd8cd7a3deb52df5,Incomind s.r.o.,CZE,2.0,2,39.0,5.128205128205129,5
Desk research / information collection,sup_c3775632677674aa1863,Mwaka FM Consultants Ltd,Uganda,2.0,2,39.0,5.128205128205129,6
Desk research / information collection,sup_cad8870f15cac7235fe0,ASM Research Solutions Strategy Sp. z o.o.,POL,2.0,2,39.0,5.128205128205129,7
Desk research / information collection,sup_089b59831a4ef5cde3c4,J2S Consulting,United Kingdom,1.0,1,39.0,2.5641025641025643,8
Desk research / information collection,sup_280a5d5b39a31ea56c52,DAI Research and Advisory Services Pvt. Ltd,India,1.0,2,39.0,2.5641025641025643,9
Desk research / information collection,sup_293363763c9d1a4b758f,Agencja Badawcza EDBAD Spółka z ograniczoną odpowiedzialnością,POL,1.0,1,39.0,2.5641025641025643,10
Desk research / information collection,sup_2a36f9564714d66db216,Regnology Ireland Limited,IRL,1.0,1,39.0,2.5641025641025643,11
Desk research / information collection,sup_3635e869c3f9e2a39836,IPSOS s.r.o.,CZE,1.0,1,39.0,2.5641025641025643,12
Desk research / information collection,sup_403f89d96e8f2557467f,Scanbur AS,NOR,1.0,1,39.0,2.5641025641025643,13
Desk research / information collection,sup_487beb83a61fc21f5992,Sabrina Fournelle,Canada,1.0,1,39.0,2.5641025641025643,14
Desk research / information collection,sup_63c24074cf7bc647725a,University of Brighton,United Kingdom,1.0,1,39.0,2.5641025641025643,15
Desk research / information collection,sup_6fb48392f928e132c9da,L'Usine à histoire(s),Canada,1.0,1,39.0,2.5641025641025643,16
Desk research / information collection,sup_8e1d8e210de20bbdd302,DCOR Consulting Pvt. Ltd,India,1.0,2,39.0,2.5641025641025643,17
Desk research / information collection,sup_a18f3c970b7b5da5abb8,Frontier Economic Limited,United Kingdom,1.0,1,39.0,2.5641025641025643,18
Desk research / information collection,sup_bc9788e7076e64884fa8,Catherine Houtekier,Canada,1.0,1,39.0,2.5641025641025643,19
Desk research / information collection,sup_c45d3d5ea90b06b96308,LSE Enterprise Ltd,,1.0,1,39.0,2.5641025641025643,20
Desk research / information collection,sup_c5f44c954186b37a1e3c,NOIPOLLS LTD,Nigeria,1.0,1,39.0,2.5641025641025643,21
Desk research / information collection,sup_e09f8973c967086c5fb3,Pascale Reny,Canada,1.0,1,39.0,2.5641025641025643,22
Desk research / information collection,sup_e84efb2d2a1fad714129,Gina Costanzo,Canada,1.0,1,39.0,2.5641025641025643,23
Desk research / information collection,sup_f65b8289848dca66314d,Mantle Netherlands BV,NLD,1.0,1,39.0,2.5641025641025643,24
Digital marketing / SEO / campaigns,sup_b08af754aa04f02e4962,NF AGENCIA DE MEDIOS INDEPENDIENTE SLU,ESP,76.0,76,340.0,22.352941176470587,1
Digital marketing / SEO / campaigns,sup_2ccce632117f86b91fbd,"FR_Bechtle Suisse SA, succursale de Suisse Romande à Morges",CHE,46.0,46,340.0,13.529411764705882,2
Digital marketing / SEO / campaigns,sup_e43df4c71dafc6662b93,CONSTRUCTII ERBASU,ROU,30.459523809523805,43,340.0,8.958683473389355,3
Digital marketing / SEO / campaigns,sup_841549a12d17237ad802,"Imagine Comunicación Andaluza, S.L.",ESP,13.0,13,340.0,3.823529411764706,4
Digital marketing / SEO / campaigns,sup_0352b4080b4479042165,Heraeus S.A.,ESP,8.0,8,340.0,2.3529411764705883,5
Digital marketing / SEO / campaigns,sup_b50ff1613a9e13c258a0,CALORIA S.R.L.,ROU,6.459523809523809,19,340.0,1.8998599439775907,6
Digital marketing / SEO / campaigns,sup_1698796347f196d94582,FR_ERNST & YOUNG ADVISORY,FRA,6.0,6,340.0,1.7647058823529411,7
Digital marketing / SEO / campaigns,sup_293363763c9d1a4b758f,Partner of Promotion sp. z o.o.,POL,6.0,6,340.0,1.7647058823529411,8
Digital marketing / SEO / campaigns,sup_bc0dd86a7cce0f88c1a2,AGAP' Professionnel,UNKNOWN,5.0,5,340.0,1.4705882352941178,9
Digital marketing / SEO / campaigns,sup_5fae7e6579393fa2e9c6,Nowa Itaka Spółką z Ograniczona Odpowiedzialnością,POL,4.0,4,340.0,1.1764705882352942,10
Digital marketing / SEO / campaigns,sup_edd8ad531e311579626b,AVRIL,ROU,3.95952380952381,15,340.0,1.1645658263305325,11
Digital marketing / SEO / campaigns,sup_0430a895a1e052be5dd9,9201475 Canada Inc.,Canada,3.0,3,340.0,0.8823529411764706,12
Digital marketing / SEO / campaigns,sup_faf46ee654fa0c832114,ΔΗΜΗΤΡΑ ΕΚΠΑΙΔΕΥΤΙΚΗ ΣΥΜΒΟΥΛΕΥΤΙΚΗ ΑΝΩΝΥΜΗ ΕΤΑΙΡΙΑ-ΕΥΡΩΠΡΟΟΔΟΣΕΚΠΑΙΔΕΥΤΙΚΟΣ ΟΜΙΛΟΣ ΜΟΝΟΠΡΟΣΩΠΗ ΙΚΕ-ΔΥΝΑΜΙΚΗ ΕΚΠΑΙΔΕΥΤΙΚΟΣ ΟΡΓΑΝΙΣΜΟΣ ΙΚΕ,GRC,3.0,3,340.0,0.8823529411764706,13
Digital marketing / SEO / campaigns,sup_6779e1dc67fb6996af3a,VECTOR GAZ,ROU,2.2928571428571427,10,340.0,0.6743697478991596,14
Digital marketing / SEO / campaigns,sup_163c7b21a1c866fad104,"SEOmoz, Inc.",United States,2.0,2,340.0,0.5882352941176471,15
Digital marketing / SEO / campaigns,sup_39efc193f63360a6ae18,Coral Travel Poland Spółką z Ograniczona Odpowiedzialnością,POL,2.0,2,340.0,0.5882352941176471,16
Digital marketing / SEO / campaigns,sup_7d02ae7e5e47a4c59f67,Contact Advertising,CYP,2.0,2,340.0,0.5882352941176471,17
Digital marketing / SEO / campaigns,sup_80eedcd23228d8894ed5,"Baxter, S.L.",ESP,2.0,2,340.0,0.5882352941176471,18
Digital marketing / SEO / campaigns,sup_927fdcd74e57931caec9,FLAIR STRATÉGIE INC.,Canada,2.0,2,340.0,0.5882352941176471,19
Digital marketing / SEO / campaigns,sup_a97bb31c5bd91dd384a5,Transparence Marketing inc.,Canada,2.0,2,340.0,0.5882352941176471,20
Digital marketing / SEO / campaigns,sup_ad73dea116f31247fcc9,Google Inc.,Canada,2.0,2,340.0,0.5882352941176471,21
Digital marketing / SEO / campaigns,sup_cad8870f15cac7235fe0,"Szymon Tuszewski ""BARBARO"", ul. Piastowska 46/62, 30-070 Kraków",POL,2.0,2,340.0,0.5882352941176471,22
Digital marketing / SEO / campaigns,sup_ea02f46b7de884977bb6,Ahead Group Sweden AB,SWE,2.0,2,340.0,0.5882352941176471,23
Digital marketing / SEO / campaigns,sup_ef20c3131d79a84f1ae6,"ASSUT EUROPE IBERICA, SLU",ESP,2.0,2,340.0,0.5882352941176471,24
Digital marketing / SEO / campaigns,sup_03d71e3a55424efe8038,smart lemon GmbH & Co. KG,DEU,1.0,1,340.0,0.29411764705882354,25
Direct mail / envelope / routing,sup_193b20e4d5ea3254b8b5,WSP Canada Inc,,2.0,2,30.0,6.666666666666667,1
Direct mail / envelope / routing,sup_2bf60cff73f80549d2ed,Caroline Ratelle,Canada,2.0,2,30.0,6.666666666666667,2
Direct mail / envelope / routing,sup_5b48755d178acf583847,TÉTRA TECH QI INC.,Canada,2.0,2,30.0,6.666666666666667,3
Direct mail / envelope / routing,sup_eeae6f67b85ac5971605,CONSTRUCTION M.B. (2014) INC.,Canada,2.0,2,30.0,6.666666666666667,4
Direct mail / envelope / routing,sup_f7603f292d0b7a1f1998,THE LETTERBOX CONSULTANCY LIMITED,United Kingdom,2.0,2,30.0,6.666666666666667,5
Direct mail / envelope / routing,sup_022e9f80d8fd4c56e496,CORUS,UNKNOWN,1.0,1,30.0,3.3333333333333335,6
Direct mail / envelope / routing,sup_0d8b53d16698a21970ce,ESAT IDDA,UNKNOWN,1.0,1,30.0,3.3333333333333335,7
Direct mail / envelope / routing,sup_1ba38b6e391248d66570,Xerox UK Limited,United Kingdom,1.0,1,30.0,3.3333333333333335,8
Direct mail / envelope / routing,sup_1e6ee7c01c857a0cc48e,MAÇONNERIE RAINVILLE & FRÈRES INC.,Canada,1.0,1,30.0,3.3333333333333335,9
Direct mail / envelope / routing,sup_2680a4b56db927bd3bc8,KOBA,FR,1.0,1,30.0,3.3333333333333335,10
Direct mail / envelope / routing,sup_26aa282eade3c42ffbc5,Central Mailing Services Limited,United Kingdom,1.0,1,30.0,3.3333333333333335,11
Direct mail / envelope / routing,sup_5e0ec45f830f23011b85,IN CONTINU ET SERVICES,UNKNOWN,1.0,1,30.0,3.3333333333333335,12
Direct mail / envelope / routing,sup_729cb79f585a804076c8,Sendinblue,UNKNOWN,1.0,1,30.0,3.3333333333333335,13
Direct mail / envelope / routing,sup_7f870e9444976432f95b,Naxo,Canada,1.0,1,30.0,3.3333333333333335,14
Direct mail / envelope / routing,sup_857ed81947968c77cfe8,Birmingham City Council,United Kingdom,1.0,1,30.0,3.3333333333333335,15
Direct mail / envelope / routing,sup_98c62bb02d491e234246,Les Plastiques Tornado Inc.,Canada,1.0,1,30.0,3.3333333333333335,16
Direct mail / envelope / routing,sup_9c9cb5ab0ddf9c96cd1e,CALCULATEC INC.,Canada,1.0,1,30.0,3.3333333333333335,17
Direct mail / envelope / routing,sup_ade156bd67a4394d7755,HAMAMATSU CORPORATION,,1.0,1,30.0,3.3333333333333335,18
Direct mail / envelope / routing,sup_bd30e13cb95bfb1f2b60,SAS CORUS,UNKNOWN,1.0,1,30.0,3.3333333333333335,19
Direct mail / envelope / routing,sup_c1ce16b80a5611d1212c,REFERENCE DIRECTE,UNKNOWN,1.0,1,30.0,3.3333333333333335,20
Direct mail / envelope / routing,sup_ef1289da0dddf73915d0,IN CONTINU ET SERVICES SAS,UNKNOWN,1.0,1,30.0,3.3333333333333335,21
Direct mail / envelope / routing,sup_f03ba3e4fad5d1a157b6,Lescure Graphic,FR,1.0,1,30.0,3.3333333333333335,22
Direct mail / envelope / routing,sup_f05ea56fcf9b304d2772,Limited Liability Company “Plant ElectronMash”,UKR,1.0,1,30.0,3.3333333333333335,23
Direct mail / envelope / routing,sup_f0dd5975cf81b285700a,DOXALLIA,UNKNOWN,1.0,1,30.0,3.3333333333333335,24
Direct mail / envelope / routing,sup_fb7bff37e22edf3ac55a,Canon Nederland N.V.,Nederland,1.0,1,30.0,3.3333333333333335,25
Document digitization / scanning,sup_e43df4c71dafc6662b93,TOP TECH,ROU,339.25,353,5414.000000000002,6.266161802733651,1
Document digitization / scanning,sup_b50ff1613a9e13c258a0,CG&GC Hitech Solutions SRL,ROU,152.08333333333331,167,5414.000000000002,2.8090752370397722,2
Document digitization / scanning,sup_403f89d96e8f2557467f,Forte Digital AS,NOR,140.0,140,5414.000000000002,2.5858884373845576,3
Document digitization / scanning,sup_edd8ad531e311579626b,DASITRADE,ROU,125.33333333333331,135,5414.000000000002,2.314985839182366,4
Document digitization / scanning,sup_6779e1dc67fb6996af3a,DATA HUB SOLUTION,ROU,123.16666666666666,127,5414.000000000002,2.2749661371752237,5
Document digitization / scanning,sup_44ea09b8d144d639807e,NanoTemper Technologies GmbH,SWE,91.0,91,5414.000000000002,1.6808274842999624,6
Document digitization / scanning,sup_2ccce632117f86b91fbd,DE_Eversheds Sutherland AG,CHE,82.86666666666667,85,5414.000000000002,1.5305996798423835,7
Document digitization / scanning,sup_8fbe7497b6750e529c5a,Systematic A/S,DNK,47.333333333333336,48,5414.000000000002,0.8742765669252553,8
Document digitization / scanning,sup_48d9f70ef29ca5aa868c,Moonsoft Oy,FIN,42.0,42,5414.000000000002,0.7757665312153673,9
Document digitization / scanning,sup_7f4861c64dd5f14b3e89,LES ENTREPRISES MYRROY INC.,Canada,39.0,39,5414.000000000002,0.7203546361285553,10
Document digitization / scanning,sup_40e5a92eb2ef8ee191bf,Menon Economics AS,NOR,38.0,38,5414.000000000002,0.7018840044329514,11
Document digitization / scanning,sup_380db7628d6138cf47ff,TUNIC PROD,ROU,36.833333333333336,38,5414.000000000002,0.6803349341214134,12
Document digitization / scanning,sup_8797db8dbeb76fbc76c0,LES ENTREPRISES TRÉMA INC.,Canada,30.0,30,5414.000000000002,0.5541189508681195,13
Document digitization / scanning,sup_e8846e638d51a86c901e,Carl Zeiss Microscopy Deutschland GmbH,DEU,29.0,29,5414.000000000002,0.5356483191725155,14
Document digitization / scanning,sup_2a9e4502cc2b46d4f083,SERVICES INFORMATIQUES TRIGONIX INC.,Canada,25.0,25,5414.000000000002,0.46176579239009957,15
Document digitization / scanning,sup_f8dd3f672253c615b84a,Bruker Nordic AB,SWE,23.333333333333336,24,5414.000000000002,0.43098140623075964,16
Document digitization / scanning,sup_304a7b22d247f2d4958c,Iron Mountain Deutschland GmbH,DEU,23.0,23,5414.000000000002,0.4248245289988916,17
Document digitization / scanning,sup_007929859e821b163dcc,ENTRETIENS J.R. VILLENEUVE INC.,Canada,20.0,20,5414.000000000002,0.3694126339120797,18
Document digitization / scanning,sup_0b7c1a3788e173812536,NLU-Projektgesellschaft mbH & Co. KG,DEU,20.0,20,5414.000000000002,0.3694126339120797,19
Document digitization / scanning,sup_cf81529e9edf8a313749,Visma Enterprise AS,NOR,20.0,20,5414.000000000002,0.3694126339120797,20
Document digitization / scanning,sup_845e01e0a399e557335d,Gemeente Eemsdelta,Nederland,19.0,19,5414.000000000002,0.3509420022164757,21
Document digitization / scanning,sup_a45bc4967bd6524605b7,BSF Swissphoto GmbH,DEU,19.0,19,5414.000000000002,0.3509420022164757,22
Document digitization / scanning,sup_33e84142da5bc79980f3,MLM MEDICAL S.R.L.,ROU,18.333333333333336,19,5414.000000000002,0.3386282477527397,23
Document digitization / scanning,sup_1435586520388099c7cc,geoGLIS GmbH & Co. KG,DEU,18.0,18,5414.000000000002,0.3324713705208717,24
Document digitization / scanning,sup_203b53f6e9b51055c7b0,MILAN Geoservice GmbH,DEU,18.0,18,5414.000000000002,0.3324713705208717,25
E-learning / training content,sup_979567c2959b7e4371f6,VICONSIT S.R.L.,RO,18.0,19,362.0,4.972375690607735,1
E-learning / training content,sup_e43df4c71dafc6662b93,PRAGMA COMPUTERS S.R.L.,ROU,17.0,17,362.0,4.696132596685083,2
E-learning / training content,sup_b08af754aa04f02e4962,Telefonica Soluciones de Informatica y comunicaciones de España S.A.U,ESP,14.0,14,362.0,3.867403314917127,3
E-learning / training content,sup_6f79629fe8c07370e0e8,Rexonix s.r.o.,CZE,13.0,13,362.0,3.591160220994475,4
E-learning / training content,sup_403f89d96e8f2557467f,Plott,NOR,9.0,9,362.0,2.4861878453038675,5
E-learning / training content,sup_66a4afa1c8ec37c7ad8e,Ariadne Digital Srl,ITA,6.333333333333333,7,362.0,1.749539594843462,6
E-learning / training content,sup_74a80c361de375237bc2,СТЕМО ЕООД,BGR,6.0,6,362.0,1.6574585635359116,7
E-learning / training content,sup_78f269e7d3b6eac227f9,WTT CampusONE GmbH,DEU,6.0,6,362.0,1.6574585635359116,8
E-learning / training content,sup_2ccce632117f86b91fbd,DE_APP Unternehmensberatung AG,CHE,5.0,5,362.0,1.3812154696132597,9
E-learning / training content,sup_cad8870f15cac7235fe0,Akademia Dla Biznesu Sp. z o.o.,POL,4.333333333333333,5,362.0,1.1970534069981584,10
E-learning / training content,sup_44c3b09d1bc1b425d1cc,"Imprensa Nacional-Casa da Moeda, S. A. (INCM)",PRT,4.0,4,362.0,1.1049723756906078,11
E-learning / training content,sup_9d6ab27b821adfe35cdb,LE THÉÂTRE À LA CARTE (T.A.C.) INC.,Canada,4.0,4,362.0,1.1049723756906078,12
E-learning / training content,sup_7afc451c2b02a60f0565,SC MEDMURES SRL,RO,3.5,5,362.0,0.9668508287292817,13
E-learning / training content,sup_faf46ee654fa0c832114,DOTSOFT OLOKLIROMENES EFARMOGES DIADIKTIOY KAI VASEON DEDOMENON AE,GRC,3.5,6,362.0,0.9668508287292817,14
E-learning / training content,sup_3206782a6e5342e40cad,Kallidus,United Kingdom,3.0,3,362.0,0.8287292817679558,15
E-learning / training content,sup_4dbcee8ea83a1cc14d78,DEXTER Informatikai és Tanácsadó Kft.,HUN,3.0,3,362.0,0.8287292817679558,16
E-learning / training content,sup_81f3c663956cad2f098c,p2m Informatika Szolgáltató Korlátolt Felelősségű Társaság,HUN,3.0,3,362.0,0.8287292817679558,17
E-learning / training content,sup_945f4982f2f3a68e871e,NOVACONCEPT FORMATION INC.,Canada,3.0,3,362.0,0.8287292817679558,18
E-learning / training content,sup_a3c86d0cb9af0cb8959e,ELDI BRUTARIA S.R.L.,RO,3.0,3,362.0,0.8287292817679558,19
E-learning / training content,sup_cf81529e9edf8a313749,Redningsselskapet,NOR,3.0,3,362.0,0.8287292817679558,20
E-learning / training content,sup_19ce307683c27b2bd45c,Cobblestone Learning,,2.5,3,362.0,0.6906077348066298,21
E-learning / training content,sup_2723c89fd7d079ec7e86,PALAS COM,RO,2.5,5,362.0,0.6906077348066298,22
E-learning / training content,sup_a398d2fa9f6735a45e36,HATEC ANONIMI ETAIRIA PLIROFORIKIS,GRC,2.5,5,362.0,0.6906077348066298,23
E-learning / training content,sup_e9c45c1e0c38e9cd2296,"Belügyminisztérium HEROS Javító, Gyártó, Szolgáltató és Kereskedelmi Zártkörűen Működő Részvénytársaság",HUN,2.5,3,362.0,0.6906077348066298,24
E-learning / training content,sup_14ade932b50fca1a3b46,Joint Action Analytics,DNK,2.0,2,362.0,0.5524861878453039,25
Event audiovisual / livestream,sup_20e906a49e74ad1c6cca,cine plus Mediaservice GmbH & Co. KG,DEU,2.0,2,12.0,16.666666666666668,1
Event audiovisual / livestream,sup_74a80c361de375237bc2,БЪЛГАРСКА ФЕДЕРАЦИЯ ПО ВОЛЕЙБОЛ Сдружение,BGR,2.0,2,12.0,16.666666666666668,2
Event audiovisual / livestream,sup_0647e06e0d57632d4f4a,NEP Norway as,NO,1.0,1,12.0,8.333333333333334,3
Event audiovisual / livestream,sup_403f89d96e8f2557467f,Bio Visjon AS,NOR,1.0,1,12.0,8.333333333333334,4
Event audiovisual / livestream,sup_483dad61efb3814ff89c,Wildmoka SAS,France,1.0,1,12.0,8.333333333333334,5
Event audiovisual / livestream,sup_48d9f70ef29ca5aa868c,Inderes Oyj,FIN,1.0,1,12.0,8.333333333333334,6
Event audiovisual / livestream,sup_7cb57535c4ca5f458ab8,"AP MEDIA, s.r.o.",SVK,1.0,1,12.0,8.333333333333334,7
Event audiovisual / livestream,sup_97145f25eb5e1e103f09,Bano B.V.,Nederland,1.0,1,12.0,8.333333333333334,8
Event audiovisual / livestream,sup_de846165638bae68e122,Deutsche Telekom Business Solutions GmbH,DEU,1.0,1,12.0,8.333333333333334,9
Event audiovisual / livestream,sup_ef424cda4f74e33846dc,TV1 GmbH,DEU,1.0,1,12.0,8.333333333333334,10
Event communication materials,sup_623114443ca1847168ad,Aurora Flags & Banners Inc.,,1.0,1,1.0,100.0,1
Graphic design / layout,sup_6f79629fe8c07370e0e8,Magnas Media s.r.o.,CZE,26.0,26,401.0,6.483790523690773,1
Graphic design / layout,sup_e43df4c71dafc6662b93,LOGIC COMPUTER,ROU,17.0,17,401.0,4.239401496259352,2
Graphic design / layout,sup_403f89d96e8f2557467f,Tank Design AS,NOR,16.0,16,401.0,3.9900249376558605,3
Graphic design / layout,sup_751d2a0be33c8eaaa87d,"BlueGhost.cz, s.r.o.",CZE,16.0,16,401.0,3.9900249376558605,4
Graphic design / layout,sup_7cb57535c4ca5f458ab8,BWGG s. r. o.,SVK,14.0,14,401.0,3.491271820448878,5
Graphic design / layout,sup_cf81529e9edf8a313749,Knowit AS,NOR,5.5,6,401.0,1.371571072319202,6
Graphic design / layout,sup_40ec05dadbd03dc7be9f,Bittner print s.r.o.,SVK,5.0,5,401.0,1.2468827930174564,7
Graphic design / layout,sup_546d6bee29dfafbe6591,Enof creatieve communicatie,Nederland,4.0,4,401.0,0.9975062344139651,8
Graphic design / layout,sup_67162cb08fc7cc9e2a47,OSAGE communicatie en ontwerp,Nederland,4.0,4,401.0,0.9975062344139651,9
Graphic design / layout,sup_cad8870f15cac7235fe0,Wykonawcy występujący wspólnie: IURIDICO Legal & Financial Translations sp. z o. o. i GEMRA tłumaczenia specjalistyczne Anna Gemra,POL,4.0,4,401.0,0.9975062344139651,10
Graphic design / layout,sup_413c6bb18b4a9bdfbfb4,Koninklijke van der Most B.V.,Nederland,3.0,3,401.0,0.7481296758104738,11
Graphic design / layout,sup_63186812c3b6e36ea819,DDK,Nederland,3.0,3,401.0,0.7481296758104738,12
Graphic design / layout,sup_77f11e50a586188bbbe8,Duval Design Communication inc.,Canada,3.0,3,401.0,0.7481296758104738,13
Graphic design / layout,sup_adb7fcfb7642e288139e,GROUPE PRO-ACTIF CONSULTANTS INC.,Canada,3.0,3,401.0,0.7481296758104738,14
Graphic design / layout,sup_bac6bd8cd7a3deb52df5,Omnimedia s.r.o.,CZE,3.0,3,401.0,0.7481296758104738,15
Graphic design / layout,sup_d567aa02732808702da0,Attack Promotion s.r.o.,CZE,3.0,3,401.0,0.7481296758104738,16
Graphic design / layout,sup_de65bed5f6b2a3f6f684,Southern Marketing Design and Media,,2.3333333333333335,3,401.0,0.5818786367414797,17
Graphic design / layout,sup_1a59cb2b67f12ea3bc14,Allen Creative,,2.333333333333333,3,401.0,0.5818786367414795,18
Graphic design / layout,sup_8b02e6ba69e3a64700e8,Outburst Design Ltd.,,2.333333333333333,3,401.0,0.5818786367414795,19
Graphic design / layout,sup_d5f308e7fd260cb23b48,Clever Cat Design,,2.1666666666666665,3,401.0,0.5403158769742311,20
Graphic design / layout,sup_01d241d6cb525278290f,FAHEY & ASSOCIÉS INC.,Canada,2.0,2,401.0,0.49875311720698257,21
Graphic design / layout,sup_0352b4080b4479042165,Lateral Contents SL,ESP,2.0,2,401.0,0.49875311720698257,22
Graphic design / layout,sup_1245ef6040aa89b533d7,Nilsson B.V.,Nederland,2.0,2,401.0,0.49875311720698257,23
Graphic design / layout,sup_12a3718c3b2724fb7e99,Engine Partners UK LLP,United Kingdom,2.0,2,401.0,0.49875311720698257,24
Graphic design / layout,sup_161458deab2a3e5ad9be,The Pin People - Laurie Artiss Limited,Canada,2.0,2,401.0,0.49875311720698257,25
Illustration / infographics,sup_b50ff1613a9e13c258a0,SYSDOM PROIECTE,ROU,20.5,21,113.00000000000003,18.14159292035398,1
Illustration / infographics,sup_e43df4c71dafc6662b93,Iceberg Plus,ROU,13.5,14,113.00000000000003,11.946902654867253,2
Illustration / infographics,sup_02996877523a1609062c,Devocy Communication AB,SE,3.0,3,113.00000000000003,2.6548672566371674,3
Illustration / infographics,sup_2db8103da83b2bb02fd1,"JACQUES, MELISSA",Canada,3.0,3,113.00000000000003,2.6548672566371674,4
Illustration / infographics,sup_339b9b6d1988ca54a614,"Rhéaume, Serge",Canada,3.0,3,113.00000000000003,2.6548672566371674,5
Illustration / infographics,sup_20f99d289dc2c29dd382,Agence Hula-Hoop Montréal inc.,Canada,2.0,2,113.00000000000003,1.7699115044247784,6
Illustration / infographics,sup_4942da24b6780087b6cc,SOFTCHOICE LP,Canada,2.0,2,113.00000000000003,1.7699115044247784,7
Illustration / infographics,sup_4b00d3d4727f13656432,STUDIO POWR INC.,Canada,2.0,2,113.00000000000003,1.7699115044247784,8
Illustration / infographics,sup_57a4c307c26a798e0aa6,KRYZALID COMMUNICATION INC.,Canada,2.0,2,113.00000000000003,1.7699115044247784,9
Illustration / infographics,sup_69a07f3416acabf5e1a0,Solutions Pixim Inc.,Canada,2.0,2,113.00000000000003,1.7699115044247784,10
Illustration / infographics,sup_a271ae9659f1084c1541,ADC Media AB,SE,2.0,2,113.00000000000003,1.7699115044247784,11
Illustration / infographics,sup_ad29069630b38fea2ea4,Ophélie Henrard,Canada,2.0,2,113.00000000000003,1.7699115044247784,12
Illustration / infographics,sup_adb7fcfb7642e288139e,GROUPE PRO-ACTIF CONSULTANTS INC.,Canada,2.0,2,113.00000000000003,1.7699115044247784,13
Illustration / infographics,sup_b51ee5d86c4ef01e8df9,XP-PEN,Canada,2.0,2,113.00000000000003,1.7699115044247784,14
Illustration / infographics,sup_d2a17fd93979fc914f7e,PixoCreation inc.,Canada,2.0,2,113.00000000000003,1.7699115044247784,15
Illustration / infographics,sup_d4c14cc1bee23e3e06a0,"Bujold, Julie",Canada,2.0,2,113.00000000000003,1.7699115044247784,16
Illustration / infographics,sup_e98529ed49689f7709c2,COMMUNICATIONS KAPA INC.,Canada,2.0,2,113.00000000000003,1.7699115044247784,17
Illustration / infographics,sup_f13731c4ca8a57476481,Frankoy D.A. inc.,Canada,2.0,2,113.00000000000003,1.7699115044247784,18
Illustration / infographics,sup_0003be7e70fca56f4c45,Northwest Hydraulic Consultants Ltd.,,1.0,1,113.00000000000003,0.8849557522123892,19
Illustration / infographics,sup_07c72ef998a7563f9a20,BEYOND WORDS STUDIO LIMITED,United Kingdom,1.0,1,113.00000000000003,0.8849557522123892,20
Illustration / infographics,sup_08f1372cac8c48f32b78,HvC Form&Illustration AB,SE,1.0,1,113.00000000000003,0.8849557522123892,21
Illustration / infographics,sup_09a1ee54ffd98a32fd33,SLR Consulting Limited,United Kingdom,1.0,1,113.00000000000003,0.8849557522123892,22
Illustration / infographics,sup_0cb909c9ce531989d169,COMMUNICATION VISUELLE GRAPHISSIMO,Canada,1.0,1,113.00000000000003,0.8849557522123892,23
Illustration / infographics,sup_10ac72e17b2ae8fb5aae,"ROY, MARC-ANDRÉ",Canada,1.0,1,113.00000000000003,0.8849557522123892,24
Illustration / infographics,sup_16790665945ab34e147e,IBL Software Engineering spol. s r.o.,,1.0,1,113.00000000000003,0.8849557522123892,25
Interpretation services,sup_44ea09b8d144d639807e,Comactiva Language Partner AB,SWE,7.0,7,71.00000000000001,9.859154929577462,1
Interpretation services,sup_ab5f8477132dad86f321,Irish Sign Language Interpreting,,2.5,3,71.00000000000001,3.5211267605633796,2
Interpretation services,sup_1cade2ed75e0bd1bb357,MARC SA,UNKNOWN,2.0,2,71.00000000000001,2.8169014084507036,3
Interpretation services,sup_6914089c405aedc45b24,Digital Interpretations Scandinavia AB,SE,2.0,2,71.00000000000001,2.8169014084507036,4
Interpretation services,sup_6ea1bca1d39e249474e8,Språkservice Sverige AB,SE,2.0,2,71.00000000000001,2.8169014084507036,5
Interpretation services,sup_77453a6369601bac33eb,BSL Assist Ltd,United Kingdom,2.0,2,71.00000000000001,2.8169014084507036,6
Interpretation services,sup_f23bf4f8a74f425ac328,Even Werkt B.V.,Nederland,2.0,2,71.00000000000001,2.8169014084507036,7
Interpretation services,sup_61a358add7bcb47842c6,Bridge Interpreting Ltd,,1.5,2,71.00000000000001,2.1126760563380276,8
Interpretation services,sup_0111cfa41e3b48dc40be,Nigel Walton,United Kingdom,1.0,1,71.00000000000001,1.4084507042253518,9
Interpretation services,sup_06d7df2bc1c770b4614f,"Sapiens Architectes,ODETEC,Atelier du Sillon,CROS & PATRAS,Gérard Plénacoste,Lundi 8,8'18""",UNKNOWN,1.0,1,71.00000000000001,1.4084507042253518,10
Interpretation services,sup_0d1e8b68a61c375e497c,SEV COMMUNICATION,UNKNOWN,1.0,1,71.00000000000001,1.4084507042253518,11
Interpretation services,sup_0e390044b835c75faa53,AB Stockholmstolkarna STAB,SE,1.0,1,71.00000000000001,1.4084507042253518,12
Interpretation services,sup_13a63ba973f4880517a7,SEBIA,FR,1.0,1,71.00000000000001,1.4084507042253518,13
Interpretation services,sup_14eab7c643aa09d6f0c5,Transvoice AB,SE,1.0,1,71.00000000000001,1.4084507042253518,14
Interpretation services,sup_1698796347f196d94582,FR_REALTIMESEISMIC,FRA,1.0,1,71.00000000000001,1.4084507042253518,15
Interpretation services,sup_1cf29cff5645b364050d,SARL EXPL ETS ROUY ET CIE,UNKNOWN,1.0,1,71.00000000000001,1.4084507042253518,16
Interpretation services,sup_1d3ccad1b3ca9e51abd4,EUROBIO SCIENTIFIC,FR,1.0,1,71.00000000000001,1.4084507042253518,17
Interpretation services,sup_2ccce632117f86b91fbd,FR_Pini Groupe SA,CHE,1.0,1,71.00000000000001,1.4084507042253518,18
Interpretation services,sup_33525f4bb4a1f9eec46e,Tecken & Tolk Sverige AB,SE,1.0,1,71.00000000000001,1.4084507042253518,19
Interpretation services,sup_338ab44ed5011bc00d47,Tolkfyren,SWE,1.0,1,71.00000000000001,1.4084507042253518,20
Interpretation services,sup_3540514ef91690c37a92,Public Move B.V.,Nederland,1.0,1,71.00000000000001,1.4084507042253518,21
Interpretation services,sup_38ec5de80f4ece756cfb,Lingua Communication Nordic AB,SE,1.0,1,71.00000000000001,1.4084507042253518,22
Interpretation services,sup_3f77e38e62ae6eb941db,Jtolkforall AB,SE,1.0,1,71.00000000000001,1.4084507042253518,23
Interpretation services,sup_41460360b3663e1f6049,AAR Translator Aktiebolag,SE,1.0,1,71.00000000000001,1.4084507042253518,24
Interpretation services,sup_48f953933522a7708485,"Sapiens Architectures,ODETEC,Atelier du Sillon,Cros&Patras,Cros&Patras,Gérard Plénacoste,8'18'',Lundi8",UNKNOWN,1.0,1,71.00000000000001,1.4084507042253518,25
Labels / stickers / QR materials,sup_403f89d96e8f2557467f,RFID Solutions AS,NOR,7.0,7,90.0,7.777777777777778,1
Labels / stickers / QR materials,sup_07ea88884b0c13b816b5,PERMISERV LIMITED,United Kingdom,4.0,4,90.0,4.444444444444445,2
Labels / stickers / QR materials,sup_2ccce632117f86b91fbd,DE_hemmerlein gmbh,CHE,4.0,4,90.0,4.444444444444445,3
Labels / stickers / QR materials,sup_692aecd4d571e3eb9ed7,Hague Computer Supplies Limited,United Kingdom,3.0,3,90.0,3.3333333333333335,4
Labels / stickers / QR materials,sup_c7c70edc1636146eac23,ISFORT GmbH & Co.KG,DEU,3.0,3,90.0,3.3333333333333335,5
Labels / stickers / QR materials,sup_cf81529e9edf8a313749,Js Piano Scandinavia AS & Pianoverkstedet Holthe & Bakke AS,NOR,3.0,3,90.0,3.3333333333333335,6
Labels / stickers / QR materials,sup_fb4a571dad19ccac3394,JONES & BROOKS LIMITED,United Kingdom,3.0,3,90.0,3.3333333333333335,7
Labels / stickers / QR materials,sup_217d33d4fdbbb96d6af9,POL Heteren B.V.,Nederland,2.0,2,90.0,2.2222222222222223,8
Labels / stickers / QR materials,sup_42887916fe8756c1d5b3,CellSense Technologies GmbH,DEU,2.0,2,90.0,2.2222222222222223,9
Labels / stickers / QR materials,sup_7a9b36a0575fd89544c5,Albrecht Bender GmbH u. Co,DE,2.0,2,90.0,2.2222222222222223,10
Labels / stickers / QR materials,sup_8a06b0fe1754f87ea264,Jydsk Emblem Fabrik A/S,DK,2.0,2,90.0,2.2222222222222223,11
Labels / stickers / QR materials,sup_d8d74919ef3d2a5fb882,B GRIMA AND SONS LTD,MLT,2.0,2,90.0,2.2222222222222223,12
Labels / stickers / QR materials,sup_f1684a5cd554dcab354b,Mercian Labels LTD,United Kingdom,2.0,2,90.0,2.2222222222222223,13
Labels / stickers / QR materials,sup_fee12ab1d0e90b4cd47c,WILUX PRINT AG,CHE,2.0,2,90.0,2.2222222222222223,14
Labels / stickers / QR materials,sup_8fbe7497b6750e529c5a,SSI Diagnostica A/S,DNK,1.5,2,90.0,1.6666666666666667,15
Labels / stickers / QR materials,sup_01d13e1301bf4c2d2cb2,"Plascon Group, Inc.",,1.0,1,90.0,1.1111111111111112,16
Labels / stickers / QR materials,sup_0cddbeb04f751e4ba5c1,Anglo American Oil Company Ltd,United Kingdom,1.0,1,90.0,1.1111111111111112,17
Labels / stickers / QR materials,sup_0d3cb003a84e1700e934,Concept Factory SA,LUX,1.0,1,90.0,1.1111111111111112,18
Labels / stickers / QR materials,sup_10d037f19d3ae5095d6d,Fisher Scientific,,1.0,1,90.0,1.1111111111111112,19
Labels / stickers / QR materials,sup_15c0a81dd06d4a05d57a,Empakk as,NO,1.0,1,90.0,1.1111111111111112,20
Labels / stickers / QR materials,sup_258accbff8a944dd2d07,RadTag Technologies Inc.,Canada,1.0,1,90.0,1.1111111111111112,21
Labels / stickers / QR materials,sup_329ddf1fa4344a2624c0,Österreichische Staatsdruckerei GmbH,AUT,1.0,1,90.0,1.1111111111111112,22
Labels / stickers / QR materials,sup_48d9f70ef29ca5aa868c,Isoproto Oy,FIN,1.0,1,90.0,1.1111111111111112,23
Labels / stickers / QR materials,sup_4d2753437bf7bfd78f58,Plate Unternehmensgruppe,DEU,1.0,1,90.0,1.1111111111111112,24
Labels / stickers / QR materials,sup_508bb86f509b4c43073f,MetzMedic GmbH,DEU,1.0,1,90.0,1.1111111111111112,25
Low-code / no-code implementation,sup_b08af754aa04f02e4962,EVOLUTIO CLOUD ENABLER S.A.,ESP,25.0,25,107.0,23.364485981308412,1
Low-code / no-code implementation,sup_44c3b09d1bc1b425d1cc,OUTSYSTEMS - SOFTWARE EM REDE S.A.,PRT,7.0,7,107.0,6.542056074766355,2
Low-code / no-code implementation,sup_293363763c9d1a4b758f,CinematicVR Spółka z o.o.,POL,5.0,5,107.0,4.672897196261682,3
Low-code / no-code implementation,sup_4dd068fb3ae9625f82f0,Idexia inc.,Canada,4.0,4,107.0,3.7383177570093458,4
Low-code / no-code implementation,sup_7d77048e4ca978d23027,"OutSystems - Software em Rede, S.A.",PRT,4.0,4,107.0,3.7383177570093458,5
Low-code / no-code implementation,sup_48d9f70ef29ca5aa868c,Solita Oy,FIN,3.0,3,107.0,2.803738317757009,6
Low-code / no-code implementation,sup_6f79629fe8c07370e0e8,dolphin consulting a.s.,CZE,3.0,3,107.0,2.803738317757009,7
Low-code / no-code implementation,sup_cad8870f15cac7235fe0,"""PCG ACADEMIA"" Sp. z o.o.",POL,3.0,3,107.0,2.803738317757009,8
Low-code / no-code implementation,sup_390bdb592627e3b98fc3,Mendix Technology B.V.,Nederland,2.0,2,107.0,1.8691588785046729,9
Low-code / no-code implementation,sup_751d2a0be33c8eaaa87d,Principal engineering s.r.o.,CZE,2.0,2,107.0,1.8691588785046729,10
Low-code / no-code implementation,sup_841549a12d17237ad802,"ALTIA CONSULTORES, S.A.",ESP,2.0,2,107.0,1.8691588785046729,11
Low-code / no-code implementation,sup_be5fb682a88d86749e73,LES SOLUTIONS VICTRIX INC.,Canada,2.0,2,107.0,1.8691588785046729,12
Low-code / no-code implementation,sup_e43df4c71dafc6662b93,BERATER,ROU,2.0,2,107.0,1.8691588785046729,13
Low-code / no-code implementation,sup_fb9b1093bdc7bcd854f0,MICROSOFT CANADA INC.,Canada,2.0,2,107.0,1.8691588785046729,14
Low-code / no-code implementation,sup_0212cbc42bcd97f93322,UAB Fortevento,LTU,1.0,1,107.0,0.9345794392523364,15
Low-code / no-code implementation,sup_171750430337a90b5211,Elezia Conseil,UNKNOWN,1.0,1,107.0,0.9345794392523364,16
Low-code / no-code implementation,sup_1bf4e4cf4c62314e20cc,OUTSYSTEMS LIMITED,United Kingdom,1.0,1,107.0,0.9345794392523364,17
Low-code / no-code implementation,sup_1e828e84828f5ee60861,ASTRAFOX Sp. z o.o.,PL,1.0,1,107.0,0.9345794392523364,18
Low-code / no-code implementation,sup_22b60ec9aecfe76ff3ae,De Ictivity Groep B.V.,Nederland,1.0,1,107.0,0.9345794392523364,19
Low-code / no-code implementation,sup_2b9ef11940fdb3e875d8,Greater Things,United Kingdom,1.0,1,107.0,0.9345794392523364,20
Low-code / no-code implementation,sup_2ccce632117f86b91fbd,DE_ELCA Informatique SA,CHE,1.0,1,107.0,0.9345794392523364,21
Low-code / no-code implementation,sup_2d16bbc52f487c93dcc4,GREAT WAVE LIMITED,United Kingdom,1.0,1,107.0,0.9345794392523364,22
Low-code / no-code implementation,sup_378268cc312357153ba2,"Axianseu II - Digital Consulting, S.A.",PRT,1.0,1,107.0,0.9345794392523364,23
Low-code / no-code implementation,sup_3b559a93cf304b8114cf,KNIME AG,CHE,1.0,1,107.0,0.9345794392523364,24
Low-code / no-code implementation,sup_4adfd852d470996a7011,Sopra Steria AS,NOR,1.0,1,107.0,0.9345794392523364,25
Microsites / campaign landing pages,sup_2136fb5dc1b79899db32,7/24 MARKETING INC.,Canada,2.0,2,10.0,20.0,1
Microsites / campaign landing pages,sup_bdd4bb5ed25ac4e5c727,Deloitte Advisory s.r.o.,CZ,2.0,2,10.0,20.0,2
Microsites / campaign landing pages,sup_db7ff9ee2deb5cde9ee0,Identity Limited,United Kingdom,2.0,2,10.0,20.0,3
Microsites / campaign landing pages,sup_6f79629fe8c07370e0e8,"Svaz moderní energetiky, z.s.",CZE,1.0,1,10.0,10.0,4
Microsites / campaign landing pages,sup_7cb57535c4ca5f458ab8,HexaTech s. r. o.,SVK,1.0,1,10.0,10.0,5
Microsites / campaign landing pages,sup_b08af754aa04f02e4962,"ESFERIA 54, S.L.",ESP,1.0,1,10.0,10.0,6
Microsites / campaign landing pages,sup_cad8870f15cac7235fe0,Endless Sp. z o.o.,POL,1.0,1,10.0,10.0,7
Newsletter / magazine production,sup_377f193e1a12cdf14da8,smartpoint dataformers GmbH,AUT,3.0,3,18.0,16.666666666666668,1
Newsletter / magazine production,sup_b08af754aa04f02e4962,Atrevia Comunicacion SLU,ESP,3.0,3,18.0,16.666666666666668,2
Newsletter / magazine production,sup_66a4afa1c8ec37c7ad8e,Euroconsult Soc. Coop.,ITA,2.0,2,18.0,11.11111111111111,3
Newsletter / magazine production,sup_80eedcd23228d8894ed5,KUALITATE LANTALDEA S.L.,ESP,2.0,2,18.0,11.11111111111111,4
Newsletter / magazine production,sup_09b233d8fc8165aee2e9,IMPRIMERIE DUVAL,Canada,1.0,1,18.0,5.555555555555555,5
Newsletter / magazine production,sup_403f89d96e8f2557467f,Stix Utvikling AS,NOR,1.0,1,18.0,5.555555555555555,6
Newsletter / magazine production,sup_751d2a0be33c8eaaa87d,Ewing s. r. o.,CZE,1.0,1,18.0,5.555555555555555,7
Newsletter / magazine production,sup_8e2b611af183c35b19cc,LES ÉDITIONS BLAINVILLE DEUX-MONTAGNES INC.,Canada,1.0,1,18.0,5.555555555555555,8
Newsletter / magazine production,sup_910c5e444c073ff68518,SWIFT ADVERTISING NE LTD.,United Kingdom,1.0,1,18.0,5.555555555555555,9
Newsletter / magazine production,sup_b16988fed2ee53eb1b76,Positive Group Chemnitz GmbH,DEU,1.0,1,18.0,5.555555555555555,10
Newsletter / magazine production,sup_b689438bc5800c4b94bb,DE_eworx Network & Internet GmbH,AUT,1.0,1,18.0,5.555555555555555,11
Newsletter / magazine production,sup_bd3de01a293a36dbe751,Forfront,United Kingdom,1.0,1,18.0,5.555555555555555,12
Office / presentation equipment supply,sup_038c233944b744ed7cad,"GPIVISUAL, MOBILIARIO Y AUDIOVISUALES, S.L.",ES,3.0,3,102.0,2.9411764705882355,1
Office / presentation equipment supply,sup_0b9b29ffb0b07767d00d,EL CORTE INGLÉS S.A.,ES,3.0,3,102.0,2.9411764705882355,2
Office / presentation equipment supply,sup_4984c44574d35b6ea56b,ORGANIZACIÓN TECNOLOGICA Y SERVICIOS SL,ES,3.0,3,102.0,2.9411764705882355,3
Office / presentation equipment supply,sup_6c347cec5f6f4e914ae1,MARTINEZ&GIOVANNI SL,ES,3.0,3,102.0,2.9411764705882355,4
Office / presentation equipment supply,sup_7720a0b08068e01ef362,"OFIDISMA, SA",ES,3.0,3,102.0,2.9411764705882355,5
Office / presentation equipment supply,sup_a3e15f7733dfb75bcc3f,FOB MOBILIARIO SL,ES,3.0,3,102.0,2.9411764705882355,6
Office / presentation equipment supply,sup_c9fce419f03fd828c15c,SISTEMAS PLANIFICACION Y DECORACION DE OFICINAS SL,ES,3.0,3,102.0,2.9411764705882355,7
Office / presentation equipment supply,sup_cf23ad0bb993e23b405c,Back Care Solutions Ltd,United Kingdom,3.0,3,102.0,2.9411764705882355,8
Office / presentation equipment supply,sup_f3a543ea225e8fd842d4,INTEMO S.C.,ES,3.0,3,102.0,2.9411764705882355,9
Office / presentation equipment supply,sup_f4182e46d4bc1c514543,AB PROJECTS LTD,MLT,3.0,3,102.0,2.9411764705882355,10
Office / presentation equipment supply,sup_f666331d94a0e5831935,Banner Group Limited,United Kingdom,3.0,3,102.0,2.9411764705882355,11
Office / presentation equipment supply,sup_faffec22f25fe2324e7b,CHAV SAU,ES,3.0,3,102.0,2.9411764705882355,12
Office / presentation equipment supply,sup_3e5922aa0474729b510b,OLIMPIA SERVICIOS INTEGRALES S.L,ES,2.0,2,102.0,1.9607843137254901,13
Office / presentation equipment supply,sup_461b171edfbeae90c8c7,"METALUNDIA, S.L.",ES,2.0,2,102.0,1.9607843137254901,14
Office / presentation equipment supply,sup_51e1a7c98ae989535e49,PEDREGOSA SL,ES,2.0,2,102.0,1.9607843137254901,15
Office / presentation equipment supply,sup_947593e37c203f098b84,LABORTECH WALDNER,ES,2.0,2,102.0,1.9607843137254901,16
Office / presentation equipment supply,sup_9f838e432c35c39c7be0,AVI-SPL Canada Ltee.,Canada,2.0,2,102.0,1.9607843137254901,17
Office / presentation equipment supply,sup_b3eaa499c2b41427159f,PAEZ SOLUCIONES INTEGRALES SL,ES,2.0,2,102.0,1.9607843137254901,18
Office / presentation equipment supply,sup_c2209866b47e755f6774,MOBILIARIO TECNICO MOTEGAR SL,ES,2.0,2,102.0,1.9607843137254901,19
Office / presentation equipment supply,sup_ce0aa689d5b3a3e69e62,BEST Service Pros Ltd.,,2.0,2,102.0,1.9607843137254901,20
Office / presentation equipment supply,sup_f7b392a0f237f15083f7,Κ.ΠΑΠΑΝΑΣΤΑΣΙΟΥ ΑΒΕΕ,GR,2.0,2,102.0,1.9607843137254901,21
Office / presentation equipment supply,sup_4be503cc6b2314dd83c0,Image Supply Systems,,1.5,2,102.0,1.4705882352941178,22
Office / presentation equipment supply,sup_0bc6fa15cf1d07293552,Premier Support Services,United Kingdom,1.0,1,102.0,0.9803921568627451,23
Office / presentation equipment supply,sup_0f5465892de78d8542df,Quadient UK Limited,United Kingdom,1.0,1,102.0,0.9803921568627451,24
Office / presentation equipment supply,sup_12aba823cbc1b77f9447,Livecast,,1.0,1,102.0,0.9803921568627451,25
Online forms / lightweight portals,sup_cad8870f15cac7235fe0,MODULAR SYSTEM SP. Z O.O.,POL,295.0,302,2093.0000000000005,14.094601051122787,1
Online forms / lightweight portals,sup_b08af754aa04f02e4962,"CGM Clinical España, S.L.U",ESP,137.0,137,2093.0000000000005,6.545628284758718,2
Online forms / lightweight portals,sup_e43df4c71dafc6662b93,Software Imagination & Vision,ROU,106.49999999999999,113,2093.0000000000005,5.088389870998565,3
Online forms / lightweight portals,sup_293363763c9d1a4b758f,Targeo Damian Wnuk,POL,101.83333333333333,110,2093.0000000000005,4.86542443064182,4
Online forms / lightweight portals,sup_39efc193f63360a6ae18,Nexus Polska Sp. z o.o.,POL,70.33333333333334,76,2093.0000000000005,3.3604077082337946,5
Online forms / lightweight portals,sup_bac96d7e750c835f48eb,DATE ADVERTISING SRL,RO,54.0,54,2093.0000000000005,2.580028666985188,6
Online forms / lightweight portals,sup_5fae7e6579393fa2e9c6,MTL ASCO Sp. z o.o.,POL,46.33333333333333,47,2093.0000000000005,2.2137283006848216,7
Online forms / lightweight portals,sup_841549a12d17237ad802,"QUENTAL TECHNOLOGIES, S.L.",ESP,45.0,45,2093.0000000000005,2.1500238891543235,8
Online forms / lightweight portals,sup_403f89d96e8f2557467f,SAP NORGE AS,NOR,44.0,44,2093.0000000000005,2.1022455805064495,9
Online forms / lightweight portals,sup_74a80c361de375237bc2,"ГАМА КОНСУЛТ-КАЛИНКИН,ПРОКОПОВ И С-ИЕ СД",BGR,35.0,35,2093.0000000000005,1.6722408026755848,10
Online forms / lightweight portals,sup_44c3b09d1bc1b425d1cc,"CLARANET PORTUGAL, S.A",PRT,31.166666666666668,32,2093.0000000000005,1.489090619525402,11
Online forms / lightweight portals,sup_ed56f0ccb2c127257ff1,Esri Polska sp. z o.o.,PL,28.0,28,2093.0000000000005,1.337792642140468,12
Online forms / lightweight portals,sup_b6654e3057ba6476ce1c,"""SWISSPOL-LTD"" SPÓŁKA Z OGRANICZONĄ ODPOWIEDZIALNOŚCIĄ",POL,25.9,32,2093.0000000000005,1.237458193979933,13
Online forms / lightweight portals,sup_b50ff1613a9e13c258a0,IQVIA Technology Solutions,ROU,25.5,32,2093.0000000000005,1.2183468705207834,14
Online forms / lightweight portals,sup_4a2b4e1eb074ffa3ee4c,ZARYS International Group Sp. z o.o.,PL,24.0,24,2093.0000000000005,1.1466794075489726,15
Online forms / lightweight portals,sup_3d0f77a9be3b30ac3740,MODULAR SYSTEM SP. Z O.O.,PL,22.0,22,2093.0000000000005,1.0511227902532247,16
Online forms / lightweight portals,sup_7b44dd283610bc816bd9,MAN TRUCK &BUS POLSKA Sp.z o.o.,PL,21.0,21,2093.0000000000005,1.003344481605351,17
Online forms / lightweight portals,sup_8fd1c863f96501756deb,Icepharma,ISL,21.0,21,2093.0000000000005,1.003344481605351,18
Online forms / lightweight portals,sup_b821a0d504655308d865,KONE ehf,ISL,21.0,21,2093.0000000000005,1.003344481605351,19
Online forms / lightweight portals,sup_a453874184c4dc8def64,"AMEBIS programska oprema, d.o.o. Kamnik",SVN,18.5,19,2093.0000000000005,0.8838987099856663,20
Online forms / lightweight portals,sup_cb2b9b0cbb4565b3e89b,Labsoft Sp. z o.o.,POL,15.4,18,2093.0000000000005,0.7357859531772574,21
Online forms / lightweight portals,sup_8fbe7497b6750e529c5a,Turner & Townsend ApS,DNK,15.333333333333332,16,2093.0000000000005,0.7326007326007324,22
Online forms / lightweight portals,sup_44ea09b8d144d639807e,Svevia AB (publ),SWE,14.0,14,2093.0000000000005,0.668896321070234,23
Online forms / lightweight portals,sup_80eedcd23228d8894ed5,UTE TCC 2026-03_MERKATU-TEKNEI,ESP,14.0,14,2093.0000000000005,0.668896321070234,24
Online forms / lightweight portals,sup_a57a3fc21362488d7850,SALUS INTERNATIONAL Sp. z o.o.,PL,14.0,14,2093.0000000000005,0.668896321070234,25
Online survey setup,sup_5b3bf51b88c24238875b,Crowdtech B.V.,Nederland,2.0,2,21.0,9.523809523809524,1
Online survey setup,sup_004f0b075e1f84eb72f1,SmartSurvey LTD,United Kingdom,1.0,1,21.0,4.761904761904762,2
Online survey setup,sup_0fe3628b325fee6e7239,Forum Research Inc.,,1.0,1,21.0,4.761904761904762,3
Online survey setup,sup_20ebeb169520b73d98c7,qualtrics,United States,1.0,1,21.0,4.761904761904762,4
Online survey setup,sup_390b53de17b9342b482b,Culture Amp,United Kingdom,1.0,1,21.0,4.761904761904762,5
Online survey setup,sup_39913ae27ad2d1bb1560,Strand Partners Limited,United Kingdom,1.0,1,21.0,4.761904761904762,6
Online survey setup,sup_503f7a090b2a755f524a,"OBEA,SAS TMO,TESSI MD",UNKNOWN,1.0,1,21.0,4.761904761904762,7
Online survey setup,sup_515550ecbf2547152ee9,WORKBUZZ ANALYTICS LTD,United Kingdom,1.0,1,21.0,4.761904761904762,8
Online survey setup,sup_650fb3c1c033e8a7237b,QUESTBACK UK LTD,United Kingdom,1.0,1,21.0,4.761904761904762,9
Online survey setup,sup_70e93c0d067e07588ff7,Signum Health,United Kingdom,1.0,1,21.0,4.761904761904762,10
Online survey setup,sup_738bfb3d809ae69089f0,Qualtrics LLC,Nederland,1.0,1,21.0,4.761904761904762,11
Online survey setup,sup_7d1e8ee5d41079f6629b,OutSideSoft Solutions Inc. (dba SimpleSurvey),,1.0,1,21.0,4.761904761904762,12
Online survey setup,sup_85421cf5283161b69545,CiviQ,,1.0,1,21.0,4.761904761904762,13
Online survey setup,sup_9cad52e050cb40d917e4,CULTURE AMP LIMITED,United Kingdom,1.0,1,21.0,4.761904761904762,14
Online survey setup,sup_c78bde53a0a71d2a7ba1,CultureAmp,United Kingdom,1.0,1,21.0,4.761904761904762,15
Online survey setup,sup_c7951af8c133d2a315bc,Spectrum Geosurvey Limited,GBR,1.0,1,21.0,4.761904761904762,16
Online survey setup,sup_d11c701b85bad1087141,SURVEYMONKEY UK LTD,United Kingdom,1.0,1,21.0,4.761904761904762,17
Online survey setup,sup_f1f9b0cdc94b1f6c2b2e,GRANICUS-FIRMSTEP LIMITED,United Kingdom,1.0,1,21.0,4.761904761904762,18
Online survey setup,sup_fba7c0b9f8e39cad4659,People Insight,United Kingdom,1.0,1,21.0,4.761904761904762,19
Online survey setup,sup_feecb2baaaad998422ed,Target Applications Limited,United Kingdom,1.0,1,21.0,4.761904761904762,20
Photography,sup_d11d804b5bbcd592ddc3,ROYAL PHOTO INC.,Canada,5.0,5,106.00000000000003,4.71698113207547,1
Photography,sup_403f89d96e8f2557467f,Field Geospatial AS,NOR,4.0,4,106.00000000000003,3.7735849056603765,2
Photography,sup_e7ec22041dd17bc0edea,Bluesky International Ltd,,4.0,4,106.00000000000003,3.7735849056603765,3
Photography,sup_cb4c8496fbf665af5b79,Maxwell Photography,,2.25,3,106.00000000000003,2.122641509433962,4
Photography,sup_778b9b641e6307a0c92d,bigO,,2.1,3,106.00000000000003,1.9811320754716977,5
Photography,sup_09a54dc66fb9682d4f93,"Blanchet, Frédérick",Canada,2.0,2,106.00000000000003,1.8867924528301883,6
Photography,sup_104fe5bb98f3a404c28e,ROYAL PHOTO,Canada,2.0,2,106.00000000000003,1.8867924528301883,7
Photography,sup_13fcbd6bd2714b2a7196,COEX DIGITAL INC.,Canada,2.0,2,106.00000000000003,1.8867924528301883,8
Photography,sup_2734668203a2eceb5d80,Studio ARAGO inc.,Canada,2.0,2,106.00000000000003,1.8867924528301883,9
Photography,sup_3e86a2c50425bdfb02ad,PHOTO SERVICE LTEE,Canada,2.0,2,106.00000000000003,1.8867924528301883,10
Photography,sup_92b8cdb57824d99c4888,Ede & Ravenscroft Ltd,United Kingdom,2.0,2,106.00000000000003,1.8867924528301883,11
Photography,sup_f472b083e0adc31ec96d,XEOS IMAGERIE INC.,Canada,2.0,2,106.00000000000003,1.8867924528301883,12
Photography,sup_1415ddcc9fd644dbdfcf,LandScope Engineering Ltd,United Kingdom,1.5,3,106.00000000000003,1.4150943396226412,13
Photography,sup_929ee5732a6182e9364d,UAV 365,United Kingdom,1.5,3,106.00000000000003,1.4150943396226412,14
Photography,sup_a70c29a94f42398e483f,Coalesce Ltd,,1.25,2,106.00000000000003,1.1792452830188676,15
Photography,sup_1e4f71ebb380a12bc8c9,Lafayette Photography,,1.2,2,106.00000000000003,1.132075471698113,16
Photography,sup_4f8d602140db5efc3993,CONDOH Photography,,1.1428571428571428,2,106.00000000000003,1.0781671159029647,17
Photography,sup_010adb104bc67ac41f3e,Wuffings & Crown,United Kingdom,1.0,1,106.00000000000003,0.9433962264150941,18
Photography,sup_07823cf8c2bec3684707,Kîsik Aerial Survey Inc.,,1.0,1,106.00000000000003,0.9433962264150941,19
Photography,sup_08357c71e3da957713e2,Airborne Imaging,,1.0,1,106.00000000000003,0.9433962264150941,20
Photography,sup_098e0f49e1d6636e16e9,North West Geomatics Ltd.,,1.0,1,106.00000000000003,0.9433962264150941,21
Photography,sup_0c6a1f6ba217a4f7ed19,SOLIK INFO INC.,Canada,1.0,1,106.00000000000003,0.9433962264150941,22
Photography,sup_10fb75fc9f8277002a53,Makmende Media B.V.,Nederland,1.0,1,106.00000000000003,0.9433962264150941,23
Photography,sup_1e38b4ede81e2758790f,Michael Martin Photography Ltd,,1.0,1,106.00000000000003,0.9433962264150941,24
Photography,sup_200311a176381aa92136,GROUPE CIVITAS INC.,,1.0,1,106.00000000000003,0.9433962264150941,25
Presentation / template design,sup_7feff0ffff824d2db8a8,mittetulundusühing Valga Arvutikeskus,EST,34.0,35,74.0,45.945945945945944,1
Presentation / template design,sup_48d9f70ef29ca5aa868c,SOL Palvelut Oy,FIN,8.0,8,74.0,10.81081081081081,2
Presentation / template design,sup_7ea679ca365ed0b99209,mittetulundusühing Valga Arvutikeskus,EST,7.0,7,74.0,9.45945945945946,3
Presentation / template design,sup_0d3cec7c694c48ee1705,OÜ Projektiekspert,EST,3.0,3,74.0,4.054054054054054,4
Presentation / template design,sup_76c05c29159c733ae0af,ITkodu OÜ,EST,3.0,4,74.0,4.054054054054054,5
Presentation / template design,sup_e43df4c71dafc6662b93,CRAYON SOFTWARE EXPERTS ROMANIA SRL,ROU,3.0,3,74.0,4.054054054054054,6
Presentation / template design,sup_4dbcee8ea83a1cc14d78,Szociometrum Társadalomtudományi Kutató Korlátolt Felelősségű Társaság,HUN,2.0,2,74.0,2.7027027027027026,7
Presentation / template design,sup_eab5950a327cf3e3a5f1,Fiona Preston-Whyte,GBR,2.0,2,74.0,2.7027027027027026,8
Presentation / template design,sup_01faa1c12497bec9bdcc,СТЕМО ЕООД,BG,1.0,1,74.0,1.3513513513513513,9
Presentation / template design,sup_0cb909c9ce531989d169,COMMUNICATION VISUELLE GRAPHISSIMO,Canada,1.0,1,74.0,1.3513513513513513,10
Presentation / template design,sup_14ade932b50fca1a3b46,Omnidocs A/S,DNK,1.0,1,74.0,1.3513513513513513,11
Presentation / template design,sup_23df2d4041c3d4242875,Kamer van Koophandel,Nederland,1.0,1,74.0,1.3513513513513513,12
Presentation / template design,sup_28012461f4795f55ec4a,HABITURA ApS,DNK,1.0,1,74.0,1.3513513513513513,13
Presentation / template design,sup_44ea09b8d144d639807e,MultiNet Interactive AB,SWE,1.0,1,74.0,1.3513513513513513,14
Presentation / template design,sup_5fae7e6579393fa2e9c6,Grupa BST Spółka z ograniczoną odpowiedzialnością,POL,1.0,1,74.0,1.3513513513513513,15
Presentation / template design,sup_74a80c361de375237bc2,НАД ДИЗАЙН ЕООД,BGR,1.0,1,74.0,1.3513513513513513,16
Presentation / template design,sup_c8eab729843ce84cbc37,empower GmbH,DEU,1.0,1,74.0,1.3513513513513513,17
Presentation / template design,sup_ec96a98074bc81e3bb88,Bloomberg Finance L.P.,USA,1.0,1,74.0,1.3513513513513513,18
Presentation / template design,sup_f5bd7a4b3e3f283bc3ca,Macrobond Financial AB,SE,1.0,1,74.0,1.3513513513513513,19
Presentation / template design,sup_fee12ab1d0e90b4cd47c,"WIF Partner AG, Bietergemeinschaft WIF Partner AG, phorbis Communications AG, Klarkom AG",CHE,1.0,1,74.0,1.3513513513513513,20
Promotional merchandise / branded items,sup_8b96dd3c294b28d4c11b,Bartenbach AG,DEU,15.0,15,76.0,19.736842105263158,1
Promotional merchandise / branded items,sup_fe3f0c068612e352e238,Allwag Promotions Ltd,United Kingdom,4.0,4,76.0,5.2631578947368425,2
Promotional merchandise / branded items,sup_a7c4f64e386b755aa64d,FULL ACE,UNKNOWN,3.0,3,76.0,3.9473684210526314,3
Promotional merchandise / branded items,sup_403f89d96e8f2557467f,Apotek 1 Gruppen AS,NOR,2.0,2,76.0,2.6315789473684212,4
Promotional merchandise / branded items,sup_4e7264fed4e0c5285913,Keiretsu Europe B.V.,Nederland,2.0,2,76.0,2.6315789473684212,5
Promotional merchandise / branded items,sup_8faf6c8c7878940c4ed0,ONETEAM SPORTS GROUP INC.,Canada,2.0,2,76.0,2.6315789473684212,6
Promotional merchandise / branded items,sup_582ad666a81fbf00db53,Qflow Promotions - Eflow Marketing Ltd.,,1.6666666666666667,3,76.0,2.192982456140351,7
Promotional merchandise / branded items,sup_549a67ccace8feae2127,Bright Promotions Ltd,,1.6666666666666665,3,76.0,2.1929824561403506,8
Promotional merchandise / branded items,sup_4cc555af2c2033978581,PFG Brand Attraction EU Ltd,,1.5,2,76.0,1.9736842105263157,9
Promotional merchandise / branded items,sup_bd4581956b12b54f634d,Extravaganza Promotional Merchandise,United Kingdom,1.3333333333333333,2,76.0,1.7543859649122804,10
Promotional merchandise / branded items,sup_f31eec07b3ad95ad9373,STILC,FR,1.3333333333333333,2,76.0,1.7543859649122804,11
Promotional merchandise / branded items,sup_005136b444489e030e30,Dowlis Inspired Branding Ltd,United Kingdom,1.0,1,76.0,1.3157894736842106,12
Promotional merchandise / branded items,sup_0ed47f5e33a527b5080f,CECOP,FR,1.0,1,76.0,1.3157894736842106,13
Promotional merchandise / branded items,sup_1c042d76f3b256db402b,Van Slobbe Premiums & Gifts,Nederland,1.0,1,76.0,1.3157894736842106,14
Promotional merchandise / branded items,sup_1ddc373e0d4cab6687e0,DACO,FR,1.0,1,76.0,1.3157894736842106,15
Promotional merchandise / branded items,sup_2680a4b56db927bd3bc8,KOBA,FR,1.0,1,76.0,1.3157894736842106,16
Promotional merchandise / branded items,sup_2a36f9564714d66db216,BRAND ALCHEMISTS IE LIMITED,IRL,1.0,1,76.0,1.3157894736842106,17
Promotional merchandise / branded items,sup_2c0fcb709c7c8ca90086,Infinity Incorporated,United Kingdom,1.0,1,76.0,1.3157894736842106,18
Promotional merchandise / branded items,sup_40130f57da2ce61085d4,"VEGEA - VERNON GENDRON ASSOCIES,GOODIZ PRINT,ATELIER KATANGA",UNKNOWN,1.0,1,76.0,1.3157894736842106,19
Promotional merchandise / branded items,sup_4d9841a0353b39fb50da,Brand-it ApS,DNK,1.0,1,76.0,1.3157894736842106,20
Promotional merchandise / branded items,sup_5c2456c89db3f7b3ab6a,Arco Limited,United Kingdom,1.0,1,76.0,1.3157894736842106,21
Promotional merchandise / branded items,sup_5c7f9ca971dff311c8fb,"SYNNEO,CECOP",UNKNOWN,1.0,1,76.0,1.3157894736842106,22
Promotional merchandise / branded items,sup_5dc21aece69fcc3f0641,VEGEA GENDRON VERNON ASSOCIES,UNKNOWN,1.0,1,76.0,1.3157894736842106,23
Promotional merchandise / branded items,sup_64290c2869c8be33c904,Geiger Ltd,United Kingdom,1.0,1,76.0,1.3157894736842106,24
Promotional merchandise / branded items,sup_698b4df1b37d6dde140e,Get Yourself Noticed Ltd,United Kingdom,1.0,1,76.0,1.3157894736842106,25
Proofreading / editing,sup_9adb822b5b195270239d,ESPRESSO COMMUNICATION ET DESIGN INC,Canada,8.0,8,132.0,6.0606060606060606,1
Proofreading / editing,sup_403f89d96e8f2557467f,TOTALTEKST AS,NOR,7.0,7,132.0,5.303030303030303,2
Proofreading / editing,sup_6f79629fe8c07370e0e8,PhDr. Markéta Miková,CZE,5.0,5,132.0,3.787878787878788,3
Proofreading / editing,sup_1454d96f35681c9b9f65,Catherine Vaudry - Services linguistiques,Canada,4.0,4,132.0,3.0303030303030303,4
Proofreading / editing,sup_95cf05d93f065e48bf1a,Jonathan Aubin,Canada,4.0,4,132.0,3.0303030303030303,5
Proofreading / editing,sup_c18715e88eef322c4baa,Marie-Ève Allard,Canada,4.0,4,132.0,3.0303030303030303,6
Proofreading / editing,sup_d655425872957aa73619,BLA BLA RÉDACTION S.E.N.C.,Canada,4.0,4,132.0,3.0303030303030303,7
Proofreading / editing,sup_d96f421b4a3d57b762ef,DES MOTS ET DES LETTRES,Canada,4.0,4,132.0,3.0303030303030303,8
Proofreading / editing,sup_dd21193346a5f46c2554,"TRAHAN MANSEAU, valerie",Canada,4.0,4,132.0,3.0303030303030303,9
Proofreading / editing,sup_e76b3cb53730f68541e0,Services langagiers MGT,Canada,4.0,4,132.0,3.0303030303030303,10
Proofreading / editing,sup_feca0019aba61f8a2318,"Lemay, Liette",Canada,4.0,4,132.0,3.0303030303030303,11
Proofreading / editing,sup_4d88f5872af179f0f62f,9309-8416 Québec inc.,Canada,3.0,3,132.0,2.272727272727273,12
Proofreading / editing,sup_64e8e84b43b84c28b503,"BORDAGE, GILLES",Canada,3.0,3,132.0,2.272727272727273,13
Proofreading / editing,sup_af52d47ce27b44faa864,Mélissa Guay,Canada,3.0,3,132.0,2.272727272727273,14
Proofreading / editing,sup_017084af23302f6c97d4,"La Diplomate, services linguistiques",Canada,2.0,2,132.0,1.5151515151515151,15
Proofreading / editing,sup_04692e87c753adf0a90c,"BLOWEN-LEDOUX, ZOÉ",Canada,2.0,2,132.0,1.5151515151515151,16
Proofreading / editing,sup_07dc925c13d3193d0141,GR Communication,Canada,2.0,2,132.0,1.5151515151515151,17
Proofreading / editing,sup_14c8b2350d1c8af4ed48,Pierre Duchesneau,Canada,2.0,2,132.0,1.5151515151515151,18
Proofreading / editing,sup_151763f21258775af47e,TOTALTEKST AS,NO,2.0,2,132.0,1.5151515151515151,19
Proofreading / editing,sup_154b5b8d8c65f9964c18,"Senéchal, Pierre",Canada,2.0,2,132.0,1.5151515151515151,20
Proofreading / editing,sup_2d760e32fc992680707a,Maverix Media AS,NO,2.0,2,132.0,1.5151515151515151,21
Proofreading / editing,sup_3b3cbc7106074ba43971,CHRISTINE PARÉ COMMUNICATION INC.,Canada,2.0,2,132.0,1.5151515151515151,22
Proofreading / editing,sup_47f44eb5c9c6615f0bec,"LAROUCHE, JENNY",Canada,2.0,2,132.0,1.5151515151515151,23
Proofreading / editing,sup_70e3c96a68a0b821e62f,"ROY, ISABELLE",Canada,2.0,2,132.0,1.5151515151515151,24
Proofreading / editing,sup_8974958564e749470bf1,SEMANTIX TRANSLATIONS NORWAY AS,NO,2.0,2,132.0,1.5151515151515151,25
Signage / wayfinding / vinyl,sup_2ccce632117f86b91fbd,FR_Atelier du Poirier SA,CHE,24.0,24,1224.000000000001,1.9607843137254888,1
Signage / wayfinding / vinyl,sup_05e299fdbba943e5cad2,9030-5814 QUÉBEC INC.,Canada,22.0,22,1224.000000000001,1.7973856209150314,2
Signage / wayfinding / vinyl,sup_74bf13df3a37d8f05870,SIGNEL SERVICES INC.,Canada,19.0,19,1224.000000000001,1.5522875816993453,3
Signage / wayfinding / vinyl,sup_5e898b02d38f330e56a5,COMMUNICATIONS TREMBLAY-MÉNARD INC.,Canada,12.0,12,1224.000000000001,0.9803921568627444,4
Signage / wayfinding / vinyl,sup_eb09c951f878200c931c,TRAFIC INNOVATION INC.,Canada,12.0,12,1224.000000000001,0.9803921568627444,5
Signage / wayfinding / vinyl,sup_812eae39c69098d14b5e,SIEMENS CANADA LIMITÉE,Canada,11.0,11,1224.000000000001,0.8986928104575157,6
Signage / wayfinding / vinyl,sup_eb3ecd05ac02b45c9bfc,ARIUM DESIGN INC.,Canada,11.0,11,1224.000000000001,0.8986928104575157,7
Signage / wayfinding / vinyl,sup_3df5c2eeb0d9f46558f8,LES ENSEIGNES PERFECTION INC.,Canada,9.0,9,1224.000000000001,0.7352941176470583,8
Signage / wayfinding / vinyl,sup_ca1f005f93193b737322,BÉLANGER BRANDING ET DESIGN LTÉE,Canada,9.0,9,1224.000000000001,0.7352941176470583,9
Signage / wayfinding / vinyl,sup_43936c9da8c3413cd71e,11631276 CANADA INC.,Canada,8.0,8,1224.000000000001,0.6535947712418296,10
Signage / wayfinding / vinyl,sup_77c9283615eebe72c098,Martech Signalisation inc.,Canada,8.0,8,1224.000000000001,0.6535947712418296,11
Signage / wayfinding / vinyl,sup_403f89d96e8f2557467f,Atea AS,NOR,7.0,7,1224.000000000001,0.5718954248366008,12
Signage / wayfinding / vinyl,sup_4f29cdd55444d8982880,I.D.S. ÉNERGIE INC.,Canada,7.0,7,1224.000000000001,0.5718954248366008,13
Signage / wayfinding / vinyl,sup_673628267db0e71443eb,SOLOTECH INC,Canada,7.0,7,1224.000000000001,0.5718954248366008,14
Signage / wayfinding / vinyl,sup_adb20d0c2fcda51ac8fd,TECHSOL MARINE INC.,Canada,7.0,7,1224.000000000001,0.5718954248366008,15
Signage / wayfinding / vinyl,sup_cc525a4d3188b68ae0aa,"TYCO FEU ET SECURITE INTEGRES CANADA, INC.",Canada,7.0,7,1224.000000000001,0.5718954248366008,16
Signage / wayfinding / vinyl,sup_09413f45eb1de21a44f8,CHUBB FIRE & SECURITY CANADA CORPORATION,Canada,6.0,6,1224.000000000001,0.4901960784313722,17
Signage / wayfinding / vinyl,sup_0d3cb003a84e1700e934,Galère Lux SA,LUX,6.0,6,1224.000000000001,0.4901960784313722,18
Signage / wayfinding / vinyl,sup_1bc4857c43349fe0796b,SIGNALISATION KALITEC INC.,Canada,6.0,6,1224.000000000001,0.4901960784313722,19
Signage / wayfinding / vinyl,sup_588a0aee599909addc2a,GASTON MERCIER & FILS INC.,Canada,6.0,6,1224.000000000001,0.4901960784313722,20
Signage / wayfinding / vinyl,sup_64c39eb0030c39afb9e1,ENSEIGNES CMD inc.,Canada,6.0,6,1224.000000000001,0.4901960784313722,21
Signage / wayfinding / vinyl,sup_21ac4cbc4239b92ef62e,Ponton Guillot Inc.,Canada,5.0,5,1224.000000000001,0.4084967320261435,22
Signage / wayfinding / vinyl,sup_3526b3f9381c9464a706,Les Enseignes AMTECH Signature Inc.,Canada,5.0,5,1224.000000000001,0.4084967320261435,23
Signage / wayfinding / vinyl,sup_4535973ae1a50596bdb6,Enseignes Barbo Inc.,Canada,5.0,5,1224.000000000001,0.4084967320261435,24
Signage / wayfinding / vinyl,sup_c46f6e60290ab1ed0fc1,GAGNON IMAGE INC.,Canada,5.0,5,1224.000000000001,0.4084967320261435,25
Simple API / software integration,sup_6f79629fe8c07370e0e8,SUDOP PRAHA a.s.,CZE,68.5,98,300.0,22.833333333333332,1
Simple API / software integration,sup_751d2a0be33c8eaaa87d,METROPROJEKT Praha a.s.,CZE,34.083333333333336,70,300.0,11.361111111111112,2
Simple API / software integration,sup_7cb57535c4ca5f458ab8,"TSS GRADE, a.s.",SVK,17.833333333333332,31,300.0,5.944444444444444,3
Simple API / software integration,sup_bac6bd8cd7a3deb52df5,GJW Praha spol. s r.o.,CZE,8.083333333333332,28,300.0,2.694444444444444,4
Simple API / software integration,sup_66a4afa1c8ec37c7ad8e,Accenture S.p.A. a Socio Unico,ITA,7.5,8,300.0,2.5,5
Simple API / software integration,sup_40ec05dadbd03dc7be9f,"VÁHOSTAV - SK, a.s.",SVK,7.0,15,300.0,2.3333333333333335,6
Simple API / software integration,sup_2ccce632117f86b91fbd,FR_KodeMed SA,CHE,4.0,4,300.0,1.3333333333333333,7
Simple API / software integration,sup_2f7be2bc1178ec534869,"ELTRA, s .r .o.",SVK,4.0,16,300.0,1.3333333333333333,8
Simple API / software integration,sup_636d55e3ab8f6113dc72,Healthcare Gateway Limited,United Kingdom,4.0,4,300.0,1.3333333333333333,9
Simple API / software integration,sup_771a5a32897eccbb2dc8,TC Connect Sweden AB,SWE,4.0,4,300.0,1.3333333333333333,10
Simple API / software integration,sup_9293ab1db8a94021381b,ENGINEERING INGEGNERIA INFORMATICA S.P.A.,ITA,4.0,4,300.0,1.3333333333333333,11
Simple API / software integration,sup_1786be46cad621510ae4,OpenPeppol AISBL,BEL,3.0,3,300.0,1.0,12
Simple API / software integration,sup_4db41a753b8710b2fb5b,REGULVAR INC.,Canada,3.0,3,300.0,1.0,13
Simple API / software integration,sup_f8dd3f672253c615b84a,Bromma Air Maintenance AB,SWE,3.0,3,300.0,1.0,14
Simple API / software integration,sup_37383221367633d558c5,RTI Arthur D. Little S.p.A. e HSPI S.p.A.,ITA,2.6666666666666665,5,300.0,0.8888888888888887,15
Simple API / software integration,sup_dff39380d1dab979e8d8,ACCENTURE SPA,ITA,2.5,3,300.0,0.8333333333333334,16
Simple API / software integration,sup_d7f1e8545b1f1a4d3d7c,AŽD Praha s.r.o.,CZE,2.25,9,300.0,0.75,17
Simple API / software integration,sup_0352b4080b4479042165,Tecnobit,ESP,2.0,2,300.0,0.6666666666666666,18
Simple API / software integration,sup_045962d53607fe108f44,MRI Software Limited,United Kingdom,2.0,2,300.0,0.6666666666666666,19
Simple API / software integration,sup_0db0b83a0ec4a4977053,FRANKLIN EMPIRE INC.,Canada,2.0,2,300.0,0.6666666666666666,20
Simple API / software integration,sup_28012461f4795f55ec4a,ILLUMINA DENMARK ApS,DNK,2.0,2,300.0,0.6666666666666666,21
Simple API / software integration,sup_44ea09b8d144d639807e,Thermo Electron Sweden AB,SWE,2.0,2,300.0,0.6666666666666666,22
Simple API / software integration,sup_485298e48c38660caae8,Business Integration Partners s.p.a.,ITA,2.0,3,300.0,0.6666666666666666,23
Simple API / software integration,sup_48d9f70ef29ca5aa868c,Oikeat Oliot Oy,FIN,2.0,2,300.0,0.6666666666666666,24
Simple API / software integration,sup_6425f1a885b4ba302ec4,Idox Software Ltd,United Kingdom,2.0,2,300.0,0.6666666666666666,25
Small IT equipment supply,sup_e43df4c71dafc6662b93,BlueSpace TECHNOLOGY,ROU,1298.8333333333335,1307,10618.000000000005,12.23237270044578,1
Small IT equipment supply,sup_cad8870f15cac7235fe0,MWT Solutions S.A.,POL,1128.6666666666667,1165,10618.000000000005,10.629748226282409,2
Small IT equipment supply,sup_293363763c9d1a4b758f,Varimed Sp. z o.o.,POL,690.0000000000001,738,10618.000000000005,6.498398945187415,3
Small IT equipment supply,sup_6f79629fe8c07370e0e8,Aricoma Systems a.s.,CZE,623.544298245614,636,10618.000000000005,5.872521173908586,4
Small IT equipment supply,sup_b50ff1613a9e13c258a0,SYSDOM PROIECTE,ROU,421.5,429,10618.000000000005,3.96967413825579,5
Small IT equipment supply,sup_5fae7e6579393fa2e9c6,Paweł Owczarzak EUPOL,POL,387.6666666666666,404,10618.000000000005,3.651032837320271,6
Small IT equipment supply,sup_39efc193f63360a6ae18,BERYL MED POLAND Sp. z o.o. ul. rtm. Witolda Pileckiego 59 lok. 151 Warszawa,POL,304.99999999999994,317,10618.000000000005,2.872480693162552,7
Small IT equipment supply,sup_b6654e3057ba6476ce1c,X3D Sp. z o. o.,POL,235.83333333333337,245,10618.000000000005,2.2210711370628484,8
Small IT equipment supply,sup_751d2a0be33c8eaaa87d,Mevra computers s.r.o.,CZE,219.54429824561404,228,10618.000000000005,2.0676615016539266,9
Small IT equipment supply,sup_edd8ad531e311579626b,DANTE INTERNATIONAL S.A.,ROU,215.83333333333334,224,10618.000000000005,2.032711747347271,10
Small IT equipment supply,sup_cb2b9b0cbb4565b3e89b,WILANKA SPÓŁKA Z OGRANICZONĄ ODPOWIEDZIALNOŚCIĄ,POL,135.5,147,10618.000000000005,1.2761348653230358,11
Small IT equipment supply,sup_6779e1dc67fb6996af3a,MEDIST IMAGING & P.O.C. S.R.L.,ROU,128.0,131,10618.000000000005,1.2055000941796943,12
Small IT equipment supply,sup_b4ee1b54b38a810ec962,Zimmer Biomet Polska SP. z o.o,POL,106.0,109,10618.000000000005,0.9983047654925593,13
Small IT equipment supply,sup_bac6bd8cd7a3deb52df5,KK-TECH s.r.o.,CZE,77.54429824561403,83,10618.000000000005,0.7303098346733282,14
Small IT equipment supply,sup_380db7628d6138cf47ff,Novaintermed S.R.L.,ROU,76.66666666666666,80,10618.000000000005,0.722044327243046,15
Small IT equipment supply,sup_d567aa02732808702da0,BossCan ComPrint spol. s r.o.,CZE,72.37763157894737,75,10618.000000000005,0.6816503256634708,16
Small IT equipment supply,sup_39c13c652627edef498a,MEDIST IMAGING & P.O.C. S.R.L.,ROU,63.666666666666664,65,10618.000000000005,0.5996107239279208,17
Small IT equipment supply,sup_d7f1e8545b1f1a4d3d7c,Aricoma Systems a.s.,CZE,62.87763157894737,68,10618.000000000005,0.5921796155485717,18
Small IT equipment supply,sup_32ae9905f67662b4ddf3,SKAMEX S.A.,POL,62.0,62,10618.000000000005,0.5839141081182894,19
Small IT equipment supply,sup_20a682b459e83c8e59e3,PROCOMP Számitástechnikai és Elektronikai Korlátolt Felelősségü Társaság,HUN,57.5,58,10618.000000000005,0.5415332454322845,20
Small IT equipment supply,sup_e9c45c1e0c38e9cd2296,SERCO Informatika Zrt.,HUN,57.0,57,10618.000000000005,0.536824260689395,21
Small IT equipment supply,sup_5ca854088277bbe273ed,NOVAGO Spółką z ograniczoną odpowiedzialnością,POL,53.666666666666664,57,10618.000000000005,0.5054310290701322,22
Small IT equipment supply,sup_33e84142da5bc79980f3,KARL STORZ ENDOSCOPIA ROMANIA,ROU,51.5,53,10618.000000000005,0.4850254285176114,23
Small IT equipment supply,sup_af3f5c46c637c5534258,AUTOCONT a.s.,CZ,47.05,48,10618.000000000005,0.44311546430589543,24
Small IT equipment supply,sup_aa4ea5e39fced2aa7f85,Anmar Sp. z o.o.,POL,46.666666666666664,51,10618.000000000005,0.4395052426696801,25
Social media content production,sup_cad8870f15cac7235fe0,Euvic Media sp. z o.o.,POL,10.0,10,151.0,6.622516556291391,1
Social media content production,sup_6f79629fe8c07370e0e8,MEDIA AGE s.r.o.,CZE,9.0,9,151.0,5.960264900662252,2
Social media content production,sup_74a80c361de375237bc2,"ФОНДАЦИЯ ""БЪЛГАРЕ"" Фондация",BGR,8.333333333333334,9,151.0,5.518763796909493,3
Social media content production,sup_235a023f631d8c73e9dc,SocialSignin Ltd (Trading as Orlo),United Kingdom,7.0,7,151.0,4.635761589403973,4
Social media content production,sup_293363763c9d1a4b758f,Asseco Resovia S.A.,POL,6.0,6,151.0,3.9735099337748343,5
Social media content production,sup_b08af754aa04f02e4962,JAZZ ALTERNATIVE THINKING S.L.U.,ESP,6.0,6,151.0,3.9735099337748343,6
Social media content production,sup_66a4afa1c8ec37c7ad8e,UNIVERSAL MARKETING SRL,ITA,5.0,5,151.0,3.3112582781456954,7
Social media content production,sup_20a682b459e83c8e59e3,FRANK Digital Kommunikációs Tanácsadó és Szolgáltató Korlátolt Felelősségű Társaság,HUN,3.0,3,151.0,1.9867549668874172,8
Social media content production,sup_5ea652e3f780539cff42,MEDIA AGE s.r.o.,CZ,3.0,3,151.0,1.9867549668874172,9
Social media content production,sup_01418dc8a7743d7c2b27,"TransformX, družba za strateški marketing d.o.o.",SVN,2.0,2,151.0,1.3245033112582782,10
Social media content production,sup_055f8e570bd5070bdc31,Agorapulse SAS,,2.0,2,151.0,1.3245033112582782,11
Social media content production,sup_0d3cb003a84e1700e934,WILI S.à r.l.,LUX,2.0,2,151.0,1.3245033112582782,12
Social media content production,sup_111cb91839eb98fff772,Meltwater Deutschland GmbH,DEU,2.0,2,151.0,1.3245033112582782,13
Social media content production,sup_33ce3225cb545328d637,MB CONSULTING SRL,ITA,2.0,2,151.0,1.3245033112582782,14
Social media content production,sup_4642d3b3e7a72ab59aae,Hootsuite Inc,United Kingdom,2.0,2,151.0,1.3245033112582782,15
Social media content production,sup_675294aa862a464ee869,"TransformX, družba za strateški marketing d.o.o.",SVN,2.0,2,151.0,1.3245033112582782,16
Social media content production,sup_8e4edd59230ba9a3984d,Orlo,United Kingdom,2.0,2,151.0,1.3245033112582782,17
Social media content production,sup_a453874184c4dc8def64,ABALON izobraževanje in organizacija dogodkov d.o.o.,SVN,2.0,2,151.0,1.3245033112582782,18
Social media content production,sup_eab5950a327cf3e3a5f1,Discovery Communications Europe Limited,GBR,2.0,2,151.0,1.3245033112582782,19
Social media content production,sup_53b07eb7347cd4e95bba,"UAB ""Sons&Daughters""",LTU,1.5,2,151.0,0.9933774834437086,20
Social media content production,sup_092236c5b210169cfdf0,ЦЕНТЪР ЗА ПРОФЕСИОНАЛНО ОБУЧЕНИЕ И ОРИЕНТИРАНЕ ООД,BGR,1.3333333333333333,2,151.0,0.8830022075055186,21
Social media content production,sup_02f87807195ca6617be1,STANTEC SA/NV,BE,1.0,1,151.0,0.6622516556291391,22
Social media content production,sup_0982119b325cdf2a21c4,"TransformX, družba za strateški marketing d.o.o.",SVN,1.0,1,151.0,0.6622516556291391,23
Social media content production,sup_0c72629ead468a08636e,Future Communication Consultants B.V.,Nederland,1.0,1,151.0,0.6622516556291391,24
Social media content production,sup_0eae012bf0d7ee845160,Runtime Collective Limited,United Kingdom,1.0,1,151.0,0.6622516556291391,25
Subtitles / captions,sup_21d35c9a19b01ad47216,Canadian Hearing Services,,1.0,1,10.0,10.0,1
Subtitles / captions,sup_29e7eeda281909c7cbbc,Visser Media & Design B.V.,Nederland,1.0,1,10.0,10.0,2
Subtitles / captions,sup_2e90235695ae3e4638ab,yopro,Nederland,1.0,1,10.0,10.0,3
Subtitles / captions,sup_33b6d4910d5c2f34cefc,"Thijs van Gasteren, audiovisual design",Nederland,1.0,1,10.0,10.0,4
Subtitles / captions,sup_492ea9d768a6dd9c01f2,Happy Scribe Limited,Ireland,1.0,1,10.0,10.0,5
Subtitles / captions,sup_7642942545844bba324c,NotuBiz Nederland B.V.,Nederland,1.0,1,10.0,10.0,6
Subtitles / captions,sup_77ba2d8187d066c8a560,Indall B.V.,Nederland,1.0,1,10.0,10.0,7
Subtitles / captions,sup_8b74309761c68fc21d2a,Innovation for Policy Foundation,MUS,1.0,1,10.0,10.0,8
Subtitles / captions,sup_d64236b3df233d5bff84,"Lemon 42, IT, Web und Software GmbH",AUT,1.0,1,10.0,10.0,9
Subtitles / captions,sup_da9dc44e3720bc677d68,Subtiel,Nederland,1.0,1,10.0,10.0,10
Survey data processing / coding,sup_53b07eb7347cd4e95bba,PPMI GROUP UAB,LTU,1.0,1,3.0,33.333333333333336,1
Survey data processing / coding,sup_913f797057a9598f8e81,BETTER WORLD,UNKNOWN,1.0,1,3.0,33.333333333333336,2
Survey data processing / coding,sup_ad6d4ec31a8416ea7002,LNRS Data Services Ltd,United Kingdom,1.0,1,3.0,33.333333333333336,3
Transcription / minutes,sup_e43df4c71dafc6662b93,MEDICAL DEVICES & DIAGNOSTICS,ROU,432.36666666666656,467,6428.999999999997,6.725255353346816,1
Transcription / minutes,sup_b08af754aa04f02e4962,CRUZ ROJA ESPAÑOLA,ESP,295.5,296,6428.999999999997,4.5963602426504915,2
Transcription / minutes,sup_b50ff1613a9e13c258a0,DELTAMED,ROU,189.8333333333334,226,6428.999999999997,2.952766111888839,3
Transcription / minutes,sup_4217e47ad00cb0fcf866,BIO AQUA GROUP,RO,175.0,175,6428.999999999997,2.722040752838701,4
Transcription / minutes,sup_33e84142da5bc79980f3,Agilrom Scientific,ROU,154.0,155,6428.999999999997,2.3953958624980567,5
Transcription / minutes,sup_6779e1dc67fb6996af3a,ANTISEL RO,ROU,138.53333333333336,146,6428.999999999997,2.1548193083424083,6
Transcription / minutes,sup_edd8ad531e311579626b,"VOINEA I. NICOLETA - TRADUCATOR, INTERPRET",ROU,127.53333333333332,152,6428.999999999997,1.9837196038782605,7
Transcription / minutes,sup_eb8f70f80a26308aa673,ANTISEL RO,RO,88.0,88,6428.999999999997,1.3687976357131753,8
Transcription / minutes,sup_ca7f2e8c8e452874f961,VALDOMEDICA TRADING SRL,ROU,84.7,86,6428.999999999997,1.3174677243739312,9
Transcription / minutes,sup_2a4ebea606627396b042,SYNCRO TRANSLATION SERVICES,RO,81.0,84,6428.999999999997,1.2599160055996272,10
Transcription / minutes,sup_380db7628d6138cf47ff,Bio Zyme,ROU,75.83333333333333,79,6428.999999999997,1.1795509928967702,11
Transcription / minutes,sup_ce8e8667ee7ff852b4b8,Novaintermed S.R.L.,ROU,67.0,67,6428.999999999997,1.0421527453725312,12
Transcription / minutes,sup_cad8870f15cac7235fe0,Time Group Polska Sp. z o. o.,POL,62.5,64,6428.999999999997,0.9721574117281074,13
Transcription / minutes,sup_841549a12d17237ad802,UNIFORM BOX S.L. LOTE 2,ESP,60.0,61,6428.999999999997,0.9332711152589831,14
Transcription / minutes,sup_39c13c652627edef498a,DR. GABOR S.R.L.,ROU,54.53333333333333,58,6428.999999999997,0.8482397469798313,15
Transcription / minutes,sup_9669579dbf0c4781fd0b,DIALAB SOLUTIONS,ROU,44.0,44,6428.999999999997,0.6843988178565876,16
Transcription / minutes,sup_3f641bcd9f75c9946f1b,INTERNATIONAL LABORATORY S.R.L.,RO,43.0,43,6428.999999999997,0.668844299268938,17
Transcription / minutes,sup_8fcbe75858b54596af84,MGA CONCEPT TECHNOLOGY S.R.L.,ROU,40.0,40,6428.999999999997,0.6221807435059887,18
Transcription / minutes,sup_10a70b3f2f529023912c,LABORSISTEM S.R.L.,RO,39.0,39,6428.999999999997,0.6066262249183391,19
Transcription / minutes,sup_403f89d96e8f2557467f,NORCE Research AS,NOR,36.25,37,6428.999999999997,0.5638512988023023,20
Transcription / minutes,sup_fd5578f2d8a6ca7c2c3e,DELTAMED,RO,36.0,36,6428.999999999997,0.5599626691553898,21
Transcription / minutes,sup_795a077d76e410bc27dc,Sante International S.A.,ROU,35.0,35,6428.999999999997,0.5444081505677402,22
Transcription / minutes,sup_f1e8f7653c1846e4def3,LES CONSULTANTS FORESTIERS M. S. INC.,Canada,30.0,30,6428.999999999997,0.46663555762949155,23
Transcription / minutes,sup_293363763c9d1a4b758f,Argenta Spółka z o.o.,POL,29.785714285714285,34,6428.999999999997,0.4633024465035666,24
Transcription / minutes,sup_82a895df17060c3e9afd,CONTERA MEDIA S.R.L.,RO,28.25,32,6428.999999999997,0.43941515010110455,25
Translation / localization,sup_403f89d96e8f2557467f,Servicealliansen as,NOR,16.0,16,136.0,11.764705882352942,1
Translation / localization,sup_2ccce632117f86b91fbd,FR_ETAVIS Romandie SA,CHE,9.0,9,136.0,6.617647058823529,2
Translation / localization,sup_8fbe7497b6750e529c5a,Beckton Dickinson Denmark A/S,DNK,2.333333333333333,3,136.0,1.7156862745098038,3
Translation / localization,sup_0633b37824999075377f,LE GROUPE CONSEIL GÉNIPUR INC.,Canada,2.0,2,136.0,1.4705882352941178,4
Translation / localization,sup_0c732ea2800e8238eb46,SERVICES CHIRURGICAUX DES CANTONS INC.,Canada,2.0,2,136.0,1.4705882352941178,5
Translation / localization,sup_1ecba47434aa16853556,Peter & Clark Multilingual Communications S.A.,LUX,2.0,2,136.0,1.4705882352941178,6
Translation / localization,sup_2d6d7cf20e4110da5dc1,"ALTERLAB Architectes urbanistes,ART'CAD,BA-BOIS,DIESE,180 DEGRES INGENIERIE,GANTHA",UNKNOWN,2.0,2,136.0,1.4705882352941178,7
Translation / localization,sup_2f1f872473ac0ea72c23,Telonics Inc,Canada,2.0,2,136.0,1.4705882352941178,8
Translation / localization,sup_3b80e610dbea2c8a247e,Groupe Softex inc.,Canada,2.0,2,136.0,1.4705882352941178,9
Translation / localization,sup_44ea09b8d144d639807e,Bergman Labora AB,SWE,2.0,2,136.0,1.4705882352941178,10
Translation / localization,sup_4d1f0887ef2ae35f971a,CLINIQUE ESTHÉTIQUE DRE STÉPHANIE OLIVIER S.A.,Canada,2.0,2,136.0,1.4705882352941178,11
Translation / localization,sup_61a358add7bcb47842c6,Bridge Interpreting Ltd,,2.0,2,136.0,1.4705882352941178,12
Translation / localization,sup_7225fd00316e7371920c,AEDIFICA INC.,Canada,2.0,2,136.0,1.4705882352941178,13
Translation / localization,sup_7bb1e163b4d68fab9ae6,9363-9888 Québec inc.,Canada,2.0,2,136.0,1.4705882352941178,14
Translation / localization,sup_a63c067149094b28ef2a,DLT Arpenteurs Géomètres,Canada,2.0,2,136.0,1.4705882352941178,15
Translation / localization,sup_b9cb5f2065c87b31fe9f,Ametek Precitech,Canada,2.0,2,136.0,1.4705882352941178,16
Translation / localization,sup_f580a866ebfa9165d72e,DÉTECTION DE FUITES PGS INC.,Canada,2.0,2,136.0,1.4705882352941178,17
Translation / localization,sup_028be422dac189b36578,BÉRARD TREMBLAY INC.,Canada,1.0,1,136.0,0.7352941176470589,18
Translation / localization,sup_03b1e46a2140e9988590,LES ÉQUIPEMENTS D'ARPENTAGE CANSEL INC.,Canada,1.0,1,136.0,0.7352941176470589,19
Translation / localization,sup_04b161923369936ab94c,SEWERIN,UNKNOWN,1.0,1,136.0,0.7352941176470589,20
Translation / localization,sup_07a90fde6059212b5c1a,ABBELIGHT SAS,FRA,1.0,1,136.0,0.7352941176470589,21
Translation / localization,sup_0d3cb003a84e1700e934,DSI Lux S.A.,LUX,1.0,1,136.0,0.7352941176470589,22
Translation / localization,sup_0dbb3346e0c553ef6807,Bruker France SAS,FRA,1.0,1,136.0,0.7352941176470589,23
Translation / localization,sup_0e17cdf1cefbac51df87,KAW,Nederland,1.0,1,136.0,0.7352941176470589,24
Translation / localization,sup_13c6c3ac416b3a6f80b8,City Trax Limited,United Kingdom,1.0,1,136.0,0.7352941176470589,25
Video editing / post-production,sup_2ccce632117f86b91fbd,FR_Imaginastudio Sàrl,CHE,4.0,4,24.0,16.666666666666668,1
Video editing / post-production,sup_c38f03af5bea65674234,TECH-LAB ELECTRONIQUES INC.,Canada,3.0,3,24.0,12.5,2
Video editing / post-production,sup_e7db9c4d409a8ae836af,Future Consulting Services Kereskedelmi és Szolgáltató Korlátolt Felelősségű Társaság,HU,3.0,3,24.0,12.5,3
Video editing / post-production,sup_a7c774351c263a5661e7,"DVSport, Inc",Canada,2.0,2,24.0,8.333333333333334,4
Video editing / post-production,sup_c89f5a415d956f2a9f2e,Jean-Philippe Brisson M.D. inc.,Canada,2.0,2,24.0,8.333333333333334,5
Video editing / post-production,sup_1786be46cad621510ae4,DoubleDouble SRL,BEL,1.0,1,24.0,4.166666666666667,6
Video editing / post-production,sup_4ac30a4de7d19ff4a0c5,B.G.M. INFORMATIQUE INC.,Canada,1.0,1,24.0,4.166666666666667,7
Video editing / post-production,sup_4dc2a7b9bf22ae82e9a7,Zéro Huit,Canada,1.0,1,24.0,4.166666666666667,8
Video editing / post-production,sup_6520d6a1d3875e23e6af,"KOMPTERV Kutató, Fejlesztő, Gyártó és Kereskedelmi Kft.",HU,1.0,1,24.0,4.166666666666667,9
Video editing / post-production,sup_656b6eb2209a547025b1,Rheinmetall Landsysteme GmbH,DEU,1.0,1,24.0,4.166666666666667,10
Video editing / post-production,sup_866300140ec417bf2df2,LENOVO (CANADA) INC.,Canada,1.0,1,24.0,4.166666666666667,11
Video editing / post-production,sup_ad5a5a1949ae3cd8ca43,SUSTEMA INC.,Canada,1.0,1,24.0,4.166666666666667,12
Video editing / post-production,sup_bbfe5b8acb9b23508b1c,Évidence C Inc.,Canada,1.0,1,24.0,4.166666666666667,13
Video editing / post-production,sup_d00c9bd4fcd95d570c7f,LES ÉVADÉS INC.,Canada,1.0,1,24.0,4.166666666666667,14
Video editing / post-production,sup_d84950058ce67ac9c27a,INS,BEL,1.0,1,24.0,4.166666666666667,15
Video production,sup_2499a6d95199d5b3f353,KABANE AGENCE DE MARQUES INC.,Canada,4.0,4,119.0,3.361344537815126,1
Video production,sup_403f89d96e8f2557467f,Apeland AS,NOR,4.0,4,119.0,3.361344537815126,2
Video production,sup_0ff641451a9055698a6e,Galerie Studio Inc.,Canada,3.0,3,119.0,2.5210084033613445,3
Video production,sup_29ec708acb53c25e535a,SmartSimple Software Ireland Limited,IRL,3.0,3,119.0,2.5210084033613445,4
Video production,sup_7282609992973689c5a5,"Guardia, Guillaume",Canada,3.0,3,119.0,2.5210084033613445,5
Video production,sup_97ad7a39b6f7dd0e196a,PRODUCTIONS ARBORESCENCE INC.,Canada,3.0,3,119.0,2.5210084033613445,6
Video production,sup_ef7e537574c61fe7219a,Mainspring Media Ltd,,3.0,3,119.0,2.5210084033613445,7
Video production,sup_459aeea58f5f3e47f086,Macadam Marketing Inc.,Canada,2.0,2,119.0,1.680672268907563,8
Video production,sup_48116561483556902076,Sparkling,,2.0,2,119.0,1.680672268907563,9
Video production,sup_8761532c63a6dbc9732a,CASTOR PRODUCTION INC.,Canada,2.0,2,119.0,1.680672268907563,10
Video production,sup_8b5c1b8007a1edce65d3,CoPilot Collective Inc.,,2.0,2,119.0,1.680672268907563,11
Video production,sup_a3de6d7f7a3a39d531e4,FILMS WOLFGANG INC.,Canada,2.0,2,119.0,1.680672268907563,12
Video production,sup_cf81529e9edf8a313749,Filmkonsulentene AS,NOR,2.0,2,119.0,1.680672268907563,13
Video production,sup_db0cd7eb0ee8069ccf41,Les Productions Sync Inc.,Canada,2.0,2,119.0,1.680672268907563,14
Video production,sup_dbed698ce0ad0c124ed8,KINOS INC.,Canada,2.0,2,119.0,1.680672268907563,15
Video production,sup_ed5c10a8a1eb971d8081,Les productions Optimales Inc.,Canada,2.0,2,119.0,1.680672268907563,16
Video production,sup_f4b3eab739130f7f25ba,ZEBRA MÉDIA INC.,Canada,2.0,2,119.0,1.680672268907563,17
Video production,sup_015e67c3b9086804b662,Third Wave Communications Inc.,,1.0,1,119.0,0.8403361344537815,18
Video production,sup_030b7bd6a2e066bdcbbb,Innovate By Day Inc.,,1.0,1,119.0,0.8403361344537815,19
Video production,sup_079c0ace3d17797659ae,Orkestra Marketing inc.,Canada,1.0,1,119.0,0.8403361344537815,20
Video production,sup_0821c5ab1b0e49840291,La boîte ronde productions inc.,Canada,1.0,1,119.0,0.8403361344537815,21
Video production,sup_090a6c2be37ed006227a,Forest Communications Inc,,1.0,1,119.0,0.8403361344537815,22
Video production,sup_09a98217ca3f794a72ed,4D ART LEMIEUX/PILON INC.,Canada,1.0,1,119.0,0.8403361344537815,23
Video production,sup_113fe0d541a7127ab13d,ALI KAY PHOTOGRAPHIE INC.,Canada,1.0,1,119.0,0.8403361344537815,24
Video production,sup_12aba823cbc1b77f9447,Livecast,,1.0,1,119.0,0.8403361344537815,25
Voice-over / narration / audio editing,sup_0ffd67e1ebf10faf8321,WTG Communication GmbH,DEU,4.0,4,35.0,11.428571428571429,1
Voice-over / narration / audio editing,sup_e43df4c71dafc6662b93,METAMINDS,ROU,3.0,3,35.0,8.571428571428571,2
Voice-over / narration / audio editing,sup_0153d7074e71bd5272c7,SVL Business Solutions,United Kingdom,2.0,2,35.0,5.714285714285714,3
Voice-over / narration / audio editing,sup_4053e2d57eb54cfb6030,Frequentis AG,AUT,2.0,2,35.0,5.714285714285714,4
Voice-over / narration / audio editing,sup_6f79629fe8c07370e0e8,Unreal Visual s.r.o.,CZE,2.0,2,35.0,5.714285714285714,5
Voice-over / narration / audio editing,sup_751d2a0be33c8eaaa87d,Besocial s.r.o.,CZE,2.0,2,35.0,5.714285714285714,6
Voice-over / narration / audio editing,sup_cf12b8ea1a23da216a76,eircom Limited (t/a eir business),,1.1428571428571428,2,35.0,3.265306122448979,7
Voice-over / narration / audio editing,sup_00942ccad90c0a1ce1da,TOASTER PICTURES s.r.o.,CZE,1.0,1,35.0,2.857142857142857,8
Voice-over / narration / audio editing,sup_10aca688b146c901ac26,Active Studios B.V.,Nederland,1.0,1,35.0,2.857142857142857,9
Voice-over / narration / audio editing,sup_174eeaf8e1de4c63f2e3,VideoAgency Productions B.V.,Nederland,1.0,1,35.0,2.857142857142857,10
Voice-over / narration / audio editing,sup_28012461f4795f55ec4a,Cibicom A/S,DNK,1.0,1,35.0,2.857142857142857,11
Voice-over / narration / audio editing,sup_2ccce632117f86b91fbd,DE_axelion AG,CHE,1.0,1,35.0,2.857142857142857,12
Voice-over / narration / audio editing,sup_3278a6c42f981da01811,COM plan + service GmbH,DEU,1.0,1,35.0,2.857142857142857,13
Voice-over / narration / audio editing,sup_36d0d9e873dce6aa2dc8,S.C. OMEGA TRUST S.R.L.,ROU,1.0,1,35.0,2.857142857142857,14
Voice-over / narration / audio editing,sup_3851cb2549f64476323f,ORANGE ROMANIA COMMUNICATIONS,RO,1.0,1,35.0,2.857142857142857,15
Voice-over / narration / audio editing,sup_403f89d96e8f2557467f,Plan-B AS,NOR,1.0,1,35.0,2.857142857142857,16
Voice-over / narration / audio editing,sup_74a80c361de375237bc2,А1 България ЕАД,BGR,1.0,1,35.0,2.857142857142857,17
Voice-over / narration / audio editing,sup_8fbe7497b6750e529c5a,SAAB Danmark A/S,DNK,1.0,1,35.0,2.857142857142857,18
Voice-over / narration / audio editing,sup_9abd8caca3a20cf571c6,JG Media Services LTD,United Kingdom,1.0,1,35.0,2.857142857142857,19
Voice-over / narration / audio editing,sup_9aee1fa9b24068784a3f,KAAPS B.V.,Nederland,1.0,1,35.0,2.857142857142857,20
Voice-over / narration / audio editing,sup_9f2c0414500d4a3f7ee6,LastCast Media,,1.0,1,35.0,2.857142857142857,21
Voice-over / narration / audio editing,sup_ce53a955b91ac98ef7bd,In2Content B.V.,Nederland,1.0,1,35.0,2.857142857142857,22
Voice-over / narration / audio editing,sup_ddaf307c5456b2ba167e,Among Equals,United Kingdom,1.0,1,35.0,2.857142857142857,23
Voice-over / narration / audio editing,sup_f05fff53924f5d0e02d2,Bespoken Media,United Kingdom,1.0,1,35.0,2.857142857142857,24
Voice-over / narration / audio editing,sup_fc32b277fae81549f04c,Umwelt Media B.V.,Nederland,1.0,1,35.0,2.857142857142857,25
Web accessibility remediation,sup_cad8870f15cac7235fe0,TRONUS POLSKA Sp. z o.o.,POL,34.0,35,95.0,35.78947368421053,1
Web accessibility remediation,sup_293363763c9d1a4b758f,EMTEL Śliwa spółka komandytowa,POL,13.0,14,95.0,13.68421052631579,2
Web accessibility remediation,sup_5fae7e6579393fa2e9c6,SYNEKTIK S.A.,POL,7.5,8,95.0,7.894736842105263,3
Web accessibility remediation,sup_39efc193f63360a6ae18,Viridian Polska Sp. z o.o.,POL,7.0,8,95.0,7.368421052631579,4
Web accessibility remediation,sup_b6654e3057ba6476ce1c,Stryker Polska Sp. z o.o.,POL,2.5,3,95.0,2.6315789473684212,5
Web accessibility remediation,sup_28012461f4795f55ec4a,Sensus ApS,DNK,2.0,2,95.0,2.1052631578947367,6
Web accessibility remediation,sup_44ea09b8d144d639807e,Axessibility Lab AB,SWE,2.0,2,95.0,2.1052631578947367,7
Web accessibility remediation,sup_6ebd209354c09e7e7a80,Sensus ApS,DK,2.0,2,95.0,2.1052631578947367,8
Web accessibility remediation,sup_aa4ea5e39fced2aa7f85,WARDA Sp. z o.o.,POL,2.0,2,95.0,2.1052631578947367,9
Web accessibility remediation,sup_cb2b9b0cbb4565b3e89b,Klaromed Sp. z o.o.,POL,2.0,2,95.0,2.1052631578947367,10
Web accessibility remediation,sup_0d5d43add6f700cc4049,"RANDSTAD DIGITAL FRANCE,Boscop,ADIMEO",UNKNOWN,1.0,1,95.0,1.0526315789473684,11
Web accessibility remediation,sup_2398397833c58ec73c85,"BOSCOP,TANAGURU",UNKNOWN,1.0,1,95.0,1.0526315789473684,12
Web accessibility remediation,sup_247f7f74614ee69a0c23,Nomensa Ltd,United Kingdom,1.0,1,95.0,1.0526315789473684,13
Web accessibility remediation,sup_2ccce632117f86b91fbd,FR_Ferrari Architectes Lausanne SA,CHE,1.0,1,95.0,1.0526315789473684,14
Web accessibility remediation,sup_2eb6a4a612a827d56e3e,Deque Systems Inc.,,1.0,1,95.0,1.0526315789473684,15
Web accessibility remediation,sup_32ae9905f67662b4ddf3,"Zakład Techniki Medycznej ""TECH-MED"" Sp. z o.o.",POL,1.0,1,95.0,1.0526315789473684,16
Web accessibility remediation,sup_5880e7e4559e79d2b54a,"Groupement PLB – PLB Académie,YCAP-GROUP,CAMEMBEAR (MON POLE FORMATION),ASTON Institut,Groupement PLB – PLB Académie",UNKNOWN,1.0,1,95.0,1.0526315789473684,17
Web accessibility remediation,sup_61273fabd79ee4f08818,Zorgned Automatisering B.V.,Nederland,1.0,1,95.0,1.0526315789473684,18
Web accessibility remediation,sup_6c96928b9f98109598f0,Solita A/S,DNK,1.0,1,95.0,1.0526315789473684,19
Web accessibility remediation,sup_751d2a0be33c8eaaa87d,"Cognito.CZ, s.r.o.",CZE,1.0,1,95.0,1.0526315789473684,20
Web accessibility remediation,sup_76032076143734600e9a,Temesis,UNKNOWN,1.0,1,95.0,1.0526315789473684,21
Web accessibility remediation,sup_841549a12d17237ad802,TALENTO TRANSFORMACIÓN DIGITAL,ESP,1.0,1,95.0,1.0526315789473684,22
Web accessibility remediation,sup_903860574423413bac97,Prototyp Stockholm AB,SWE,1.0,1,95.0,1.0526315789473684,23
Web accessibility remediation,sup_981a56370ad459a54f4b,Nexer Digital,United Kingdom,1.0,1,95.0,1.0526315789473684,24
Web accessibility remediation,sup_997ffcde31850ba5b093,Differ Agency,SE,1.0,1,95.0,1.0526315789473684,25
Web hosting / domain / SSL,sup_b50ff1613a9e13c258a0,Digi Romania S.A.,ROU,30.0,30,600.9999999999999,4.991680532445924,1
Web hosting / domain / SSL,sup_b08af754aa04f02e4962,Capgemini España S.L.,ESP,27.0,27,600.9999999999999,4.492512479201332,2
Web hosting / domain / SSL,sup_8fbe7497b6750e529c5a,NetIP a/s,DNK,12.0,12,600.9999999999999,1.9966722129783698,3
Web hosting / domain / SSL,sup_edd8ad531e311579626b,VODAFONE ROMANIA,ROU,10.0,10,600.9999999999999,1.6638935108153081,4
Web hosting / domain / SSL,sup_2ccce632117f86b91fbd,DE_Konvert AG Marketing & Technologie,CHE,9.0,9,600.9999999999999,1.4975041597337773,5
Web hosting / domain / SSL,sup_e43df4c71dafc6662b93,Digi Romania S.A.,ROU,8.0,8,600.9999999999999,1.3311148086522464,6
Web hosting / domain / SSL,sup_1f44b7e33e998fb5dbbb,IQM FINLAND OY,FIN,7.0,7,600.9999999999999,1.1647254575707158,7
Web hosting / domain / SSL,sup_20a682b459e83c8e59e3,MVM NET Távközlési Szolgáltató Zrt.,HUN,7.0,7,600.9999999999999,1.1647254575707158,8
Web hosting / domain / SSL,sup_9d99e99797028eab456a,ALTUROS DESTINATIONS GMBH,AUT,7.0,7,600.9999999999999,1.1647254575707158,9
Web hosting / domain / SSL,sup_80eedcd23228d8894ed5,"EDUCARIA EURO, S.L.U.",ESP,6.5,7,600.9999999999999,1.0815307820299502,10
Web hosting / domain / SSL,sup_4d9841a0353b39fb50da,KMD A/S,DNK,6.0,6,600.9999999999999,0.9983361064891849,11
Web hosting / domain / SSL,sup_33ce3225cb545328d637,SINEPA SRL,ITA,5.0,5,600.9999999999999,0.8319467554076541,12
Web hosting / domain / SSL,sup_403f89d96e8f2557467f,Experis AS,NOR,5.0,5,600.9999999999999,0.8319467554076541,13
Web hosting / domain / SSL,sup_6425f1a885b4ba302ec4,IDOX SOFTWARE LTD,United Kingdom,5.0,5,600.9999999999999,0.8319467554076541,14
Web hosting / domain / SSL,sup_6cd744b8ca5985331b1d,FERREIRA LOPES ARMANDO,FRA,4.5,5,600.9999999999999,0.7487520798668886,15
Web hosting / domain / SSL,sup_0212cbc42bcd97f93322,Technologinių paslaugų sprendimai,LTU,4.0,4,600.9999999999999,0.6655574043261232,16
Web hosting / domain / SSL,sup_14ade932b50fca1a3b46,Moxis A/S,DNK,4.0,4,600.9999999999999,0.6655574043261232,17
Web hosting / domain / SSL,sup_5e309a38f76a245770f7,Omnis Cloud S.à r.l.,LUX,4.0,4,600.9999999999999,0.6655574043261232,18
Web hosting / domain / SSL,sup_841549a12d17237ad802,"ThinkUPC, S.L.U.",ESP,4.0,4,600.9999999999999,0.6655574043261232,19
Web hosting / domain / SSL,sup_cad8870f15cac7235fe0,Trafford IT sp. z o.o. sp. k.,POL,4.0,4,600.9999999999999,0.6655574043261232,20
Web hosting / domain / SSL,sup_fedb62e7000df298af00,"SOPRA STERIA ESPAÑA, S.A.U.",ESP,4.0,4,600.9999999999999,0.6655574043261232,21
Web hosting / domain / SSL,sup_dff39380d1dab979e8d8,TELECOM ITALIA SPA o TIM SPA,ITA,3.5,4,600.9999999999999,0.5823627287853579,22
Web hosting / domain / SSL,sup_0f60e39c7239fec4f497,Pheonix Software Ltd,United Kingdom,3.0,3,600.9999999999999,0.49916805324459246,23
Web hosting / domain / SSL,sup_21e5ef6926ceaf8afa9f,Dedalus Healthcare Ireland,,3.0,3,600.9999999999999,0.49916805324459246,24
Web hosting / domain / SSL,sup_21f5bc35ef223a156180,Civica UK Limited,United Kingdom,3.0,3,600.9999999999999,0.49916805324459246,25
Website design / redesign,sup_6f79629fe8c07370e0e8,ha-vel internet s.r.o.,CZE,776.25,777,4978.999999999995,15.590480016067497,1
Website design / redesign,sup_23abe305051e8100ba01,ha-vel internet s.r.o.,CZ,81.0,81,4978.999999999995,1.6268326973287823,2
Website design / redesign,sup_403f89d96e8f2557467f,KNOWIT EXPERIENCE BERGEN AS,NOR,43.0,43,4978.999999999995,0.8636272343844154,3
Website design / redesign,sup_a06604f7101af98d86c1,O2 Czech Republic a.s.,CZ,33.0,33,4978.999999999995,0.6627836915043187,4
Website design / redesign,sup_731ad2bdf65c8b239b5f,T-Mobile Czech Republic a.s.,CZ,31.0,31,4978.999999999995,0.6226149829282994,5
Website design / redesign,sup_751d2a0be33c8eaaa87d,ha-vel internet s.r.o.,CZE,29.25,30,4978.999999999995,0.5874673629242825,6
Website design / redesign,sup_e43df4c71dafc6662b93,SYNESIS PARTNERS,ROU,28.5,29,4978.999999999995,0.5724040972082752,7
Website design / redesign,sup_1102fe0474b9dbb968f1,9254-3685 QUÉBEC INC.,Canada,28.0,28,4978.999999999995,0.5623619200642704,8
Website design / redesign,sup_2ccce632117f86b91fbd,DE_Dream Production AG,CHE,26.0,26,4978.999999999995,0.5221932114882512,9
Website design / redesign,sup_8fbe7497b6750e529c5a,BioCirc CO2 ApS,DNK,23.0,23,4978.999999999995,0.46194014862422217,10
Website design / redesign,sup_b08af754aa04f02e4962,HAMAMATSU PHOTONICS FRANCE SUCURSAL EN ESPAÑA,ESP,19.0,19,4978.999999999995,0.38160273147218354,11
Website design / redesign,sup_cad8870f15cac7235fe0,SYGNITY S.A.,POL,18.0,18,4978.999999999995,0.36151837718417384,12
Website design / redesign,sup_11965fd8acd90bfbb8dc,VERTICAL DESIGN S.R.L.,RO,17.0,17,4978.999999999995,0.3414340228961642,13
Website design / redesign,sup_8b0b9a9e88e3a0dc7674,Calian Ltd.,,16.0,16,4978.999999999995,0.32134966860815456,14
Website design / redesign,sup_6ae310eca0c0a4fe71aa,Promaxis Systems Inc.,,15.0,15,4978.999999999995,0.30126531432014486,15
Website design / redesign,sup_44ea09b8d144d639807e,Accessibility Cloud AB,SWE,13.0,13,4978.999999999995,0.2610966057441256,16
Website design / redesign,sup_80cb6366c63796459a24,Globaldizajn d.o.o.,HRV,13.0,13,4978.999999999995,0.2610966057441256,17
Website design / redesign,sup_014c9dd91bb22d430505,Groupe Quantik Activis Inc.,Canada,12.0,12,4978.999999999995,0.2410122514561159,18
Website design / redesign,sup_26e7246dcc8003608081,GROUPE TOUMORO INC.,Canada,12.0,12,4978.999999999995,0.2410122514561159,19
Website design / redesign,sup_cd5399fef363eb2a9d46,Probity Health Ltd,,12.0,12,4978.999999999995,0.2410122514561159,20
Website design / redesign,sup_5fae7e6579393fa2e9c6,TEMIS Sp. z o.o.,POL,11.5,13,4978.999999999995,0.23097007431211108,21
Website design / redesign,sup_b50ff1613a9e13c258a0,TREND IMPORT EXPORT,ROU,11.5,12,4978.999999999995,0.23097007431211108,22
Website design / redesign,sup_cb8e5f36ec50424ff878,Babiel GmbH,DEU,11.0,11,4978.999999999995,0.22092789716810624,23
Website design / redesign,sup_fee12ab1d0e90b4cd47c,dreipol GmbH,CHE,10.083333333333334,12,4978.999999999995,0.20251723907076408,24
Website design / redesign,sup_b7f2c477417890c81537,SoftSim Technologies Inc.,,10.0,10,4978.999999999995,0.2008435428800966,25
Website maintenance / content updates,sup_403f89d96e8f2557467f,Tratec Norcon AS,NOR,6.0,6,91.0,6.593406593406593,1
Website maintenance / content updates,sup_1908fd54204ae3a6dc28,CRESCENDO SYSTEMS CORPORATION,Canada,3.0,3,91.0,3.2967032967032965,2
Website maintenance / content updates,sup_dff39380d1dab979e8d8,Hitachi Rail STS S.p.A.,ITA,3.0,3,91.0,3.2967032967032965,3
Website maintenance / content updates,sup_f6406348aaf1fc4f777c,HIGH-TOUCH COMMUNICATIONS INC.,Canada,3.0,3,91.0,3.2967032967032965,4
Website maintenance / content updates,sup_10b1a0b2c3124613e50c,PRISME TECHNOLOGIES INC.,Canada,2.0,2,91.0,2.197802197802198,5
Website maintenance / content updates,sup_5196f0da0639ebc70b38,IPSICOM,UNKNOWN,2.0,2,91.0,2.197802197802198,6
Website maintenance / content updates,sup_66a4afa1c8ec37c7ad8e,Società Cooperativa Culture,ITA,2.0,2,91.0,2.197802197802198,7
Website maintenance / content updates,sup_8222f78883e7563a2662,Routeware / Recollect,Canada,2.0,2,91.0,2.197802197802198,8
Website maintenance / content updates,sup_83cd4841b166f78b1811,VORTEX SOLUTION INC.,Canada,2.0,2,91.0,2.197802197802198,9
Website maintenance / content updates,sup_d35fba38768a952819ca,9753745 CANADA LTD.,Canada,2.0,2,91.0,2.197802197802198,10
Website maintenance / content updates,sup_e43df4c71dafc6662b93,MAGUAY COMPUTERS,ROU,2.0,2,91.0,2.197802197802198,11
Website maintenance / content updates,sup_0352b4080b4479042165,ALTIA,ESP,1.5,3,91.0,1.6483516483516483,12
Website maintenance / content updates,sup_80eedcd23228d8894ed5,BILBOMATICA,ESP,1.5,3,91.0,1.6483516483516483,13
Website maintenance / content updates,sup_00db34cddb23bd3ea227,ALFA SAFETY,UNKNOWN,1.0,1,91.0,1.098901098901099,14
Website maintenance / content updates,sup_0d3cb003a84e1700e934,SUN-TEC Sàrl,LUX,1.0,1,91.0,1.098901098901099,15
Website maintenance / content updates,sup_14ed29dabd9cf9104e78,VEOLIA-GEVAL,UNKNOWN,1.0,1,91.0,1.098901098901099,16
Website maintenance / content updates,sup_216e99bba3b23b881f32,MCS GmbH,DEU,1.0,1,91.0,1.098901098901099,17
Website maintenance / content updates,sup_245de58025ec2575dbc9,SITA B.V. (Huvudkonto),SWE,1.0,1,91.0,1.098901098901099,18
Website maintenance / content updates,sup_2c20b6d12ba8a2e0dd3c,WSP UK Limited,United Kingdom,1.0,1,91.0,1.098901098901099,19
Website maintenance / content updates,sup_2ccce632117f86b91fbd,FR_Ascom Solutions AG,CHE,1.0,1,91.0,1.098901098901099,20
Website maintenance / content updates,sup_2cfb18487911f953b0c0,WAKELEY TREE SURGEONS LIMITED,United Kingdom,1.0,1,91.0,1.098901098901099,21
Website maintenance / content updates,sup_2d2d9bbcfc10de4fde16,GDI Dooel Skopje,MK,1.0,1,91.0,1.098901098901099,22
Website maintenance / content updates,sup_2ea73e255a499d7a37d0,Quorum Technologies Inc.,Canada,1.0,1,91.0,1.098901098901099,23
Website maintenance / content updates,sup_33ce3225cb545328d637,AUS.TECH S.R.L.,ITA,1.0,1,91.0,1.098901098901099,24
Website maintenance / content updates,sup_36d9f96d177105033512,ESRI CANADA LIMITEE,Canada,1.0,1,91.0,1.098901098901099,25
Workflow automation / RPA,sup_b08af754aa04f02e4962,EY TRANSFORMA SERVICIOS DE CONSULTORIA SL,ESP,27.0,27,605.0,4.462809917355372,1
Workflow automation / RPA,sup_c589717ef3fc1fefe895,9067-4367 QUÉBEC INC.,Canada,17.0,17,605.0,2.809917355371901,2
Workflow automation / RPA,sup_943649274d6356267826,9322-1257 Québec inc.,Canada,16.0,16,605.0,2.644628099173554,3
Workflow automation / RPA,sup_bd0d8f4873096bf14b52,MANOIR LE SAPINOIS,Canada,15.0,15,605.0,2.479338842975207,4
Workflow automation / RPA,sup_6f79629fe8c07370e0e8,KHSanace s.r.o.,CZE,14.5,16,605.0,2.396694214876033,5
Workflow automation / RPA,sup_69492a434344104df8bb,9217-2451 QUÉBEC INC.,Canada,14.0,14,605.0,2.3140495867768593,6
Workflow automation / RPA,sup_3acd2038c0981a3059aa,GROUPE DE SECURITE GARDA SENC,Canada,13.0,13,605.0,2.1487603305785123,7
Workflow automation / RPA,sup_723fe93ea3ce0dd72e4d,9049-4659 QUÉBEC INC.,Canada,13.0,13,605.0,2.1487603305785123,8
Workflow automation / RPA,sup_4dbcee8ea83a1cc14d78,IKR Agro-Vár Mezőgazdasági és Szolgáltató Korlátolt Felelősségű Társaság,HUN,11.0,11,605.0,1.8181818181818181,9
Workflow automation / RPA,sup_1546150d5753b4e40d75,9267-2526 Québec inc.,Canada,10.0,10,605.0,1.6528925619834711,10
Workflow automation / RPA,sup_c7a24c1f0b88e42cb358,9129-3381 QUÉBEC INC.,Canada,10.0,10,605.0,1.6528925619834711,11
Workflow automation / RPA,sup_cad8870f15cac7235fe0,NAVIGA – KRZYSZTOF MAKOWSKI Sp. z o.o.,POL,9.5,10,605.0,1.5702479338842976,12
Workflow automation / RPA,sup_977271911030a034befb,PROVENTUS TRADE Mezőgazdasági Kereskedelmi Korlátolt Felelősségű Társaság,HUN,9.0,9,605.0,1.487603305785124,13
Workflow automation / RPA,sup_d2e0db6b854bf86707bc,RÉSIDENCE LAFOND INC.,Canada,9.0,9,605.0,1.487603305785124,14
Workflow automation / RPA,sup_14f37d4ab77487da19ad,9401-8504 Québec inc.,Canada,8.0,8,605.0,1.322314049586777,15
Workflow automation / RPA,sup_841549a12d17237ad802,"SERVINFORM, S.A.",ESP,8.0,8,605.0,1.322314049586777,16
Workflow automation / RPA,sup_b00ccce7a9d0337728a0,SOCIÉTÉ EN COMMANDITE RESIDENCE SALABERRY,Canada,8.0,8,605.0,1.322314049586777,17
Workflow automation / RPA,sup_bc0cb6c33cdc25e1de5b,RÉSIDENCE RACETTE,Canada,8.0,8,605.0,1.322314049586777,18
Workflow automation / RPA,sup_5c61980cc9d88bb01173,9162-2126 QUÉBEC INC.,Canada,7.0,7,605.0,1.1570247933884297,19
Workflow automation / RPA,sup_c775f8ef7dd978d7e161,RÉSIDENCE BEAUHARNOIS,Canada,7.0,7,605.0,1.1570247933884297,20
Workflow automation / RPA,sup_ffe1a1a84e6e5fd780c3,"RPA RAWDON STE-ANNE, S.E.C.",Canada,7.0,7,605.0,1.1570247933884297,21
Workflow automation / RPA,sup_191796ed9c3d5ea30db8,NAVIGA – KRZYSZTOF MAKOWSKI Sp. z o.o.,PL,6.0,6,605.0,0.9917355371900827,22
Workflow automation / RPA,sup_1e6206bf252881c80a59,IKR Agro-Vár Mezőgazdasági és Szolgáltató Korlátolt Felelősségű Társaság,HUN,6.0,6,605.0,0.9917355371900827,23
Workflow automation / RPA,sup_2384ad24ad734bcf7e18,9118-0463 QUÉBEC INC.,Canada,6.0,6,605.0,0.9917355371900827,24
Workflow automation / RPA,sup_6461d84548ba47935eb8,Résidence Le Languedoc,Canada,6.0,6,605.0,0.9917355371900827,25
