Category,Subcategory,Tender_Count,Unique_Buyers,Source_Count,Country_Count,Median_Lean_Fit,Recent_12m_Share_Pct,Repeat_Tenders,Repeat_Tender_Share_Pct,Volume_Pct,Buyer_Pct,Lean_Pct,Empirical_Discovery_Score,Derived_Status
Automation / software,IT services / software,71889,7343,5,77,60.0,33.31524989915008,57006,79.29724992697075,0.999534233814625,0.9993479273404751,0.9993479273404751,96.84680534494336,DERIVED_EMPIRICAL
Other,UNKNOWN,1524760,58757,8,274,20.0,33.0339200923424,1134263,74.38960885647577,1.0,1.0,0.9992547741034001,96.79563129181916,DERIVED_EMPIRICAL
Creative / communications,Design / publishing,54826,10841,8,171,82.0,29.464122861416115,39535,72.1099478349688,0.9994410805775501,0.9996273870517001,0.999720540288775,95.83045760390752,DERIVED_EMPIRICAL
Monitoring / research,Monitoring / analysis,36277,9721,8,105,70.0,28.348540397497036,24144,66.5545662541004,0.9992547741034001,0.9994410805775501,0.999534233814625,94.33975376249411,DERIVED_EMPIRICAL
Web,Website / CMS,7870,2259,8,56,88.0,36.251588310038116,4660,59.212198221092756,0.9989753143921751,0.9990684676292502,0.99981369352585,93.91997563710582,DERIVED_EMPIRICAL
Automation / software,Software / automation,85692,10381,8,92,74.0,32.3530784670681,51147,59.68701862484246,0.999720540288775,0.999534233814625,0.9996273870517001,93.06794734037567,DERIVED_EMPIRICAL
Printing,Print / routing,6208,2509,5,57,66.0,29.268685567010312,2735,44.056056701030926,0.9988821611551001,0.9991616208663251,0.9994410805775501,86.85458352111462,DERIVED_EMPIRICAL
Document / data,Digitization / OCR,8198,2235,8,74,92.0,30.336667479873142,3422,41.741888265430596,0.9990684676292502,0.9989753143921751,1.0,86.35638268251033,DERIVED_EMPIRICAL
Other,General-practitioner services,900,105,1,1,15.0,45.44444444444444,813,90.33333333333333,0.9979506287843503,0.9952491849091756,9.315323707498835e-05,81.84797391709363,DERIVED_EMPIRICAL
Other,Public road transport services,271,60,1,1,15.0,46.86346863468634,214,78.96678966789668,0.9959012575687005,0.9905915230554262,9.315323707498835e-05,81.69632044713553,DERIVED_EMPIRICAL
Other,Pharmacy services,328,68,1,1,15.0,43.292682926829265,256,78.04878048780488,0.9966464834653004,0.992268281322776,9.315323707498835e-05,81.2958099976901,DERIVED_EMPIRICAL
Other,Hospital and related services,305,89,1,1,15.0,42.62295081967213,237,77.70491803278688,0.9964601769911504,0.9945039590125757,9.315323707498835e-05,81.16192832291085,DERIVED_EMPIRICAL
Other,Medical hospital services,85,20,1,1,15.0,45.88235294117647,64,75.29411764705883,0.9877969259431765,0.9630181648812296,9.315323707498835e-05,80.89520260829065,DERIVED_EMPIRICAL
Other,*Software,69,20,1,1,15.0,53.62318840579711,49,71.01449275362319,0.983698183511877,0.9630181648812296,9.315323707498835e-05,80.79683278993946,DERIVED_EMPIRICAL
Other,Dental practice and related services,216,78,1,1,15.0,45.83333333333333,143,66.20370370370371,0.9947834187238006,0.9932929669306009,9.315323707498835e-05,80.42733677852448,DERIVED_EMPIRICAL
Other,*Temporary personnel services,317,21,1,1,15.0,42.27129337539432,300,94.6372239747634,0.9965533302282255,0.9646017699115044,9.315323707498835e-05,80.41254052190301,DERIVED_EMPIRICAL
Other,Psychiatric hospital services,101,31,1,1,15.0,48.51485148514851,68,67.32673267326733,0.9899394503959013,0.9774569166278528,9.315323707498835e-05,80.34772693584483,DERIVED_EMPIRICAL
Other,*Lease and rental of property or building,55,12,1,1,15.0,47.27272727272727,46,83.63636363636364,0.9796925943176525,0.9377736376339078,9.315323707498835e-05,80.14531904983698,DERIVED_EMPIRICAL
Other,*Office or work chair,43,13,1,1,15.0,48.837209302325576,31,72.09302325581395,0.9736376339077782,0.9433628318584071,9.315323707498835e-05,80.12296227293899,DERIVED_EMPIRICAL
Other,Environmental services.,72,19,1,1,15.0,41.66666666666667,54,75.0,0.9843502561714019,0.9621797857475547,9.315323707498835e-05,79.90514930393832,DERIVED_EMPIRICAL
Other,*Office furniture,236,63,1,1,15.0,38.13559322033898,178,75.42372881355932,0.9953423381462506,0.9914299021891011,9.315323707498835e-05,79.87084224736132,DERIVED_EMPIRICAL
Other,Surgical hospital services,102,31,1,1,15.0,39.21568627450981,81,79.41176470588235,0.9901257568700512,0.9774569166278528,9.315323707498835e-05,79.72626342883062,DERIVED_EMPIRICAL
Other,Residential nursing care services,121,30,1,1,15.0,38.84297520661157,93,76.85950413223141,0.991802515137401,0.9766185374941779,9.315323707498835e-05,79.64867166819998,DERIVED_EMPIRICAL
Other,Pathology services,211,73,1,1,15.0,53.55450236966824,134,63.507109004739334,0.9945971122496506,0.9928272007452259,9.315323707498835e-05,79.488071813136,DERIVED_EMPIRICAL
Other,*Valves,93,7,1,1,15.0,54.83870967741935,86,92.47311827956989,0.9890079180251514,0.8948299953423381,9.315323707498835e-05,79.42412668840242,DERIVED_EMPIRICAL
Other,Optician services,143,31,1,1,15.0,37.76223776223776,114,79.72027972027972,0.9929203539823008,0.9774569166278528,9.315323707498835e-05,79.4057474895854,DERIVED_EMPIRICAL
Other,Orthodontic services,34,9,1,1,15.0,70.58823529411765,29,85.29411764705883,0.9662785281788542,0.9171867722403354,9.315323707498835e-05,79.37047042384724,DERIVED_EMPIRICAL
Other,*Commercial and office building renovation and repair service,27,10,1,1,15.0,55.55555555555556,19,70.37037037037037,0.9575221238938053,0.9249184909175594,9.315323707498835e-05,79.33041453190499,DERIVED_EMPIRICAL
Other,Psychiatrist or psychologist services,216,73,1,1,15.0,38.88888888888889,146,67.5925925925926,0.9947834187238006,0.9928272007452259,9.315323707498835e-05,79.26365076900709,DERIVED_EMPIRICAL
UNKNOWN,UNKNOWN,103676,4450,1,1,,34.535475905706235,101409,97.81338014583896,0.99981369352585,0.9992547741034001,0.0,79.18859391641686,DERIVED_EMPIRICAL
Other,*Vehicle rental,33,8,1,1,15.0,57.57575757575758,26,78.78787878787878,0.9651606893339544,0.9082440614811365,9.315323707498835e-05,79.14690265486726,DERIVED_EMPIRICAL
Other,*Marine craft systems and subassemblies,87,6,1,1,15.0,51.724137931034484,81,93.10344827586206,0.9879832324173266,0.8745225896599906,9.315323707498835e-05,78.95277130880298,DERIVED_EMPIRICAL
Other,*Aerospace systems and components and equipment,48,6,1,1,15.0,50.0,45,93.75,0.9766185374941779,0.8745225896599906,9.315323707498835e-05,78.68001863064742,DERIVED_EMPIRICAL
Other,*Commercial and office building construction services,24,7,1,1,15.0,45.83333333333333,18,75.0,0.951932929669306,0.8948299953423381,9.315323707498835e-05,78.53432696786213,DERIVED_EMPIRICAL
Other,Health services,5531,572,1,1,15.0,32.146085698788646,5098,92.17139757729163,0.9987890079180252,0.9986027014438752,9.315323707498835e-05,78.51416189974218,DERIVED_EMPIRICAL
Other,Services provided by medical laboratories,95,27,1,1,15.0,34.73684210526316,69,72.63157894736842,0.9892873777363763,0.9741034000931532,9.315323707498835e-05,78.4380065207266,DERIVED_EMPIRICAL
Other,*Measuring and observing and testing instruments,34,9,1,1,15.0,41.17647058823529,29,85.29411764705883,0.9662785281788542,0.9171867722403354,9.315323707498835e-05,78.35086258070999,DERIVED_EMPIRICAL
Language,Translation / transcription,16911,1385,8,59,90.0,32.0915380521554,2871,16.97711548696115,0.9991616208663251,0.9988821611551001,0.999906846762925,78.33207847832668,DERIVED_EMPIRICAL
Other,*Snow removal services,58,14,1,1,15.0,36.206896551724135,44,75.86206896551724,0.9808104331625525,0.9481136469492315,9.315323707498835e-05,78.0547998008448,DERIVED_EMPIRICAL
Other,Emergency lighting equipment.,28,11,1,1,15.0,39.285714285714285,20,71.42857142857143,0.9588262692128552,0.9319981369352585,9.315323707498835e-05,77.99365670814204,DERIVED_EMPIRICAL
Other,*Architectural engineering,81,13,1,1,15.0,35.80246913580247,73,90.12345679012346,0.9870517000465766,0.9433628318584071,9.315323707498835e-05,77.9922249631508,DERIVED_EMPIRICAL
Other,Home medical treatment services,44,14,1,1,15.0,36.36363636363637,33,75.0,0.9740102468560783,0.9481136469492315,9.315323707498835e-05,77.93339261266603,DERIVED_EMPIRICAL
Other,ENT or audiologist services,114,42,1,1,15.0,31.57894736842105,81,71.05263157894737,0.9911504424778761,0.9838844899860271,9.315323707498835e-05,77.85579878900792,DERIVED_EMPIRICAL
Other,*Pumps,29,5,1,1,15.0,62.06896551724138,25,86.20689655172414,0.9609687936655799,0.848439683278994,9.315323707498835e-05,77.73060083837913,DERIVED_EMPIRICAL
Other,Financial consultancy services.,338,67,1,1,15.0,29.88165680473373,277,81.95266272189349,0.9968327899394503,0.992081974848626,9.315323707498835e-05,77.7199089780796,DERIVED_EMPIRICAL
Other,In vitro fertilisation services,99,11,1,1,15.0,35.35353535353536,91,91.91919191919192,0.9898462971588262,0.9319981369352585,9.315323707498835e-05,77.6895563302643,DERIVED_EMPIRICAL
Other,Services,116443,22005,1,1,15.0,28.46972338397327,99208,85.19876677859554,0.999906846762925,0.999906846762925,9.315323707498835e-05,77.58931794508811,DERIVED_EMPIRICAL
Other,*Laboratory and scientific equipment,406,41,1,1,15.0,30.049261083743843,380,93.5960591133005,0.9972985561248253,0.9836050302748021,9.315323707498835e-05,77.58928906030717,DERIVED_EMPIRICAL
Other,*Fixed wing aircraft maintenance and repair services,16,6,1,1,15.0,56.25,12,75.0,0.9292966930600839,0.8745225896599906,9.315323707498835e-05,77.54429436422916,DERIVED_EMPIRICAL
Other,Geriatric services,27,5,1,1,15.0,44.44444444444444,26,96.29629629629629,0.9575221238938053,0.848439683278994,9.315323707498835e-05,77.4997326157084,DERIVED_EMPIRICAL
Other,Fournitures,54656,11448,1,1,15.0,28.159762880562063,45634,83.4931206088993,0.9993479273404751,0.999720540288775,9.315323707498835e-05,77.48914900227501,DERIVED_EMPIRICAL
Other,*Communications Devices and Accessories,23,5,1,1,15.0,47.82608695652174,20,86.95652173913044,0.9503493246390312,0.848439683278994,9.315323707498835e-05,77.47573358174196,DERIVED_EMPIRICAL
Other,*Application or technology research and development service,31,8,1,1,15.0,38.70967741935484,24,77.41935483870968,0.9633907778295295,0.9082440614811365,9.315323707498835e-05,77.42700542392235,DERIVED_EMPIRICAL
Other,*Highway and road maintenance service,21,5,1,1,15.0,57.14285714285714,18,85.71428571428571,0.9452258965999069,0.848439683278994,9.315323707498835e-05,77.35277130880299,DERIVED_EMPIRICAL
Other,Travaux,72695,16648,1,1,15.0,27.583740284751357,58853,80.95880046770755,0.9996273870517001,0.99981369352585,9.315323707498835e-05,77.34429938101056,DERIVED_EMPIRICAL
Other,Community health services,925,207,1,1,15.0,27.89189189189189,762,82.37837837837837,0.9980437820214253,0.9975780158360503,9.315323707498835e-05,77.3392817130125,DERIVED_EMPIRICAL
Other,Hospital services,160,61,1,1,15.0,34.375,105,65.625,0.9941313460642758,0.9908709827666511,9.315323707498835e-05,77.32665735134296,DERIVED_EMPIRICAL
Other,Education and training services.,358,120,1,1,15.0,27.6536312849162,253,70.67039106145252,0.9971122496506754,0.9960875640428505,9.315323707498835e-05,77.22059883480394,DERIVED_EMPIRICAL
Other,*Agricultural tractors,38,13,1,1,15.0,34.21052631578947,29,76.3157894736842,0.9700978108989288,0.9433628318584071,9.315323707498835e-05,77.16081353827046,DERIVED_EMPIRICAL
Other,*Cleaning and janitorial services,119,28,1,1,15.0,29.411764705882355,96,80.67226890756302,0.991709361900326,0.975314392175128,9.315323707498835e-05,77.10275532662996,DERIVED_EMPIRICAL
Other,*Electrical system services,27,6,1,1,15.0,40.74074074074074,20,74.07407407407408,0.9575221238938053,0.8745225896599906,9.315323707498835e-05,77.08590223510267,DERIVED_EMPIRICAL
Other,*Furniture *Office furniture,17,7,1,1,15.0,41.17647058823529,12,70.58823529411765,0.9332091290172333,0.8948299953423381,9.315323707498835e-05,77.06534790907513,DERIVED_EMPIRICAL
Other,*Laboratory filtering equipment and supplies,17,5,1,1,15.0,52.94117647058824,12,70.58823529411765,0.9332091290172333,0.848439683278994,9.315323707498835e-05,77.06436888681883,DERIVED_EMPIRICAL
Other,*Banquet and catering services,18,5,1,1,15.0,44.44444444444444,15,83.33333333333333,0.9374941779226829,0.848439683278994,9.315323707498835e-05,77.01906191240145,DERIVED_EMPIRICAL
Other,"Laboratory, optical and precision equipments (excl. glasses).",238,29,1,1,15.0,28.57142857142857,219,92.01680672268908,0.9954354913833255,0.975780158360503,9.315323707498835e-05,76.97833965444585,DERIVED_EMPIRICAL
Other,"Architectural, construction, engineering and inspection services.",648,183,1,1,15.0,26.543209876543212,494,76.23456790123457,0.9976711690731253,0.9971122496506754,9.315323707498835e-05,76.96044360874875,DERIVED_EMPIRICAL
Other,*Bridge construction and repair service,33,6,1,1,15.0,39.39393939393939,31,93.93939393939394,0.9651606893339544,0.8745225896599906,9.315323707498835e-05,76.91008077985256,DERIVED_EMPIRICAL
Other,*Motor vehicles,29,12,1,1,15.0,34.48275862068966,21,72.41379310344827,0.9609687936655799,0.9377736376339078,9.315323707498835e-05,76.89135013303782,DERIVED_EMPIRICAL
Other,*Aircraft equipment,92,9,1,1,15.0,33.69565217391305,88,95.65217391304348,0.9885421518397765,0.9171867722403354,9.315323707498835e-05,76.89030463808618,DERIVED_EMPIRICAL
Other,*Ammunition,15,5,1,1,15.0,46.666666666666664,11,73.33333333333333,0.9245458779692595,0.848439683278994,9.315323707498835e-05,76.85645086166744,DERIVED_EMPIRICAL
Other,Ophthalmologist services,96,41,1,1,15.0,28.125,67,69.79166666666667,0.9894736842105263,0.9836050302748021,9.315323707498835e-05,76.81692727393705,DERIVED_EMPIRICAL
Other,Construction work.,1478,375,1,1,15.0,25.57510148849797,1128,76.31935047361299,0.9983232417326502,0.9982300884955753,9.315323707498835e-05,76.74252357035306,DERIVED_EMPIRICAL
Other,Medical specialist services,108,47,1,1,15.0,39.81481481481482,65,60.18518518518518,0.9905915230554262,0.9862133209129017,9.315323707498835e-05,76.72477095721935,DERIVED_EMPIRICAL
Other,*Light trucks or sport utility vehicles,14,5,1,1,15.0,50.0,11,78.57142857142857,0.9187703772706102,0.848439683278994,9.315323707498835e-05,76.71783884489986,DERIVED_EMPIRICAL
Other,*Unmanned aerial vehicle,14,5,1,1,15.0,57.14285714285714,10,71.42857142857143,0.9187703772706102,0.848439683278994,9.315323707498835e-05,76.71783884489986,DERIVED_EMPIRICAL
Other,*Elevator maintenance services,25,4,1,1,15.0,52.0,22,88.0,0.9538891476478808,0.8095016301816488,9.315323707498835e-05,76.70405216581277,DERIVED_EMPIRICAL
Other,*Professional engineering services,55,15,1,1,15.0,30.909090909090907,43,78.18181818181819,0.9796925943176525,0.952026082906381,9.315323707498835e-05,76.70129708825564,DERIVED_EMPIRICAL
Other,Architectural and related services.,334,132,1,1,15.0,33.532934131736525,212,63.47305389221557,0.9967396367023754,0.9963670237540755,9.315323707498835e-05,76.54780823607959,DERIVED_EMPIRICAL
Other,*Information technology consultation services,149,49,1,1,15.0,26.845637583892618,103,69.12751677852349,0.9931998136935258,0.9870517000465766,9.315323707498835e-05,76.41330927246845,DERIVED_EMPIRICAL
Other,*Vehicle maintenance and repair services,28,4,1,1,15.0,42.857142857142854,27,96.42857142857143,0.9588262692128552,0.8095016301816488,9.315323707498835e-05,76.25111451194357,DERIVED_EMPIRICAL
Other,*Fire protection system and equipment maintenance or repair service,11,5,1,1,15.0,72.72727272727273,9,81.81818181818181,0.8985561248253376,0.848439683278994,9.315323707498835e-05,76.23269678621331,DERIVED_EMPIRICAL
Other,Gynaecological hospital services,23,11,1,1,15.0,65.21739130434783,14,60.869565217391305,0.9503493246390312,0.9319981369352585,9.315323707498835e-05,76.18358477957109,DERIVED_EMPIRICAL
Other,Health services.,89,22,1,1,15.0,26.96629213483146,69,77.52808988764045,0.9882626921285514,0.9664648346530041,9.315323707498835e-05,76.17321896767373,DERIVED_EMPIRICAL
Other,Medical consumables,137,44,1,1,15.0,27.73722627737226,93,67.88321167883211,0.9927340475081509,0.9851886353050768,9.315323707498835e-05,76.1722815533116,DERIVED_EMPIRICAL
Other,*Product and material trailers,30,9,1,1,15.0,33.33333333333333,22,73.33333333333333,0.9619934792734047,0.9171867722403354,9.315323707498835e-05,76.15651813900534,DERIVED_EMPIRICAL
Other,*Real estate services,46,8,1,1,15.0,32.608695652173914,43,93.47826086956522,0.9751280857009781,0.9082440614811365,9.315323707498835e-05,76.08177234158889,DERIVED_EMPIRICAL
Other,*Military transport aircraft,77,3,1,1,15.0,55.84415584415584,77,100.0,0.9856544014904518,0.7462505822077318,9.315323707498835e-05,76.07489520260829,DERIVED_EMPIRICAL
Other,Miscellaneous health services,677,109,1,1,15.0,23.338257016248154,578,85.37666174298376,0.9977643223102003,0.9955286446204006,9.315323707498835e-05,76.07318587969381,DERIVED_EMPIRICAL
Other,Medical practice services,90,43,1,1,15.0,53.333333333333336,49,54.44444444444444,0.9884489986027014,0.9845365626455519,9.315323707498835e-05,76.050923769601,DERIVED_EMPIRICAL
Other,*Military science and research,15,4,1,1,15.0,46.666666666666664,13,86.66666666666667,0.9245458779692595,0.8095016301816488,9.315323707498835e-05,75.99981369352585,DERIVED_EMPIRICAL
Other,*Vocational rehabilitation services,15,4,1,1,15.0,46.666666666666664,12,80.0,0.9245458779692595,0.8095016301816488,9.315323707498835e-05,75.99981369352585,DERIVED_EMPIRICAL
Other,"Administrative recreational, cultural and religious services.",15,4,1,1,15.0,46.666666666666664,13,86.66666666666667,0.9245458779692595,0.8095016301816488,9.315323707498835e-05,75.99981369352585,DERIVED_EMPIRICAL
Other,*Parachutes,25,9,1,1,15.0,36.0,17,68.0,0.9538891476478808,0.9171867722403354,9.315323707498835e-05,75.98741100538959,DERIVED_EMPIRICAL
Other,Rehabilitation services,214,83,1,1,15.0,29.906542056074763,139,64.95327102803738,0.9946902654867257,0.9937587331159757,9.315323707498835e-05,75.98170606401871,DERIVED_EMPIRICAL
Other,*Heating and cooling and air conditioning HVAC construction and maintenance services,21,4,1,1,15.0,42.857142857142854,18,85.71428571428571,0.9452258965999069,0.8095016301816488,9.315323707498835e-05,75.92470556923281,DERIVED_EMPIRICAL
Other,Legal services.,158,60,1,1,15.0,30.37974683544304,102,64.55696202531645,0.9940381928272007,0.9905915230554262,9.315323707498835e-05,75.88668826766141,DERIVED_EMPIRICAL
Other,Transport services (excl. Waste transport),5103,157,1,1,15.0,22.202625906329608,4945,96.90378208896728,0.9986958546809501,0.9967396367023754,9.315323707498835e-05,75.81934951975032,DERIVED_EMPIRICAL
Other,Urologist services,19,10,1,1,15.0,42.10526315789473,12,63.1578947368421,0.9406613879832324,0.9249184909175594,9.315323707498835e-05,75.8079623838357,DERIVED_EMPIRICAL
Other,*Material handling machinery and equipment,25,8,1,1,15.0,36.0,17,68.0,0.9538891476478808,0.9082440614811365,9.315323707498835e-05,75.7906713686872,DERIVED_EMPIRICAL
Other,*Drugs and Pharmaceutical Products,47,5,1,1,15.0,36.17021276595745,44,93.61702127659575,0.9754075454122031,0.848439683278994,9.315323707498835e-05,75.72252095122009,DERIVED_EMPIRICAL
Other,*Marine construction services,171,7,1,1,15.0,30.409356725146196,169,98.83040935672514,0.9943176525384257,0.8948299953423381,9.315323707498835e-05,75.66072211009333,DERIVED_EMPIRICAL
Other,*Hotels and lodging and meeting facilities,37,7,1,1,15.0,32.432432432432435,32,86.48648648648648,0.9691662785281788,0.8948299953423381,9.315323707498835e-05,75.59657598912374,DERIVED_EMPIRICAL
Other,*Building and facility maintenance and repair services,35,8,1,1,15.0,31.428571428571427,27,77.14285714285714,0.9675826734979041,0.9082440614811365,9.315323707498835e-05,75.58598265575444,DERIVED_EMPIRICAL
Other,*Construction equipment rental or leasing service,33,3,1,1,15.0,96.96969696969697,32,96.96969696969697,0.9651606893339544,0.7462505822077318,9.315323707498835e-05,75.58304611085237,DERIVED_EMPIRICAL
Other,*Electrical wire,12,4,1,1,15.0,58.333333333333336,9,75.0,0.9058220773171868,0.8095016301816488,9.315323707498835e-05,75.55044247787612,DERIVED_EMPIRICAL
Other,*Heavy construction services,15,5,1,1,15.0,40.0,12,80.0,0.9245458779692595,0.848439683278994,9.315323707498835e-05,75.52311752833411,DERIVED_EMPIRICAL
Other,*Hazardous waste disposal,20,9,1,1,15.0,45.0,12,60.0,0.943269678621332,0.9171867722403354,9.315323707498835e-05,75.38968660589526,DERIVED_EMPIRICAL
Other,Local area network.,50,10,1,1,15.0,28.000000000000004,42,84.0,0.9772706101537029,0.9249184909175594,9.315323707498835e-05,75.27104486880918,DERIVED_EMPIRICAL
Other,*Batteries and cells and accessories,21,7,1,1,15.0,33.33333333333333,17,80.95238095238095,0.9452258965999069,0.8948299953423381,9.315323707498835e-05,75.26224706308544,DERIVED_EMPIRICAL
Other,*Hardware,17,4,1,1,15.0,41.17647058823529,14,82.3529411764706,0.9332091290172333,0.8095016301816488,9.315323707498835e-05,75.18812387553997,DERIVED_EMPIRICAL
Other,*Exterior grounds maintenance,17,4,1,1,15.0,41.17647058823529,14,82.3529411764706,0.9332091290172333,0.8095016301816488,9.315323707498835e-05,75.18812387553997,DERIVED_EMPIRICAL
Other,Construction work for multi-dwelling buildings and individual houses.,71,26,1,1,15.0,29.577464788732392,46,64.78873239436619,0.984070796460177,0.9726129482999534,9.315323707498835e-05,75.11746435764096,DERIVED_EMPIRICAL
Other,Dermatology services,77,39,1,1,15.0,45.45454545454545,40,51.94805194805195,0.9856544014904518,0.9826734979040521,9.315323707498835e-05,75.08696001583087,DERIVED_EMPIRICAL
Other,*Environmental laboratory services,18,6,1,1,15.0,38.88888888888889,12,66.66666666666667,0.9374941779226829,0.8745225896599906,9.315323707498835e-05,74.96854722844476,DERIVED_EMPIRICAL
Other,*Heavy construction machinery and equipment,39,13,1,1,15.0,25.64102564102564,29,74.35897435897436,0.9709361900326037,0.9433628318584071,9.315323707498835e-05,74.89573445754164,DERIVED_EMPIRICAL
Other,Medical imaging services,164,77,1,1,15.0,42.68292682926829,85,51.829268292682926,0.9942244993013507,0.9931998136935258,9.315323707498835e-05,74.86560930710112,DERIVED_EMPIRICAL
Other,Energy-efficiency consultancy services.,21,11,1,1,15.0,61.904761904761905,12,57.142857142857146,0.9452258965999069,0.9319981369352585,9.315323707498835e-05,74.78289402393469,DERIVED_EMPIRICAL
Other,Medical equipments,137,56,1,1,15.0,27.73722627737226,87,63.503649635036496,0.9927340475081509,0.9892873777363763,9.315323707498835e-05,74.76088975749884,DERIVED_EMPIRICAL
Other,*Nonresidential building construction services,32,6,1,1,15.0,31.25,28,87.5,0.9646949231485794,0.8745225896599906,9.315323707498835e-05,74.72718521968639,DERIVED_EMPIRICAL
Other,*Cooling equipment and parts and accessories,16,3,1,1,15.0,62.5,15,93.75,0.9292966930600839,0.7462505822077318,9.315323707498835e-05,74.72231020027947,DERIVED_EMPIRICAL
Other,*Radar and sonar systems and components,12,4,1,1,15.0,41.66666666666667,9,75.0,0.9058220773171868,0.8095016301816488,9.315323707498835e-05,74.66155358898723,DERIVED_EMPIRICAL
Other,Forestry services.,20,5,1,1,15.0,35.0,16,80.0,0.943269678621332,0.848439683278994,9.315323707498835e-05,74.63915541065053,DERIVED_EMPIRICAL
Other,*Hoses,15,3,1,1,15.0,66.66666666666666,11,73.33333333333333,0.9245458779692595,0.7462505822077318,9.315323707498835e-05,74.60829063809969,DERIVED_EMPIRICAL
Other,"Construction work for highways, roads",55,25,1,1,15.0,43.63636363636363,29,52.72727272727273,0.9796925943176525,0.9711224965067536,9.315323707498835e-05,74.5932796593253,DERIVED_EMPIRICAL
Other,Residential health facilities services,68,33,1,1,15.0,44.11764705882353,35,51.470588235294116,0.9833255705635771,0.9795994410805775,9.315323707498835e-05,74.56444286144827,DERIVED_EMPIRICAL
Other,*Product research and development service,30,10,1,1,15.0,26.666666666666668,21,70.0,0.9619934792734047,0.9249184909175594,9.315323707498835e-05,74.54883817212648,DERIVED_EMPIRICAL
Other,*Decontamination services,17,5,1,1,15.0,35.294117647058826,13,76.47058823529412,0.9332091290172333,0.848439683278994,9.315323707498835e-05,74.47613359270117,DERIVED_EMPIRICAL
Other,Postal and telecommunications services.,12,5,1,1,15.0,41.66666666666667,8,66.66666666666667,0.9058220773171868,0.848439683278994,9.315323707498835e-05,74.37533361427168,DERIVED_EMPIRICAL
Other,*All terrain vehicles tracked or wheeled,13,3,1,1,15.0,46.15384615384615,12,92.3076923076923,0.9131811830461108,0.7462505822077318,9.315323707498835e-05,74.3355379599441,DERIVED_EMPIRICAL
Other,*Scuba and snorkeling gear,13,3,1,1,15.0,92.3076923076923,11,84.61538461538461,0.9131811830461108,0.7462505822077318,9.315323707498835e-05,74.3355379599441,DERIVED_EMPIRICAL
Other,*Hotel rooms,20,7,1,1,15.0,30.0,16,80.0,0.943269678621332,0.8948299953423381,9.315323707498835e-05,74.32640894271076,DERIVED_EMPIRICAL
Other,Services provided by nurses,47,23,1,1,15.0,42.5531914893617,25,53.191489361702125,0.9754075454122031,0.968048439683279,9.315323707498835e-05,74.29312331855813,DERIVED_EMPIRICAL
Other,*Electrical measuring and testing equipment and accessories,14,5,1,1,15.0,35.714285714285715,10,71.42857142857143,0.9187703772706102,0.848439683278994,9.315323707498835e-05,74.24164836870939,DERIVED_EMPIRICAL
Other,*Electrical switches and accessories,16,5,1,1,15.0,43.75,10,62.5,0.9292966930600839,0.848439683278994,9.315323707498835e-05,74.06570851908533,DERIVED_EMPIRICAL
Other,*Project management,58,30,1,1,15.0,37.93103448275862,32,55.172413793103445,0.9808104331625525,0.9766185374941779,9.315323707498835e-05,74.05793366541162,DERIVED_EMPIRICAL
Other,Medical equipments.,72,21,1,1,15.0,19.444444444444446,56,77.77777777777777,0.9843502561714019,0.9646017699115044,9.315323707498835e-05,74.03250702961928,DERIVED_EMPIRICAL
Other,*Radio frequency data communication equipment,11,3,1,1,15.0,54.54545454545454,10,90.9090909090909,0.8985561248253376,0.7462505822077318,9.315323707498835e-05,73.98453656264556,DERIVED_EMPIRICAL
Other,Mobile telephones.,44,5,1,1,15.0,29.545454545454547,40,90.9090909090909,0.9740102468560783,0.848439683278994,9.315323707498835e-05,73.92238359373897,DERIVED_EMPIRICAL
Other,Non-scheduled passenger transport,27,9,1,1,15.0,29.629629629629626,18,66.66666666666667,0.9575221238938053,0.9171867722403354,9.315323707498835e-05,73.91869414605014,DERIVED_EMPIRICAL
Other,Harbour construction works.,16,7,1,1,15.0,31.25,11,68.75,0.9292966930600839,0.8948299953423381,9.315323707498835e-05,73.89581919400271,DERIVED_EMPIRICAL
Other,*Roofing and siding and sheet metal services,10,4,1,1,15.0,40.0,7,70.0,0.8888681881695389,0.8095016301816488,9.315323707498835e-05,73.81021580499923,DERIVED_EMPIRICAL
Other,*Clothing,30,4,1,1,15.0,33.33333333333333,27,90.0,0.9619934792734047,0.8095016301816488,9.315323707498835e-05,73.78744501371422,DERIVED_EMPIRICAL
Other,*Fishery research or experimentation services,10,3,1,1,15.0,60.0,7,70.0,0.8888681881695389,0.7462505822077318,9.315323707498835e-05,73.75202608290638,DERIVED_EMPIRICAL
Other,Civil engineering consultancy services.,217,101,1,1,15.0,23.04147465437788,138,63.59447004608295,0.9949697251979507,0.9949697251979507,9.315323707498835e-05,73.71849566005467,DERIVED_EMPIRICAL
Other,"Machinery for food, beverage and tobacco processing and associated parts.",13,5,1,1,15.0,53.84615384615385,8,61.53846153846154,0.9131811830461108,0.848439683278994,9.315323707498835e-05,73.68259928241298,DERIVED_EMPIRICAL
Other,Ground investigation work.,81,32,1,1,15.0,17.28395061728395,56,69.1358024691358,0.9870517000465766,0.9784816022356777,9.315323707498835e-05,73.53027001021619,DERIVED_EMPIRICAL
Other,*Plumbing construction services,12,4,1,1,15.0,41.66666666666667,8,66.66666666666667,0.9058220773171868,0.8095016301816488,9.315323707498835e-05,73.51869644613008,DERIVED_EMPIRICAL
Other,"Agricultural, farming, fishing, forestry and related products.",54,21,1,1,15.0,22.22222222222222,36,66.66666666666667,0.9790405216581276,0.9646017699115044,9.315323707498835e-05,73.50295699918429,DERIVED_EMPIRICAL
Other,Health and social work services,3175,517,1,1,15.0,12.755905511811024,2827,89.03937007874016,0.9986027014438752,0.9985095482068002,9.315323707498835e-05,73.33692645661957,DERIVED_EMPIRICAL
Other,Houses construction work,31,9,1,1,15.0,22.58064516129032,25,80.64516129032258,0.9633907778295295,0.9171867722403354,9.315323707498835e-05,73.32266979180753,DERIVED_EMPIRICAL
Other,Blood analysis services,26,12,1,1,15.0,42.30769230769231,14,53.84615384615385,0.9556590591523055,0.9377736376339078,9.315323707498835e-05,73.31210394945839,DERIVED_EMPIRICAL
Other,*Electrical engineering services,12,3,1,1,15.0,41.66666666666667,10,83.33333333333333,0.9058220773171868,0.7462505822077318,9.315323707498835e-05,73.27003053356106,DERIVED_EMPIRICAL
Other,*Snowmobiles or snow scooter,12,3,1,1,15.0,41.66666666666667,11,91.66666666666667,0.9058220773171868,0.7462505822077318,9.315323707498835e-05,73.27003053356106,DERIVED_EMPIRICAL
Other,Vessel repair services,21,3,1,1,15.0,38.095238095238095,19,90.47619047619048,0.9452258965999069,0.7462505822077318,9.315323707498835e-05,73.26334124396537,DERIVED_EMPIRICAL
Other,*Accommodation furniture,32,9,1,1,15.0,21.875,24,75.0,0.9646949231485794,0.9171867722403354,9.315323707498835e-05,73.16579723645398,DERIVED_EMPIRICAL
Other,Provision of services to the community.,58,23,1,1,15.0,24.137931034482758,37,63.793103448275865,0.9808104331625525,0.968048439683279,9.315323707498835e-05,73.14689561866217,DERIVED_EMPIRICAL
Other,Closed-circuit television cameras.,35,20,1,1,15.0,48.57142857142857,17,48.57142857142857,0.9675826734979041,0.9630181648812296,9.315323707498835e-05,73.0631217740939,DERIVED_EMPIRICAL
Other,Forestry services,52,23,1,1,15.0,26.923076923076923,32,61.53846153846154,0.9783884489986027,0.968048439683279,9.315323707498835e-05,73.05845348565423,DERIVED_EMPIRICAL
Other,*Metal milling machines,12,3,1,1,15.0,50.0,8,66.66666666666667,0.9058220773171868,0.7462505822077318,9.315323707498835e-05,73.01606227959279,DERIVED_EMPIRICAL
Other,Computer equipment and supplies.,92,31,1,1,15.0,21.73913043478261,59,64.1304347826087,0.9885421518397765,0.9774569166278528,9.315323707498835e-05,73.01541965726167,DERIVED_EMPIRICAL
Other,*Electronic and communication measuring and testing instruments,20,7,1,1,15.0,25.0,16,80.0,0.943269678621332,0.8948299953423381,9.315323707498835e-05,72.99307560937743,DERIVED_EMPIRICAL
Other,Railway and tramway locomotives and rolling stock and associated parts,32,12,1,1,15.0,25.0,21,65.625,0.9646949231485794,0.9377736376339078,9.315323707498835e-05,72.9520416084459,DERIVED_EMPIRICAL
Other,*Fishery data collection or distribution,34,2,1,1,15.0,82.35294117647058,32,94.11764705882354,0.9662785281788542,0.6239403819282721,9.315323707498835e-05,72.91904983698184,DERIVED_EMPIRICAL
Other,*Dredging services,49,4,1,1,15.0,28.57142857142857,48,97.95918367346938,0.9768048439683279,0.8095016301816488,9.315323707498835e-05,72.87307649655112,DERIVED_EMPIRICAL
Other,*Personal safety and protection,12,6,1,1,15.0,33.33333333333333,8,66.66666666666667,0.9058220773171868,0.8745225896599906,9.315323707498835e-05,72.72693533243138,DERIVED_EMPIRICAL
Other,"Laboratory, optical and precision equipments (excl. glasses)",302,88,1,1,15.0,10.927152317880795,233,77.1523178807947,0.9963670237540755,0.9943176525384257,9.315323707498835e-05,72.70338096897875,DERIVED_EMPIRICAL
Other,*Highway and road construction services,22,5,1,1,15.0,27.27272727272727,18,81.81818181818181,0.9480204937121565,0.848439683278994,9.315323707498835e-05,72.69256891222426,DERIVED_EMPIRICAL
Other,*Laundering services,22,6,1,1,15.0,27.27272727272727,15,68.18181818181819,0.9480204937121565,0.8745225896599906,9.315323707498835e-05,72.64301622922956,DERIVED_EMPIRICAL
Other,*Aviation fuel,25,2,1,1,15.0,56.00000000000001,25,100.0,0.9538891476478808,0.6239403819282721,9.315323707498835e-05,72.62170470423848,DERIVED_EMPIRICAL
Other,*Restaurants and catering,13,3,1,1,15.0,38.46153846153847,12,92.3076923076923,0.9131811830461108,0.7462505822077318,9.315323707498835e-05,72.59194821635437,DERIVED_EMPIRICAL
Other,*Demolition services,18,5,1,1,15.0,27.77777777777778,13,72.22222222222223,0.9374941779226829,0.848439683278994,9.315323707498835e-05,72.57461746795701,DERIVED_EMPIRICAL
Other,*Labor training or development,20,6,1,1,15.0,25.0,14,70.0,0.943269678621332,0.8745225896599906,9.315323707498835e-05,72.54631268436577,DERIVED_EMPIRICAL
Other,"Radiotherapy, mechanotherapy, electrotherapy and physical therapy devices",13,6,1,1,15.0,38.46153846153847,8,61.53846153846154,0.9131811830461108,0.8745225896599906,9.315323707498835e-05,72.51283347920517,DERIVED_EMPIRICAL
Other,*Military services and national defense,22,7,1,1,15.0,22.727272727272727,19,86.36363636363636,0.9480204937121565,0.8948299953423381,9.315323707498835e-05,72.50103456549661,DERIVED_EMPIRICAL
Other,Repair and maintenance services.,110,48,1,1,15.0,22.727272727272727,67,60.90909090909091,0.9908709827666511,0.9864927806241267,9.315323707498835e-05,72.42914446212072,DERIVED_EMPIRICAL
Other,*Transportation components and systems,10,3,1,1,15.0,40.0,8,80.0,0.8888681881695389,0.7462505822077318,9.315323707498835e-05,72.41869274957305,DERIVED_EMPIRICAL
Other,*Security guard services,22,11,1,1,15.0,45.45454545454545,11,50.0,0.9480204937121565,0.9319981369352585,9.315323707498835e-05,72.40098476279194,DERIVED_EMPIRICAL
Other,*Laboratory and scientific equipment *Measuring and observing and testing instruments *Laboratory supplies and fixtures,19,2,1,1,15.0,89.47368421052632,18,94.73684210526316,0.9406613879832324,0.6239403819282721,9.315323707498835e-05,72.30423847228693,DERIVED_EMPIRICAL
Other,Pharmaceutical products,232,42,1,1,15.0,10.344827586206897,196,84.48275862068965,0.9952491849091756,0.9838844899860271,9.315323707498835e-05,72.29173666543534,DERIVED_EMPIRICAL
Other,Education and training services,1167,358,1,1,15.0,8.483290488431876,824,70.60839760068552,0.9981369352585002,0.9981369352585002,9.315323707498835e-05,72.17818657707353,DERIVED_EMPIRICAL
Other,*Transport services,12,5,1,1,15.0,33.33333333333333,8,66.66666666666667,0.9058220773171868,0.848439683278994,9.315323707498835e-05,72.15311139204945,DERIVED_EMPIRICAL
Other,*Gaskets,16,2,1,1,15.0,50.0,15,93.75,0.9292966930600839,0.6239403819282721,9.315323707498835e-05,72.03148579413134,DERIVED_EMPIRICAL
Other,Hospital support services,18,10,1,1,15.0,50.0,9,50.0,0.9374941779226829,0.9249184909175594,9.315323707498835e-05,71.99260097145519,DERIVED_EMPIRICAL
Other,*Building maintenance and repair services,15,2,1,1,15.0,46.666666666666664,14,93.33333333333333,0.9245458779692595,0.6239403819282721,9.315323707498835e-05,71.91746623195156,DERIVED_EMPIRICAL
Other,*Air pollution monitoring or measurement services,23,6,1,1,15.0,21.73913043478261,18,78.26086956521739,0.9503493246390312,0.8745225896599906,9.315323707498835e-05,71.84665897139925,DERIVED_EMPIRICAL
Other,*Aircraft,23,6,1,1,15.0,21.73913043478261,20,86.95652173913044,0.9503493246390312,0.8745225896599906,9.315323707498835e-05,71.84665897139925,DERIVED_EMPIRICAL
Other,Cleaning services.,149,60,1,1,15.0,24.832214765100673,85,57.04697986577181,0.9931998136935258,0.9905915230554262,9.315323707498835e-05,71.812374256899,DERIVED_EMPIRICAL
Other,Repair and maintenance services of medical and surgical equipment,25,14,1,1,15.0,28.000000000000004,15,60.0,0.9538891476478808,0.9481136469492315,9.315323707498835e-05,71.79161177279482,DERIVED_EMPIRICAL
Other,*Pressure measuring and control instruments,14,2,1,1,15.0,57.14285714285714,12,85.71428571428571,0.9187703772706102,0.6239403819282721,9.315323707498835e-05,71.77885421518398,DERIVED_EMPIRICAL
Other,*Water transport vessel maintenance and repair services,56,2,1,1,15.0,39.285714285714285,55,98.21428571428571,0.9800652072659525,0.6239403819282721,9.315323707498835e-05,71.72612061126267,DERIVED_EMPIRICAL
Other,*Medical science and research,10,4,1,1,15.0,60.0,6,60.0,0.8888681881695389,0.8095016301816488,9.315323707498835e-05,71.71497770976113,DERIVED_EMPIRICAL
Other,Ultrasound scanners,10,4,1,1,15.0,80.0,6,60.0,0.8888681881695389,0.8095016301816488,9.315323707498835e-05,71.71497770976113,DERIVED_EMPIRICAL
Other,Survey services.,17,9,1,1,15.0,41.17647058823529,9,52.94117647058823,0.9332091290172333,0.9171867722403354,9.315323707498835e-05,71.70845750503275,DERIVED_EMPIRICAL
Other,*Heavy equipment components,16,2,1,1,15.0,43.75,16,100.0,0.9292966930600839,0.6239403819282721,9.315323707498835e-05,71.69815246079801,DERIVED_EMPIRICAL
Other,Medical practice and related services,103,47,1,1,15.0,27.184466019417474,57,55.33980582524272,0.9903120633442012,0.9862133209129017,9.315323707498835e-05,71.68869798863514,DERIVED_EMPIRICAL
Other,Agricultural machinery.,34,15,1,1,15.0,23.52941176470588,21,61.76470588235294,0.9662785281788542,0.952026082906381,9.315323707498835e-05,71.5879156506571,DERIVED_EMPIRICAL
Other,*Garbage collection or destruction or processing or disposal,21,7,1,1,15.0,23.809523809523807,14,66.66666666666667,0.9452258965999069,0.8948299953423381,9.315323707498835e-05,71.57970738054577,DERIVED_EMPIRICAL
Other,Fire doors.,20,8,1,1,15.0,25.0,13,65.0,0.943269678621332,0.9082440614811365,9.315323707498835e-05,71.57389935014528,DERIVED_EMPIRICAL
Other,*Data services,28,12,1,1,15.0,35.714285714285715,15,53.57142857142857,0.9588262692128552,0.9377736376339078,9.315323707498835e-05,71.53568370990688,DERIVED_EMPIRICAL
Other,"Construction, foundation and surface works for highways, roads.",34,14,1,1,15.0,23.52941176470588,21,61.76470588235294,0.9662785281788542,0.9481136469492315,9.315323707498835e-05,71.50184205959981,DERIVED_EMPIRICAL
Other,Transport equipment and auxiliary products to transportation.,40,21,1,1,15.0,40.0,19,47.5,0.9718677224033535,0.9646017699115044,9.315323707498835e-05,71.50012198638188,DERIVED_EMPIRICAL
Other,"*Trailer, travel or caravan",14,4,1,1,15.0,28.57142857142857,10,71.42857142857143,0.9187703772706102,0.8095016301816488,9.315323707498835e-05,71.48024929580589,DERIVED_EMPIRICAL
Other,*Seating,16,10,1,1,15.0,43.75,8,50.0,0.9292966930600839,0.9249184909175594,9.315323707498835e-05,71.46252800141949,DERIVED_EMPIRICAL
Other,"Recreational, cultural and sporting services.",60,21,1,1,15.0,10.0,44,73.33333333333333,0.9814625058220773,0.9646017699115044,9.315323707498835e-05,71.44468250271697,DERIVED_EMPIRICAL
Other,*Software maintenance and support,15,6,1,1,15.0,26.666666666666668,10,66.66666666666667,0.9245458779692595,0.8745225896599906,9.315323707498835e-05,71.39852877030334,DERIVED_EMPIRICAL
Other,*Specialized public building construction services,26,6,1,1,15.0,19.230769230769234,20,76.92307692307692,0.9556590591523055,0.8745225896599906,9.315323707498835e-05,71.30519627864761,DERIVED_EMPIRICAL
Other,*Specialized and recreational vehicles,11,2,1,1,15.0,81.81818181818183,11,100.0,0.8985561248253376,0.6239403819282721,9.315323707498835e-05,71.29371215649745,DERIVED_EMPIRICAL
Other,*Electronic hardware and component parts and accessories,77,36,1,1,15.0,27.27272727272727,42,54.54545454545455,0.9856544014904518,0.9815556590591523,9.315323707498835e-05,71.22563286736553,DERIVED_EMPIRICAL
Other,*Lifting equipment and accessories,14,2,1,1,15.0,42.857142857142854,14,100.0,0.9187703772706102,0.6239403819282721,9.315323707498835e-05,71.20742564375541,DERIVED_EMPIRICAL
Other,Building installation work.,45,25,1,1,15.0,33.33333333333333,23,51.111111111111114,0.9747554727526782,0.9711224965067536,9.315323707498835e-05,71.17320144017863,DERIVED_EMPIRICAL
Other,Trees.,25,8,1,1,15.0,16.0,18,72.0,0.9538891476478808,0.9082440614811365,9.315323707498835e-05,71.14305232106815,DERIVED_EMPIRICAL
Other,Archaeological services.,35,17,1,1,15.0,34.285714285714285,18,51.42857142857143,0.9675826734979041,0.9583605030274802,9.315323707498835e-05,71.08310219290324,DERIVED_EMPIRICAL
Other,Health and social work services.,52,23,1,1,15.0,26.923076923076923,29,55.76923076923077,0.9783884489986027,0.968048439683279,9.315323707498835e-05,71.08043150763224,DERIVED_EMPIRICAL
Other,*Pipe piping and pipe fittings,10,2,1,1,15.0,80.0,9,90.0,0.8888681881695389,0.6239403819282721,9.315323707498835e-05,71.06120167675827,DERIVED_EMPIRICAL
Other,*Defense and law enforcement and security and safety training equipment,10,2,1,1,15.0,80.0,10,100.0,0.8888681881695389,0.6239403819282721,9.315323707498835e-05,71.06120167675827,DERIVED_EMPIRICAL
Other,*Events management *Meeting planning services,10,2,1,1,15.0,80.0,9,90.0,0.8888681881695389,0.6239403819282721,9.315323707498835e-05,71.06120167675827,DERIVED_EMPIRICAL
Other,*Vehicle servicing equipment,10,2,1,1,15.0,60.0,10,100.0,0.8888681881695389,0.6239403819282721,9.315323707498835e-05,71.06120167675827,DERIVED_EMPIRICAL
Other,*Software *Software maintenance and support,28,3,1,1,15.0,28.57142857142857,26,92.85714285714286,0.9588262692128552,0.7462505822077318,9.315323707498835e-05,71.05006764699358,DERIVED_EMPIRICAL
Other,*Aircraft oxygen equipment,51,4,1,1,15.0,21.568627450980394,49,96.07843137254902,0.9779226828132278,0.8095016301816488,9.315323707498835e-05,71.0324909967092,DERIVED_EMPIRICAL
Other,Construction work,1566,659,1,1,15.0,15.453384418901662,955,60.98339719029374,0.9984163949697252,0.9986958546809501,9.315323707498835e-05,70.9644748746152,DERIVED_EMPIRICAL
Other,Construction project management services.,38,17,1,1,15.0,18.421052631578945,24,63.1578947368421,0.9700978108989288,0.9583605030274802,9.315323707498835e-05,70.93437132654647,DERIVED_EMPIRICAL
Other,*Night vision equipment,21,4,1,1,15.0,23.809523809523807,18,85.71428571428571,0.9452258965999069,0.8095016301816488,9.315323707498835e-05,70.84534048986774,DERIVED_EMPIRICAL
Other,Marine survey services.,51,5,1,1,15.0,17.647058823529413,46,90.19607843137256,0.9779226828132278,0.848439683278994,9.315323707498835e-05,70.84337653086386,DERIVED_EMPIRICAL
Other,Physiotherapy services,64,32,1,1,15.0,28.125,34,53.125,0.9824871914299022,0.9784816022356777,9.315323707498835e-05,70.82225031605563,DERIVED_EMPIRICAL
Other,"Medical equipments, pharmaceuticals and personal care products",230,55,1,1,15.0,4.3478260869565215,178,77.3913043478261,0.9951560316721006,0.9888216115510013,9.315323707498835e-05,70.79891726237487,DERIVED_EMPIRICAL
Other,Veterinary services,77,16,1,1,15.0,7.792207792207792,63,81.81818181818181,0.9856544014904518,0.9553795994410805,9.315323707498835e-05,70.75365565966405,DERIVED_EMPIRICAL
Other,Playground equipment.,77,37,1,1,15.0,28.57142857142857,40,51.94805194805195,0.9856544014904518,0.9818351187703773,9.315323707498835e-05,70.68756329393764,DERIVED_EMPIRICAL
Other,*Tires and tire tubes,11,4,1,1,15.0,27.27272727272727,9,81.81818181818181,0.8985561248253376,0.8095016301816488,9.315323707498835e-05,70.648786890799,DERIVED_EMPIRICAL
Other,*Pest control,13,5,1,1,15.0,23.076923076923077,9,69.23076923076923,0.9131811830461108,0.848439683278994,9.315323707498835e-05,70.47380807362177,DERIVED_EMPIRICAL
Other,Engineering design services for mechanical and electrical installations for buildings.,23,13,1,1,15.0,69.56521739130434,10,43.47826086956522,0.9503493246390312,0.9433628318584071,9.315323707498835e-05,70.47087514862571,DERIVED_EMPIRICAL
Other,Police equipment,21,9,1,1,15.0,23.809523809523807,13,61.904761904761905,0.9452258965999069,0.9171867722403354,9.315323707498835e-05,70.43890341107722,DERIVED_EMPIRICAL
Other,"Agricultural, forestry, horticultural, aquacultural and apicultural services.",30,11,1,1,15.0,23.333333333333332,18,60.0,0.9619934792734047,0.9319981369352585,9.315323707498835e-05,70.38713006705554,DERIVED_EMPIRICAL
Other,*Security or access control systems,15,9,1,1,15.0,66.66666666666666,7,46.666666666666664,0.9245458779692595,0.9171867722403354,9.315323707498835e-05,70.36888681881696,DERIVED_EMPIRICAL
Other,*Specialized trade construction and maintenance services,15,5,1,1,15.0,33.33333333333333,9,60.0,0.9245458779692595,0.848439683278994,9.315323707498835e-05,70.3167683219849,DERIVED_EMPIRICAL
Other,Social work and related services,2503,138,1,1,15.0,1.5181781861765882,2385,95.28565721134639,0.9985095482068002,0.9964601769911504,9.315323707498835e-05,70.29287732534962,DERIVED_EMPIRICAL
Other,Cardiology services,47,24,1,1,15.0,38.297872340425535,21,44.680851063829785,0.9754075454122031,0.9695388914764788,9.315323707498835e-05,70.27322835425979,DERIVED_EMPIRICAL
Other,*Roofing service,18,4,1,1,15.0,22.22222222222222,13,72.22222222222223,0.9374941779226829,0.8095016301816488,9.315323707498835e-05,70.23649881833394,DERIVED_EMPIRICAL
Other,Surgical specialist services,22,15,1,1,15.0,40.909090909090914,10,45.45454545454545,0.9480204937121565,0.952026082906381,9.315323707498835e-05,70.192248924806,DERIVED_EMPIRICAL
Other,Dental-practice services,51,26,1,1,15.0,21.568627450980394,29,56.86274509803921,0.9779226828132278,0.9726129482999534,9.315323707498835e-05,70.11673831463963,DERIVED_EMPIRICAL
Other,Medical consumables.,16,6,1,1,15.0,18.75,11,68.75,0.9292966930600839,0.8745225896599906,9.315323707498835e-05,70.11572293565773,DERIVED_EMPIRICAL
Other,Road markings.,26,13,1,1,15.0,34.61538461538461,13,50.0,0.9556590591523055,0.9433628318584071,9.315323707498835e-05,70.06510285243401,DERIVED_EMPIRICAL
Other,*Specialty building and trades services,25,4,1,1,15.0,20.0,24,96.0,0.9538891476478808,0.8095016301816488,9.315323707498835e-05,70.0373854991461,DERIVED_EMPIRICAL
Other,Construction work for buildings relating to health.,19,3,1,1,15.0,26.31578947368421,17,89.47368421052632,0.9406613879832324,0.7462505822077318,9.315323707498835e-05,70.01260673808414,DERIVED_EMPIRICAL
Other,Building construction work.,366,178,1,1,15.0,24.316939890710383,188,51.36612021857923,0.9972054028877504,0.9970190964136004,9.315323707498835e-05,69.9647850706606,DERIVED_EMPIRICAL
Other,Hire of passenger transport vehicles with driver,614,48,1,1,15.0,1.1400651465798046,569,92.67100977198697,0.9975780158360503,0.9864927806241267,9.315323707498835e-05,69.95040768448465,DERIVED_EMPIRICAL
Other,Administrative healthcare services.,12,5,1,1,15.0,25.0,8,66.66666666666667,0.9058220773171868,0.848439683278994,9.315323707498835e-05,69.93088916982722,DERIVED_EMPIRICAL
Other,"Architectural, construction, engineering and inspection services",423,212,1,1,15.0,26.004728132387704,211,49.881796690307326,0.9974848625989753,0.9976711690731253,9.315323707498835e-05,69.9270036427079,DERIVED_EMPIRICAL
Other,*Earth moving machinery,23,2,1,1,15.0,34.78260869565217,22,95.65217391304348,0.9503493246390312,0.6239403819282721,9.315323707498835e-05,69.81211127086667,DERIVED_EMPIRICAL
Other,Special-purpose road passenger-transport services,44,26,1,1,15.0,29.545454545454547,22,50.0,0.9740102468560783,0.9726129482999534,9.315323707498835e-05,69.79705256705722,DERIVED_EMPIRICAL
Other,Tree-cutting services,18,8,1,1,15.0,16.666666666666664,12,66.66666666666667,0.9374941779226829,0.9082440614811365,9.315323707498835e-05,69.78449368258404,DERIVED_EMPIRICAL
Other,*Fitness equipment,10,2,1,1,15.0,40.0,9,90.0,0.8888681881695389,0.6239403819282721,9.315323707498835e-05,69.72786834342493,DERIVED_EMPIRICAL
Other,Police uniforms,13,8,1,1,15.0,46.15384615384615,6,46.15384615384615,0.9131811830461108,0.9082440614811365,9.315323707498835e-05,69.72357032813484,DERIVED_EMPIRICAL
Other,Plumbing and sanitary works.,16,10,1,1,15.0,50.0,7,43.75,0.9292966930600839,0.9249184909175594,9.315323707498835e-05,69.65300419189568,DERIVED_EMPIRICAL
Other,Community action programme,92,16,1,1,15.0,3.260869565217391,77,83.69565217391305,0.9885421518397765,0.9553795994410805,9.315323707498835e-05,69.61460480751705,DERIVED_EMPIRICAL
Other,*Specialized educational services,15,7,1,1,15.0,26.666666666666668,9,60.0,0.9245458779692595,0.8948299953423381,9.315323707498835e-05,69.55957740960069,DERIVED_EMPIRICAL
Other,*Lockers,16,5,1,1,15.0,18.75,11,68.75,0.9292966930600839,0.848439683278994,9.315323707498835e-05,69.5418989952758,DERIVED_EMPIRICAL
Other,*Vehicle bodies and trailers,17,8,1,1,15.0,41.17647058823529,8,47.05882352941177,0.9332091290172333,0.9082440614811365,9.315323707498835e-05,69.4949111456413,DERIVED_EMPIRICAL
Other,Foreign economic-aid-related services,108,6,1,1,15.0,9.25925925925926,106,98.14814814814815,0.9905915230554262,0.8745225896599906,9.315323707498835e-05,69.48450608658652,DERIVED_EMPIRICAL
Other,*Relocation services,20,10,1,1,15.0,35.0,10,50.0,0.943269678621332,0.9249184909175594,9.315323707498835e-05,69.46454632155611,DERIVED_EMPIRICAL
Other,*Forklifts,44,21,1,1,15.0,31.818181818181817,21,47.72727272727273,0.9740102468560783,0.9646017699115044,9.315323707498835e-05,69.44764646935117,DERIVED_EMPIRICAL
Other,Architectural design services.,68,40,1,1,15.0,39.705882352941174,27,39.705882352941174,0.9833255705635771,0.9833255705635771,9.315323707498835e-05,69.4363336764608,DERIVED_EMPIRICAL
Other,*Commercial marine craft,45,2,1,1,15.0,31.11111111111111,44,97.77777777777777,0.9747554727526782,0.6239403819282721,9.315323707498835e-05,69.41879280304993,DERIVED_EMPIRICAL
Other,Development consultancy services.,27,13,1,1,15.0,29.629629629629626,14,51.851851851851855,0.9575221238938053,0.9433628318584071,9.315323707498835e-05,69.41520237828264,DERIVED_EMPIRICAL
Other,Research and experimental development services,22,9,1,1,15.0,9.090909090909092,17,77.27272727272727,0.9480204937121565,0.9171867722403354,9.315323707498835e-05,69.35652002088892,DERIVED_EMPIRICAL
Other,Timber harvesting services,15,4,1,1,15.0,20.0,11,73.33333333333333,0.9245458779692595,0.8095016301816488,9.315323707498835e-05,69.3331470268592,DERIVED_EMPIRICAL
Other,Architectural services for buildings.,38,26,1,1,15.0,47.368421052631575,14,36.8421052631579,0.9700978108989288,0.9726129482999534,9.315323707498835e-05,69.31308802980905,DERIVED_EMPIRICAL
Other,"*Training planning, facilitation and delivery services",28,17,1,1,15.0,39.285714285714285,12,42.857142857142854,0.9588262692128552,0.9583605030274802,9.315323707498835e-05,69.26750631319132,DERIVED_EMPIRICAL
Other,Pre-school education services,45,21,1,1,15.0,26.666666666666668,23,51.111111111111114,0.9747554727526782,0.9646017699115044,9.315323707498835e-05,69.25196767730536,DERIVED_EMPIRICAL
Other,*Audit services,98,53,1,1,15.0,32.6530612244898,43,43.87755102040816,0.9897531439217513,0.9879832324173266,9.315323707498835e-05,69.2425980971935,DERIVED_EMPIRICAL
Other,Research and development services and related consultancy services,286,119,1,1,15.0,6.993006993006993,179,62.58741258741259,0.9960875640428505,0.9959944108057756,9.315323707498835e-05,69.14299865636615,DERIVED_EMPIRICAL
Other,Ground-drainage work.,31,12,1,1,15.0,16.129032258064516,19,61.29032258064516,0.9633907778295295,0.9377736376339078,9.315323707498835e-05,69.06897560773186,DERIVED_EMPIRICAL
Other,*Landscaping services,18,6,1,1,15.0,16.666666666666664,12,66.66666666666667,0.9374941779226829,0.8745225896599906,9.315323707498835e-05,69.04262130251882,DERIVED_EMPIRICAL
Other,*Agricultural and forestry and landscape machinery and equipment,11,2,1,1,15.0,36.36363636363637,10,90.9090909090909,0.8985561248253376,0.6239403819282721,9.315323707498835e-05,68.99068185346715,DERIVED_EMPIRICAL
Other,Restaurant and food-serving services.,36,17,1,1,15.0,13.88888888888889,22,61.111111111111114,0.9685142058686539,0.9583605030274802,9.315323707498835e-05,68.98603342180427,DERIVED_EMPIRICAL
Other,Engineering services.,143,58,1,1,15.0,17.482517482517483,78,54.54545454545455,0.9929203539823008,0.9901257568700512,9.315323707498835e-05,68.97783526828705,DERIVED_EMPIRICAL
Other,*Vocational training,16,8,1,1,15.0,43.75,7,43.75,0.9292966930600839,0.9082440614811365,9.315323707498835e-05,68.95283341096103,DERIVED_EMPIRICAL
Other,*Rescue equipment and accessories,17,4,1,1,15.0,17.647058823529413,14,82.3529411764706,0.9332091290172333,0.8095016301816488,9.315323707498835e-05,68.91361407161841,DERIVED_EMPIRICAL
Other,Environmental management.,12,3,1,1,15.0,25.0,10,83.33333333333333,0.9058220773171868,0.7462505822077318,9.315323707498835e-05,68.8255860891166,DERIVED_EMPIRICAL
Other,*Sampling equipment,12,3,1,1,15.0,25.0,10,83.33333333333333,0.9058220773171868,0.7462505822077318,9.315323707498835e-05,68.8255860891166,DERIVED_EMPIRICAL
Other,"Repair, maintenance and associated services related to railways and other equipment",31,14,1,1,15.0,22.58064516129032,17,54.83870967741935,0.9633907778295295,0.9481136469492315,9.315323707498835e-05,68.80490435337559,DERIVED_EMPIRICAL
Other,Transport services (excl. Waste transport).,70,32,1,1,15.0,24.285714285714285,35,50.0,0.983791336748952,0.9784816022356777,9.315323707498835e-05,68.75831170847474,DERIVED_EMPIRICAL
Other,Works for complete or part construction and civil engineering work.,121,63,1,1,15.0,27.27272727272727,56,46.28099173553719,0.991802515137401,0.9914299021891011,9.315323707498835e-05,68.7568908374938,DERIVED_EMPIRICAL
Other,*Commercial and industrial furniture,18,4,1,1,15.0,16.666666666666664,14,77.77777777777777,0.9374941779226829,0.8095016301816488,9.315323707498835e-05,68.75501733685245,DERIVED_EMPIRICAL
Other,Consultative engineering and construction services.,92,46,1,1,15.0,27.173913043478258,43,46.73913043478261,0.9885421518397765,0.9860270144387517,9.315323707498835e-05,68.69050425216562,DERIVED_EMPIRICAL
Other,*Specialized accommodation services,14,5,1,1,15.0,14.285714285714285,10,71.42857142857143,0.9187703772706102,0.848439683278994,9.315323707498835e-05,68.52736265442367,DERIVED_EMPIRICAL
Other,*Defense or law enforcement ammunition,13,3,1,1,15.0,23.076923076923077,13,100.0,0.9131811830461108,0.7462505822077318,9.315323707498835e-05,68.48938411379027,DERIVED_EMPIRICAL
Other,Research and development services and related consultancy services.,157,86,1,1,15.0,28.02547770700637,70,44.5859872611465,0.9939450395901258,0.9940381928272007,9.315323707498835e-05,68.48528287631882,DERIVED_EMPIRICAL
Other,Storage and warehousing services.,39,17,1,1,15.0,30.76923076923077,18,46.15384615384615,0.9709361900326037,0.9583605030274802,9.315323707498835e-05,68.41738041495844,DERIVED_EMPIRICAL
Other,*Light and wave generating and measuring equipment,13,6,1,1,15.0,23.076923076923077,8,61.53846153846154,0.9131811830461108,0.8745225896599906,9.315323707498835e-05,68.41026937664107,DERIVED_EMPIRICAL
Other,General management consultancy services,63,28,1,1,15.0,15.873015873015872,35,55.55555555555556,0.9822077317186773,0.975314392175128,9.315323707498835e-05,68.31200222779171,DERIVED_EMPIRICAL
Other,Miscellaneous fabricated products and related items,18,10,1,1,15.0,16.666666666666664,11,61.111111111111114,0.9374941779226829,0.9249184909175594,9.315323707498835e-05,68.24656922542344,DERIVED_EMPIRICAL
Other,Laboratory services.,37,17,1,1,15.0,27.027027027027028,18,48.648648648648646,0.9691662785281788,0.9583605030274802,9.315323707498835e-05,68.2323423962921,DERIVED_EMPIRICAL
Other,Law-courts-related administrative services,11,4,1,1,15.0,18.181818181818183,8,72.72727272727273,0.8985561248253376,0.8095016301816488,9.315323707498835e-05,68.22454446655657,DERIVED_EMPIRICAL
Other,Repair and maintenance services,895,414,1,1,15.0,13.854748603351954,485,54.18994413407821,0.9978574755472752,0.9984163949697252,9.315323707498835e-05,68.18942590569468,DERIVED_EMPIRICAL
Other,*Chartered airplane travel *Passenger aircraft rental or leasing service,14,3,1,1,15.0,21.428571428571427,13,92.85714285714286,0.9187703772706102,0.7462505822077318,9.315323707498835e-05,68.1839643356178,DERIVED_EMPIRICAL
Other,*Project monitoring and evaluation,44,24,1,1,15.0,29.545454545454547,20,45.45454545454545,0.9740102468560783,0.9695388914764788,9.315323707498835e-05,68.17098175849922,DERIVED_EMPIRICAL
Other,*Heating and cooling and air conditioning HVAC installation and maintenance service,17,7,1,1,15.0,29.411764705882355,9,52.94117647058823,0.9332091290172333,0.8948299953423381,9.315323707498835e-05,68.07935351131604,DERIVED_EMPIRICAL
Other,"Medical equipments, pharmaceuticals and personal care products.",27,13,1,1,15.0,14.814814814814813,16,59.25925925925926,0.9575221238938053,0.9433628318584071,9.315323707498835e-05,68.00426763401457,DERIVED_EMPIRICAL
Other,*Air transportation support systems and equipment,12,4,1,1,15.0,16.666666666666664,9,75.0,0.9058220773171868,0.8095016301816488,9.315323707498835e-05,67.99488692232055,DERIVED_EMPIRICAL
Other,Lifting and handling equipment and parts.,31,16,1,1,15.0,35.483870967741936,13,41.935483870967744,0.9633907778295295,0.9553795994410805,9.315323707498835e-05,67.98165238960947,DERIVED_EMPIRICAL
Other,Vocational training services,34,8,1,1,15.0,2.941176470588235,27,79.41176470588235,0.9662785281788542,0.9082440614811365,9.315323707498835e-05,67.95804451263506,DERIVED_EMPIRICAL
Other,Refuse and waste related services.,47,30,1,1,15.0,46.808510638297875,15,31.914893617021278,0.9754075454122031,0.9766185374941779,9.315323707498835e-05,67.83931491315373,DERIVED_EMPIRICAL
Other,Site preparation work.,57,35,1,1,15.0,33.33333333333333,23,40.35087719298246,0.9805309734513274,0.9809035863996274,9.315323707498835e-05,67.83777437694532,DERIVED_EMPIRICAL
Other,Financial market regulatory services.,22,2,1,1,15.0,27.27272727272727,21,95.45454545454545,0.9480204937121565,0.6239403819282721,9.315323707498835e-05,67.75358428250837,DERIVED_EMPIRICAL
Other,*Information technology IT management services,34,24,1,1,15.0,47.05882352941176,11,32.35294117647059,0.9662785281788542,0.9695388914764788,9.315323707498835e-05,67.61465402183231,DERIVED_EMPIRICAL
Other,*HVAC mechanical construction service,13,4,1,1,15.0,15.384615384615385,9,69.23076923076923,0.9131811830461108,0.8095016301816488,9.315323707498835e-05,67.56588885419812,DERIVED_EMPIRICAL
Other,*Gas analyzers and monitors,15,4,1,1,15.0,13.333333333333334,12,80.0,0.9245458779692595,0.8095016301816488,9.315323707498835e-05,67.55536924908141,DERIVED_EMPIRICAL
Other,Landscaping work.,59,34,1,1,15.0,33.89830508474576,23,38.983050847457626,0.9812761993479273,0.9801583605030275,9.315323707498835e-05,67.52095492969713,DERIVED_EMPIRICAL
Other,"Architectural, engineering and surveying services.",42,23,1,1,15.0,21.428571428571427,21,50.0,0.9731718677224034,0.968048439683279,9.315323707498835e-05,67.51201011378004,DERIVED_EMPIRICAL
Other,Surveying services.,17,7,1,1,15.0,11.76470588235294,11,64.70588235294117,0.9332091290172333,0.8948299953423381,9.315323707498835e-05,67.407084603753,DERIVED_EMPIRICAL
Other,"Construction work for highways, roads.",17,7,1,1,15.0,11.76470588235294,11,64.70588235294117,0.9332091290172333,0.8948299953423381,9.315323707498835e-05,67.407084603753,DERIVED_EMPIRICAL
Other,Buses and coaches,14,8,1,1,15.0,21.428571428571427,8,57.142857142857146,0.9187703772706102,0.9082440614811365,9.315323707498835e-05,67.3396576143266,DERIVED_EMPIRICAL
Other,Marine equipment.,27,11,1,1,15.0,3.7037037037037033,18,66.66666666666667,0.9575221238938053,0.9319981369352585,9.315323707498835e-05,67.33096392242489,DERIVED_EMPIRICAL
Other,Public security services.,24,6,1,1,15.0,4.166666666666666,19,79.16666666666667,0.951932929669306,0.8745225896599906,9.315323707498835e-05,67.1986751539616,DERIVED_EMPIRICAL
Other,*Automotive and light truck maintenance and repair,19,4,1,1,15.0,10.526315789473683,17,89.47368421052632,0.9406613879832324,0.8095016301816488,9.315323707498835e-05,67.19360347772086,DERIVED_EMPIRICAL
Other,Motor vehicles.,105,66,1,1,15.0,30.476190476190478,41,39.04761904761905,0.9904983698183512,0.991988821611551,9.315323707498835e-05,67.11213093838685,DERIVED_EMPIRICAL
Other,*Mattresses or sleep sets,10,3,1,1,15.0,20.0,9,90.0,0.8888681881695389,0.7462505822077318,9.315323707498835e-05,67.08535941623973,DERIVED_EMPIRICAL
Other,*Audio and visual equipment,10,2,1,1,15.0,30.0,9,90.0,0.8888681881695389,0.6239403819282721,9.315323707498835e-05,67.06120167675826,DERIVED_EMPIRICAL
Other,Network infrastructure.,28,8,1,1,15.0,0.0,20,71.42857142857143,0.9588262692128552,0.9082440614811365,9.315323707498835e-05,66.99487657196089,DERIVED_EMPIRICAL
Other,*Management advisory services,30,16,1,1,15.0,30.0,13,43.333333333333336,0.9619934792734047,0.9553795994410805,9.315323707498835e-05,66.9650143056757,DERIVED_EMPIRICAL
Other,Event services.,72,31,1,1,15.0,13.88888888888889,38,52.77777777777778,0.9843502561714019,0.9774569166278528,9.315323707498835e-05,66.92907687113556,DERIVED_EMPIRICAL
Other,"Sewage-, refuse-, cleaning-, and environmental services.",62,29,1,1,15.0,17.741935483870968,31,50.0,0.9821145784816022,0.975780158360503,9.315323707498835e-05,66.91363006431295,DERIVED_EMPIRICAL
Other,Social work services with accommodation,147,78,1,1,15.0,18.367346938775512,70,47.61904761904762,0.9931066604564509,0.9932929669306009,9.315323707498835e-05,66.91317167761376,DERIVED_EMPIRICAL
Other,Environmental engineering consultancy services.,60,33,1,1,15.0,21.666666666666668,28,46.666666666666664,0.9814625058220773,0.9795994410805775,9.315323707498835e-05,66.8857423795477,DERIVED_EMPIRICAL
Other,*Snow plow truck,11,3,1,1,15.0,18.181818181818183,9,81.81818181818181,0.8985561248253376,0.7462505822077318,9.315323707498835e-05,66.8330214111304,DERIVED_EMPIRICAL
Other,Medical insurance services,28,4,1,1,15.0,7.142857142857142,25,89.28571428571429,0.9588262692128552,0.8095016301816488,9.315323707498835e-05,66.72730498813407,DERIVED_EMPIRICAL
Other,"Electric motors, generators and transformers.",18,13,1,1,15.0,50.0,6,33.333333333333336,0.9374941779226829,0.9433628318584071,9.315323707498835e-05,66.68409075786813,DERIVED_EMPIRICAL
Other,Legal advisory services,34,24,1,1,15.0,47.05882352941176,10,29.41176470588235,0.9662785281788542,0.9695388914764788,9.315323707498835e-05,66.60625066048776,DERIVED_EMPIRICAL
Other,Advertising material.,14,6,1,1,15.0,21.428571428571427,8,57.142857142857146,0.9187703772706102,0.8745225896599906,9.315323707498835e-05,66.59778523426138,DERIVED_EMPIRICAL
Other,Research and development consultancy services,72,37,1,1,15.0,13.88888888888889,37,51.388888888888886,0.9843502561714019,0.9818351187703773,9.315323707498835e-05,66.54920684208064,DERIVED_EMPIRICAL
Other,Social work services without accommodation,60,26,1,1,15.0,10.0,33,55.0,0.9814625058220773,0.9726129482999534,9.315323707498835e-05,66.47807128440569,DERIVED_EMPIRICAL
Other,Marine equipment,21,10,1,1,15.0,14.285714285714285,12,57.142857142857146,0.9452258965999069,0.9249184909175594,9.315323707498835e-05,66.43666562106911,DERIVED_EMPIRICAL
Other,Buildings of particular historical or architectural interest.,41,26,1,1,15.0,24.390243902439025,18,43.90243902439025,0.9726129482999534,0.9726129482999534,9.315323707498835e-05,66.29820222907799,DERIVED_EMPIRICAL
Other,Gastroenterologist services,17,10,1,1,15.0,35.294117647058826,7,41.1764705882353,0.9332091290172333,0.9249184909175594,9.315323707498835e-05,66.27631441957314,DERIVED_EMPIRICAL
Other,*Business and corporate management consultation services,72,43,1,1,15.0,37.5,23,31.944444444444443,0.9843502561714019,0.9845365626455519,9.315323707498835e-05,66.23826823696407,DERIVED_EMPIRICAL
Other,"Food, beverages, tobacco and related products.",46,24,1,1,15.0,21.73913043478261,21,45.65217391304348,0.9751280857009781,0.9695388914764788,9.315323707498835e-05,66.1838817898922,DERIVED_EMPIRICAL
Other,Highway maintenance work,26,17,1,1,15.0,38.46153846153847,9,34.61538461538461,0.9556590591523055,0.9583605030274802,9.315323707498835e-05,66.14596736906937,DERIVED_EMPIRICAL
Other,*Professional engineering services *Architectural engineering,12,2,1,1,15.0,25.0,11,91.66666666666667,0.9058220773171868,0.6239403819282721,9.315323707498835e-05,66.13476168296849,DERIVED_EMPIRICAL
Other,Buses and Coaches.,22,14,1,1,15.0,31.818181818181817,9,40.90909090909091,0.9480204937121565,0.9481136469492315,9.315323707498835e-05,66.12349135106471,DERIVED_EMPIRICAL
Other,Surface work for roads.,11,6,1,1,15.0,36.36363636363637,5,45.45454545454545,0.8985561248253376,0.8745225896599906,9.315323707498835e-05,66.08790600798054,DERIVED_EMPIRICAL
Other,*Chromatographic measuring instruments and accessories,15,6,1,1,15.0,6.666666666666667,10,66.66666666666667,0.9245458779692595,0.8745225896599906,9.315323707498835e-05,66.06519543697,DERIVED_EMPIRICAL
Other,Construction work for college buildings.,12,6,1,1,15.0,8.333333333333332,8,66.66666666666667,0.9058220773171868,0.8745225896599906,9.315323707498835e-05,66.06026866576471,DERIVED_EMPIRICAL
Other,Marine survey services,20,11,1,1,15.0,15.0,11,55.0,0.943269678621332,0.9319981369352585,9.315323707498835e-05,66.00125091489787,DERIVED_EMPIRICAL
Other,Building construction work,354,194,1,1,15.0,18.361581920903955,157,44.35028248587571,0.9970190964136004,0.9974848625989753,9.315323707498835e-05,65.97703503296013,DERIVED_EMPIRICAL
Other,Orthopaedic services,24,17,1,1,15.0,50.0,7,29.166666666666668,0.951932929669306,0.9583605030274802,9.315323707498835e-05,65.93199813693525,DERIVED_EMPIRICAL
Other,Minibuses.,53,23,1,1,15.0,11.320754716981133,28,52.83018867924528,0.9788542151839776,0.968048439683279,9.315323707498835e-05,65.92331906741306,DERIVED_EMPIRICAL
Other,Energy and related services.,66,33,1,1,15.0,13.636363636363635,33,50.0,0.9829529576152771,0.9795994410805775,9.315323707498835e-05,65.9229562240275,DERIVED_EMPIRICAL
Other,"Electrical machinery, apparatus, equipment and consumables; Lighting.",57,37,1,1,15.0,28.07017543859649,22,38.59649122807018,0.9805309734513274,0.9818351187703773,9.315323707498835e-05,65.8532555577735,DERIVED_EMPIRICAL
Other,Laboratory reagents.,13,6,1,1,15.0,23.076923076923077,7,53.84615384615385,0.9131811830461108,0.8745225896599906,9.315323707498835e-05,65.77290673927843,DERIVED_EMPIRICAL
Other,Forestry management services,12,4,1,1,15.0,8.333333333333332,10,83.33333333333333,0.9058220773171868,0.8095016301816488,9.315323707498835e-05,65.77266470009833,DERIVED_EMPIRICAL
Other,Administrative services of agencies,14,4,1,1,15.0,7.142857142857142,11,78.57142857142857,0.9187703772706102,0.8095016301816488,9.315323707498835e-05,65.76596358152018,DERIVED_EMPIRICAL
Other,*Civil engineering,10,6,1,1,15.0,30.0,5,50.0,0.8888681881695389,0.8745225896599906,9.315323707498835e-05,65.71686738971323,DERIVED_EMPIRICAL
Other,Family-planning services,34,23,1,1,15.0,52.94117647058824,9,26.470588235294116,0.9662785281788542,0.968048439683279,9.315323707498835e-05,65.56505735969283,DERIVED_EMPIRICAL
Other,"Business services: law, marketing, consulting, recruitment, printing and security.",115,65,1,1,15.0,27.82608695652174,42,36.52173913043478,0.9913367489520261,0.991709361900326,9.315323707498835e-05,65.55339368043039,DERIVED_EMPIRICAL
Other,Business and management consultancy and related services.,94,54,1,1,15.0,24.46808510638298,37,39.361702127659576,0.9891010712622264,0.9885421518397765,9.315323707498835e-05,65.50829323355461,DERIVED_EMPIRICAL
Other,Services provided by medical personnel,76,43,1,1,15.0,19.736842105263158,33,43.421052631578945,0.9854680950163018,0.9845365626455519,9.315323707498835e-05,65.46309135671035,DERIVED_EMPIRICAL
Other,*Building construction management,12,6,1,1,15.0,16.666666666666664,7,58.333333333333336,0.9058220773171868,0.8745225896599906,9.315323707498835e-05,65.42534803084408,DERIVED_EMPIRICAL
Other,"Project and design preparation, estimation of costs.",24,12,1,1,15.0,12.5,13,54.166666666666664,0.951932929669306,0.9377736376339078,9.315323707498835e-05,65.38384900303858,DERIVED_EMPIRICAL
Other,Military defence services,21,5,1,1,15.0,0.0,17,80.95238095238095,0.9452258965999069,0.848439683278994,9.315323707498835e-05,65.35277130880299,DERIVED_EMPIRICAL
Other,"Repair, maintenance and associated services of vehicles and related equipment.",19,11,1,1,15.0,15.789473684210526,10,52.63157894736842,0.9406613879832324,0.9319981369352585,9.315323707498835e-05,65.33714818018498,DERIVED_EMPIRICAL
Other,Construction work for houses,43,26,1,1,15.0,23.25581395348837,18,41.86046511627907,0.9736376339077782,0.9726129482999534,9.315323707498835e-05,65.32017469068845,DERIVED_EMPIRICAL
Other,Child daycare services,42,23,1,1,15.0,21.428571428571427,18,42.857142857142854,0.9731718677224034,0.968048439683279,9.315323707498835e-05,65.0630305219433,DERIVED_EMPIRICAL
Other,Transport systems consultancy services.,11,6,1,1,15.0,9.090909090909092,7,63.63636363636363,0.8985561248253376,0.8745225896599906,9.315323707498835e-05,65.0489449690195,DERIVED_EMPIRICAL
Other,*Elevators *Elevator maintenance services,10,4,1,1,15.0,20.0,6,60.0,0.8888681881695389,0.8095016301816488,9.315323707498835e-05,65.04831104309446,DERIVED_EMPIRICAL
Other,*Landscaping services *Exterior grounds maintenance,10,4,1,1,15.0,20.0,6,60.0,0.8888681881695389,0.8095016301816488,9.315323707498835e-05,65.04831104309446,DERIVED_EMPIRICAL
Other,Subscription services,37,23,1,1,15.0,35.13513513513514,12,32.432432432432435,0.9691662785281788,0.968048439683279,9.315323707498835e-05,65.04779360503628,DERIVED_EMPIRICAL
Other,Ships and boats.,21,13,1,1,15.0,38.095238095238095,7,33.333333333333336,0.9452258965999069,0.9433628318584071,9.315323707498835e-05,65.02838216485166,DERIVED_EMPIRICAL
Other,Construction project management services,79,55,1,1,15.0,39.24050632911392,21,26.582278481012658,0.9864927806241267,0.9888216115510013,9.315323707498835e-05,65.00963801909838,DERIVED_EMPIRICAL
Other,*Computer services,57,33,1,1,15.0,22.807017543859647,23,40.35087719298246,0.9805309734513274,0.9795994410805775,9.315323707498835e-05,65.00206563606658,DERIVED_EMPIRICAL
Other,*Paper shredding machines or accessories,10,6,1,1,15.0,40.0,4,40.0,0.8888681881695389,0.8745225896599906,9.315323707498835e-05,64.95496262780847,DERIVED_EMPIRICAL
Other,Diving services,13,6,1,1,15.0,0.0,9,69.23076923076923,0.9131811830461108,0.8745225896599906,9.315323707498835e-05,64.89378586015754,DERIVED_EMPIRICAL
Other,Industrial machinery.,36,23,1,1,15.0,33.33333333333333,12,33.333333333333336,0.9685142058686539,0.968048439683279,9.315323707498835e-05,64.86054368960751,DERIVED_EMPIRICAL
Other,Road bridge construction work.,15,5,1,1,15.0,0.0,11,73.33333333333333,0.9245458779692595,0.848439683278994,9.315323707498835e-05,64.85645086166744,DERIVED_EMPIRICAL
Other,*Cloud-based software as a service,17,10,1,1,15.0,52.94117647058824,5,29.41176470588235,0.9332091290172333,0.9249184909175594,9.315323707498835e-05,64.83093626831263,DERIVED_EMPIRICAL
Other,*Viewing and observing instruments and accessories,11,7,1,1,15.0,18.181818181818183,6,54.54545454545455,0.8985561248253376,0.8948299953423381,9.315323707498835e-05,64.80306720139043,DERIVED_EMPIRICAL
Other,Footpath construction work.,11,7,1,1,15.0,18.181818181818183,6,54.54545454545455,0.8985561248253376,0.8948299953423381,9.315323707498835e-05,64.80306720139043,DERIVED_EMPIRICAL
Other,Surveillance services,12,6,1,1,15.0,25.0,6,50.0,0.9058220773171868,0.8745225896599906,9.315323707498835e-05,64.79042739592343,DERIVED_EMPIRICAL
Other,Legal advisory and information services,19,13,1,1,15.0,26.31578947368421,8,42.10526315789474,0.9406613879832324,0.9433628318584071,9.315323707498835e-05,64.78516645596292,DERIVED_EMPIRICAL
Other,*Dental services,14,5,1,1,15.0,0.0,12,85.71428571428571,0.9187703772706102,0.848439683278994,9.315323707498835e-05,64.71783884489987,DERIVED_EMPIRICAL
Other,Construction work for water and sewage pipelines.,16,7,1,1,15.0,12.5,9,56.25,0.9292966930600839,0.8948299953423381,9.315323707498835e-05,64.61010490828842,DERIVED_EMPIRICAL
Other,*Chairs,26,17,1,1,15.0,42.30769230769231,7,26.923076923076923,0.9556590591523055,0.9583605030274802,9.315323707498835e-05,64.53424575734776,DERIVED_EMPIRICAL
Other,*Chartered airplane travel,15,8,1,1,15.0,6.666666666666667,9,60.0,0.9245458779692595,0.9082440614811365,9.315323707498835e-05,64.52135353132094,DERIVED_EMPIRICAL
Other,Ambulance services,83,57,1,1,15.0,45.78313253012048,17,20.481927710843372,0.9874243129948765,0.9897531439217513,9.315323707498835e-05,64.49680465156922,DERIVED_EMPIRICAL
Other,"Other community, social and personal services",287,159,1,1,15.0,10.801393728222997,132,45.99303135888502,0.9961807172799255,0.9968327899394503,9.315323707498835e-05,64.48974633555923,DERIVED_EMPIRICAL
Other,Road-surfacing materials.,10,3,1,1,15.0,10.0,8,80.0,0.8888681881695389,0.7462505822077318,9.315323707498835e-05,64.41869274957305,DERIVED_EMPIRICAL
Other,*Closed circuit television CCTV system,10,3,1,1,15.0,10.0,9,90.0,0.8888681881695389,0.7462505822077318,9.315323707498835e-05,64.41869274957305,DERIVED_EMPIRICAL
Other,*Naval architecture,11,3,1,1,15.0,9.090909090909092,8,72.72727272727273,0.8985561248253376,0.7462505822077318,9.315323707498835e-05,64.40877898688798,DERIVED_EMPIRICAL
Other,*Electrical and electronic engineering,16,3,1,1,15.0,6.25,14,87.5,0.9292966930600839,0.7462505822077318,9.315323707498835e-05,64.38897686694614,DERIVED_EMPIRICAL
Other,Landscaping work for gardens.,12,3,1,1,15.0,8.333333333333332,10,83.33333333333333,0.9058220773171868,0.7462505822077318,9.315323707498835e-05,64.38114164467216,DERIVED_EMPIRICAL
Other,Siteworks.,22,16,1,1,15.0,36.36363636363637,7,31.818181818181817,0.9480204937121565,0.9553795994410805,9.315323707498835e-05,64.3785804011235,DERIVED_EMPIRICAL
Other,*Business administration services,33,21,1,1,15.0,24.242424242424242,13,39.39393939393939,0.9651606893339544,0.9646017699115044,9.315323707498835e-05,64.35791221147532,DERIVED_EMPIRICAL
Other,Repair and maintenance services of security and defence materials,13,6,1,1,15.0,7.6923076923076925,8,61.53846153846154,0.9131811830461108,0.8745225896599906,9.315323707498835e-05,64.30770527407697,DERIVED_EMPIRICAL
Other,Magnets,17,4,1,1,15.0,0.0,14,82.3529411764706,0.9332091290172333,0.8095016301816488,9.315323707498835e-05,64.20773171867722,DERIVED_EMPIRICAL
Other,Community action programme.,15,4,1,1,15.0,0.0,12,80.0,0.9245458779692595,0.8095016301816488,9.315323707498835e-05,63.99981369352585,DERIVED_EMPIRICAL
Other,Rolling stock,19,11,1,1,15.0,10.526315789473683,10,52.63157894736842,0.9406613879832324,0.9319981369352585,9.315323707498835e-05,63.93363940825515,DERIVED_EMPIRICAL
Other,Training and simulation in military electronic systems,12,2,1,1,15.0,16.666666666666664,11,91.66666666666667,0.9058220773171868,0.6239403819282721,9.315323707498835e-05,63.91253946074627,DERIVED_EMPIRICAL
Other,Bridge.,21,10,1,1,15.0,4.761904761904762,12,57.142857142857146,0.9452258965999069,0.9249184909175594,9.315323707498835e-05,63.89698308138657,DERIVED_EMPIRICAL
Other,*Community relations consultation and engagement,14,4,1,1,15.0,0.0,11,78.57142857142857,0.9187703772706102,0.8095016301816488,9.315323707498835e-05,63.86120167675827,DERIVED_EMPIRICAL
Other,*Electrical equipment and components and supplies,26,15,1,1,15.0,15.384615384615385,12,46.15384615384615,0.9556590591523055,0.952026082906381,9.315323707498835e-05,63.808807928602995,DERIVED_EMPIRICAL
Other,*Cargo trucks,11,5,1,1,15.0,18.181818181818183,6,54.54545454545455,0.8985561248253376,0.848439683278994,9.315323707498835e-05,63.78248033599687,DERIVED_EMPIRICAL
Other,Financial and insurance services.,39,24,1,1,15.0,25.64102564102564,14,35.8974358974359,0.9709361900326037,0.9695388914764788,9.315323707498835e-05,63.77930007683151,DERIVED_EMPIRICAL
Other,Engineering works and construction works.,37,24,1,1,15.0,16.216216216216218,16,43.24324324324324,0.9691662785281788,0.9695388914764788,9.315323707498835e-05,63.74210220600533,DERIVED_EMPIRICAL
Other,Safety consultancy services,13,5,1,1,15.0,7.6923076923076925,8,61.53846153846154,0.9131811830461108,0.848439683278994,9.315323707498835e-05,63.73388133369504,DERIVED_EMPIRICAL
Other,Road construction works.,26,14,1,1,15.0,15.384615384615385,12,46.15384615384615,0.9556590591523055,0.9481136469492315,9.315323707498835e-05,63.7227343375457,DERIVED_EMPIRICAL
Other,General management consultancy services.,21,14,1,1,15.0,14.285714285714285,10,47.61904761904762,0.9452258965999069,0.9481136469492315,9.315323707498835e-05,63.68165293131691,DERIVED_EMPIRICAL
Other,Construction-related services.,16,9,1,1,15.0,31.25,6,37.5,0.9292966930600839,0.9171867722403354,9.315323707498835e-05,63.673382571472935,DERIVED_EMPIRICAL
Other,*Economic analysis,14,10,1,1,15.0,42.857142857142854,4,28.571428571428573,0.9187703772706102,0.9249184909175594,9.315323707498835e-05,63.62486240886667,DERIVED_EMPIRICAL
Other,Outpatient care services,38,20,1,1,15.0,21.052631578947366,15,39.473684210526315,0.9700978108989288,0.9630181648812296,9.315323707498835e-05,63.61829352141416,DERIVED_EMPIRICAL
Other,*Furniture,34,21,1,1,15.0,26.47058823529412,12,35.294117647058826,0.9662785281788542,0.9646017699115044,9.315323707498835e-05,63.57326423815917,DERIVED_EMPIRICAL
Other,Telecommunications services,88,56,1,1,15.0,19.318181818181817,33,37.5,0.9880763856544015,0.9892873777363763,9.315323707498835e-05,63.48849033283127,DERIVED_EMPIRICAL
Other,*Security surveillance and detection,13,9,1,1,15.0,30.76923076923077,5,38.46153846153846,0.9131811830461108,0.9171867722403354,9.315323707498835e-05,63.488075532602785,DERIVED_EMPIRICAL
Other,*Information Technology Service Delivery,40,24,1,1,15.0,35.0,11,27.5,0.9718677224033535,0.9695388914764788,9.315323707498835e-05,63.418262470335144,DERIVED_EMPIRICAL
Other,Construction work for houses.,29,19,1,1,15.0,27.586206896551722,10,34.48275862068966,0.9609687936655799,0.9621797857475547,9.315323707498835e-05,63.411865030290095,DERIVED_EMPIRICAL
Other,Electricity distribution,11,4,1,1,15.0,0.0,10,90.9090909090909,0.8985561248253376,0.8095016301816488,9.315323707498835e-05,63.37605961807172,DERIVED_EMPIRICAL
Other,Repair and maintenance services of military electronic systems,26,3,1,1,15.0,0.0,23,88.46153846153847,0.9556590591523055,0.7462505822077318,9.315323707498835e-05,63.35500698649278,DERIVED_EMPIRICAL
Other,Publishing services,24,11,1,1,15.0,0.0,14,58.333333333333336,0.951932929669306,0.9319981369352585,9.315323707498835e-05,63.352026082906384,DERIVED_EMPIRICAL
Other,Repair and maintenance services of medical equipment,54,35,1,1,15.0,35.18518518518518,14,25.925925925925927,0.9790405216581276,0.9809035863996274,9.315323707498835e-05,63.350133117125814,DERIVED_EMPIRICAL
Other,Railway-track maintenance services,12,8,1,1,15.0,16.666666666666664,6,50.0,0.9058220773171868,0.9082440614811365,9.315323707498835e-05,63.31007755376643,DERIVED_EMPIRICAL
Other,*General building construction,10,7,1,1,15.0,50.0,3,30.0,0.8888681881695389,0.8948299953423381,9.315323707498835e-05,63.306487457582016,DERIVED_EMPIRICAL
Other,"Services furnished by business, professional and specialist organisations.",17,2,1,1,15.0,11.76470588235294,16,94.11764705882354,0.9332091290172333,0.6239403819282721,9.315323707498835e-05,63.26263915906372,DERIVED_EMPIRICAL
Other,Training services.,75,53,1,1,15.0,29.333333333333332,22,29.333333333333332,0.9851886353050768,0.9879832324173266,9.315323707498835e-05,63.261200198135455,DERIVED_EMPIRICAL
Other,*Refrigerated and heated walk in environmental or growth chambers,10,5,1,1,15.0,10.0,6,60.0,0.8888681881695389,0.848439683278994,9.315323707498835e-05,63.23828154456939,DERIVED_EMPIRICAL
Other,Insulation work,21,13,1,1,15.0,19.047619047619047,9,42.857142857142854,0.9452258965999069,0.9433628318584071,9.315323707498835e-05,63.214323207935564,DERIVED_EMPIRICAL
Other,Advertising and marketing services.,97,54,1,1,15.0,22.68041237113402,33,34.02061855670103,0.9895668374476013,0.9885421518397765,9.315323707498835e-05,63.21153023970382,DERIVED_EMPIRICAL
Other,*Spectroscopic equipment,22,10,1,1,15.0,22.727272727272727,9,40.90909090909091,0.9480204937121565,0.9249184909175594,9.315323707498835e-05,63.18895549412551,DERIVED_EMPIRICAL
Other,Gyneacologic or obstetric services,31,20,1,1,15.0,29.03225806451613,10,32.25806451612903,0.9633907778295295,0.9630181648812296,9.315323707498835e-05,63.11129837153546,DERIVED_EMPIRICAL
Other,Quantity surveying services.,74,48,1,1,15.0,28.37837837837838,22,29.72972972972973,0.9850023288309269,0.9864927806241267,9.315323707498835e-05,63.10519158455815,DERIVED_EMPIRICAL
Other,Prison services,10,6,1,1,15.0,20.0,5,50.0,0.8888681881695389,0.8745225896599906,9.315323707498835e-05,63.050200723046565,DERIVED_EMPIRICAL
Other,Security services.,35,22,1,1,15.0,14.285714285714285,15,42.857142857142854,0.9675826734979041,0.9664648346530041,9.315323707498835e-05,62.98928864512735,DERIVED_EMPIRICAL
Other,Construction structures and materials; auxiliary products to construction (excepts electric apparatus).,53,34,1,1,15.0,20.754716981132077,19,35.84905660377358,0.9788542151839776,0.9801583605030275,9.315323707498835e-05,62.883358170011775,DERIVED_EMPIRICAL
Other,Construction consultancy services,117,86,1,1,15.0,29.059829059829063,32,27.35042735042735,0.991523055426176,0.9940381928272007,9.315323707498835e-05,62.79364745727112,DERIVED_EMPIRICAL
Other,Site-development work.,16,8,1,1,15.0,12.5,8,50.0,0.9292966930600839,0.9082440614811365,9.315323707498835e-05,62.762357220484844,DERIVED_EMPIRICAL
Other,Higher education services.,27,15,1,1,15.0,3.7037037037037033,14,51.851851851851855,0.9575221238938053,0.952026082906381,9.315323707498835e-05,62.6922136544245,DERIVED_EMPIRICAL
Other,Weed-clearance services.,12,8,1,1,15.0,25.0,5,41.666666666666664,0.9058220773171868,0.9082440614811365,9.315323707498835e-05,62.675156918845786,DERIVED_EMPIRICAL
Other,Administrative healthcare services,41,26,1,1,15.0,17.073170731707318,16,39.02439024390244,0.9726129482999534,0.9726129482999534,9.315323707498835e-05,62.67450884928705,DERIVED_EMPIRICAL
Other,Geographic information systems (GIS or equivalent).,27,20,1,1,15.0,40.74074074074074,6,22.22222222222222,0.9575221238938053,0.9630181648812296,9.315323707498835e-05,62.651852509017544,DERIVED_EMPIRICAL
Other,Health training services,22,12,1,1,15.0,13.636363636363635,10,45.45454545454545,0.9480204937121565,0.9377736376339078,9.315323707498835e-05,62.60596785608431,DERIVED_EMPIRICAL
Other,Motor vehicles for the transport of fewer than 10 persons.,11,7,1,1,15.0,54.54545454545454,3,27.272727272727273,0.8985561248253376,0.8948299953423381,9.315323707498835e-05,62.60393300225625,DERIVED_EMPIRICAL
Other,*Components for information technology or broadcasting or telecommunications,11,7,1,1,15.0,45.45454545454545,3,27.272727272727273,0.8985561248253376,0.8948299953423381,9.315323707498835e-05,62.60393300225625,DERIVED_EMPIRICAL
Other,Painting work.,21,14,1,1,15.0,28.57142857142857,7,33.333333333333336,0.9452258965999069,0.9481136469492315,9.315323707498835e-05,62.59321755716726,DERIVED_EMPIRICAL
Other,Microscopes,26,16,1,1,15.0,15.384615384615385,11,42.30769230769231,0.9556590591523055,0.9553795994410805,9.315323707498835e-05,62.56390397368505,DERIVED_EMPIRICAL
Other,"Radio, television, communication, telecommunication and related equipment.",28,18,1,1,15.0,32.142857142857146,8,28.571428571428573,0.9588262692128552,0.9605030274802049,9.315323707498835e-05,62.5119207627159,DERIVED_EMPIRICAL
Other,Electrical installation work.,125,89,1,1,15.0,28.000000000000004,34,27.2,0.992268281322776,0.9945039590125757,9.315323707498835e-05,62.48758356067159,DERIVED_EMPIRICAL
Other,Hire of passenger transport vehicles with driver.,10,5,1,1,15.0,20.0,5,50.0,0.8888681881695389,0.848439683278994,9.315323707498835e-05,62.47637678266463,DERIVED_EMPIRICAL
Other,Canteen and catering services.,83,53,1,1,15.0,15.66265060240964,31,37.34939759036145,0.9874243129948765,0.9879832324173266,9.315323707498835e-05,62.4177059559016,DERIVED_EMPIRICAL
Other,Road-maintenance vehicles.,12,7,1,1,15.0,25.0,5,41.666666666666664,0.9058220773171868,0.8948299953423381,9.315323707498835e-05,62.38004746379223,DERIVED_EMPIRICAL
Other,Chargers.,13,11,1,1,15.0,46.15384615384615,3,23.076923076923077,0.9131811830461108,0.9319981369352585,9.315323707498835e-05,62.33407207603761,DERIVED_EMPIRICAL
Other,*Internal audits,13,11,1,1,15.0,46.15384615384615,3,23.076923076923077,0.9131811830461108,0.9319981369352585,9.315323707498835e-05,62.33407207603761,DERIVED_EMPIRICAL
Other,Advisory services provided by nurses,12,8,1,1,15.0,58.333333333333336,3,25.0,0.9058220773171868,0.9082440614811365,9.315323707498835e-05,62.294204537893414,DERIVED_EMPIRICAL
Other,Suction-sweeper vehicles.,10,6,1,1,15.0,30.0,4,40.0,0.8888681881695389,0.8745225896599906,9.315323707498835e-05,62.28829596114179,DERIVED_EMPIRICAL
Other,*General building and office cleaning and maintenance services,10,6,1,1,15.0,30.0,4,40.0,0.8888681881695389,0.8745225896599906,9.315323707498835e-05,62.28829596114179,DERIVED_EMPIRICAL
Other,*Specialized warehousing and storage,10,6,1,1,15.0,30.0,4,40.0,0.8888681881695389,0.8745225896599906,9.315323707498835e-05,62.28829596114179,DERIVED_EMPIRICAL
Other,*Accommodation furniture *Office furniture,18,6,1,1,15.0,5.555555555555555,10,55.55555555555556,0.9374941779226829,0.8745225896599906,9.315323707498835e-05,62.27013453003206,DERIVED_EMPIRICAL
Other,Business and management consultancy services,116,82,1,1,15.0,23.275862068965516,35,30.17241379310345,0.9914299021891011,0.9936655798789008,9.315323707498835e-05,62.20836130607263,DERIVED_EMPIRICAL
Other,Computer equipment and supplies,63,49,1,1,15.0,42.857142857142854,10,15.873015873015873,0.9822077317186773,0.9870517000465766,9.315323707498835e-05,62.160548019860016,DERIVED_EMPIRICAL
Other,Construction work for sports facilities.,25,18,1,1,15.0,32.0,7,28.0,0.9538891476478808,0.9605030274802049,9.315323707498835e-05,62.15941623971434,DERIVED_EMPIRICAL
Other,*Laboratory environmental conditioning equipment,13,7,1,1,15.0,7.6923076923076925,7,53.84615384615385,0.9131811830461108,0.8948299953423381,9.315323707498835e-05,62.11710556172597,DERIVED_EMPIRICAL
Other,Real estate services.,47,31,1,1,15.0,23.404255319148938,15,31.914893617021278,0.9754075454122031,0.9774569166278528,9.315323707498835e-05,62.09889400586762,DERIVED_EMPIRICAL
Other,Park and playground equipment.,14,9,1,1,15.0,28.57142857142857,5,35.714285714285715,0.9187703772706102,0.9171867722403354,9.315323707498835e-05,62.09422038028066,DERIVED_EMPIRICAL
Other,"Architectural, engineering and planning services.",47,29,1,1,15.0,23.404255319148938,15,31.914893617021278,0.9754075454122031,0.975780158360503,9.315323707498835e-05,62.06200532398592,DERIVED_EMPIRICAL
Other,Executive services.,11,3,1,1,15.0,0.0,10,90.9090909090909,0.8985561248253376,0.7462505822077318,9.315323707498835e-05,61.98453656264555,DERIVED_EMPIRICAL
Other,Passenger cars.,10,7,1,1,15.0,40.0,3,30.0,0.8888681881695389,0.8948299953423381,9.315323707498835e-05,61.97315412424869,DERIVED_EMPIRICAL
Other,*Environmental management,11,6,1,1,15.0,9.090909090909092,6,54.54545454545455,0.8985561248253376,0.8745225896599906,9.315323707498835e-05,61.93206185213638,DERIVED_EMPIRICAL
Other,"Clothing, footwear, luggage articles and accessories.",31,21,1,1,15.0,16.129032258064516,12,38.70967741935484,0.9633907778295295,0.9646017699115044,9.315323707498835e-05,61.91725903396802,DERIVED_EMPIRICAL
Other,Generators.,26,15,1,1,15.0,23.076923076923077,9,34.61538461538461,0.9556590591523055,0.952026082906381,9.315323707498835e-05,61.9040460238411,DERIVED_EMPIRICAL
Other,Solar energy.,33,20,1,1,15.0,15.151515151515152,13,39.39393939393939,0.9651606893339544,0.9630181648812296,9.315323707498835e-05,61.89883047656687,DERIVED_EMPIRICAL
Other,Security equipment,17,12,1,1,15.0,17.647058823529413,7,41.1764705882353,0.9332091290172333,0.9377736376339078,9.315323707498835e-05,61.853245294391634,DERIVED_EMPIRICAL
Other,Building materials,55,39,1,1,15.0,34.54545454545455,12,21.818181818181817,0.9796925943176525,0.9826734979040521,9.315323707498835e-05,61.82575666842086,DERIVED_EMPIRICAL
Other,Building services consultancy services,39,28,1,1,15.0,30.76923076923077,10,25.641025641025642,0.9709361900326037,0.975314392175128,9.315323707498835e-05,61.757398943239664,DERIVED_EMPIRICAL
Other,Radar,10,3,1,1,15.0,0.0,8,80.0,0.8888681881695389,0.7462505822077318,9.315323707498835e-05,61.75202608290638,DERIVED_EMPIRICAL
Other,*Language schooling,24,17,1,1,15.0,29.166666666666668,7,29.166666666666668,0.951932929669306,0.9583605030274802,9.315323707498835e-05,61.70977591471303,DERIVED_EMPIRICAL
Other,*Office furniture *Seating,18,2,1,1,15.0,5.555555555555555,16,88.88888888888889,0.9374941779226829,0.6239403819282721,9.315323707498835e-05,61.70970691231521,DERIVED_EMPIRICAL
Other,Vaccines,14,2,1,1,15.0,7.142857142857142,13,92.85714285714286,0.9187703772706102,0.6239403819282721,9.315323707498835e-05,61.683616119945896,DERIVED_EMPIRICAL
Other,Storage and warehousing services,39,27,1,1,15.0,20.51282051282051,13,33.333333333333336,0.9709361900326037,0.9741034000931532,9.315323707498835e-05,61.63307701975612,DERIVED_EMPIRICAL
Other,Marine services,22,14,1,1,15.0,9.090909090909092,10,45.45454545454545,0.9480204937121565,0.9481136469492315,9.315323707498835e-05,61.62132684890022,DERIVED_EMPIRICAL
Other,*Laboratory enclosures and accessories,12,9,1,1,15.0,41.66666666666667,3,25.0,0.9058220773171868,0.9171867722403354,9.315323707498835e-05,61.6020552857069,DERIVED_EMPIRICAL
Other,*Medical doctor specialist services,14,9,1,1,15.0,35.714285714285715,4,28.571428571428573,0.9187703772706102,0.9171867722403354,9.315323707498835e-05,61.55000269320584,DERIVED_EMPIRICAL
Other,Surface work for highways,13,7,1,1,15.0,15.384615384615385,6,46.15384615384615,0.9131811830461108,0.8948299953423381,9.315323707498835e-05,61.53102497564538,DERIVED_EMPIRICAL
Other,Railway construction works,13,7,1,1,15.0,15.384615384615385,6,46.15384615384615,0.9131811830461108,0.8948299953423381,9.315323707498835e-05,61.53102497564538,DERIVED_EMPIRICAL
Other,Boiler installations.,14,12,1,1,15.0,42.857142857142854,3,21.428571428571427,0.9187703772706102,0.9377736376339078,9.315323707498835e-05,61.4586960447896,DERIVED_EMPIRICAL
Other,Transport systems consultancy services,34,24,1,1,15.0,29.411764705882355,9,26.470588235294116,0.9662785281788542,0.9695388914764788,9.315323707498835e-05,61.44098455404519,DERIVED_EMPIRICAL
Other,*Online database information retrieval service,18,11,1,1,15.0,33.33333333333333,5,27.77777777777778,0.9374941779226829,0.9319981369352585,9.315323707498835e-05,61.41819445368585,DERIVED_EMPIRICAL
Other,Mechanical and electrical engineering services.,21,15,1,1,15.0,23.809523809523807,7,33.333333333333336,0.9452258965999069,0.952026082906381,9.315323707498835e-05,61.409449878383285,DERIVED_EMPIRICAL
Other,Cultural event organisation services.,15,10,1,1,15.0,53.333333333333336,3,20.0,0.9245458779692595,0.9249184909175594,9.315323707498835e-05,61.396127486858745,DERIVED_EMPIRICAL
Other,Television and audio-visual equipment.,28,19,1,1,15.0,32.142857142857146,7,25.0,0.9588262692128552,0.9621797857475547,9.315323707498835e-05,61.32431964867923,DERIVED_EMPIRICAL
Other,Vehicle refuelling services,11,6,1,1,15.0,18.181818181818183,5,45.45454545454545,0.8985561248253376,0.8745225896599906,9.315323707498835e-05,61.23942115949568,DERIVED_EMPIRICAL
Other,Telecommunications network.,16,10,1,1,15.0,37.5,4,25.0,0.9292966930600839,0.9249184909175594,9.315323707498835e-05,61.224432763324245,DERIVED_EMPIRICAL
Other,Motor vehicles,80,53,1,1,15.0,23.75,22,27.5,0.9869585468095017,0.9879832324173266,9.315323707498835e-05,61.186217756781346,DERIVED_EMPIRICAL
Other,"Office and computing machinery, equipment and supplies except furniture and software packages",64,42,1,1,15.0,15.625,22,34.375,0.9824871914299022,0.9838844899860271,9.315323707498835e-05,61.179209084658545,DERIVED_EMPIRICAL
Other,Personnel-training services.,79,56,1,1,15.0,39.24050632911392,12,15.189873417721518,0.9864927806241267,0.9892873777363763,9.315323707498835e-05,61.11391742490538,DERIVED_EMPIRICAL
Other,"Petroleum products, fuel, electricity and other sources of energy.",24,15,1,1,15.0,16.666666666666664,9,37.5,0.951932929669306,0.952026082906381,9.315323707498835e-05,61.09422819585837,DERIVED_EMPIRICAL
Other,Machines and apparatus for testing and measuring,13,6,1,1,15.0,15.384615384615385,6,46.15384615384615,0.9131811830461108,0.8745225896599906,9.315323707498835e-05,61.08426205063373,DERIVED_EMPIRICAL
Other,Ships and boats,15,10,1,1,15.0,26.666666666666668,5,33.333333333333336,0.9245458779692595,0.9249184909175594,9.315323707498835e-05,61.078667169398436,DERIVED_EMPIRICAL
Other,Business and management consultancy services.,40,27,1,1,15.0,22.5,12,30.0,0.9718677224033535,0.9741034000931532,9.315323707498835e-05,61.0424911837115,DERIVED_EMPIRICAL
Other,"Furniture (incl. office furniture), furnishings, domestic appliances (excl. lighting) and cleaning products.",50,35,1,1,15.0,24.0,14,28.0,0.9772706101537029,0.9809035863996274,9.315323707498835e-05,61.03605030274801,DERIVED_EMPIRICAL
Other,Laboratory reagents,35,22,1,1,15.0,14.285714285714285,13,37.142857142857146,0.9675826734979041,0.9664648346530041,9.315323707498835e-05,61.03010497165797,DERIVED_EMPIRICAL
Other,Electrical services.,20,14,1,1,15.0,40.0,4,20.0,0.943269678621332,0.9481136469492315,9.315323707498835e-05,61.02245880187195,DERIVED_EMPIRICAL
Other,Refuse-collection vehicles,19,16,1,1,15.0,52.63157894736842,3,15.789473684210526,0.9406613879832324,0.9553795994410805,9.315323707498835e-05,61.009435092155165,DERIVED_EMPIRICAL
Other,Roof works and other special trade construction works.,24,14,1,1,15.0,16.666666666666664,9,37.5,0.951932929669306,0.9481136469492315,9.315323707498835e-05,61.00815460480109,DERIVED_EMPIRICAL
Other,Painting work,25,14,1,1,15.0,8.0,11,44.0,0.9538891476478808,0.9481136469492315,9.315323707498835e-05,60.972564153747214,DERIVED_EMPIRICAL
Other,Public relations services.,68,49,1,1,15.0,26.47058823529412,17,25.0,0.9833255705635771,0.9870517000465766,9.315323707498835e-05,60.946879953658225,DERIVED_EMPIRICAL
Other,Medical analysis services,16,11,1,1,15.0,43.75,3,18.75,0.9292966930600839,0.9319981369352585,9.315323707498835e-05,60.90399449952314,DERIVED_EMPIRICAL
Other,Firefighting vehicles.,16,11,1,1,15.0,43.75,3,18.75,0.9292966930600839,0.9319981369352585,9.315323707498835e-05,60.90399449952314,DERIVED_EMPIRICAL
Other,*Application programming services,13,9,1,1,15.0,30.76923076923077,4,30.76923076923077,0.9131811830461108,0.9171867722403354,9.315323707498835e-05,60.85071289524016,DERIVED_EMPIRICAL
Other,Lasers,26,13,1,1,15.0,0.0,13,50.0,0.9556590591523055,0.9433628318584071,9.315323707498835e-05,60.83433362166478,DERIVED_EMPIRICAL
Other,Mechanical and electrical engineering services,43,30,1,1,15.0,20.930232558139537,13,30.232558139534884,0.9736376339077782,0.9766185374941779,9.315323707498835e-05,60.80143165074655,DERIVED_EMPIRICAL
Other,Piling.,11,9,1,1,15.0,36.36363636363637,3,27.272727272727273,0.8985561248253376,0.9171867722403354,9.315323707498835e-05,60.79275179098189,DERIVED_EMPIRICAL
Other,Research and development consultancy services.,28,16,1,1,15.0,21.428571428571427,9,32.142857142857146,0.9588262692128552,0.9553795994410805,9.315323707498835e-05,60.76655228463067,DERIVED_EMPIRICAL
Other,Refuse and waste related services,353,222,1,1,15.0,10.198300283286118,124,35.12747875354108,0.9969259431765254,0.9979506287843503,9.315323707498835e-05,60.64606697118339,DERIVED_EMPIRICAL
Other,*Human resources consulting service,31,25,1,1,15.0,35.483870967741936,6,19.35483870967742,0.9633907778295295,0.9711224965067536,9.315323707498835e-05,60.586060641183316,DERIVED_EMPIRICAL
Other,*Professional procurement services,36,24,1,1,15.0,27.77777777777778,9,25.0,0.9685142058686539,0.9695388914764788,9.315323707498835e-05,60.554709290433564,DERIVED_EMPIRICAL
Other,School meals.,1264,1049,1,1,15.0,92.48417721518987,95,7.515822784810126,0.9982300884955753,0.9987890079180252,9.315323707498835e-05,60.509410582578326,DERIVED_EMPIRICAL
Other,*Change management communication and advisory service,15,13,1,1,15.0,40.0,3,20.0,0.9245458779692595,0.9433628318584071,9.315323707498835e-05,60.468569654224055,DERIVED_EMPIRICAL
Other,Construction work for school buildings.,76,45,1,1,15.0,9.210526315789473,28,36.8421052631579,0.9854680950163018,0.9854680950163018,9.315323707498835e-05,60.42092842726285,DERIVED_EMPIRICAL
Other,Social work services,61,43,1,1,15.0,14.754098360655737,20,32.78688524590164,0.9819282720074523,0.9845365626455519,9.315323707498835e-05,60.40340369275139,DERIVED_EMPIRICAL
Other,Rehabilitation hospital services,17,15,1,1,15.0,41.17647058823529,3,17.647058823529413,0.9332091290172333,0.952026082906381,9.315323707498835e-05,60.3740820035513,DERIVED_EMPIRICAL
Other,Demolition work,15,12,1,1,15.0,40.0,3,20.0,0.9245458779692595,0.9377736376339078,9.315323707498835e-05,60.34560738128507,DERIVED_EMPIRICAL
Other,*Office furniture *Office furniture installation or reconfiguration service,15,12,1,1,15.0,40.0,3,20.0,0.9245458779692595,0.9377736376339078,9.315323707498835e-05,60.34560738128507,DERIVED_EMPIRICAL
Other,Protective gear,17,12,1,1,15.0,11.76470588235294,7,41.1764705882353,0.9332091290172333,0.9377736376339078,9.315323707498835e-05,60.28461784341124,DERIVED_EMPIRICAL
Other,"Hotel, restaurant and retail trade services.",28,16,1,1,15.0,28.57142857142857,7,25.0,0.9588262692128552,0.9553795994410805,9.315323707498835e-05,60.222334597555836,DERIVED_EMPIRICAL
Other,Construction work for multi-dwelling buildings and individual houses,123,74,1,1,15.0,10.569105691056912,42,34.146341463414636,0.991988821611551,0.9931066604564509,9.315323707498835e-05,60.18350026443907,DERIVED_EMPIRICAL
Other,Health and safety services.,36,25,1,1,15.0,33.33333333333333,7,19.444444444444443,0.9685142058686539,0.9711224965067536,9.315323707498835e-05,60.166268177819184,DERIVED_EMPIRICAL
Other,Guard services,17,11,1,1,15.0,11.76470588235294,7,41.1764705882353,0.9332091290172333,0.9319981369352585,9.315323707498835e-05,60.15755682804096,DERIVED_EMPIRICAL
Other,Welfare services for children and young people,83,51,1,1,15.0,13.253012048192772,27,32.53012048192771,0.9874243129948765,0.9877037727061015,9.315323707498835e-05,60.11666398109572,DERIVED_EMPIRICAL
Other,"Firefighting, rescue and safety equipment.",19,14,1,1,15.0,42.10526315789473,3,15.789473684210526,0.9406613879832324,0.9481136469492315,9.315323707498835e-05,60.07765431277308,DERIVED_EMPIRICAL
Other,Health and safety consultancy services.,12,9,1,1,15.0,25.0,4,33.333333333333336,0.9058220773171868,0.9171867722403354,9.315323707498835e-05,60.01475369840531,DERIVED_EMPIRICAL
Other,Agricultural services,17,10,1,1,15.0,11.76470588235294,7,41.1764705882353,0.9332091290172333,0.9249184909175594,9.315323707498835e-05,60.001804615651565,DERIVED_EMPIRICAL
Other,Business and management consultancy and related services,174,117,1,1,15.0,18.96551724137931,46,26.436781609195403,0.9944108057755007,0.9959012575687005,9.315323707498835e-05,59.89887443662559,DERIVED_EMPIRICAL
Other,*ADP Software,109,1,1,1,15.0,51.37614678899083,109,100.0,0.9907778295295762,0.0,9.315323707498835e-05,59.78034466697717,DERIVED_EMPIRICAL
Other,Printed matter and related products.,47,27,1,1,15.0,6.382978723404255,18,38.297872340425535,0.9754075454122031,0.9741034000931532,9.315323707498835e-05,59.67455939792997,DERIVED_EMPIRICAL
Other,Electronic warfare systems and counter measures,13,2,1,1,15.0,0.0,11,84.61538461538461,0.9131811830461108,0.6239403819282721,9.315323707498835e-05,59.644713553796,DERIVED_EMPIRICAL
Other,Various office equipment and supplies,10,8,1,1,15.0,30.0,3,30.0,0.8888681881695389,0.9082440614811365,9.315323707498835e-05,59.60159691263557,DERIVED_EMPIRICAL
Other,*ADP Input-Output and Storage Devices,54,1,1,1,15.0,51.85185185185185,54,100.0,0.9790405216581276,0.0,9.315323707498835e-05,59.49864927806241,DERIVED_EMPIRICAL
Other,Industrial machinery,54,32,1,1,15.0,1.8518518518518516,22,40.74074074074074,0.9790405216581276,0.9784816022356777,9.315323707498835e-05,59.48732565599513,DERIVED_EMPIRICAL
Other,Reconditioning services of ships or boats,12,2,1,1,15.0,0.0,10,83.33333333333333,0.9058220773171868,0.6239403819282721,9.315323707498835e-05,59.468095016301824,DERIVED_EMPIRICAL
Other,"*LOCAL AREA NETWORKS, SYSTEMS AND COMPONENTS",48,1,1,1,15.0,47.91666666666667,48,100.0,0.9766185374941779,0.0,9.315323707498835e-05,59.44052165812761,DERIVED_EMPIRICAL
Other,Furniture.,24,16,1,1,15.0,20.833333333333336,7,29.166666666666668,0.951932929669306,0.9553795994410805,9.315323707498835e-05,59.42197381359002,DERIVED_EMPIRICAL
Other,Residential homes construction work,28,16,1,1,15.0,7.142857142857142,11,39.285714285714285,0.9588262692128552,0.9553795994410805,9.315323707498835e-05,59.40600806694359,DERIVED_EMPIRICAL
Other,Outdoor sports equipment.,12,9,1,1,15.0,33.33333333333333,3,25.0,0.9058220773171868,0.9171867722403354,9.315323707498835e-05,59.379833063484675,DERIVED_EMPIRICAL
Other,Boats.,18,13,1,1,15.0,38.88888888888889,3,16.666666666666668,0.9374941779226829,0.9433628318584071,9.315323707498835e-05,59.34017541395278,DERIVED_EMPIRICAL
Other,Hotel services.,18,13,1,1,15.0,38.88888888888889,3,16.666666666666668,0.9374941779226829,0.9433628318584071,9.315323707498835e-05,59.34017541395278,DERIVED_EMPIRICAL
Other,Retail trade services,24,13,1,1,15.0,0.0,11,45.833333333333336,0.951932929669306,0.9433628318584071,9.315323707498835e-05,59.31633508550137,DERIVED_EMPIRICAL
Other,Services furnished by professional organisations,11,7,1,1,15.0,9.090909090909092,5,45.45454545454545,0.8985561248253376,0.8948299953423381,9.315323707498835e-05,59.2619416602649,DERIVED_EMPIRICAL
Other,Survey services,45,33,1,1,15.0,13.333333333333334,14,31.11111111111111,0.9747554727526782,0.9795994410805775,9.315323707498835e-05,59.16921803032656,DERIVED_EMPIRICAL
Other,Chemical products.,17,14,1,1,15.0,29.411764705882355,4,23.529411764705884,0.9332091290172333,0.9481136469492315,9.315323707498835e-05,59.16756023322232,DERIVED_EMPIRICAL
Other,*Electronic hardware and component parts and accessories *Electrical and electronic engineering,33,1,1,1,15.0,90.9090909090909,33,100.0,0.9651606893339544,0.0,9.315323707498835e-05,59.16553330228225,DERIVED_EMPIRICAL
Other,Recruitment services.,79,57,1,1,15.0,25.31645569620253,16,20.253164556962027,0.9864927806241267,0.9897531439217513,9.315323707498835e-05,59.14706964566114,DERIVED_EMPIRICAL
Other,*Passenger marine transportation,12,5,1,1,15.0,16.666666666666664,5,41.666666666666664,0.9058220773171868,0.848439683278994,9.315323707498835e-05,59.13723837617644,DERIVED_EMPIRICAL
Other,Electricity.,23,14,1,1,15.0,13.043478260869565,8,34.78260869565217,0.9503493246390312,0.9481136469492315,9.315323707498835e-05,59.072287490561735,DERIVED_EMPIRICAL
Other,Postal services,13,10,1,1,15.0,23.076923076923077,4,30.76923076923077,0.9131811830461108,0.9249184909175594,9.315323707498835e-05,58.96952865485703,DERIVED_EMPIRICAL
Other,Mowers.,13,10,1,1,15.0,23.076923076923077,4,30.76923076923077,0.9131811830461108,0.9249184909175594,9.315323707498835e-05,58.96952865485703,DERIVED_EMPIRICAL
Other,Paediatric services,29,19,1,1,15.0,24.137931034482758,7,24.137931034482758,0.9609687936655799,0.9621797857475547,9.315323707498835e-05,58.94552677084839,DERIVED_EMPIRICAL
Other,Legal services,249,186,1,1,15.0,23.293172690763054,50,20.080321285140563,0.9956217978574755,0.9972054028877504,9.315323707498835e-05,58.93131307139085,DERIVED_EMPIRICAL
Other,Analysers,19,11,1,1,15.0,5.263157894736842,8,42.10526315789474,0.9406613879832324,0.9319981369352585,9.315323707498835e-05,58.921108079934356,DERIVED_EMPIRICAL
Other,Road transport services,97,69,1,1,15.0,15.463917525773196,26,26.804123711340207,0.9895668374476013,0.9925477410340009,9.315323707498835e-05,58.90102777242349,DERIVED_EMPIRICAL
Other,Training services,156,108,1,1,15.0,17.94871794871795,38,24.358974358974358,0.9938518863530508,0.9954354913833255,9.315323707498835e-05,58.89167597914688,DERIVED_EMPIRICAL
Other,Administrative educational services,17,10,1,1,15.0,0.0,8,47.05882352941177,0.9332091290172333,0.9249184909175594,9.315323707498835e-05,58.88135643637986,DERIVED_EMPIRICAL
Other,Human resources management consultancy services.,34,23,1,1,15.0,23.52941176470588,8,23.529411764705884,0.9662785281788542,0.968048439683279,9.315323707498835e-05,58.83116380226987,DERIVED_EMPIRICAL
Other,Patent and copyright consultancy services.,11,6,1,1,15.0,9.090909090909092,5,45.45454545454545,0.8985561248253376,0.8745225896599906,9.315323707498835e-05,58.81517873525326,DERIVED_EMPIRICAL
Other,Technical support services,26,18,1,1,15.0,15.384615384615385,8,30.76923076923077,0.9556590591523055,0.9605030274802049,9.315323707498835e-05,58.72057543450184,DERIVED_EMPIRICAL
Other,Business development consultancy services,39,27,1,1,15.0,12.82051282051282,12,30.76923076923077,0.9709361900326037,0.9741034000931532,9.315323707498835e-05,58.70267408935318,DERIVED_EMPIRICAL
Other,"Technical testing, analysis and consultancy services.",21,15,1,1,15.0,38.095238095238095,3,14.285714285714286,0.9452258965999069,0.952026082906381,9.315323707498835e-05,58.68836144300912,DERIVED_EMPIRICAL
Other,Housing services,71,47,1,1,15.0,8.450704225352112,23,32.394366197183096,0.984070796460177,0.9862133209129017,9.315323707498835e-05,58.676229899190204,DERIVED_EMPIRICAL
Other,"Nuclear, biological, chemical and radiological protection equipment",13,8,1,1,15.0,23.076923076923077,4,30.76923076923077,0.9131811830461108,0.9082440614811365,9.315323707498835e-05,58.60269120725572,DERIVED_EMPIRICAL
Other,*ADP Software Maintenance - Other than Microcomputer,19,1,1,1,15.0,47.368421052631575,19,100.0,0.9406613879832324,0.0,9.315323707498835e-05,58.57755006986493,DERIVED_EMPIRICAL
Other,*Naval architecture *Marine engineering,18,1,1,1,15.0,88.88888888888889,18,100.0,0.9374941779226829,0.0,9.315323707498835e-05,58.50153702841175,DERIVED_EMPIRICAL
Other,Mechanical installations.,50,39,1,1,15.0,22.0,11,22.0,0.9772706101537029,0.9826734979040521,9.315323707498835e-05,58.484512165369175,DERIVED_EMPIRICAL
Other,Lift installation work,26,16,1,1,15.0,0.0,11,42.30769230769231,0.9556590591523055,0.9553795994410805,9.315323707498835e-05,58.461339871120956,DERIVED_EMPIRICAL
Other,Training programme services,18,14,1,1,15.0,27.77777777777778,4,22.22222222222222,0.9374941779226829,0.9481136469492315,9.315323707498835e-05,58.38649228774986,DERIVED_EMPIRICAL
Other,Networks,25,18,1,1,15.0,28.000000000000004,5,20.0,0.9538891476478808,0.9605030274802049,9.315323707498835e-05,58.34989243019052,DERIVED_EMPIRICAL
Other,*Human resources services,24,19,1,1,15.0,37.5,3,12.5,0.951932929669306,0.9621797857475547,9.315323707498835e-05,58.30173664249118,DERIVED_EMPIRICAL
Other,*Helicopter services,10,5,1,1,15.0,30.0,3,30.0,0.8888681881695389,0.848439683278994,9.315323707498835e-05,58.28590059218843,DERIVED_EMPIRICAL
Other,Coaching services,22,15,1,1,15.0,13.636363636363635,7,31.818181818181817,0.9480204937121565,0.952026082906381,9.315323707498835e-05,58.24419697675404,DERIVED_EMPIRICAL
Other,Floodgates.,15,1,1,1,15.0,53.333333333333336,15,100.0,0.9245458779692595,0.0,9.315323707498835e-05,58.19077782952957,DERIVED_EMPIRICAL
Other,E-learning services.,11,6,1,1,15.0,18.181818181818183,4,36.36363636363637,0.8985561248253376,0.8745225896599906,9.315323707498835e-05,58.12253804261257,DERIVED_EMPIRICAL
Other,Event services,134,85,1,1,15.0,8.955223880597014,39,29.104477611940297,0.992454587796926,0.9939450395901258,9.315323707498835e-05,58.05411547624841,DERIVED_EMPIRICAL
Other,*Packaged combination meals,14,1,1,1,15.0,57.14285714285714,14,100.0,0.9187703772706102,0.0,9.315323707498835e-05,58.05216581276199,DERIVED_EMPIRICAL
Other,"*Local Area Networks, Systems and Components - Maintenance",24,1,1,1,15.0,41.66666666666667,24,100.0,0.951932929669306,0.0,9.315323707498835e-05,57.95917818144181,DERIVED_EMPIRICAL
Other,Demolition work.,12,7,1,1,15.0,8.333333333333332,5,41.666666666666664,0.9058220773171868,0.8948299953423381,9.315323707498835e-05,57.935603019347795,DERIVED_EMPIRICAL
Other,"Security, fire-fighting, police and defence equipment",24,15,1,1,15.0,20.833333333333336,6,25.0,0.951932929669306,0.952026082906381,9.315323707498835e-05,57.91962502125521,DERIVED_EMPIRICAL
Other,Railway equipment.,13,1,1,1,15.0,46.15384615384615,13,100.0,0.9131811830461108,0.0,9.315323707498835e-05,57.91802515137401,DERIVED_EMPIRICAL
Other,Market and economic research; polling and statistics.,14,10,1,1,15.0,21.428571428571427,4,28.571428571428573,0.9187703772706102,0.9249184909175594,9.315323707498835e-05,57.91057669458096,DERIVED_EMPIRICAL
Other,Personnel-training services,12,9,1,1,15.0,16.666666666666664,4,33.333333333333336,0.9058220773171868,0.9171867722403354,9.315323707498835e-05,57.792531476183086,DERIVED_EMPIRICAL
Other,Miscellaneous business and business-related services,30,25,1,1,15.0,20.0,7,23.333333333333332,0.9619934792734047,0.9711224965067536,9.315323707498835e-05,57.78754851731098,DERIVED_EMPIRICAL
Other,Energy-efficiency consultancy services,79,55,1,1,15.0,15.18987341772152,19,24.050632911392405,0.9864927806241267,0.9888216115510013,9.315323707498835e-05,57.7281431426668,DERIVED_EMPIRICAL
Other,Construction consultancy services.,16,12,1,1,15.0,31.25,3,18.75,0.9292966930600839,0.9377736376339078,9.315323707498835e-05,57.697722181560096,DERIVED_EMPIRICAL
Other,School-meal services.,114,109,1,1,15.0,51.75438596491229,0,0.0,0.9911504424778761,0.9955286446204006,9.315323707498835e-05,57.69091755938518,DERIVED_EMPIRICAL
Other,Horticultural services,56,39,1,1,15.0,12.5,15,26.785714285714285,0.9800652072659525,0.9826734979040521,9.315323707498835e-05,57.659065489260456,DERIVED_EMPIRICAL
Other,"Imaging equipment for medical, dental and veterinary use",20,10,1,1,15.0,10.0,7,35.0,0.943269678621332,0.9249184909175594,9.315323707498835e-05,57.655022512032296,DERIVED_EMPIRICAL
Other,Building consultancy services,71,61,1,1,15.0,29.577464788732392,9,12.67605633802817,0.984070796460177,0.9908709827666511,9.315323707498835e-05,57.6519378965924,DERIVED_EMPIRICAL
Other,"Office and computing machinery, equipment and supplies except furniture and software packages.",47,36,1,1,15.0,25.53191489361702,8,17.02127659574468,0.9754075454122031,0.9815556590591523,9.315323707498835e-05,57.65005924715763,DERIVED_EMPIRICAL
Other,"Sewage, refuse, cleaning and environmental services",210,156,1,1,15.0,14.285714285714285,49,23.333333333333332,0.9945039590125757,0.9966464834653004,9.315323707498835e-05,57.605518220329586,DERIVED_EMPIRICAL
Other,Electricity,78,59,1,1,15.0,14.102564102564102,19,24.358974358974358,0.9863064741499767,0.9904983698183512,9.315323707498835e-05,57.57632838620263,DERIVED_EMPIRICAL
Other,*Commercial marine craft *Salvage ships *Icebreaker *Rescue ships or boats *Water transport vessel maintenance and repair services,11,1,1,1,15.0,54.54545454545454,11,100.0,0.8985561248253376,0.0,9.315323707498835e-05,57.56702375407545,DERIVED_EMPIRICAL
Other,*Education and Training Services,11,1,1,1,15.0,45.45454545454545,11,100.0,0.8985561248253376,0.0,9.315323707498835e-05,57.56702375407545,DERIVED_EMPIRICAL
Other,Specialist training services,47,31,1,1,15.0,6.382978723404255,15,31.914893617021278,0.9754075454122031,0.9774569166278528,9.315323707498835e-05,57.55988691366905,DERIVED_EMPIRICAL
Other,"Petroleum products, fuel, electricity and other sources of energy",117,80,1,1,15.0,9.401709401709402,32,27.35042735042735,0.991523055426176,0.9934792734047508,9.315323707498835e-05,57.53918598781198,DERIVED_EMPIRICAL
Other,*Information services,14,11,1,1,15.0,28.57142857142857,3,21.428571428571427,0.9187703772706102,0.9319981369352585,9.315323707498835e-05,57.5221112198955,DERIVED_EMPIRICAL
Other,"Architectural, engineering and surveying services",21,16,1,1,15.0,33.33333333333333,3,14.285714285714286,0.9452258965999069,0.9553795994410805,9.315323707498835e-05,57.49229753693123,DERIVED_EMPIRICAL
Other,Repair and maintenance services of rolling stock,11,6,1,1,15.0,27.27272727272727,3,27.272727272727273,0.8985561248253376,0.8745225896599906,9.315323707498835e-05,57.42989734997188,DERIVED_EMPIRICAL
Other,Telecommunications services.,21,15,1,1,15.0,33.33333333333333,3,14.285714285714286,0.9452258965999069,0.952026082906381,9.315323707498835e-05,57.418520173167856,DERIVED_EMPIRICAL
Other,Quantity surveying services,40,35,1,1,15.0,27.500000000000004,6,15.0,0.9718677224033535,0.9809035863996274,9.315323707498835e-05,57.38257147293011,DERIVED_EMPIRICAL
Other,Evaluation consultancy services,43,31,1,1,15.0,13.953488372093023,11,25.58139534883721,0.9736376339077782,0.9774569166278528,9.315323707498835e-05,57.364726490026264,DERIVED_EMPIRICAL
Other,"*Printers, Page, Laser - Maintenance",10,1,1,1,15.0,70.0,10,100.0,0.8888681881695389,0.0,9.315323707498835e-05,57.334513274336274,DERIVED_EMPIRICAL
Other,*Electronic Components and Supplies,10,1,1,1,15.0,70.0,10,100.0,0.8888681881695389,0.0,9.315323707498835e-05,57.334513274336274,DERIVED_EMPIRICAL
Other,*Electric alternating current AC motors,10,1,1,1,15.0,100.0,10,100.0,0.8888681881695389,0.0,9.315323707498835e-05,57.334513274336274,DERIVED_EMPIRICAL
Other,Marketing services.,18,14,1,1,15.0,16.666666666666664,5,27.77777777777778,0.9374941779226829,0.9481136469492315,9.315323707498835e-05,57.3282912295488,DERIVED_EMPIRICAL
Other,Engineering design services,38,29,1,1,15.0,13.157894736842104,10,26.31578947368421,0.9700978108989288,0.975780158360503,9.315323707498835e-05,57.28251602457471,DERIVED_EMPIRICAL
Other,"Feasibility study, advisory service, analysis.",34,26,1,1,15.0,32.35294117647059,4,11.764705882352942,0.9662785281788542,0.9726129482999534,9.315323707498835e-05,57.250910722929135,DERIVED_EMPIRICAL
Other,Water distribution and related services,47,36,1,1,15.0,21.27659574468085,9,19.148936170212767,0.9754075454122031,0.9815556590591523,9.315323707498835e-05,57.24479075678275,DERIVED_EMPIRICAL
Other,"Agricultural, farming, fishing, forestry and related products",19,12,1,1,15.0,5.263157894736842,7,36.8421052631579,0.9406613879832324,0.9377736376339078,9.315323707498835e-05,57.24365781710915,DERIVED_EMPIRICAL
Other,"Musical instruments, sport goods, games, toys, handicraft, art materials and accessories.",33,25,1,1,15.0,24.242424242424242,6,18.181818181818183,0.9651606893339544,0.9711224965067536,9.315323707498835e-05,57.228640923843535,DERIVED_EMPIRICAL
Other,Supply services of personnel including temporary staff,101,81,1,1,15.0,21.782178217821784,17,16.831683168316832,0.9899394503959013,0.9935724266418258,9.315323707498835e-05,57.19826061254073,DERIVED_EMPIRICAL
Other,Housing services.,14,9,1,1,15.0,28.57142857142857,3,21.428571428571427,0.9187703772706102,0.9171867722403354,9.315323707498835e-05,57.19626119660719,DERIVED_EMPIRICAL
Other,Inspection of ventilation system,12,9,1,1,15.0,25.0,3,25.0,0.9058220773171868,0.9171867722403354,9.315323707498835e-05,57.15761084126245,DERIVED_EMPIRICAL
Other,Catering equipment,25,17,1,1,15.0,8.0,8,32.0,0.9538891476478808,0.9583605030274802,9.315323707498835e-05,57.08370927318296,DERIVED_EMPIRICAL
Other,Research laboratory services,25,17,1,1,15.0,8.0,8,32.0,0.9538891476478808,0.9583605030274802,9.315323707498835e-05,57.08370927318296,DERIVED_EMPIRICAL
Other,Clinical-waste collection services,19,14,1,1,15.0,10.526315789473683,6,31.57894736842105,0.9406613879832324,0.9481136469492315,9.315323707498835e-05,57.070135515780606,DERIVED_EMPIRICAL
Other,Pressure vessels,13,6,1,1,15.0,0.0,6,46.15384615384615,0.9131811830461108,0.8745225896599906,9.315323707498835e-05,56.98169794806963,DERIVED_EMPIRICAL
Other,Miscellaneous repair and maintenance services,56,44,1,1,15.0,14.285714285714285,13,23.214285714285715,0.9800652072659525,0.9851886353050768,9.315323707498835e-05,56.96609919235509,DERIVED_EMPIRICAL
Other,"Newspapers, journals, periodicals and magazines.",10,6,1,1,15.0,10.0,4,40.0,0.8888681881695389,0.8745225896599906,9.315323707498835e-05,56.954962627808456,DERIVED_EMPIRICAL
Other,Heat pumps.,10,8,1,1,15.0,20.0,3,30.0,0.8888681881695389,0.9082440614811365,9.315323707498835e-05,56.93493024596891,DERIVED_EMPIRICAL
Other,Catering supplies.,10,8,1,1,15.0,20.0,3,30.0,0.8888681881695389,0.9082440614811365,9.315323707498835e-05,56.93493024596891,DERIVED_EMPIRICAL
Other,Forklift trucks,13,10,1,1,15.0,15.384615384615385,4,30.76923076923077,0.9131811830461108,0.9249184909175594,9.315323707498835e-05,56.91824660357497,DERIVED_EMPIRICAL
Other,Research consultancy services.,37,30,1,1,15.0,35.13513513513514,3,8.108108108108109,0.9691662785281788,0.9766185374941779,9.315323707498835e-05,56.896567417107704,DERIVED_EMPIRICAL
Other,Waste and rubbish containers and bins,47,35,1,1,15.0,36.17021276595745,3,6.382978723404255,0.9754075454122031,0.9809035863996274,9.315323707498835e-05,56.825176667898326,DERIVED_EMPIRICAL
Other,*Business intelligence consulting services,20,16,1,1,15.0,30.0,3,15.0,0.943269678621332,0.9553795994410805,9.315323707498835e-05,56.801357375740224,DERIVED_EMPIRICAL
Other,Technical services,17,12,1,1,15.0,5.88235294117647,6,35.294117647058826,0.9332091290172333,0.9377736376339078,9.315323707498835e-05,56.69918366974176,DERIVED_EMPIRICAL
Other,Chemical products,22,15,1,1,15.0,13.636363636363635,6,27.272727272727273,0.9480204937121565,0.952026082906381,9.315323707498835e-05,56.685755418312475,DERIVED_EMPIRICAL
Other,Provision of services to the community,82,53,1,1,15.0,6.097560975609756,23,28.048780487804876,0.9873311597578016,0.9879832324173266,9.315323707498835e-05,56.67599670447434,DERIVED_EMPIRICAL
Other,Financial and insurance services,154,120,1,1,15.0,11.688311688311687,35,22.727272727272727,0.9936655798789008,0.9960875640428505,9.315323707498835e-05,56.6726679933946,DERIVED_EMPIRICAL
Other,"Food, beverages, tobacco and related products",135,94,1,1,15.0,9.62962962962963,33,24.444444444444443,0.9926408942710759,0.9947834187238006,9.315323707498835e-05,56.65914704821707,DERIVED_EMPIRICAL
Other,"Office machinery, equipment and supplies except computers, printers and furniture",18,16,1,1,15.0,27.77777777777778,3,16.666666666666668,0.9374941779226829,0.9553795994410805,9.315323707498835e-05,56.64158133780863,DERIVED_EMPIRICAL
Other,Archaeological services,10,7,1,1,15.0,20.0,3,30.0,0.8888681881695389,0.8948299953423381,9.315323707498835e-05,56.63982079091535,DERIVED_EMPIRICAL
Other,Clinical forensics equipment and supplies,10,7,1,1,15.0,20.0,3,30.0,0.8888681881695389,0.8948299953423381,9.315323707498835e-05,56.63982079091535,DERIVED_EMPIRICAL
Other,Commercial property management services,31,27,1,1,15.0,32.25806451612903,3,9.67741935483871,0.9633907778295295,0.9741034000931532,9.315323707498835e-05,56.47345311609024,DERIVED_EMPIRICAL
Other,Taxi services,123,93,1,1,15.0,19.51219512195122,20,16.260162601626018,0.991988821611551,0.9946902654867257,9.315323707498835e-05,56.47075924215893,DERIVED_EMPIRICAL
Other,Design consultancy services,50,39,1,1,15.0,22.0,8,16.0,0.9772706101537029,0.9826734979040521,9.315323707498835e-05,56.42736930822632,DERIVED_EMPIRICAL
Other,*Agricultural building construction services,19,1,1,1,15.0,36.84210526315789,19,100.0,0.9406613879832324,0.0,9.315323707498835e-05,56.402111473373694,DERIVED_EMPIRICAL
Other,"Lathes, boring and milling machine tools.",10,5,1,1,15.0,10.0,4,40.0,0.8888681881695389,0.848439683278994,9.315323707498835e-05,56.38113868742652,DERIVED_EMPIRICAL
Other,Decoration work,14,9,1,1,15.0,7.142857142857142,5,35.714285714285715,0.9187703772706102,0.9171867722403354,9.315323707498835e-05,56.37993466599496,DERIVED_EMPIRICAL
Other,Construction work of leisure facilities,17,13,1,1,15.0,11.76470588235294,5,29.41176470588235,0.9332091290172333,0.9433628318584071,9.315323707498835e-05,56.373966670972074,DERIVED_EMPIRICAL
Other,Architectural design services,65,48,1,1,15.0,13.846153846153847,14,21.53846153846154,0.9827666511411272,0.9864927806241267,9.315323707498835e-05,56.36784063630827,DERIVED_EMPIRICAL
Other,Technical analysis or consultancy services.,23,17,1,1,15.0,13.043478260869565,6,26.08695652173913,0.9503493246390312,0.9583605030274802,9.315323707498835e-05,56.31635186465588,DERIVED_EMPIRICAL
Other,Environmental services,94,68,1,1,15.0,12.76595744680851,20,21.27659574468085,0.9891010712622264,0.992268281322776,9.315323707498835e-05,56.26909280355852,DERIVED_EMPIRICAL
Other,Refuse recycling services,78,55,1,1,15.0,14.102564102564102,16,20.512820512820515,0.9863064741499767,0.9888216115510013,9.315323707498835e-05,56.22075838563961,DERIVED_EMPIRICAL
Other,*Mowers,10,6,1,1,15.0,20.0,3,30.0,0.8888681881695389,0.8745225896599906,9.315323707498835e-05,56.193057865903704,DERIVED_EMPIRICAL
Other,Analysis services.,14,8,1,1,15.0,7.142857142857142,5,35.714285714285715,0.9187703772706102,0.9082440614811365,9.315323707498835e-05,56.18319502929259,DERIVED_EMPIRICAL
Other,Security services,255,192,1,1,15.0,9.019607843137255,59,23.137254901960784,0.9957149510945505,0.9973917093619004,9.315323707498835e-05,56.17945505791201,DERIVED_EMPIRICAL
Other,Industrial robots,18,13,1,1,15.0,5.555555555555555,6,33.333333333333336,0.9374941779226829,0.9433628318584071,9.315323707498835e-05,56.165572239349615,DERIVED_EMPIRICAL
Other,"Library, archives, museums and other cultural services",18,13,1,1,15.0,5.555555555555555,6,33.333333333333336,0.9374941779226829,0.9433628318584071,9.315323707498835e-05,56.165572239349615,DERIVED_EMPIRICAL
Other,Monitoring and control services,17,11,1,1,15.0,11.76470588235294,5,29.41176470588235,0.9332091290172333,0.9319981369352585,9.315323707498835e-05,56.1239433826628,DERIVED_EMPIRICAL
Other,Technical analysis or consultancy services,33,23,1,1,15.0,24.242424242424242,5,15.151515151515152,0.9651606893339544,0.968048439683279,9.315323707498835e-05,56.122050634766055,DERIVED_EMPIRICAL
Other,Consultative engineering and construction services,29,25,1,1,15.0,17.24137931034483,6,20.689655172413794,0.9609687936655799,0.9711224965067536,9.315323707498835e-05,56.12091993792845,DERIVED_EMPIRICAL
Other,Roof works and other special trade construction works,58,45,1,1,15.0,20.689655172413794,9,15.517241379310345,0.9808104331625525,0.9854680950163018,9.315323707498835e-05,56.05886366817258,DERIVED_EMPIRICAL
Other,Recruitment services,222,168,1,1,15.0,15.765765765765765,39,17.56756756756757,0.9950628784350256,0.9969259431765254,9.315323707498835e-05,56.04292681796175,DERIVED_EMPIRICAL
Other,"Administration, defence and social security services",18,12,1,1,15.0,5.555555555555555,6,33.333333333333336,0.9374941779226829,0.9377736376339078,9.315323707498835e-05,56.04260996641063,DERIVED_EMPIRICAL
Other,Laboratory services,81,62,1,1,15.0,17.28395061728395,14,17.28395061728395,0.9870517000465766,0.9912435957149511,9.315323707498835e-05,56.033256088982434,DERIVED_EMPIRICAL
Other,Cleaning and sanitation services,68,56,1,1,15.0,19.11764705882353,11,16.176470588235293,0.9833255705635771,0.9892873777363763,9.315323707498835e-05,56.010070465074726,DERIVED_EMPIRICAL
Other,"Recreational, cultural and sporting services",79,57,1,1,15.0,10.126582278481013,18,22.78481012658228,0.9864927806241267,0.9897531439217513,9.315323707498835e-05,55.964429500995685,DERIVED_EMPIRICAL
Other,Lighting equipment and electric lamps.,27,22,1,1,15.0,29.629629629629626,3,11.11111111111111,0.9575221238938053,0.9664648346530041,9.315323707498835e-05,55.955192471509804,DERIVED_EMPIRICAL
Other,Guidance and counselling services.,11,9,1,1,15.0,18.181818181818183,3,27.272727272727273,0.8985561248253376,0.9171867722403354,9.315323707498835e-05,55.94426694249704,DERIVED_EMPIRICAL
Other,Environmental engineering consultancy services,35,26,1,1,15.0,5.714285714285714,10,28.571428571428573,0.9675826734979041,0.9726129482999534,9.315323707498835e-05,55.94087367597249,DERIVED_EMPIRICAL
Other,Property management services of real estate on a fee or contract basis,41,32,1,1,15.0,19.51219512195122,7,17.073170731707318,0.9726129482999534,0.9784816022356777,9.315323707498835e-05,55.92789333575684,DERIVED_EMPIRICAL
Other,Architectural and related services,89,68,1,1,15.0,11.235955056179774,19,21.348314606741575,0.9882626921285514,0.992268281322776,9.315323707498835e-05,55.86556039098443,DERIVED_EMPIRICAL
Other,Transport equipment and auxiliary products to transportation,70,51,1,1,15.0,10.0,16,22.857142857142858,0.983791336748952,0.9877037727061015,9.315323707498835e-05,55.84555320032065,DERIVED_EMPIRICAL
Other,Repair and maintenance services of building installations,149,112,1,1,15.0,15.436241610738255,26,17.449664429530202,0.9931998136935258,0.9957149510945505,9.315323707498835e-05,55.84327439731359,DERIVED_EMPIRICAL
Other,Meal-preparation services.,14,12,1,1,15.0,21.428571428571427,3,21.428571428571427,0.9187703772706102,0.9377736376339078,9.315323707498835e-05,55.74441033050389,DERIVED_EMPIRICAL
Other,*ADP Support Equipment,31,1,1,1,15.0,32.25806451612903,31,100.0,0.9633907778295295,0.0,9.315323707498835e-05,55.72520596381047,DERIVED_EMPIRICAL
Other,Secondary school construction work.,22,16,1,1,15.0,27.27272727272727,3,13.636363636363637,0.9480204937121565,0.9553795994410805,9.315323707498835e-05,55.720571743114824,DERIVED_EMPIRICAL
Other,Hardware,39,32,1,1,15.0,30.76923076923077,3,7.6923076923076925,0.9709361900326037,0.9784816022356777,9.315323707498835e-05,55.673231410725585,DERIVED_EMPIRICAL
Other,Travel management services,40,34,1,1,15.0,27.500000000000004,4,10.0,0.9718677224033535,0.9801583605030275,9.315323707498835e-05,55.65189078891919,DERIVED_EMPIRICAL
Other,"Financial consultancy, financial transaction processing and clearing-house services.",14,11,1,1,15.0,21.428571428571427,3,21.428571428571427,0.9187703772706102,0.9319981369352585,9.315323707498835e-05,55.61734931513359,DERIVED_EMPIRICAL
Other,Higher education services,30,24,1,1,15.0,3.3333333333333335,9,30.0,0.9619934792734047,0.9695388914764788,9.315323707498835e-05,55.593979047914765,DERIVED_EMPIRICAL
Other,"Accounting, auditing and fiscal services.",41,34,1,1,15.0,24.390243902439025,5,12.195121951219512,0.9726129482999534,0.9801583605030275,9.315323707498835e-05,55.593121158172785,DERIVED_EMPIRICAL
Other,Tyres for heavy/light-duty vehicles,20,18,1,1,15.0,25.0,3,15.0,0.943269678621332,0.9605030274802049,9.315323707498835e-05,55.58073945926763,DERIVED_EMPIRICAL
Other,*Furniture and Furnishings,14,1,1,1,15.0,35.714285714285715,14,100.0,0.9187703772706102,0.0,9.315323707498835e-05,55.57597533657152,DERIVED_EMPIRICAL
Other,Meal-serving services.,15,12,1,1,15.0,13.333333333333334,4,26.666666666666668,0.9245458779692595,0.9377736376339078,9.315323707498835e-05,55.52021055588825,DERIVED_EMPIRICAL
Other,Catering services,150,121,1,1,15.0,13.333333333333334,27,18.0,0.9934792734047508,0.9962738705170004,9.315323707498835e-05,55.49018859833951,DERIVED_EMPIRICAL
Other,"Electricity, heating, solar and nuclear energy.",17,13,1,1,15.0,23.52941176470588,3,17.647058823529413,0.9332091290172333,0.9433628318584071,9.315323707498835e-05,55.4776081275547,DERIVED_EMPIRICAL
Other,Counselling services,66,50,1,1,15.0,16.666666666666664,11,16.666666666666668,0.9829529576152771,0.9875174662319516,9.315323707498835e-05,55.47666215686709,DERIVED_EMPIRICAL
Other,Consulting services for water-supply and waste consultancy,28,23,1,1,15.0,14.285714285714285,6,21.428571428571427,0.9588262692128552,0.968048439683279,9.315323707498835e-05,55.467035477442025,DERIVED_EMPIRICAL
Other,Health and safety services,49,41,1,1,15.0,20.408163265306122,7,14.285714285714286,0.9768048439683279,0.9836050302748021,9.315323707498835e-05,55.42443973397463,DERIVED_EMPIRICAL
Other,Administrative educational services.,18,14,1,1,15.0,16.666666666666664,4,22.22222222222222,0.9374941779226829,0.9481136469492315,9.315323707498835e-05,55.42352932478689,DERIVED_EMPIRICAL
Other,Landscape gardening services.,20,15,1,1,15.0,25.0,3,15.0,0.943269678621332,0.952026082906381,9.315323707498835e-05,55.39424667864351,DERIVED_EMPIRICAL
Other,Air quality management,27,15,1,1,15.0,0.0,9,33.333333333333336,0.9575221238938053,0.952026082906381,9.315323707498835e-05,55.3553529842305,DERIVED_EMPIRICAL
Other,Machine tools.,40,32,1,1,15.0,20.0,6,15.0,0.9718677224033535,0.9784816022356777,9.315323707498835e-05,55.32928782132321,DERIVED_EMPIRICAL
Other,Cleaning and polishing products,16,12,1,1,15.0,6.25,5,31.25,0.9292966930600839,0.9377736376339078,9.315323707498835e-05,55.31676980060772,DERIVED_EMPIRICAL
Other,Infrastructure works consultancy services,21,20,1,1,15.0,42.857142857142854,0,0.0,0.9452258965999069,0.9630181648812296,9.315323707498835e-05,55.302069332623596,DERIVED_EMPIRICAL
Other,"*Automatic Data Processing Equipment, System Configuration",88,1,1,1,15.0,28.40909090909091,88,100.0,0.9880763856544015,0.0,9.315323707498835e-05,55.291267589730566,DERIVED_EMPIRICAL
Other,*Infrastructure maintenance and repair services,11,1,1,1,15.0,36.36363636363637,11,100.0,0.8985561248253376,0.0,9.315323707498835e-05,55.263993451045145,DERIVED_EMPIRICAL
Other,*Telecommunications - Satellite Services,22,1,1,1,15.0,31.818181818181817,22,100.0,0.9480204937121565,0.0,9.315323707498835e-05,55.23901709220759,DERIVED_EMPIRICAL
Other,Instruments for checking physical characteristics,15,10,1,1,15.0,13.333333333333334,4,26.666666666666668,0.9245458779692595,0.9249184909175594,9.315323707498835e-05,55.23739732812859,DERIVED_EMPIRICAL
Other,Staff training services,28,19,1,1,15.0,0.0,9,32.142857142857146,0.9588262692128552,0.9621797857475547,9.315323707498835e-05,55.201870669087384,DERIVED_EMPIRICAL
Other,*Laboratory and Measuring and Observing and Testing Equipment,52,1,1,1,15.0,28.846153846153843,52,100.0,0.9783884489986027,0.0,9.315323707498835e-05,55.175307226541506,DERIVED_EMPIRICAL
Other,Design and execution of research and development,28,18,1,1,15.0,0.0,9,32.142857142857146,0.9588262692128552,0.9605030274802049,9.315323707498835e-05,55.1649819872057,DERIVED_EMPIRICAL
Other,Repair and maintenance services of electrical and mechanical building installations.,12,10,1,1,15.0,16.666666666666664,3,25.0,0.9058220773171868,0.9249184909175594,9.315323707498835e-05,55.105486429939155,DERIVED_EMPIRICAL
Other,Environmental issues consultancy services,23,16,1,1,15.0,8.695652173913043,6,26.08695652173913,0.9503493246390312,0.9553795994410805,9.315323707498835e-05,55.0913516959,DERIVED_EMPIRICAL
Other,*Aircraft digital altitude control systems,30,1,1,1,15.0,30.0,30,100.0,0.9619934792734047,0.0,9.315323707498835e-05,55.08952026082906,DERIVED_EMPIRICAL
Other,Banking services,47,38,1,1,15.0,21.27659574468085,6,12.76595744680851,0.9754075454122031,0.9823940381928272,9.315323707498835e-05,55.074785249699275,DERIVED_EMPIRICAL
Other,Building and facilities management services.,21,18,1,1,15.0,23.809523809523807,3,14.285714285714286,0.9452258965999069,0.9605030274802049,9.315323707498835e-05,55.06533041410944,DERIVED_EMPIRICAL
Other,Electrical equipment and apparatus,16,10,1,1,15.0,6.25,5,31.25,0.9292966930600839,0.9249184909175594,9.315323707498835e-05,55.03395657284806,DERIVED_EMPIRICAL
Other,"Windows, doors and related items.",21,17,1,1,15.0,23.809523809523807,3,14.285714285714286,0.9452258965999069,0.9583605030274802,9.315323707498835e-05,55.018194876149494,DERIVED_EMPIRICAL
Other,Grounds maintenance services,242,186,1,1,15.0,11.570247933884298,43,17.768595041322314,0.9955286446204006,0.9972054028877504,9.315323707498835e-05,55.01037227017665,DERIVED_EMPIRICAL
Other,Procurement consultancy services.,16,13,1,1,15.0,12.5,4,25.0,0.9292966930600839,0.9433628318584071,9.315323707498835e-05,54.963541597356226,DERIVED_EMPIRICAL
Other,Flatbed and Tipper trucks.,12,9,1,1,15.0,16.666666666666664,3,25.0,0.9058220773171868,0.9171867722403354,9.315323707498835e-05,54.935388619040225,DERIVED_EMPIRICAL
Other,Daycare services for disabled children and young people,12,9,1,1,15.0,16.666666666666664,3,25.0,0.9058220773171868,0.9171867722403354,9.315323707498835e-05,54.935388619040225,DERIVED_EMPIRICAL
Other,Facilities management services,134,103,1,1,15.0,13.432835820895523,22,16.417910447761194,0.992454587796926,0.9950628784350256,9.315323707498835e-05,54.92305761100679,DERIVED_EMPIRICAL
Other,Consulting services for water-supply and waste-water other than for construction.,14,14,1,1,15.0,92.85714285714286,0,0.0,0.9187703772706102,0.9481136469492315,9.315323707498835e-05,54.91066604564509,DERIVED_EMPIRICAL
Other,"Construction work for buildings relating to leisure, sports, culture, lodging and restaurants.",14,14,1,1,15.0,57.14285714285714,0,0.0,0.9187703772706102,0.9481136469492315,9.315323707498835e-05,54.91066604564509,DERIVED_EMPIRICAL
Other,Administration services.,18,13,1,1,15.0,22.22222222222222,3,16.666666666666668,0.9374941779226829,0.9433628318584071,9.315323707498835e-05,54.895730969508335,DERIVED_EMPIRICAL
Other,"Demolition, site preparation and clearance work.",31,22,1,1,15.0,22.58064516129032,4,12.903225806451612,0.9633907778295295,0.9664648346530041,9.315323707498835e-05,54.83075029852679,DERIVED_EMPIRICAL
Other,*Laboratory equipment maintenance,12,8,1,1,15.0,16.666666666666664,3,25.0,0.9058220773171868,0.9082440614811365,9.315323707498835e-05,54.73864898233786,DERIVED_EMPIRICAL
Other,Museum construction work,10,7,1,1,15.0,0.0,4,40.0,0.8888681881695389,0.8948299953423381,9.315323707498835e-05,54.73505888615344,DERIVED_EMPIRICAL
Other,Adult and other education services,75,54,1,1,15.0,4.0,18,24.0,0.9851886353050768,0.9885421518397765,9.315323707498835e-05,54.68936944130238,DERIVED_EMPIRICAL
Other,Modular and portable buildings.,25,21,1,1,15.0,24.0,3,12.0,0.9538891476478808,0.9646017699115044,9.315323707498835e-05,54.63054095415529,DERIVED_EMPIRICAL
Other,*Food Beverage and Tobacco Products,12,1,1,1,15.0,33.33333333333333,12,100.0,0.9058220773171868,0.0,9.315323707498835e-05,54.630295502768725,DERIVED_EMPIRICAL
Other,Fire-prevention services,44,40,1,1,15.0,27.27272727272727,3,6.818181818181818,0.9740102468560783,0.9833255705635771,9.315323707498835e-05,54.62147484560154,DERIVED_EMPIRICAL
Other,Energy and related services,102,73,1,1,15.0,9.803921568627452,19,18.627450980392158,0.9901257568700512,0.9928272007452259,9.315323707498835e-05,54.60782704635962,DERIVED_EMPIRICAL
Other,Plumbing equipment.,12,7,1,1,15.0,16.666666666666664,3,25.0,0.9058220773171868,0.8948299953423381,9.315323707498835e-05,54.44353952728429,DERIVED_EMPIRICAL
Other,Solar panels.,17,16,1,1,15.0,41.17647058823529,0,0.0,0.9332091290172333,0.9553795994410805,9.315323707498835e-05,54.397439199247465,DERIVED_EMPIRICAL
Other,Residential property services,21,15,1,1,15.0,9.523809523809524,5,23.80952380952381,0.9452258965999069,0.952026082906381,9.315323707498835e-05,54.33461994641049,DERIVED_EMPIRICAL
Other,Pension fund consultancy services,10,8,1,1,15.0,10.0,3,30.0,0.8888681881695389,0.9082440614811365,9.315323707498835e-05,54.268263579302236,DERIVED_EMPIRICAL
Other,"Fleet management, repair and maintenance services.",10,8,1,1,15.0,10.0,3,30.0,0.8888681881695389,0.9082440614811365,9.315323707498835e-05,54.268263579302236,DERIVED_EMPIRICAL
Other,Special education services,27,22,1,1,15.0,18.51851851851852,4,14.814814814814815,0.9575221238938053,0.9664648346530041,9.315323707498835e-05,54.262070778388114,DERIVED_EMPIRICAL
Other,Roof.,20,18,1,1,15.0,20.0,3,15.0,0.943269678621332,0.9605030274802049,9.315323707498835e-05,54.247406125934305,DERIVED_EMPIRICAL
Other,*Marine fuel,17,1,1,1,15.0,29.411764705882355,17,100.0,0.9332091290172333,0.0,9.315323707498835e-05,54.241833109582906,DERIVED_EMPIRICAL
Other,Repair and maintenance services of electrical and mechanical building installations,92,69,1,1,15.0,8.695652173913043,17,18.47826086956522,0.9885421518397765,0.9925477410340009,9.315323707498835e-05,54.216983011588226,DERIVED_EMPIRICAL
Other,*Environmental Services,30,1,1,1,15.0,26.666666666666668,30,100.0,0.9619934792734047,0.0,9.315323707498835e-05,54.20063137194017,DERIVED_EMPIRICAL
Other,Financial consultancy services,56,45,1,1,15.0,26.785714285714285,3,5.357142857142857,0.9800652072659525,0.9854680950163018,9.315323707498835e-05,54.183131659743545,DERIVED_EMPIRICAL
Other,Structural engineering consultancy services,30,27,1,1,15.0,23.333333333333332,3,10.0,0.9619934792734047,0.9741034000931532,9.315323707498835e-05,54.17058871367209,DERIVED_EMPIRICAL
Other,Gas appliance maintenance services,36,30,1,1,15.0,13.88888888888889,6,16.666666666666668,0.9685142058686539,0.9766185374941779,9.315323707498835e-05,54.14961494197639,DERIVED_EMPIRICAL
Other,Vehicle-fleet management services,24,23,1,1,15.0,37.5,0,0.0,0.951932929669306,0.968048439683279,9.315323707498835e-05,54.145132743362836,DERIVED_EMPIRICAL
Other,Building surveying services.,13,9,1,1,15.0,15.384615384615385,3,23.076923076923077,0.9131811830461108,0.9171867722403354,9.315323707498835e-05,54.110786155313406,DERIVED_EMPIRICAL
Other,Enteral feeds,14,10,1,1,15.0,7.142857142857142,4,28.571428571428573,0.9187703772706102,0.9249184909175594,9.315323707498835e-05,54.10105288505716,DERIVED_EMPIRICAL
Other,Water-treatment work,17,15,1,1,15.0,17.647058823529413,3,17.647058823529413,0.9332091290172333,0.952026082906381,9.315323707498835e-05,54.09957219962973,DERIVED_EMPIRICAL
Other,Data-processing machines (hardware),11,11,1,1,15.0,45.45454545454545,0,0.0,0.8985561248253376,0.9319981369352585,9.315323707498835e-05,54.07098276665114,DERIVED_EMPIRICAL
Other,Asbestos-removal work,33,26,1,1,15.0,12.121212121212121,6,18.181818181818183,0.9651606893339544,0.9726129482999534,9.315323707498835e-05,54.0291076309707,DERIVED_EMPIRICAL
Other,Construction materials and associated items.,17,14,1,1,15.0,17.647058823529413,3,17.647058823529413,0.9332091290172333,0.9481136469492315,9.315323707498835e-05,54.01349860857244,DERIVED_EMPIRICAL
Other,Cleaning services,273,217,1,1,15.0,11.72161172161172,40,14.652014652014651,0.9959944108057756,0.9978574755472752,9.315323707498835e-05,54.007718086099885,DERIVED_EMPIRICAL
Other,Timber products,10,7,1,1,15.0,10.0,3,30.0,0.8888681881695389,0.8948299953423381,9.315323707498835e-05,53.97315412424868,DERIVED_EMPIRICAL
Other,Refurbishment work,110,88,1,1,15.0,10.0,18,16.363636363636363,0.9908709827666511,0.9943176525384257,9.315323707498835e-05,53.934624977568625,DERIVED_EMPIRICAL
Other,Administrative services related to tourism affairs.,13,8,1,1,15.0,15.384615384615385,3,23.076923076923077,0.9131811830461108,0.9082440614811365,9.315323707498835e-05,53.91404651861102,DERIVED_EMPIRICAL
Other,Installation services of fire protection equipment,24,21,1,1,15.0,20.833333333333336,3,12.5,0.951932929669306,0.9646017699115044,9.315323707498835e-05,53.91057584965363,DERIVED_EMPIRICAL
Other,Advertising services,74,61,1,1,15.0,10.81081081081081,12,16.216216216216218,0.9850023288309269,0.9908709827666511,9.315323707498835e-05,53.88362271380437,DERIVED_EMPIRICAL
Other,Procurement consultancy services,34,25,1,1,15.0,23.52941176470588,3,8.823529411764707,0.9662785281788542,0.9711224965067536,9.315323707498835e-05,53.85677624566361,DERIVED_EMPIRICAL
Other,Guidance and counselling services,77,58,1,1,15.0,6.493506493506493,15,19.48051948051948,0.9856544014904518,0.9901257568700512,9.315323707498835e-05,53.850786027244865,DERIVED_EMPIRICAL
Other,Tractors.,17,12,1,1,15.0,17.647058823529413,3,17.647058823529413,0.9332091290172333,0.9377736376339078,9.315323707498835e-05,53.786018403635325,DERIVED_EMPIRICAL
Other,Portable computers,11,9,1,1,15.0,54.54545454545454,0,0.0,0.8985561248253376,0.9171867722403354,9.315323707498835e-05,53.74513274336283,DERIVED_EMPIRICAL
Other,Landscaping work for sports grounds and recreational areas.,18,14,1,1,15.0,38.88888888888889,0,0.0,0.9374941779226829,0.9481136469492315,9.315323707498835e-05,53.7304076316652,DERIVED_EMPIRICAL
Other,Works for complete or part construction and civil engineering work,112,87,1,1,15.0,10.714285714285714,17,15.178571428571429,0.9910572892408012,0.9942244993013507,9.315323707498835e-05,53.72121517447221,DERIVED_EMPIRICAL
Other,Medical gases,15,14,1,1,15.0,40.0,0,0.0,0.9245458779692595,0.9481136469492315,9.315323707498835e-05,53.71594472907933,DERIVED_EMPIRICAL
Other,*Information technology consultation services *Information technology IT management services *Information Technology Service Delivery,10,10,1,1,15.0,50.0,0,0.0,0.8888681881695389,0.9249184909175594,9.315323707498835e-05,53.68272007452259,DERIVED_EMPIRICAL
Other,*Miscellaneous Electric Power and Distribution Equipment,14,1,1,1,15.0,28.57142857142857,14,100.0,0.9187703772706102,0.0,9.315323707498835e-05,53.671213431809605,DERIVED_EMPIRICAL
Other,Signage.,29,22,1,1,15.0,17.24137931034483,4,13.793103448275861,0.9609687936655799,0.9664648346530041,9.315323707498835e-05,53.6539193574415,DERIVED_EMPIRICAL
Other,"Technical testing, analysis and consultancy services",51,42,1,1,15.0,11.76470588235294,8,15.686274509803921,0.9779226828132278,0.9838844899860271,9.315323707498835e-05,53.6326860879424,DERIVED_EMPIRICAL
Other,Building and facilities management services,154,115,1,1,15.0,7.792207792207792,26,16.883116883116884,0.9936655798789008,0.9958081043316255,9.315323707498835e-05,53.62384826564745,DERIVED_EMPIRICAL
Other,Cleaning products,39,32,1,1,15.0,23.076923076923077,3,7.6923076923076925,0.9709361900326037,0.9784816022356777,9.315323707498835e-05,53.62194935944353,DERIVED_EMPIRICAL
Other,Heating works,19,16,1,1,15.0,10.526315789473683,4,21.05263157894737,0.9406613879832324,0.9553795994410805,9.315323707498835e-05,53.62096391421031,DERIVED_EMPIRICAL
Other,Construction work for buildings relating to education and research.,19,15,1,1,15.0,10.526315789473683,4,21.05263157894737,0.9406613879832324,0.952026082906381,9.315323707498835e-05,53.54718655044691,DERIVED_EMPIRICAL
Other,Auditing services,123,104,1,1,15.0,17.88617886178862,11,8.94308943089431,0.991988821611551,0.9951560316721006,9.315323707498835e-05,53.53869096080008,DERIVED_EMPIRICAL
Other,"Construction work for buildings relating to leisure, sports, culture, lodging and restaurants",26,21,1,1,15.0,15.384615384615385,4,15.384615384615385,0.9556590591523055,0.9646017699115044,9.315323707498835e-05,53.53602249326516,DERIVED_EMPIRICAL
Other,Cabins,10,6,1,1,15.0,10.0,3,30.0,0.8888681881695389,0.8745225896599906,9.315323707498835e-05,53.52639119923703,DERIVED_EMPIRICAL
Other,Adult-education services at university level,11,9,1,1,15.0,9.090909090909092,3,27.272727272727273,0.8985561248253376,0.9171867722403354,9.315323707498835e-05,53.520024518254615,DERIVED_EMPIRICAL
Other,Pension investment services,11,9,1,1,15.0,9.090909090909092,3,27.272727272727273,0.8985561248253376,0.9171867722403354,9.315323707498835e-05,53.520024518254615,DERIVED_EMPIRICAL
Other,Hire of buses and coaches with driver,36,30,1,1,15.0,22.22222222222222,3,8.333333333333334,0.9685142058686539,0.9766185374941779,9.315323707498835e-05,53.51469430705574,DERIVED_EMPIRICAL
Other,Probation services,29,1,1,1,15.0,24.137931034482758,29,100.0,0.9609687936655799,0.0,9.315323707498835e-05,53.50170941543666,DERIVED_EMPIRICAL
Other,Surveillance and security systems and devices.,15,12,1,1,15.0,40.0,0,0.0,0.9245458779692595,0.9377736376339078,9.315323707498835e-05,53.48846452414221,DERIVED_EMPIRICAL
Other,Insurance brokerage services,15,10,1,1,15.0,6.666666666666667,4,26.666666666666668,0.9245458779692595,0.9249184909175594,9.315323707498835e-05,53.45961955035081,DERIVED_EMPIRICAL
Other,Designs.,19,13,1,1,15.0,10.526315789473683,4,21.05263157894737,0.9406613879832324,0.9433628318584071,9.315323707498835e-05,53.35659502739149,DERIVED_EMPIRICAL
Other,Electronic equipment.,12,11,1,1,15.0,41.66666666666667,0,0.0,0.9058220773171868,0.9319981369352585,9.315323707498835e-05,53.356476737566624,DERIVED_EMPIRICAL
Other,Payroll management services.,12,11,1,1,15.0,41.66666666666667,0,0.0,0.9058220773171868,0.9319981369352585,9.315323707498835e-05,53.356476737566624,DERIVED_EMPIRICAL
Other,Social services,66,44,1,1,15.0,3.0303030303030303,14,21.21212121212121,0.9829529576152771,0.9851886353050768,9.315323707498835e-05,53.34750579855378,DERIVED_EMPIRICAL
Other,Restaurant and food-serving services,11,8,1,1,15.0,9.090909090909092,3,27.272727272727273,0.8985561248253376,0.9082440614811365,9.315323707498835e-05,53.32328488155223,DERIVED_EMPIRICAL
Other,*Electrical cable and accessories,11,8,1,1,15.0,9.090909090909092,3,27.272727272727273,0.8985561248253376,0.9082440614811365,9.315323707498835e-05,53.32328488155223,DERIVED_EMPIRICAL
Other,*Public relations and professional communications services,11,8,1,1,15.0,9.090909090909092,3,27.272727272727273,0.8985561248253376,0.9082440614811365,9.315323707498835e-05,53.32328488155223,DERIVED_EMPIRICAL
Other,"Laundry washing, dry-cleaning and drying machines",11,8,1,1,15.0,9.090909090909092,3,27.272727272727273,0.8985561248253376,0.9082440614811365,9.315323707498835e-05,53.32328488155223,DERIVED_EMPIRICAL
Other,Construction work for bridges.,11,8,1,1,15.0,9.090909090909092,3,27.272727272727273,0.8985561248253376,0.9082440614811365,9.315323707498835e-05,53.32328488155223,DERIVED_EMPIRICAL
Other,Ground investigation services.,10,8,1,1,15.0,50.0,0,0.0,0.8888681881695389,0.9082440614811365,9.315323707498835e-05,53.31588262692129,DERIVED_EMPIRICAL
Other,Repair and maintenance services of military vehicles,15,1,1,1,15.0,26.666666666666668,15,100.0,0.9245458779692595,0.0,9.315323707498835e-05,53.30188894064069,DERIVED_EMPIRICAL
Other,*Electrical components,15,9,1,1,15.0,6.666666666666667,4,26.666666666666668,0.9245458779692595,0.9171867722403354,9.315323707498835e-05,53.289521739451885,DERIVED_EMPIRICAL
Other,Building services,38,29,1,1,15.0,18.421052631578945,4,10.526315789473685,0.9700978108989288,0.975780158360503,9.315323707498835e-05,53.27249096191807,DERIVED_EMPIRICAL
Other,Repair and maintenance services of medical and precision equipment,23,16,1,1,15.0,13.043478260869565,4,17.391304347826086,0.9503493246390312,0.9553795994410805,9.315323707498835e-05,53.26940552612774,DERIVED_EMPIRICAL
Other,Construction-related services,28,22,1,1,15.0,10.714285714285714,5,17.857142857142858,0.9588262692128552,0.9664648346530041,9.315323707498835e-05,53.25532541847666,DERIVED_EMPIRICAL
Other,Catering supplies,15,12,1,1,15.0,13.333333333333334,3,20.0,0.9245458779692595,0.9377736376339078,9.315323707498835e-05,53.234496270173956,DERIVED_EMPIRICAL
Other,Asbestos removal services,75,64,1,1,15.0,18.666666666666668,6,8.0,0.9851886353050768,0.9916162086632511,9.315323707498835e-05,53.18239551681564,DERIVED_EMPIRICAL
Other,Banking and investment services,23,20,1,1,15.0,17.391304347826086,3,13.043478260869565,0.9503493246390312,0.9630181648812296,9.315323707498835e-05,53.10619102585243,DERIVED_EMPIRICAL
Other,Quantity surveying services for civil engineering works.,65,55,1,1,15.0,9.230769230769232,10,15.384615384615385,0.9827666511411272,0.9888216115510013,9.315323707498835e-05,53.07841557604017,DERIVED_EMPIRICAL
Other,Waste and rubbish containers and bins.,23,18,1,1,15.0,17.391304347826086,3,13.043478260869565,0.9503493246390312,0.9605030274802049,9.315323707498835e-05,53.05085800302989,DERIVED_EMPIRICAL
Other,*Building and Facility Construction and Maintenance Services,37,1,1,1,15.0,21.62162162162162,37,100.0,0.9691662785281788,0.0,9.315323707498835e-05,53.027433208709404,DERIVED_EMPIRICAL
Other,*Project administration or planning,10,7,1,1,15.0,60.0,0,0.0,0.8888681881695389,0.8948299953423381,9.315323707498835e-05,53.02077317186773,DERIVED_EMPIRICAL
Other,Laser printers.,28,25,1,1,15.0,32.142857142857146,0,0.0,0.9588262692128552,0.9711224965067536,9.315323707498835e-05,52.94963071395302,DERIVED_EMPIRICAL
Other,Insurance services.,16,14,1,1,15.0,12.5,3,18.75,0.9292966930600839,0.9481136469492315,9.315323707498835e-05,52.92520238649722,DERIVED_EMPIRICAL
Other,Bus shelters,16,14,1,1,15.0,12.5,3,18.75,0.9292966930600839,0.9481136469492315,9.315323707498835e-05,52.92520238649722,DERIVED_EMPIRICAL
Other,Banking and investment services.,12,10,1,1,15.0,8.333333333333332,3,25.0,0.9058220773171868,0.9249184909175594,9.315323707498835e-05,52.88326420771694,DERIVED_EMPIRICAL
Other,*Healthcare provider specialist services,12,7,1,1,15.0,0.0,4,33.333333333333336,0.9058220773171868,0.8948299953423381,9.315323707498835e-05,52.856237939982705,DERIVED_EMPIRICAL
Other,*Other Telecommunications Services,11,1,1,1,15.0,27.27272727272727,11,100.0,0.8985561248253376,0.0,9.315323707498835e-05,52.839751026802716,DERIVED_EMPIRICAL
Other,*Sewage treatment services,11,1,1,1,15.0,27.27272727272727,11,100.0,0.8985561248253376,0.0,9.315323707498835e-05,52.839751026802716,DERIVED_EMPIRICAL
Other,"Accommodation, building and window cleaning services",40,35,1,1,15.0,20.0,3,7.5,0.9718677224033535,0.9809035863996274,9.315323707498835e-05,52.811142901501526,DERIVED_EMPIRICAL
Other,Telematics services,13,12,1,1,15.0,38.46153846153847,0,0.0,0.9131811830461108,0.9377736376339078,9.315323707498835e-05,52.805455435730245,DERIVED_EMPIRICAL
Other,Medical education services,12,9,1,1,15.0,8.333333333333332,3,25.0,0.9058220773171868,0.9171867722403354,9.315323707498835e-05,52.71316639681801,DERIVED_EMPIRICAL
Other,Primary education services,16,12,1,1,15.0,12.5,3,18.75,0.9292966930600839,0.9377736376339078,9.315323707498835e-05,52.69772218156009,DERIVED_EMPIRICAL
Other,Fire-extinguisher powder.,13,11,1,1,15.0,38.46153846153847,0,0.0,0.9131811830461108,0.9319981369352585,9.315323707498835e-05,52.67839442035995,DERIVED_EMPIRICAL
Other,Electricity distribution and related services,20,14,1,1,15.0,15.0,3,15.0,0.943269678621332,0.9481136469492315,9.315323707498835e-05,52.64150642091956,DERIVED_EMPIRICAL
Other,"Fleet management, repair and maintenance services",44,37,1,1,15.0,13.636363636363635,5,11.363636363636363,0.9740102468560783,0.9818351187703773,9.315323707498835e-05,52.51076282822906,DERIVED_EMPIRICAL
Other,Insurance services,268,216,1,1,15.0,10.074626865671641,31,11.567164179104477,0.9958081043316255,0.9977643223102003,9.315323707498835e-05,52.504338378637115,DERIVED_EMPIRICAL
Other,Landscape gardening services,38,34,1,1,15.0,18.421052631578945,3,7.894736842105263,0.9700978108989288,0.9801583605030275,9.315323707498835e-05,52.46655576995587,DERIVED_EMPIRICAL
Other,Administration services,37,27,1,1,15.0,8.108108108108109,6,16.216216216216218,0.9691662785281788,0.9741034000931532,9.315323707498835e-05,52.41394996700074,DERIVED_EMPIRICAL
Other,Engineering services,50,40,1,1,15.0,12.0,6,12.0,0.9772706101537029,0.9833255705635771,9.315323707498835e-05,52.40361966864062,DERIVED_EMPIRICAL
Other,Prefabricated buildings.,26,21,1,1,15.0,30.76923076923077,0,0.0,0.9556590591523055,0.9646017699115044,9.315323707498835e-05,52.36386132110399,DERIVED_EMPIRICAL
Other,Laundry-operation services,14,13,1,1,15.0,35.714285714285715,0,0.0,0.9187703772706102,0.9433628318584071,9.315323707498835e-05,52.32995763745648,DERIVED_EMPIRICAL
Other,Overhaul and refurbishment work,30,25,1,1,15.0,16.666666666666664,3,10.0,0.9619934792734047,0.9711224965067536,9.315323707498835e-05,52.32723105699352,DERIVED_EMPIRICAL
Other,Construction structures and materials; auxiliary products to construction (except electric apparatus),52,42,1,1,15.0,9.615384615384617,7,13.461538461538462,0.9783884489986027,0.9838844899860271,9.315323707498835e-05,52.30794549341359,DERIVED_EMPIRICAL
Other,"Repair, maintenance and associated services of vehicles and related equipment",59,43,1,1,15.0,6.779661016949152,9,15.254237288135593,0.9812761993479273,0.9845365626455519,9.315323707498835e-05,52.25004373841459,DERIVED_EMPIRICAL
Other,X-ray devices,18,12,1,1,15.0,5.555555555555555,4,22.22222222222222,0.9374941779226829,0.9377736376339078,9.315323707498835e-05,52.23308615688681,DERIVED_EMPIRICAL
Other,Travel services,13,10,1,1,15.0,7.6923076923076925,3,23.076923076923077,0.9131811830461108,0.9249184909175594,9.315323707498835e-05,52.22960191493029,DERIVED_EMPIRICAL
Other,Planting and maintenance services of green areas,14,12,1,1,15.0,35.714285714285715,0,0.0,0.9187703772706102,0.9377736376339078,9.315323707498835e-05,52.206995364517496,DERIVED_EMPIRICAL
Other,Burglar and fire alarms.,10,9,1,1,15.0,40.0,0,0.0,0.8888681881695389,0.9171867722403354,9.315323707498835e-05,52.179288930290326,DERIVED_EMPIRICAL
Other,Public relations services,42,34,1,1,15.0,11.904761904761903,5,11.904761904761905,0.9731718677224034,0.9801583605030275,9.315323707498835e-05,52.17752134233603,DERIVED_EMPIRICAL
Other,"Accounting, auditing and fiscal services",33,25,1,1,15.0,9.090909090909092,5,15.151515151515152,0.9651606893339544,0.9711224965067536,9.315323707498835e-05,52.14927584447846,DERIVED_EMPIRICAL
Other,Building surveying services,54,46,1,1,15.0,25.925925925925924,0,0.0,0.9790405216581276,0.9860270144387517,9.315323707498835e-05,52.104823842628534,DERIVED_EMPIRICAL
Other,Repair and maintenance services of firefighting equipment,49,43,1,1,15.0,18.367346938775512,3,6.122448979591836,0.9768048439683279,0.9845365626455519,9.315323707498835e-05,52.10188193981431,DERIVED_EMPIRICAL
Other,Mobile-telephone services,19,17,1,1,15.0,31.57894736842105,0,0.0,0.9406613879832324,0.9583605030274802,9.315323707498835e-05,52.082533768048435,DERIVED_EMPIRICAL
Other,Wood.,14,11,1,1,15.0,35.714285714285715,0,0.0,0.9187703772706102,0.9319981369352585,9.315323707498835e-05,52.07993434914721,DERIVED_EMPIRICAL
Other,Mass spectrometer,29,22,1,1,15.0,6.896551724137931,5,17.24137931034483,0.9609687936655799,0.9664648346530041,9.315323707498835e-05,52.07756467763856,DERIVED_EMPIRICAL
Other,*Agricultural machinery for harvesting,13,1,1,1,15.0,23.076923076923077,13,100.0,0.9131811830461108,0.0,9.315323707498835e-05,52.071871305220164,DERIVED_EMPIRICAL
Other,Miscellaneous general and special-purpose machinery,20,14,1,1,15.0,0.0,5,25.0,0.943269678621332,0.9481136469492315,9.315323707498835e-05,52.07007784949099,DERIVED_EMPIRICAL
Other,Street-lighting maintenance services,15,15,1,1,15.0,33.33333333333333,0,0.0,0.9245458779692595,0.952026082906381,9.315323707498835e-05,52.02424054235885,DERIVED_EMPIRICAL
Other,Modular and portable buildings,36,29,1,1,15.0,16.666666666666664,3,8.333333333333334,0.9685142058686539,0.975780158360503,9.315323707498835e-05,52.014768484633414,DERIVED_EMPIRICAL
Other,Repair and maintenance services of electrical building installations,58,48,1,1,15.0,12.068965517241379,6,10.344827586206897,0.9808104331625525,0.9864927806241267,9.315323707498835e-05,52.00915716205374,DERIVED_EMPIRICAL
Other,Repair and maintenance services of motor vehicles and associated equipment,25,20,1,1,15.0,4.0,5,20.0,0.9538891476478808,0.9630181648812296,9.315323707498835e-05,52.00522545301307,DERIVED_EMPIRICAL
Other,Electrical services,72,62,1,1,15.0,13.88888888888889,6,8.333333333333334,0.9843502561714019,0.9912435957149511,9.315323707498835e-05,51.994288572956485,DERIVED_EMPIRICAL
Other,Educational equipment.,10,8,1,1,15.0,40.0,0,0.0,0.8888681881695389,0.9082440614811365,9.315323707498835e-05,51.98254929358795,DERIVED_EMPIRICAL
Other,Breakdown and recovery services for cars,10,8,1,1,15.0,40.0,0,0.0,0.8888681881695389,0.9082440614811365,9.315323707498835e-05,51.98254929358795,DERIVED_EMPIRICAL
Other,Pension fund administration services,10,8,1,1,15.0,40.0,0,0.0,0.8888681881695389,0.9082440614811365,9.315323707498835e-05,51.98254929358795,DERIVED_EMPIRICAL
Other,Tax consultancy services,15,14,1,1,15.0,33.33333333333333,0,0.0,0.9245458779692595,0.9481136469492315,9.315323707498835e-05,51.938166951301554,DERIVED_EMPIRICAL
Other,*Electric vehicle charging systems,14,12,1,1,15.0,7.142857142857142,3,21.428571428571427,0.9187703772706102,0.9377736376339078,9.315323707498835e-05,51.934886520980086,DERIVED_EMPIRICAL
Other,Pension services,20,17,1,1,15.0,5.0,4,20.0,0.943269678621332,0.9583605030274802,9.315323707498835e-05,51.914556302260074,DERIVED_EMPIRICAL
Other,Museum-exhibition services,23,18,1,1,15.0,13.043478260869565,3,13.043478260869565,0.9503493246390312,0.9605030274802049,9.315323707498835e-05,51.89143771317482,DERIVED_EMPIRICAL
Other,Parking services,24,22,1,1,15.0,29.166666666666668,0,0.0,0.951932929669306,0.9664648346530041,9.315323707498835e-05,51.888071210474564,DERIVED_EMPIRICAL
Other,Personal development training services,19,17,1,1,15.0,10.526315789473683,3,15.789473684210526,0.9406613879832324,0.9583605030274802,9.315323707498835e-05,51.8820325149156,DERIVED_EMPIRICAL
Other,Printing and related services.,28,24,1,1,15.0,14.285714285714285,3,10.714285714285714,0.9588262692128552,0.9695388914764788,9.315323707498835e-05,51.82635602913732,DERIVED_EMPIRICAL
Other,Repair and maintenance services of boilers,25,24,1,1,15.0,28.000000000000004,0,0.0,0.9538891476478808,0.9695388914764788,9.315323707498835e-05,51.69153858096569,DERIVED_EMPIRICAL
Other,Road construction works,10,7,1,1,15.0,40.0,0,0.0,0.8888681881695389,0.8948299953423381,9.315323707498835e-05,51.68743983853439,DERIVED_EMPIRICAL
Other,Fuels.,19,14,1,1,15.0,10.526315789473683,3,15.789473684210526,0.9406613879832324,0.9481136469492315,9.315323707498835e-05,51.65660168119414,DERIVED_EMPIRICAL
Other,Natural gas,19,14,1,1,15.0,10.526315789473683,3,15.789473684210526,0.9406613879832324,0.9481136469492315,9.315323707498835e-05,51.65660168119414,DERIVED_EMPIRICAL
Other,Laundry-collection services,24,20,1,1,15.0,12.5,3,12.5,0.951932929669306,0.9630181648812296,9.315323707498835e-05,51.65351431676536,DERIVED_EMPIRICAL
Other,Computer platforms.,11,10,1,1,15.0,36.36363636363637,0,0.0,0.8985561248253376,0.9249184909175594,9.315323707498835e-05,51.61220025123146,DERIVED_EMPIRICAL
Other,Mobile telephones,11,10,1,1,15.0,36.36363636363637,0,0.0,0.8985561248253376,0.9249184909175594,9.315323707498835e-05,51.61220025123146,DERIVED_EMPIRICAL
Other,"Repair, maintenance and associated services related to marine and other equipment",10,8,1,1,15.0,0.0,3,30.0,0.8888681881695389,0.9082440614811365,9.315323707498835e-05,51.60159691263557,DERIVED_EMPIRICAL
Other,Rock salt,10,8,1,1,15.0,0.0,3,30.0,0.8888681881695389,0.9082440614811365,9.315323707498835e-05,51.60159691263557,DERIVED_EMPIRICAL
Other,Repair and maintenance services of playground equipment,10,8,1,1,15.0,0.0,3,30.0,0.8888681881695389,0.9082440614811365,9.315323707498835e-05,51.60159691263557,DERIVED_EMPIRICAL
Other,Burglar and fire alarms,10,8,1,1,15.0,0.0,3,30.0,0.8888681881695389,0.9082440614811365,9.315323707498835e-05,51.60159691263557,DERIVED_EMPIRICAL
Other,Maintenance services of public-lighting installations and traffic lights,15,13,1,1,15.0,6.666666666666667,3,20.0,0.9245458779692595,0.9433628318584071,9.315323707498835e-05,51.57968076533517,DERIVED_EMPIRICAL
Other,Administrative social services,15,13,1,1,15.0,6.666666666666667,3,20.0,0.9245458779692595,0.9433628318584071,9.315323707498835e-05,51.57968076533517,DERIVED_EMPIRICAL
Other,"Heating, ventilation and air-conditioning installation work.",13,7,1,1,15.0,7.6923076923076925,3,23.076923076923077,0.9131811830461108,0.8948299953423381,9.315323707498835e-05,51.56765501227542,DERIVED_EMPIRICAL
Other,*Building and Facility Construction and Maintenance Services *Nonresidential building construction services,15,1,1,1,15.0,20.0,15,100.0,0.9245458779692595,0.0,9.315323707498835e-05,51.52411116286291,DERIVED_EMPIRICAL
Other,"Architectural, engineering and planning services",21,19,1,1,15.0,28.57142857142857,0,0.0,0.9452258965999069,0.9621797857475547,9.315323707498835e-05,51.47410118215894,DERIVED_EMPIRICAL
Other,Relocation services,31,29,1,1,15.0,25.806451612903224,0,0.0,0.9633907778295295,0.975780158360503,9.315323707498835e-05,51.47193934021465,DERIVED_EMPIRICAL
Other,Building installation work,77,65,1,1,15.0,9.090909090909092,8,10.38961038961039,0.9856544014904518,0.991709361900326,9.315323707498835e-05,51.461382913668494,DERIVED_EMPIRICAL
Other,"Occupational clothing, special workwear and accessories",50,45,1,1,15.0,16.0,3,6.0,0.9772706101537029,0.9854680950163018,9.315323707498835e-05,51.460279016124375,DERIVED_EMPIRICAL
Other,Primary school construction work.,66,61,1,1,15.0,22.727272727272727,0,0.0,0.9829529576152771,0.9908709827666511,9.315323707498835e-05,51.45231542250639,DERIVED_EMPIRICAL
Other,Accounting and auditing services,26,24,1,1,15.0,26.923076923076923,0,0.0,0.9556590591523055,0.9695388914764788,9.315323707498835e-05,51.446836969892395,DERIVED_EMPIRICAL
Other,Development services of real estate,20,15,1,1,15.0,10.0,3,15.0,0.943269678621332,0.952026082906381,9.315323707498835e-05,51.394246678643505,DERIVED_EMPIRICAL
Other,Office furniture.,15,11,1,1,15.0,6.666666666666667,3,20.0,0.9245458779692595,0.9319981369352585,9.315323707498835e-05,51.32965747702589,DERIVED_EMPIRICAL
Other,Human resources management consultancy services,37,28,1,1,15.0,10.81081081081081,4,10.81081081081081,0.9691662785281788,0.975314392175128,9.315323707498835e-05,51.30803066024304,DERIVED_EMPIRICAL
Other,Physical well-being services,10,7,1,1,15.0,0.0,3,30.0,0.8888681881695389,0.8948299953423381,9.315323707498835e-05,51.306487457582016,DERIVED_EMPIRICAL
Other,"Weapons, ammunition and associated parts",10,7,1,1,15.0,0.0,3,30.0,0.8888681881695389,0.8948299953423381,9.315323707498835e-05,51.306487457582016,DERIVED_EMPIRICAL
Other,*Information technology consultation services *Information technology IT management services,16,12,1,1,15.0,31.25,0,0.0,0.9292966930600839,0.9377736376339078,9.315323707498835e-05,51.269150752988665,DERIVED_EMPIRICAL
Other,Other services,17,16,1,1,15.0,29.411764705882355,0,0.0,0.9332091290172333,0.9553795994410805,9.315323707498835e-05,51.260184297286685,DERIVED_EMPIRICAL
Other,Miscellaneous medical devices and products.,11,8,1,1,15.0,36.36363636363637,0,0.0,0.8985561248253376,0.9082440614811365,9.315323707498835e-05,51.245362803630144,DERIVED_EMPIRICAL
Other,Marketing services,83,67,1,1,15.0,7.228915662650602,9,10.843373493975903,0.9874243129948765,0.992081974848626,9.315323707498835e-05,51.171102615265106,DERIVED_EMPIRICAL
Other,Repair and maintenance services of cooler groups,12,11,1,1,15.0,33.33333333333333,0,0.0,0.9058220773171868,0.9319981369352585,9.315323707498835e-05,51.1342545153444,DERIVED_EMPIRICAL
Other,Gymnasium equipment.,12,11,1,1,15.0,33.33333333333333,0,0.0,0.9058220773171868,0.9319981369352585,9.315323707498835e-05,51.1342545153444,DERIVED_EMPIRICAL
Other,Real estate services,85,70,1,1,15.0,11.76470588235294,6,7.0588235294117645,0.9877969259431765,0.9927340475081509,9.315323707498835e-05,51.10637499527058,DERIVED_EMPIRICAL
Other,Sports goods and equipment.,28,26,1,1,15.0,25.0,0,0.0,0.9588262692128552,0.9726129482999534,9.315323707498835e-05,51.07765874864152,DERIVED_EMPIRICAL
Other,Installation of fitted kitchens,22,20,1,1,15.0,9.090909090909092,3,13.636363636363637,0.9480204937121565,0.9630181648812296,9.315323707498835e-05,51.040135334313256,DERIVED_EMPIRICAL
Other,Stationery,18,18,1,1,15.0,27.77777777777778,0,0.0,0.9374941779226829,0.9605030274802049,9.315323707498835e-05,51.040011040383646,DERIVED_EMPIRICAL
Other,Dog kennel services,38,32,1,1,15.0,13.157894736842104,3,7.894736842105263,0.9700978108989288,0.9784816022356777,9.315323707498835e-05,51.02615831614435,DERIVED_EMPIRICAL
Other,Civil engineering consultancy services,49,43,1,1,15.0,14.285714285714285,3,6.122448979591836,0.9768048439683279,0.9845365626455519,9.315323707498835e-05,51.01344656566466,DERIVED_EMPIRICAL
Other,Library books,12,10,1,1,15.0,33.33333333333333,0,0.0,0.9058220773171868,0.9249184909175594,9.315323707498835e-05,50.97850230295503,DERIVED_EMPIRICAL
Other,"Occupational clothing, special workwear and accessories.",17,15,1,1,15.0,5.88235294117647,3,17.647058823529413,0.9332091290172333,0.952026082906381,9.315323707498835e-05,50.962317297668946,DERIVED_EMPIRICAL
Other,Fire-prevention installation works,35,31,1,1,15.0,8.571428571428571,4,11.428571428571429,0.9675826734979041,0.9774569166278528,9.315323707498835e-05,50.93179472068287,DERIVED_EMPIRICAL
Other,Repair and maintenance services of security equipment,56,51,1,1,15.0,14.285714285714285,3,5.357142857142857,0.9800652072659525,0.9877037727061015,9.315323707498835e-05,50.8989832355858,DERIVED_EMPIRICAL
Other,*Production statistics collection or analysis services,10,6,1,1,15.0,0.0,3,30.0,0.8888681881695389,0.8745225896599906,9.315323707498835e-05,50.85972453257037,DERIVED_EMPIRICAL
Other,"Financial consultancy, financial transaction processing and clearing-house services",25,25,1,1,15.0,24.0,0,0.0,0.9538891476478808,0.9711224965067536,9.315323707498835e-05,50.659711224965065,DERIVED_EMPIRICAL
Other,Hotel meeting and conference services.,13,11,1,1,15.0,30.76923076923077,0,0.0,0.9131811830461108,0.9319981369352585,9.315323707498835e-05,50.6271123690779,DERIVED_EMPIRICAL
Other,Polythene waste and refuse sacks and bags,19,16,1,1,15.0,26.31578947368421,0,0.0,0.9406613879832324,0.9553795994410805,9.315323707498835e-05,50.613445117217815,DERIVED_EMPIRICAL
Other,Gully cleaning and emptying services,11,7,1,1,15.0,0.0,3,27.272727272727273,0.8985561248253376,0.8948299953423381,9.315323707498835e-05,50.603933002256255,DERIVED_EMPIRICAL
Other,Electric vehicles,25,23,1,1,15.0,24.0,0,0.0,0.9538891476478808,0.968048439683279,9.315323707498835e-05,50.592081974848625,DERIVED_EMPIRICAL
Other,Installation of doors and windows and related components,31,27,1,1,15.0,22.58064516129032,0,0.0,0.9633907778295295,0.9741034000931532,9.315323707498835e-05,50.574835604569515,DERIVED_EMPIRICAL
Other,Fuels,30,24,1,1,15.0,10.0,3,10.0,0.9619934792734047,0.9695388914764788,9.315323707498835e-05,50.51461396854968,DERIVED_EMPIRICAL
Other,Lift-maintenance services,104,94,1,1,15.0,14.423076923076922,3,2.8846153846153846,0.9904052165812762,0.9947834187238006,9.315323707498835e-05,50.49180200330643,DERIVED_EMPIRICAL
Other,Excavation work at archaeological sites.,14,13,1,1,15.0,28.57142857142857,0,0.0,0.9187703772706102,0.9433628318584071,9.315323707498835e-05,50.425195732694576,DERIVED_EMPIRICAL
Other,Building completion work,26,24,1,1,15.0,23.076923076923077,0,0.0,0.9556590591523055,0.9695388914764788,9.315323707498835e-05,50.421195944251366,DERIVED_EMPIRICAL
Other,School cleaning services,289,257,1,1,15.0,4.844290657439446,27,9.342560553633218,0.9962738705170004,0.9980437820214253,9.315323707498835e-05,50.3641873155191,DERIVED_EMPIRICAL
Other,Call centre,38,33,1,1,15.0,10.526315789473683,3,7.894736842105263,0.9700978108989288,0.9795994410805775,9.315323707498835e-05,50.34899638476723,DERIVED_EMPIRICAL
Other,Non-hazardous refuse and waste treatment and disposal services,27,23,1,1,15.0,3.7037037037037033,4,14.814814814814815,0.9575221238938053,0.968048439683279,9.315323707498835e-05,50.346292805103545,DERIVED_EMPIRICAL
Other,Radiation protection services,13,11,1,1,15.0,0.0,3,23.076923076923077,0.9131811830461108,0.9319981369352585,9.315323707498835e-05,50.33407207603761,DERIVED_EMPIRICAL
Other,Winter-maintenance vehicles.,14,12,1,1,15.0,28.57142857142857,0,0.0,0.9187703772706102,0.9377736376339078,9.315323707498835e-05,50.302233459755584,DERIVED_EMPIRICAL
Other,Orthotic services,14,12,1,1,15.0,28.57142857142857,0,0.0,0.9187703772706102,0.9377736376339078,9.315323707498835e-05,50.302233459755584,DERIVED_EMPIRICAL
Other,Military research and technology,23,1,1,1,15.0,13.043478260869565,23,100.0,0.9503493246390312,0.0,9.315323707498835e-05,50.288321419169314,DERIVED_EMPIRICAL
Other,Technical inspection and testing services,61,49,1,1,15.0,8.19672131147541,5,8.19672131147541,0.9819282720074523,0.9870517000465766,9.315323707498835e-05,50.27918948684638,DERIVED_EMPIRICAL
Other,Legal advisory and representation services,15,15,1,1,15.0,26.666666666666668,0,0.0,0.9245458779692595,0.952026082906381,9.315323707498835e-05,50.24646276458107,DERIVED_EMPIRICAL
Other,"Clothing, footwear, luggage articles and accessories",51,45,1,1,15.0,3.9215686274509802,6,11.764705882352942,0.9779226828132278,0.9854680950163018,9.315323707498835e-05,50.23148431550853,DERIVED_EMPIRICAL
Other,Benefit services,21,20,1,1,15.0,23.809523809523807,0,0.0,0.9452258965999069,0.9630181648812296,9.315323707498835e-05,50.22270425325852,DERIVED_EMPIRICAL
Other,*ADP Software - Installation,12,1,1,1,15.0,16.666666666666664,12,100.0,0.9058220773171868,0.0,9.315323707498835e-05,50.185851058324275,DERIVED_EMPIRICAL
Other,*Fresh fruits *Fresh vegetables,12,1,1,1,15.0,16.666666666666664,12,100.0,0.9058220773171868,0.0,9.315323707498835e-05,50.185851058324275,DERIVED_EMPIRICAL
Other,Technical support services.,15,14,1,1,15.0,26.666666666666668,0,0.0,0.9245458779692595,0.9481136469492315,9.315323707498835e-05,50.160389173523775,DERIVED_EMPIRICAL
Other,Canteen and catering services,60,53,1,1,15.0,11.666666666666666,3,5.0,0.9814625058220773,0.9879832324173266,9.315323707498835e-05,50.11780483657521,DERIVED_EMPIRICAL
Other,Engineering works and construction works,70,58,1,1,15.0,2.857142857142857,8,11.428571428571429,0.983791336748952,0.9901257568700512,9.315323707498835e-05,50.07570760022686,DERIVED_EMPIRICAL
Other,Drainage works,15,13,1,1,15.0,26.666666666666668,0,0.0,0.9245458779692595,0.9433628318584071,9.315323707498835e-05,50.05587124152564,DERIVED_EMPIRICAL
Other,E-learning services,42,37,1,1,15.0,19.047619047619047,0,0.0,0.9731718677224034,0.9818351187703773,9.315323707498835e-05,50.037539275918405,DERIVED_EMPIRICAL
Other,Office furniture,22,20,1,1,15.0,22.727272727272727,0,0.0,0.9480204937121565,0.9630181648812296,9.315323707498835e-05,50.001174295352214,DERIVED_EMPIRICAL
Other,Design consultancy services.,15,12,1,1,15.0,26.666666666666668,0,0.0,0.9245458779692595,0.9377736376339078,9.315323707498835e-05,49.93290896858666,DERIVED_EMPIRICAL
Other,Advertising and marketing services,131,107,1,1,15.0,10.687022900763358,5,3.816793893129771,0.9923614345598509,0.9953423381462506,9.315323707498835e-05,49.87437044953124,DERIVED_EMPIRICAL
Other,Lighting equipment and electric lamps,15,13,1,1,15.0,0.0,3,20.0,0.9245458779692595,0.9433628318584071,9.315323707498835e-05,49.80190298755739,DERIVED_EMPIRICAL
Other,Specialist vehicles,30,25,1,1,15.0,20.0,0,0.0,0.9619934792734047,0.9711224965067536,9.315323707498835e-05,49.787548517310974,DERIVED_EMPIRICAL
Other,Audio-visual equipment.,23,19,1,1,15.0,21.73913043478261,0,0.0,0.9503493246390312,0.9621797857475547,9.315323707498835e-05,49.775117285325656,DERIVED_EMPIRICAL
Other,Courier services,44,39,1,1,15.0,9.090909090909092,3,6.818181818181818,0.9740102468560783,0.9826734979040521,9.315323707498835e-05,49.75864439860713,DERIVED_EMPIRICAL
Other,*Human resources consulting service *Human resources services,16,13,1,1,15.0,25.0,0,0.0,0.9292966930600839,0.9433628318584071,9.315323707498835e-05,49.725446359260985,DERIVED_EMPIRICAL
Other,Installation of doors and windows,16,13,1,1,15.0,25.0,0,0.0,0.9292966930600839,0.9433628318584071,9.315323707498835e-05,49.725446359260985,DERIVED_EMPIRICAL
Other,Refuse disposal and treatment,50,39,1,1,15.0,2.0,6,12.0,0.9772706101537029,0.9826734979040521,9.315323707498835e-05,49.722607403464416,DERIVED_EMPIRICAL
Other,Protective and safety clothing,39,37,1,1,15.0,17.94871794871795,0,0.0,0.9709361900326037,0.9818351187703773,9.315323707498835e-05,49.690842718322926,DERIVED_EMPIRICAL
Other,Fitness equipments,10,10,1,1,15.0,30.0,0,0.0,0.8888681881695389,0.9249184909175594,9.315323707498835e-05,49.68272007452259,DERIVED_EMPIRICAL
Other,*ADP Input-Output and Storage Devices - Maintenance,16,1,1,1,15.0,12.5,16,100.0,0.9292966930600839,0.0,9.315323707498835e-05,49.63813072504269,DERIVED_EMPIRICAL
Other,Asbestos-removal work.,16,12,1,1,15.0,25.0,0,0.0,0.9292966930600839,0.9377736376339078,9.315323707498835e-05,49.602484086321994,DERIVED_EMPIRICAL
Other,"Agricultural, forestry, horticultural, aquacultural and apicultural services",95,84,1,1,15.0,9.473684210526317,4,4.2105263157894735,0.9892873777363763,0.9938518863530508,9.315323707498835e-05,49.57924013573757,DERIVED_EMPIRICAL
Other,Snow-clearing services,15,11,1,1,15.0,0.0,3,20.0,0.9245458779692595,0.9319981369352585,9.315323707498835e-05,49.55187969924812,DERIVED_EMPIRICAL
Other,Repair and maintenance services of central heating,63,58,1,1,15.0,9.523809523809524,3,4.761904761904762,0.9822077317186773,0.9901257568700512,9.315323707498835e-05,49.52976457156375,DERIVED_EMPIRICAL
Other,Electrical installation work,64,57,1,1,15.0,15.625,0,0.0,0.9824871914299022,0.9897531439217513,9.315323707498835e-05,49.522605185530196,DERIVED_EMPIRICAL
Other,Installation of doors,10,9,1,1,15.0,30.0,0,0.0,0.8888681881695389,0.9171867722403354,9.315323707498835e-05,49.51262226362366,DERIVED_EMPIRICAL
Other,District heating,10,9,1,1,15.0,30.0,0,0.0,0.8888681881695389,0.9171867722403354,9.315323707498835e-05,49.51262226362366,DERIVED_EMPIRICAL
Other,School catering services,420,376,1,1,15.0,3.0952380952380953,34,8.095238095238095,0.9973917093619004,0.9983232417326502,9.315323707498835e-05,49.503096130549714,DERIVED_EMPIRICAL
Other,Auction services,16,13,1,1,15.0,0.0,3,18.75,0.9292966930600839,0.9433628318584071,9.315323707498835e-05,49.487351121165744,DERIVED_EMPIRICAL
Other,Building-cleaning services,72,65,1,1,15.0,9.722222222222223,3,4.166666666666667,0.9843502561714019,0.991709361900326,9.315323707498835e-05,49.46485288935219,DERIVED_EMPIRICAL
Other,Display screens.,17,13,1,1,15.0,23.52941176470588,0,0.0,0.9332091290172333,0.9433628318584071,9.315323707498835e-05,49.427187959487476,DERIVED_EMPIRICAL
Other,Supply services of medical personnel,11,11,1,1,15.0,27.27272727272727,0,0.0,0.8985561248253376,0.9319981369352585,9.315323707498835e-05,49.34371003937841,DERIVED_EMPIRICAL
Other,Traffic-signal maintenance services,11,11,1,1,15.0,27.27272727272727,0,0.0,0.8985561248253376,0.9319981369352585,9.315323707498835e-05,49.34371003937841,DERIVED_EMPIRICAL
Other,Laundry-management services,26,22,1,1,15.0,19.230769230769234,0,0.0,0.9556590591523055,0.9664648346530041,9.315323707498835e-05,49.3279256684939,DERIVED_EMPIRICAL
Other,Guidance services,19,18,1,1,15.0,21.052631578947366,0,0.0,0.9406613879832324,0.9605030274802049,9.315323707498835e-05,49.32265176214873,DERIVED_EMPIRICAL
Other,Network equipment,10,8,1,1,15.0,30.0,0,0.0,0.8888681881695389,0.9082440614811365,9.315323707498835e-05,49.31588262692128,DERIVED_EMPIRICAL
Other,International payment transfer services,11,10,1,1,15.0,27.27272727272727,0,0.0,0.8985561248253376,0.9249184909175594,9.315323707498835e-05,49.18795782698903,DERIVED_EMPIRICAL
Other,Telecommunications equipment and supplies,11,10,1,1,15.0,27.27272727272727,0,0.0,0.8985561248253376,0.9249184909175594,9.315323707498835e-05,49.18795782698903,DERIVED_EMPIRICAL
Other,Financial auditing services,37,35,1,1,15.0,16.216216216216218,0,0.0,0.9691662785281788,0.9809035863996274,9.315323707498835e-05,49.16587066805977,DERIVED_EMPIRICAL
Other,Highways consultancy services,20,20,1,1,15.0,20.0,0,0.0,0.943269678621332,0.9630181648812296,9.315323707498835e-05,49.1598820058997,DERIVED_EMPIRICAL
Other,Development consultancy services,28,25,1,1,15.0,17.857142857142858,0,0.0,0.9588262692128552,0.9711224965067536,9.315323707498835e-05,49.14010690442922,DERIVED_EMPIRICAL
Other,Company health services,46,42,1,1,15.0,15.217391304347828,0,0.0,0.9751280857009781,0.9838844899860271,9.315323707498835e-05,49.10818060927617,DERIVED_EMPIRICAL
Other,Mains gas,28,24,1,1,15.0,17.857142857142858,0,0.0,0.9588262692128552,0.9695388914764788,9.315323707498835e-05,49.105267593763166,DERIVED_EMPIRICAL
Other,Construction work for buildings relating to health,12,12,1,1,15.0,25.0,0,0.0,0.9058220773171868,0.9377736376339078,9.315323707498835e-05,49.03909330849247,DERIVED_EMPIRICAL
Other,Auditing services.,29,25,1,1,15.0,17.24137931034483,0,0.0,0.9609687936655799,0.9711224965067536,9.315323707498835e-05,49.02732387881513,DERIVED_EMPIRICAL
Other,Repair and maintenance services of building installations.,11,9,1,1,15.0,27.27272727272727,0,0.0,0.8985561248253376,0.9171867722403354,9.315323707498835e-05,49.0178600160901,DERIVED_EMPIRICAL
Other,Decontamination equipment,12,11,1,1,15.0,25.0,0,0.0,0.9058220773171868,0.9319981369352585,9.315323707498835e-05,48.91203229312218,DERIVED_EMPIRICAL
Other,Site preparation and clearance work.,12,11,1,1,15.0,25.0,0,0.0,0.9058220773171868,0.9319981369352585,9.315323707498835e-05,48.91203229312218,DERIVED_EMPIRICAL
Other,"Mining, basic metals and related products.",12,11,1,1,15.0,25.0,0,0.0,0.9058220773171868,0.9319981369352585,9.315323707498835e-05,48.91203229312218,DERIVED_EMPIRICAL
Other,Surveillance and security systems and devices,31,29,1,1,15.0,16.129032258064516,0,0.0,0.9633907778295295,0.975780158360503,9.315323707498835e-05,48.891294178924326,DERIVED_EMPIRICAL
Other,Pest-control services,60,56,1,1,15.0,13.333333333333334,0,0.0,0.9814625058220773,0.9892873777363763,9.315323707498835e-05,48.87665476375304,DERIVED_EMPIRICAL
Other,"Heating, ventilation and air-conditioning installation work",22,22,1,1,15.0,18.181818181818183,0,0.0,0.9480204937121565,0.9664648346530041,9.315323707498835e-05,48.86487981821005,DERIVED_EMPIRICAL
Other,"Construction, foundation and surface works for highways, roads",41,31,1,1,15.0,2.4390243902439024,4,9.75609756097561,0.9726129482999534,0.9774569166278528,9.315323707498835e-05,48.843793922535674,DERIVED_EMPIRICAL
Other,Accommodation services,30,27,1,1,15.0,3.3333333333333335,3,10.0,0.9619934792734047,0.9741034000931532,9.315323707498835e-05,48.83725538033875,DERIVED_EMPIRICAL
Other,Collection agency services,22,20,1,1,15.0,18.181818181818183,0,0.0,0.9480204937121565,0.9630181648812296,9.315323707498835e-05,48.789053083231,DERIVED_EMPIRICAL
Other,Personnel and payroll services,42,38,1,1,15.0,14.285714285714285,0,0.0,0.9731718677224034,0.9823940381928272,9.315323707498835e-05,48.779994233371035,DERIVED_EMPIRICAL
Other,Gases,12,10,1,1,15.0,25.0,0,0.0,0.9058220773171868,0.9249184909175594,9.315323707498835e-05,48.75628008073281,DERIVED_EMPIRICAL
Other,Taxi services.,12,10,1,1,15.0,25.0,0,0.0,0.9058220773171868,0.9249184909175594,9.315323707498835e-05,48.75628008073281,DERIVED_EMPIRICAL
Other,Financial transaction processing and clearing-house services,13,12,1,1,15.0,23.076923076923077,0,0.0,0.9131811830461108,0.9377736376339078,9.315323707498835e-05,48.702891333166136,DERIVED_EMPIRICAL
Other,"Furniture (incl. office furniture), furnishings, domestic appliances (excl. lighting) and cleaning products",54,49,1,1,15.0,12.962962962962962,0,0.0,0.9790405216581276,0.9870517000465766,9.315323707498835e-05,48.670576802543884,DERIVED_EMPIRICAL
Other,Risk or hazard assessment other than for construction,14,14,1,1,15.0,21.428571428571427,0,0.0,0.9187703772706102,0.9481136469492315,9.315323707498835e-05,48.6249517599308,DERIVED_EMPIRICAL
Other,Hospital dialysis services,12,9,1,1,15.0,25.0,0,0.0,0.9058220773171868,0.9171867722403354,9.315323707498835e-05,48.58618226983388,DERIVED_EMPIRICAL
Other,Calibration services,12,9,1,1,15.0,25.0,0,0.0,0.9058220773171868,0.9171867722403354,9.315323707498835e-05,48.58618226983388,DERIVED_EMPIRICAL
Other,Non-residential property renting or leasing services,13,11,1,1,15.0,23.076923076923077,0,0.0,0.9131811830461108,0.9319981369352585,9.315323707498835e-05,48.57583031779585,DERIVED_EMPIRICAL
Other,Steel.,13,11,1,1,15.0,23.076923076923077,0,0.0,0.9131811830461108,0.9319981369352585,9.315323707498835e-05,48.57583031779585,DERIVED_EMPIRICAL
Other,Library services,13,11,1,1,15.0,23.076923076923077,0,0.0,0.9131811830461108,0.9319981369352585,9.315323707498835e-05,48.57583031779585,DERIVED_EMPIRICAL
Other,Energy-management services,35,32,1,1,15.0,14.285714285714285,0,0.0,0.9675826734979041,0.9784816022356777,9.315323707498835e-05,48.55977998092576,DERIVED_EMPIRICAL
Other,Engineering design services.,14,13,1,1,15.0,21.428571428571427,0,0.0,0.9187703772706102,0.9433628318584071,9.315323707498835e-05,48.52043382793266,DERIVED_EMPIRICAL
Other,Building-inspection services,14,13,1,1,15.0,21.428571428571427,0,0.0,0.9187703772706102,0.9433628318584071,9.315323707498835e-05,48.52043382793266,DERIVED_EMPIRICAL
Other,Post and courier services,14,13,1,1,15.0,21.428571428571427,0,0.0,0.9187703772706102,0.9433628318584071,9.315323707498835e-05,48.52043382793266,DERIVED_EMPIRICAL
Other,Mechanical engineering installation works.,25,22,1,1,15.0,16.0,0,0.0,0.9538891476478808,0.9664648346530041,9.315323707498835e-05,48.42390933084925,DERIVED_EMPIRICAL
Other,Environmental monitoring other than for construction,13,10,1,1,15.0,23.076923076923077,0,0.0,0.9131811830461108,0.9249184909175594,9.315323707498835e-05,48.420078105406475,DERIVED_EMPIRICAL
Other,System maintenance services,14,12,1,1,15.0,21.428571428571427,0,0.0,0.9187703772706102,0.9377736376339078,9.315323707498835e-05,48.39747155499368,DERIVED_EMPIRICAL
Other,Engineering-related scientific and technical services,14,12,1,1,15.0,21.428571428571427,0,0.0,0.9187703772706102,0.9377736376339078,9.315323707498835e-05,48.39747155499368,DERIVED_EMPIRICAL
Other,Repair and maintenance services of generators,15,14,1,1,15.0,20.0,0,0.0,0.9245458779692595,0.9481136469492315,9.315323707498835e-05,48.382611395746004,DERIVED_EMPIRICAL
Other,Construction work for buildings relating to education and research,22,15,1,1,15.0,0.0,3,13.636363636363637,0.9480204937121565,0.952026082906381,9.315323707498835e-05,48.37406710662416,DERIVED_EMPIRICAL
Other,Postal and telecommunications services,16,16,1,1,15.0,18.75,0,0.0,0.9292966930600839,0.9553795994410805,9.315323707498835e-05,48.323148579413136,DERIVED_EMPIRICAL
Other,Grounds-maintenance equipment,16,16,1,1,15.0,18.75,0,0.0,0.9292966930600839,0.9553795994410805,9.315323707498835e-05,48.323148579413136,DERIVED_EMPIRICAL
Other,Electrical engineering installation works.,52,50,1,1,15.0,11.538461538461538,0,0.0,0.9783884489986027,0.9875174662319516,9.315323707498835e-05,48.285306868259816,DERIVED_EMPIRICAL
Other,Financial leasing services,15,13,1,1,15.0,20.0,0,0.0,0.9245458779692595,0.9433628318584071,9.315323707498835e-05,48.278093463747865,DERIVED_EMPIRICAL
Other,Funeral services,17,17,1,1,15.0,17.647058823529413,0,0.0,0.9332091290172333,0.9583605030274802,9.315323707498835e-05,48.18850927422669,DERIVED_EMPIRICAL
Other,Services related to water pollution,16,14,1,1,15.0,18.75,0,0.0,0.9292966930600839,0.9481136469492315,9.315323707498835e-05,48.16329762459245,DERIVED_EMPIRICAL
Other,"Radio, television, communication, telecommunication and related equipment",29,26,1,1,15.0,13.793103448275861,0,0.0,0.9609687936655799,0.9726129482999534,9.315323707498835e-05,48.14057358838047,DERIVED_EMPIRICAL
Other,"Demolition, site preparation and clearance work",17,16,1,1,15.0,17.647058823529413,0,0.0,0.9332091290172333,0.9553795994410805,9.315323707498835e-05,48.1229293953259,DERIVED_EMPIRICAL
Other,Building completion work.,14,10,1,1,15.0,21.428571428571427,0,0.0,0.9187703772706102,0.9249184909175594,9.315323707498835e-05,48.11465832723402,DERIVED_EMPIRICAL
Other,Road transport services.,16,13,1,1,15.0,18.75,0,0.0,0.9292966930600839,0.9433628318584071,9.315323707498835e-05,48.058779692594314,DERIVED_EMPIRICAL
Other,Lighting systems.,16,13,1,1,15.0,18.75,0,0.0,0.9292966930600839,0.9433628318584071,9.315323707498835e-05,48.058779692594314,DERIVED_EMPIRICAL
Other,Advertising campaign services,17,15,1,1,15.0,17.647058823529413,0,0.0,0.9332091290172333,0.952026082906381,9.315323707498835e-05,48.0491520315625,DERIVED_EMPIRICAL
Other,Solar panel roof-covering work,17,15,1,1,15.0,17.647058823529413,0,0.0,0.9332091290172333,0.952026082906381,9.315323707498835e-05,48.0491520315625,DERIVED_EMPIRICAL
Other,Advisory architectural services.,32,30,1,1,15.0,12.5,0,0.0,0.9646949231485794,0.9766185374941779,9.315323707498835e-05,47.9732960720385,DERIVED_EMPIRICAL
Other,*Engineering and Research and Technology Based Services,12,1,1,1,15.0,8.333333333333332,12,100.0,0.9058220773171868,0.0,9.315323707498835e-05,47.96362883610205,DERIVED_EMPIRICAL
Other,*Document destruction services,16,12,1,1,15.0,18.75,0,0.0,0.9292966930600839,0.9377736376339078,9.315323707498835e-05,47.93581741965533,DERIVED_EMPIRICAL
Other,Electrical equipment and apparatus.,18,15,1,1,15.0,16.666666666666664,0,0.0,0.9374941779226829,0.952026082906381,9.315323707498835e-05,47.89055529679656,DERIVED_EMPIRICAL
Other,Marketing management consultancy services,18,15,1,1,15.0,16.666666666666664,0,0.0,0.9374941779226829,0.952026082906381,9.315323707498835e-05,47.89055529679656,DERIVED_EMPIRICAL
Other,Specialist vehicles.,18,15,1,1,15.0,16.666666666666664,0,0.0,0.9374941779226829,0.952026082906381,9.315323707498835e-05,47.89055529679656,DERIVED_EMPIRICAL
Other,Research consultancy services,33,30,1,1,15.0,12.121212121212121,0,0.0,0.9651606893339544,0.9766185374941779,9.315323707498835e-05,47.883464359477394,DERIVED_EMPIRICAL
Other,Installation services of electrical and mechanical equipment,19,17,1,1,15.0,15.789473684210526,0,0.0,0.9406613879832324,0.9583605030274802,9.315323707498835e-05,47.87200745225896,DERIVED_EMPIRICAL
Other,Office supplies,20,19,1,1,15.0,15.0,0,0.0,0.943269678621332,0.9621797857475547,9.315323707498835e-05,47.808104331625515,DERIVED_EMPIRICAL
Other,Site preparation work,20,18,1,1,15.0,15.0,0,0.0,0.943269678621332,0.9605030274802049,9.315323707498835e-05,47.77121564974382,DERIVED_EMPIRICAL
Other,Parking enforcement services,33,27,1,1,15.0,0.0,3,9.090909090909092,0.9651606893339544,0.9741034000931532,9.315323707498835e-05,47.71269122121474,DERIVED_EMPIRICAL
Other,Furniture,37,32,1,1,15.0,10.81081081081081,0,0.0,0.9691662785281788,0.9784816022356777,9.315323707498835e-05,47.67114557501143,DERIVED_EMPIRICAL
Other,Office cleaning services,23,22,1,1,15.0,13.043478260869565,0,0.0,0.9503493246390312,0.9664648346530041,9.315323707498835e-05,47.55054778153541,DERIVED_EMPIRICAL
Other,Construction materials and associated items,23,21,1,1,15.0,13.043478260869565,0,0.0,0.9503493246390312,0.9646017699115044,9.315323707498835e-05,47.50956035722241,DERIVED_EMPIRICAL
Other,Audio-visual equipment,41,34,1,1,15.0,9.75609756097561,0,0.0,0.9726129482999534,0.9801583605030275,9.315323707498835e-05,47.509497464793,DERIVED_EMPIRICAL
Other,Playground equipment,24,22,1,1,15.0,12.5,0,0.0,0.951932929669306,0.9664648346530041,9.315323707498835e-05,47.443626766030114,DERIVED_EMPIRICAL
Other,Market and economic research; polling and statistics,24,21,1,1,15.0,12.5,0,0.0,0.951932929669306,0.9646017699115044,9.315323707498835e-05,47.40263934171712,DERIVED_EMPIRICAL
Other,Internal audit services,49,48,1,1,15.0,8.16326530612245,0,0.0,0.9768048439683279,0.9864927806241267,9.315323707498835e-05,47.324704935537326,DERIVED_EMPIRICAL
Other,Hotel accommodation services,25,21,1,1,15.0,12.0,0,0.0,0.9538891476478808,0.9646017699115044,9.315323707498835e-05,47.316255239869584,DERIVED_EMPIRICAL
Other,Payroll management services,28,26,1,1,15.0,10.714285714285714,0,0.0,0.9588262692128552,0.9726129482999534,9.315323707498835e-05,47.26813493911771,DERIVED_EMPIRICAL
Other,Statutory audit services,29,27,1,1,15.0,10.344827586206897,0,0.0,0.9609687936655799,0.9741034000931532,9.315323707498835e-05,47.25382329794581,DERIVED_EMPIRICAL
Other,Accommodation management services,10,10,1,1,15.0,20.0,0,0.0,0.8888681881695389,0.9249184909175594,9.315323707498835e-05,47.01605340785592,DERIVED_EMPIRICAL
Other,Boiler installation work,10,10,1,1,15.0,20.0,0,0.0,0.8888681881695389,0.9249184909175594,9.315323707498835e-05,47.01605340785592,DERIVED_EMPIRICAL
Other,"Cleaning and sanitation services in urban or rural areas, and related services",10,10,1,1,15.0,20.0,0,0.0,0.8888681881695389,0.9249184909175594,9.315323707498835e-05,47.01605340785592,DERIVED_EMPIRICAL
Other,Telephone-answering services,10,10,1,1,15.0,20.0,0,0.0,0.8888681881695389,0.9249184909175594,9.315323707498835e-05,47.01605340785592,DERIVED_EMPIRICAL
Other,Engineering design services for mechanical and electrical installations for buildings,10,10,1,1,15.0,20.0,0,0.0,0.8888681881695389,0.9249184909175594,9.315323707498835e-05,47.01605340785592,DERIVED_EMPIRICAL
Other,Meter reading service,10,10,1,1,15.0,20.0,0,0.0,0.8888681881695389,0.9249184909175594,9.315323707498835e-05,47.01605340785592,DERIVED_EMPIRICAL
Other,Office-support services,10,10,1,1,15.0,20.0,0,0.0,0.8888681881695389,0.9249184909175594,9.315323707498835e-05,47.01605340785592,DERIVED_EMPIRICAL
Other,Electrical supplies and accessories,10,10,1,1,15.0,20.0,0,0.0,0.8888681881695389,0.9249184909175594,9.315323707498835e-05,47.01605340785592,DERIVED_EMPIRICAL
Other,Ground investigation work,11,11,1,1,15.0,18.181818181818183,0,0.0,0.8985561248253376,0.9319981369352585,9.315323707498835e-05,46.91946761513599,DERIVED_EMPIRICAL
Other,Waste-tip management services,11,11,1,1,15.0,18.181818181818183,0,0.0,0.8985561248253376,0.9319981369352585,9.315323707498835e-05,46.91946761513599,DERIVED_EMPIRICAL
Other,Lift and escalator installation work,11,11,1,1,15.0,18.181818181818183,0,0.0,0.8985561248253376,0.9319981369352585,9.315323707498835e-05,46.91946761513599,DERIVED_EMPIRICAL
Other,Electric vehicles.,11,11,1,1,15.0,18.181818181818183,0,0.0,0.8985561248253376,0.9319981369352585,9.315323707498835e-05,46.91946761513599,DERIVED_EMPIRICAL
Other,Catering services for other enterprises or other institutions,11,11,1,1,15.0,18.181818181818183,0,0.0,0.8985561248253376,0.9319981369352585,9.315323707498835e-05,46.91946761513599,DERIVED_EMPIRICAL
Other,Video-conferencing equipment.,10,9,1,1,15.0,20.0,0,0.0,0.8888681881695389,0.9171867722403354,9.315323707498835e-05,46.845955596957,DERIVED_EMPIRICAL
Other,Vans.,10,9,1,1,15.0,20.0,0,0.0,0.8888681881695389,0.9171867722403354,9.315323707498835e-05,46.845955596957,DERIVED_EMPIRICAL
Other,Networks.,10,9,1,1,15.0,20.0,0,0.0,0.8888681881695389,0.9171867722403354,9.315323707498835e-05,46.845955596957,DERIVED_EMPIRICAL
Other,Domestic furniture,10,9,1,1,15.0,20.0,0,0.0,0.8888681881695389,0.9171867722403354,9.315323707498835e-05,46.845955596957,DERIVED_EMPIRICAL
Other,Construction materials,10,9,1,1,15.0,20.0,0,0.0,0.8888681881695389,0.9171867722403354,9.315323707498835e-05,46.845955596957,DERIVED_EMPIRICAL
Other,Pension services.,10,9,1,1,15.0,20.0,0,0.0,0.8888681881695389,0.9171867722403354,9.315323707498835e-05,46.845955596957,DERIVED_EMPIRICAL
Other,Agricultural machinery,12,12,1,1,15.0,16.666666666666664,0,0.0,0.9058220773171868,0.9377736376339078,9.315323707498835e-05,46.816871086270254,DERIVED_EMPIRICAL
Other,"Windows, doors and related items",12,12,1,1,15.0,16.666666666666664,0,0.0,0.9058220773171868,0.9377736376339078,9.315323707498835e-05,46.816871086270254,DERIVED_EMPIRICAL
Other,Advertising services.,12,12,1,1,15.0,16.666666666666664,0,0.0,0.9058220773171868,0.9377736376339078,9.315323707498835e-05,46.816871086270254,DERIVED_EMPIRICAL
Other,Supporting and auxiliary transport services; travel agencies services,12,12,1,1,15.0,16.666666666666664,0,0.0,0.9058220773171868,0.9377736376339078,9.315323707498835e-05,46.816871086270254,DERIVED_EMPIRICAL
Other,Emergency vehicles,13,13,1,1,15.0,15.384615384615385,0,0.0,0.9131811830461108,0.9433628318584071,9.315323707498835e-05,46.774571554823076,DERIVED_EMPIRICAL
Other,Overhead projectors.,13,13,1,1,15.0,15.384615384615385,0,0.0,0.9131811830461108,0.9433628318584071,9.315323707498835e-05,46.774571554823076,DERIVED_EMPIRICAL
Other,Fitted kitchens,13,13,1,1,15.0,15.384615384615385,0,0.0,0.9131811830461108,0.9433628318584071,9.315323707498835e-05,46.774571554823076,DERIVED_EMPIRICAL
Other,Lifts,11,10,1,1,15.0,18.181818181818183,0,0.0,0.8985561248253376,0.9249184909175594,9.315323707498835e-05,46.763715402746605,DERIVED_EMPIRICAL
Other,Minibuses,11,10,1,1,15.0,18.181818181818183,0,0.0,0.8985561248253376,0.9249184909175594,9.315323707498835e-05,46.763715402746605,DERIVED_EMPIRICAL
Other,Repair and maintenance services of machinery,11,10,1,1,15.0,18.181818181818183,0,0.0,0.8985561248253376,0.9249184909175594,9.315323707498835e-05,46.763715402746605,DERIVED_EMPIRICAL
Other,Cafeteria services,11,10,1,1,15.0,18.181818181818183,0,0.0,0.8985561248253376,0.9249184909175594,9.315323707498835e-05,46.763715402746605,DERIVED_EMPIRICAL
Other,Topographical services.,11,10,1,1,15.0,18.181818181818183,0,0.0,0.8985561248253376,0.9249184909175594,9.315323707498835e-05,46.763715402746605,DERIVED_EMPIRICAL
Other,Tree-maintenance services,47,42,1,1,15.0,6.382978723404255,0,0.0,0.9754075454122031,0.9838844899860271,9.315323707498835e-05,46.75904428742729,DERIVED_EMPIRICAL
Other,Roof repair and maintenance work,14,14,1,1,15.0,14.285714285714285,0,0.0,0.9187703772706102,0.9481136469492315,9.315323707498835e-05,46.72018985516889,DERIVED_EMPIRICAL
Other,Fire and explosion protection and control consultancy services,14,14,1,1,15.0,14.285714285714285,0,0.0,0.9187703772706102,0.9481136469492315,9.315323707498835e-05,46.72018985516889,DERIVED_EMPIRICAL
Other,Property insurance services,14,14,1,1,15.0,14.285714285714285,0,0.0,0.9187703772706102,0.9481136469492315,9.315323707498835e-05,46.72018985516889,DERIVED_EMPIRICAL
Other,Real estate agency services on a fee or contract basis,15,15,1,1,15.0,13.333333333333334,0,0.0,0.9245458779692595,0.952026082906381,9.315323707498835e-05,46.69090720902552,DERIVED_EMPIRICAL
Other,Vehicle-fleet management services.,12,11,1,1,15.0,16.666666666666664,0,0.0,0.9058220773171868,0.9319981369352585,9.315323707498835e-05,46.68981007089996,DERIVED_EMPIRICAL
Other,"Office machinery, equipment and supplies except computers, printers and furniture.",12,11,1,1,15.0,16.666666666666664,0,0.0,0.9058220773171868,0.9319981369352585,9.315323707498835e-05,46.68981007089996,DERIVED_EMPIRICAL
Other,Records management,12,11,1,1,15.0,16.666666666666664,0,0.0,0.9058220773171868,0.9319981369352585,9.315323707498835e-05,46.68981007089996,DERIVED_EMPIRICAL
Other,Mechanical engineering services,12,11,1,1,15.0,16.666666666666664,0,0.0,0.9058220773171868,0.9319981369352585,9.315323707498835e-05,46.68981007089996,DERIVED_EMPIRICAL
Other,Sports facilities operation services,54,45,1,1,15.0,5.555555555555555,0,0.0,0.9790405216581276,0.9854680950163018,9.315323707498835e-05,46.66042884990254,DERIVED_EMPIRICAL
Other,Data-processing machines (hardware).,13,12,1,1,15.0,15.384615384615385,0,0.0,0.9131811830461108,0.9377736376339078,9.315323707498835e-05,46.651609281884085,DERIVED_EMPIRICAL
Other,Urban planning and landscape architectural services.,10,8,1,1,15.0,20.0,0,0.0,0.8888681881695389,0.9082440614811365,9.315323707498835e-05,46.64921596025462,DERIVED_EMPIRICAL
Other,"Repair and maintenance services of measuring, testing and checking apparatus",10,8,1,1,15.0,20.0,0,0.0,0.8888681881695389,0.9082440614811365,9.315323707498835e-05,46.64921596025462,DERIVED_EMPIRICAL
Other,Travel agency and similar services,14,13,1,1,15.0,14.285714285714285,0,0.0,0.9187703772706102,0.9433628318584071,9.315323707498835e-05,46.61567192317076,DERIVED_EMPIRICAL
Other,Technical inspection services,15,14,1,1,15.0,13.333333333333334,0,0.0,0.9245458779692595,0.9481136469492315,9.315323707498835e-05,46.604833617968225,DERIVED_EMPIRICAL
Other,Banking services.,11,9,1,1,15.0,18.181818181818183,0,0.0,0.8985561248253376,0.9171867722403354,9.315323707498835e-05,46.59361759184768,DERIVED_EMPIRICAL
Other,Commissioning of public lighting installations,11,9,1,1,15.0,18.181818181818183,0,0.0,0.8985561248253376,0.9171867722403354,9.315323707498835e-05,46.59361759184768,DERIVED_EMPIRICAL
Other,Motor vehicle conversion services,11,9,1,1,15.0,18.181818181818183,0,0.0,0.8985561248253376,0.9171867722403354,9.315323707498835e-05,46.59361759184768,DERIVED_EMPIRICAL
Other,Insurance and pension services,16,15,1,1,15.0,12.5,0,0.0,0.9292966930600839,0.952026082906381,9.315323707498835e-05,46.582704548983074,DERIVED_EMPIRICAL
Other,Surveying services,17,16,1,1,15.0,11.76470588235294,0,0.0,0.9332091290172333,0.9553795994410805,9.315323707498835e-05,46.554301944345504,DERIVED_EMPIRICAL
Other,Repair and maintenance services of mechanical building installations,17,16,1,1,15.0,11.76470588235294,0,0.0,0.9332091290172333,0.9553795994410805,9.315323707498835e-05,46.554301944345504,DERIVED_EMPIRICAL
Other,Vehicle-fleet-support services,12,10,1,1,15.0,16.666666666666664,0,0.0,0.9058220773171868,0.9249184909175594,9.315323707498835e-05,46.534057858510586,DERIVED_EMPIRICAL
Other,Installation services of electrical and mechanical equipment.,12,10,1,1,15.0,16.666666666666664,0,0.0,0.9058220773171868,0.9249184909175594,9.315323707498835e-05,46.534057858510586,DERIVED_EMPIRICAL
Other,Heavy-duty motor vehicles,13,11,1,1,15.0,15.384615384615385,0,0.0,0.9131811830461108,0.9319981369352585,9.315323707498835e-05,46.5245482665138,DERIVED_EMPIRICAL
Other,Hygiene services,15,13,1,1,15.0,13.333333333333334,0,0.0,0.9245458779692595,0.9433628318584071,9.315323707498835e-05,46.50031568597009,DERIVED_EMPIRICAL
Other,Safety training services,16,14,1,1,15.0,12.5,0,0.0,0.9292966930600839,0.9481136469492315,9.315323707498835e-05,46.49663095792578,DERIVED_EMPIRICAL
Other,Miscellaneous business-related services,14,12,1,1,15.0,14.285714285714285,0,0.0,0.9187703772706102,0.9377736376339078,9.315323707498835e-05,46.492709650231774,DERIVED_EMPIRICAL
Other,Sports goods and equipment,14,12,1,1,15.0,14.285714285714285,0,0.0,0.9187703772706102,0.9377736376339078,9.315323707498835e-05,46.492709650231774,DERIVED_EMPIRICAL
Other,Interpretation services.,17,15,1,1,15.0,11.76470588235294,0,0.0,0.9332091290172333,0.952026082906381,9.315323707498835e-05,46.48052458058211,DERIVED_EMPIRICAL
Other,Traffic control services,21,20,1,1,15.0,9.523809523809524,0,0.0,0.9452258965999069,0.9630181648812296,9.315323707498835e-05,46.41318044373471,DERIVED_EMPIRICAL
Other,Machine tools,18,15,1,1,15.0,11.11111111111111,0,0.0,0.9374941779226829,0.952026082906381,9.315323707498835e-05,46.40907381531508,DERIVED_EMPIRICAL
Other,Scaffolding work,19,16,1,1,15.0,10.526315789473683,0,0.0,0.9406613879832324,0.9553795994410805,9.315323707498835e-05,46.40291880142834,DERIVED_EMPIRICAL
Other,Closed circuit television services,22,21,1,1,15.0,9.090909090909092,0,0.0,0.9480204937121565,0.9646017699115044,9.315323707498835e-05,46.39964996965462,DERIVED_EMPIRICAL
Other,Central-heating installation work,22,21,1,1,15.0,9.090909090909092,0,0.0,0.9480204937121565,0.9646017699115044,9.315323707498835e-05,46.39964996965462,DERIVED_EMPIRICAL
Other,Building demolition and wrecking work and earthmoving work.,11,8,1,1,15.0,18.181818181818183,0,0.0,0.8985561248253376,0.9082440614811365,9.315323707498835e-05,46.3968779551453,DERIVED_EMPIRICAL
Other,Printed matter and related products,26,26,1,1,15.0,7.6923076923076925,0,0.0,0.9556590591523055,0.9726129482999534,9.315323707498835e-05,46.3862610918037,DERIVED_EMPIRICAL
Other,Police services,13,10,1,1,15.0,15.384615384615385,0,0.0,0.9131811830461108,0.9249184909175594,9.315323707498835e-05,46.368796054124424,DERIVED_EMPIRICAL
Other,Network equipment.,14,11,1,1,15.0,14.285714285714285,0,0.0,0.9187703772706102,0.9319981369352585,9.315323707498835e-05,46.365648634861486,DERIVED_EMPIRICAL
Other,Health and safety consultancy services,21,18,1,1,15.0,9.523809523809524,0,0.0,0.9452258965999069,0.9605030274802049,9.315323707498835e-05,46.357847420912165,DERIVED_EMPIRICAL
Other,Sheltered housing construction work,10,7,1,1,15.0,20.0,0,0.0,0.8888681881695389,0.8948299953423381,9.315323707498835e-05,46.35410650520106,DERIVED_EMPIRICAL
Other,Building services.,28,27,1,1,15.0,7.142857142857142,0,0.0,0.9588262692128552,0.9741034000931532,9.315323707498835e-05,46.34854392618715,DERIVED_EMPIRICAL
Other,Miscellaneous services,30,28,1,1,15.0,6.666666666666667,0,0.0,0.9619934792734047,0.975314392175128,9.315323707498835e-05,46.32421466645965,DERIVED_EMPIRICAL
Other,"Feasibility study, advisory service, analysis",22,18,1,1,15.0,9.090909090909092,0,0.0,0.9480204937121565,0.9605030274802049,9.315323707498835e-05,46.30947763616604,DERIVED_EMPIRICAL
Other,Public security services,24,21,1,1,15.0,8.333333333333332,0,0.0,0.951932929669306,0.9646017699115044,9.315323707498835e-05,46.291528230606005,DERIVED_EMPIRICAL
Other,Window-cleaning services,32,29,1,1,15.0,6.25,0,0.0,0.9646949231485794,0.975780158360503,9.315323707498835e-05,46.288185064430984,DERIVED_EMPIRICAL
Other,"Electrical machinery, apparatus, equipment and consumables; lighting",35,32,1,1,15.0,5.714285714285714,0,0.0,0.9675826734979041,0.9784816022356777,9.315323707498835e-05,46.274065695211476,DERIVED_EMPIRICAL
Other,Installation services (except software),35,31,1,1,15.0,5.714285714285714,0,0.0,0.9675826734979041,0.9774569166278528,9.315323707498835e-05,46.25152261183933,DERIVED_EMPIRICAL
Other,Public utilities,39,34,1,1,15.0,5.128205128205128,0,0.0,0.9709361900326037,0.9801583605030275,9.315323707498835e-05,46.235150617637814,DERIVED_EMPIRICAL
Other,*Material handling machinery and equipment *Packaging materials *Packing supplies *Structural components and basic shapes *Concrete and cement and plaster *Insulation *Exterior finishing materials *Interior finishing materials *Flooring *Doors and windows and glass *Plumbing fixtures *Manufacturing Components and Supplies *Adhesives *Sealants *Lamps and lightbulbs and lamp components *Lighting Fixtures and Accessories *Heating and ventilation and air circulation *Industrial pumps and compressors *Computer Equipment and Accessories *Industrial laundry and dry cleaning equipment *Cleaning and janitorial supplies *Floor coverings *Window treatments *Furniture and Furnishings *Accommodation furniture *Commercial and industrial furniture,15,1,1,1,15.0,0.0,15,100.0,0.9245458779692595,0.0,9.315323707498835e-05,46.19077782952958,DERIVED_EMPIRICAL
Other,Railway transport services,17,12,1,1,15.0,11.76470588235294,0,0.0,0.9332091290172333,0.9377736376339078,9.315323707498835e-05,46.166970784587704,DERIVED_EMPIRICAL
Other,Job search services,14,9,1,1,15.0,14.285714285714285,0,0.0,0.9187703772706102,0.9171867722403354,9.315323707498835e-05,46.03979861157318,DERIVED_EMPIRICAL
Other,School books.,151,143,1,1,15.0,0.0,0,0.0,0.9935724266418258,0.9965533302282255,9.315323707498835e-05,45.77158826269213,DERIVED_EMPIRICAL
Other,Defence services,12,1,1,1,15.0,0.0,12,100.0,0.9058220773171868,0.0,9.315323707498835e-05,45.74140661387983,DERIVED_EMPIRICAL
Other,Funeral and related services,40,38,1,1,15.0,2.5,0,0.0,0.9718677224033535,0.9823940381928272,9.315323707498835e-05,45.605837602856695,DERIVED_EMPIRICAL
Other,*Miscellaneous Aircraft Accessories and Components (Military) - Repair and Overhaul,11,1,1,1,15.0,0.0,11,100.0,0.8985561248253376,0.0,9.315323707498835e-05,45.56702375407545,DERIVED_EMPIRICAL
Other,"Training and simulation in aircrafts, missiles and spacecrafts",10,1,1,1,15.0,0.0,10,100.0,0.8888681881695389,0.0,9.315323707498835e-05,45.33451327433628,DERIVED_EMPIRICAL
Other,Signage,26,25,1,1,15.0,3.8461538461538463,0,0.0,0.9556590591523055,0.9711224965067536,9.315323707498835e-05,45.327830126712286,DERIVED_EMPIRICAL
Other,School meals,22,22,1,1,15.0,4.545454545454546,0,0.0,0.9480204937121565,0.9664648346530041,9.315323707498835e-05,45.22851618184641,DERIVED_EMPIRICAL
Other,Refuse collection services,24,22,1,1,15.0,4.166666666666666,0,0.0,0.951932929669306,0.9664648346530041,9.315323707498835e-05,45.2214045438079,DERIVED_EMPIRICAL
Other,Parts and accessories for vehicles and their engines,21,18,1,1,15.0,4.761904761904762,0,0.0,0.9452258965999069,0.9605030274802049,9.315323707498835e-05,45.08800615107089,DERIVED_EMPIRICAL
Other,Heating works.,21,18,1,1,15.0,4.761904761904762,0,0.0,0.9452258965999069,0.9605030274802049,9.315323707498835e-05,45.08800615107089,DERIVED_EMPIRICAL
Other,Site-development work,19,17,1,1,15.0,5.263157894736842,0,0.0,0.9406613879832324,0.9583605030274802,9.315323707498835e-05,45.06498990839931,DERIVED_EMPIRICAL
Other,Analysis services,19,17,1,1,15.0,5.263157894736842,0,0.0,0.9406613879832324,0.9583605030274802,9.315323707498835e-05,45.06498990839931,DERIVED_EMPIRICAL
Other,"Electricity, heating, solar and nuclear energy",18,16,1,1,15.0,5.555555555555555,0,0.0,0.9374941779226829,0.9553795994410805,9.315323707498835e-05,45.001369697596985,DERIVED_EMPIRICAL
Other,Accommodation cleaning services,17,16,1,1,15.0,5.88235294117647,0,0.0,0.9332091290172333,0.9553795994410805,9.315323707498835e-05,44.98567449336511,DERIVED_EMPIRICAL
Other,Storage and retrieval services,17,16,1,1,15.0,5.88235294117647,0,0.0,0.9332091290172333,0.9553795994410805,9.315323707498835e-05,44.98567449336511,DERIVED_EMPIRICAL
Other,Patent and copyright consultancy services,18,15,1,1,15.0,5.555555555555555,0,0.0,0.9374941779226829,0.952026082906381,9.315323707498835e-05,44.9275923338336,DERIVED_EMPIRICAL
Other,Fire doors,16,15,1,1,15.0,6.25,0,0.0,0.9292966930600839,0.952026082906381,9.315323707498835e-05,44.91603788231641,DERIVED_EMPIRICAL
Other,Catering services.,17,15,1,1,15.0,5.88235294117647,0,0.0,0.9332091290172333,0.952026082906381,9.315323707498835e-05,44.91189712960172,DERIVED_EMPIRICAL
Other,Domestic appliances,15,14,1,1,15.0,6.666666666666667,0,0.0,0.9245458779692595,0.9481136469492315,9.315323707498835e-05,44.82705584019045,DERIVED_EMPIRICAL
Other,Bailiff services,16,13,1,1,15.0,6.25,0,0.0,0.9292966930600839,0.9433628318584071,9.315323707498835e-05,44.725446359260985,DERIVED_EMPIRICAL
Other,Sewage services,13,13,1,1,15.0,7.6923076923076925,0,0.0,0.9131811830461108,0.9433628318584071,9.315323707498835e-05,44.72328950354102,DERIVED_EMPIRICAL
Other,Building alteration work,13,13,1,1,15.0,7.6923076923076925,0,0.0,0.9131811830461108,0.9433628318584071,9.315323707498835e-05,44.72328950354102,DERIVED_EMPIRICAL
Other,Repair and maintenance services of catering equipment,15,13,1,1,15.0,6.666666666666667,0,0.0,0.9245458779692595,0.9433628318584071,9.315323707498835e-05,44.72253790819231,DERIVED_EMPIRICAL
Other,Environmental management,14,13,1,1,15.0,7.142857142857142,0,0.0,0.9187703772706102,0.9433628318584071,9.315323707498835e-05,44.71091001840885,DERIVED_EMPIRICAL
Other,Bathrooms construction work,13,12,1,1,15.0,7.6923076923076925,0,0.0,0.9131811830461108,0.9377736376339078,9.315323707498835e-05,44.60032723060203,DERIVED_EMPIRICAL
Other,Detection and analysis apparatus,13,12,1,1,15.0,7.6923076923076925,0,0.0,0.9131811830461108,0.9377736376339078,9.315323707498835e-05,44.60032723060203,DERIVED_EMPIRICAL
Other,Chargers,12,12,1,1,15.0,8.333333333333332,0,0.0,0.9058220773171868,0.9377736376339078,9.315323707498835e-05,44.594648864048025,DERIVED_EMPIRICAL
Other,"Repair, maintenance and associated services related to roads and other equipment",14,12,1,1,15.0,7.142857142857142,0,0.0,0.9187703772706102,0.9377736376339078,9.315323707498835e-05,44.58794774546987,DERIVED_EMPIRICAL
Other,Refuse transport services,14,12,1,1,15.0,7.142857142857142,0,0.0,0.9187703772706102,0.9377736376339078,9.315323707498835e-05,44.58794774546987,DERIVED_EMPIRICAL
Other,Corporate finance and venture capital services,11,11,1,1,15.0,9.090909090909092,0,0.0,0.8985561248253376,0.9319981369352585,9.315323707498835e-05,44.495225190893564,DERIVED_EMPIRICAL
Other,Interior decorating services,11,11,1,1,15.0,9.090909090909092,0,0.0,0.8985561248253376,0.9319981369352585,9.315323707498835e-05,44.495225190893564,DERIVED_EMPIRICAL
Other,Refuse skips,12,11,1,1,15.0,8.333333333333332,0,0.0,0.9058220773171868,0.9319981369352585,9.315323707498835e-05,44.46758784867774,DERIVED_EMPIRICAL
Other,Mechanical engineering installation works,12,11,1,1,15.0,8.333333333333332,0,0.0,0.9058220773171868,0.9319981369352585,9.315323707498835e-05,44.46758784867774,DERIVED_EMPIRICAL
Other,Health insurance services,12,11,1,1,15.0,8.333333333333332,0,0.0,0.9058220773171868,0.9319981369352585,9.315323707498835e-05,44.46758784867774,DERIVED_EMPIRICAL
Other,Financial management consultancy services,12,11,1,1,15.0,8.333333333333332,0,0.0,0.9058220773171868,0.9319981369352585,9.315323707498835e-05,44.46758784867774,DERIVED_EMPIRICAL
Other,Urban planning and landscape architectural services,12,11,1,1,15.0,8.333333333333332,0,0.0,0.9058220773171868,0.9319981369352585,9.315323707498835e-05,44.46758784867774,DERIVED_EMPIRICAL
Other,Car park management services,27,26,1,1,15.0,0.0,0,0.0,0.9575221238938053,0.9726129482999534,9.315323707498835e-05,44.379692594317646,DERIVED_EMPIRICAL
Other,Electrical wiring and fitting work.,10,10,1,1,15.0,10.0,0,0.0,0.8888681881695389,0.9249184909175594,9.315323707498835e-05,44.34938674118926,DERIVED_EMPIRICAL
Other,Computer-related equipment,10,10,1,1,15.0,10.0,0,0.0,0.8888681881695389,0.9249184909175594,9.315323707498835e-05,44.34938674118926,DERIVED_EMPIRICAL
Other,Weather-forecasting services,10,10,1,1,15.0,10.0,0,0.0,0.8888681881695389,0.9249184909175594,9.315323707498835e-05,44.34938674118926,DERIVED_EMPIRICAL
Other,Urban development construction work,11,10,1,1,15.0,9.090909090909092,0,0.0,0.8985561248253376,0.9249184909175594,9.315323707498835e-05,44.339472978504176,DERIVED_EMPIRICAL
Other,Spectrometers,16,10,1,1,15.0,6.25,0,0.0,0.9292966930600839,0.9249184909175594,9.315323707498835e-05,44.31967085856233,DERIVED_EMPIRICAL
Other,Environmental improvement works,12,10,1,1,15.0,8.333333333333332,0,0.0,0.9058220773171868,0.9249184909175594,9.315323707498835e-05,44.31183563628836,DERIVED_EMPIRICAL
Other,Architectural and building-surveying services,12,10,1,1,15.0,8.333333333333332,0,0.0,0.9058220773171868,0.9249184909175594,9.315323707498835e-05,44.31183563628836,DERIVED_EMPIRICAL
Other,Environmental impact assessment other than for construction,14,10,1,1,15.0,7.142857142857142,0,0.0,0.9187703772706102,0.9249184909175594,9.315323707498835e-05,44.3051345177102,DERIVED_EMPIRICAL
Other,Hotel meeting and conference services,10,9,1,1,15.0,10.0,0,0.0,0.8888681881695389,0.9171867722403354,9.315323707498835e-05,44.179288930290326,DERIVED_EMPIRICAL
Other,Safety equipment,10,9,1,1,15.0,10.0,0,0.0,0.8888681881695389,0.9171867722403354,9.315323707498835e-05,44.179288930290326,DERIVED_EMPIRICAL
Other,"Surveying, hydrographic, oceanographic and hydrological instruments and appliances.",10,9,1,1,15.0,10.0,0,0.0,0.8888681881695389,0.9171867722403354,9.315323707498835e-05,44.179288930290326,DERIVED_EMPIRICAL
Other,Bicycles,10,9,1,1,15.0,10.0,0,0.0,0.8888681881695389,0.9171867722403354,9.315323707498835e-05,44.179288930290326,DERIVED_EMPIRICAL
Other,Educational equipment,10,9,1,1,15.0,10.0,0,0.0,0.8888681881695389,0.9171867722403354,9.315323707498835e-05,44.179288930290326,DERIVED_EMPIRICAL
Other,Access control system,10,9,1,1,15.0,10.0,0,0.0,0.8888681881695389,0.9171867722403354,9.315323707498835e-05,44.179288930290326,DERIVED_EMPIRICAL
Other,Patient-monitoring system,11,9,1,1,15.0,9.090909090909092,0,0.0,0.8985561248253376,0.9171867722403354,9.315323707498835e-05,44.16937516760525,DERIVED_EMPIRICAL
Other,Secondary education services,11,9,1,1,15.0,9.090909090909092,0,0.0,0.8985561248253376,0.9171867722403354,9.315323707498835e-05,44.16937516760525,DERIVED_EMPIRICAL
Other,Construction work for water projects,11,9,1,1,15.0,9.090909090909092,0,0.0,0.8985561248253376,0.9171867722403354,9.315323707498835e-05,44.16937516760525,DERIVED_EMPIRICAL
Other,Cleaning and sanitation services.,13,9,1,1,15.0,7.6923076923076925,0,0.0,0.9131811830461108,0.9171867722403354,9.315323707498835e-05,44.14741619194344,DERIVED_EMPIRICAL
Other,Miscellaneous medical devices and products,13,9,1,1,15.0,7.6923076923076925,0,0.0,0.9131811830461108,0.9171867722403354,9.315323707498835e-05,44.14741619194344,DERIVED_EMPIRICAL
Other,Energy-management services.,10,8,1,1,15.0,10.0,0,0.0,0.8888681881695389,0.9082440614811365,9.315323707498835e-05,43.98254929358795,DERIVED_EMPIRICAL
Other,"Security, fire-fighting, police and defence equipment.",11,8,1,1,15.0,9.090909090909092,0,0.0,0.8985561248253376,0.9082440614811365,9.315323707498835e-05,43.97263553090288,DERIVED_EMPIRICAL
Other,Ironmongery,11,8,1,1,15.0,9.090909090909092,0,0.0,0.8985561248253376,0.9082440614811365,9.315323707498835e-05,43.97263553090288,DERIVED_EMPIRICAL
Other,"Services furnished by business, professional and specialist organisations",21,17,1,1,15.0,0.0,0,0.0,0.9452258965999069,0.9583605030274802,9.315323707498835e-05,43.77102934326968,DERIVED_EMPIRICAL
Other,Street-lighting equipment,10,7,1,1,15.0,10.0,0,0.0,0.8888681881695389,0.8948299953423381,9.315323707498835e-05,43.687439838534395,DERIVED_EMPIRICAL
Other,"Hotel, restaurant and retail trade services",19,17,1,1,15.0,0.0,0,0.0,0.9406613879832324,0.9583605030274802,9.315323707498835e-05,43.66148113646949,DERIVED_EMPIRICAL
Other,"Services,Fournitures",18,18,1,1,15.0,0.0,0,0.0,0.9374941779226829,0.9605030274802049,9.315323707498835e-05,43.63260363297625,DERIVED_EMPIRICAL
Other,Meal delivery service.,17,16,1,1,15.0,0.0,0,0.0,0.9332091290172333,0.9553795994410805,9.315323707498835e-05,43.41704704238472,DERIVED_EMPIRICAL
Other,"Public security, law and order services",14,12,1,1,15.0,0.0,0,0.0,0.9187703772706102,0.9377736376339078,9.315323707498835e-05,42.683185840707964,DERIVED_EMPIRICAL
Other,Catering equipment.,14,12,1,1,15.0,0.0,0,0.0,0.9187703772706102,0.9377736376339078,9.315323707498835e-05,42.683185840707964,DERIVED_EMPIRICAL
Other,"Construction work for pipelines, communication and power lines, for highways, roads, airfields and railways; flatwork",14,12,1,1,15.0,0.0,0,0.0,0.9187703772706102,0.9377736376339078,9.315323707498835e-05,42.683185840707964,DERIVED_EMPIRICAL
Other,Construction management services,14,12,1,1,15.0,0.0,0,0.0,0.9187703772706102,0.9377736376339078,9.315323707498835e-05,42.683185840707964,DERIVED_EMPIRICAL
Other,Letting services of short-stay furnished accommodation,14,12,1,1,15.0,0.0,0,0.0,0.9187703772706102,0.9377736376339078,9.315323707498835e-05,42.683185840707964,DERIVED_EMPIRICAL
Other,Refurbishment work.,13,13,1,1,15.0,0.0,0,0.0,0.9131811830461108,0.9433628318584071,9.315323707498835e-05,42.67200745225897,DERIVED_EMPIRICAL
Other,Electrical domestic appliances,13,12,1,1,15.0,0.0,0,0.0,0.9131811830461108,0.9377736376339078,9.315323707498835e-05,42.54904517931998,DERIVED_EMPIRICAL
Other,Landscaping work,13,12,1,1,15.0,0.0,0,0.0,0.9131811830461108,0.9377736376339078,9.315323707498835e-05,42.54904517931998,DERIVED_EMPIRICAL
Other,Multi-dwelling buildings construction work,13,12,1,1,15.0,0.0,0,0.0,0.9131811830461108,0.9377736376339078,9.315323707498835e-05,42.54904517931998,DERIVED_EMPIRICAL
Other,Youth education services,13,11,1,1,15.0,0.0,0,0.0,0.9131811830461108,0.9319981369352585,9.315323707498835e-05,42.421984163949695,DERIVED_EMPIRICAL
Other,Entertainment services,12,12,1,1,15.0,0.0,0,0.0,0.9058220773171868,0.9377736376339078,9.315323707498835e-05,42.372426641825804,DERIVED_EMPIRICAL
Other,Promotional services,12,11,1,1,15.0,0.0,0,0.0,0.9058220773171868,0.9319981369352585,9.315323707498835e-05,42.245365626455516,DERIVED_EMPIRICAL
Other,Coaching services.,12,10,1,1,15.0,0.0,0,0.0,0.9058220773171868,0.9249184909175594,9.315323707498835e-05,42.08961341406614,DERIVED_EMPIRICAL
Other,Solar energy,11,11,1,1,15.0,0.0,0,0.0,0.8985561248253376,0.9319981369352585,9.315323707498835e-05,42.07098276665114,DERIVED_EMPIRICAL
Other,"Coffee, tea and related products",11,11,1,1,15.0,0.0,0,0.0,0.8985561248253376,0.9319981369352585,9.315323707498835e-05,42.07098276665114,DERIVED_EMPIRICAL
Other,Specialist training services.,11,10,1,1,15.0,0.0,0,0.0,0.8985561248253376,0.9249184909175594,9.315323707498835e-05,41.915230554261754,DERIVED_EMPIRICAL
Other,"Travel agency, tour operator and tourist assistance services",11,10,1,1,15.0,0.0,0,0.0,0.8985561248253376,0.9249184909175594,9.315323707498835e-05,41.915230554261754,DERIVED_EMPIRICAL
Other,"Repair, maintenance and associated services related to aircraft, railways, roads and marine equipment",11,10,1,1,15.0,0.0,0,0.0,0.8985561248253376,0.9249184909175594,9.315323707498835e-05,41.915230554261754,DERIVED_EMPIRICAL
Other,Administrative housing services,11,9,1,1,15.0,0.0,0,0.0,0.8985561248253376,0.9171867722403354,9.315323707498835e-05,41.74513274336283,DERIVED_EMPIRICAL
Other,Exhibition equipment.,11,9,1,1,15.0,0.0,0,0.0,0.8985561248253376,0.9171867722403354,9.315323707498835e-05,41.74513274336283,DERIVED_EMPIRICAL
Other,Wood fuels,10,10,1,1,15.0,0.0,0,0.0,0.8888681881695389,0.9249184909175594,9.315323707498835e-05,41.68272007452259,DERIVED_EMPIRICAL
Other,Weed-killing services,10,10,1,1,15.0,0.0,0,0.0,0.8888681881695389,0.9249184909175594,9.315323707498835e-05,41.68272007452259,DERIVED_EMPIRICAL
Other,Customer services,10,10,1,1,15.0,0.0,0,0.0,0.8888681881695389,0.9249184909175594,9.315323707498835e-05,41.68272007452259,DERIVED_EMPIRICAL
Other,Administrative services for business operations,10,10,1,1,15.0,0.0,0,0.0,0.8888681881695389,0.9249184909175594,9.315323707498835e-05,41.68272007452259,DERIVED_EMPIRICAL
Other,Hire of industrial vehicles with driver,10,10,1,1,15.0,0.0,0,0.0,0.8888681881695389,0.9249184909175594,9.315323707498835e-05,41.68272007452259,DERIVED_EMPIRICAL
Other,Preventive maintenance services,10,9,1,1,15.0,0.0,0,0.0,0.8888681881695389,0.9171867722403354,9.315323707498835e-05,41.51262226362366,DERIVED_EMPIRICAL
Other,Consulting services for water-supply and waste-water other than for construction,10,9,1,1,15.0,0.0,0,0.0,0.8888681881695389,0.9171867722403354,9.315323707498835e-05,41.51262226362366,DERIVED_EMPIRICAL
Other,Installation services of electrical equipment,10,9,1,1,15.0,0.0,0,0.0,0.8888681881695389,0.9171867722403354,9.315323707498835e-05,41.51262226362366,DERIVED_EMPIRICAL
Other,"Fruit, vegetables and related products",10,9,1,1,15.0,0.0,0,0.0,0.8888681881695389,0.9171867722403354,9.315323707498835e-05,41.51262226362366,DERIVED_EMPIRICAL
Other,Hotel accomodation services.,10,8,1,1,15.0,0.0,0,0.0,0.8888681881695389,0.9082440614811365,9.315323707498835e-05,41.31588262692129,DERIVED_EMPIRICAL
Other,Waste analysis services,10,8,1,1,15.0,0.0,0,0.0,0.8888681881695389,0.9082440614811365,9.315323707498835e-05,41.31588262692129,DERIVED_EMPIRICAL
Other,Sportswear,10,8,1,1,15.0,0.0,0,0.0,0.8888681881695389,0.9082440614811365,9.315323707498835e-05,41.31588262692129,DERIVED_EMPIRICAL
