Niche,Macro_Category,Warehouse_Source,Country,Buyer_ID,Buyer_Name,Tender_Count,First_Date,Last_Date,Active_Years,Active_Span_Days
Small IT equipment supply,PROCUREMENT_BROKERAGE,TED,POL,buy_e4d061caa68fce2f60e7,Starostwo Powiatowe w Krakowie,1195,2023-10-26,2026-08-13,4,1022
Brochure / flyer / poster printing,PRINT_BROKERAGE,TED,ROU,buy_56f10621e0007ccb73ca,Spitalul Judetean de Urgenta Miercurea Ciuc,509,2023-03-22,2026-08-12,4,1239
Transcription / minutes,VIDEO_AUDIO,Quebec,Canada - Quebec,buy_c6c4f8fd98cdffdd3a77,Ministère de la Justice,446,2023-08-08,2026-07-24,4,1081
Small IT equipment supply,PROCUREMENT_BROKERAGE,TED,ROU,buy_56f10621e0007ccb73ca,SPITALUL CLINIC SFANTA MARIA,405,2022-03-08,2026-08-12,5,1618
Transcription / minutes,VIDEO_AUDIO,TED,ESP,buy_262acb26bfbdf5a4121e,Secretaría de Estado de Migraciones,393,2023-11-20,2026-08-12,4,996
Document digitization / scanning,DATA_ADMIN,TED,NOR,buy_581df20f038735ed5497,Sarpsborg kommune,334,2023-11-03,2026-08-05,4,1006
Brochure / flyer / poster printing,PRINT_BROKERAGE,TED,NOR,buy_581df20f038735ed5497,Stiftelsen Nasjonalmuseet for kunst,290,2023-10-31,2026-08-10,4,1014
Online forms / lightweight portals,WEB_DIGITAL,TED,POL,buy_e4d061caa68fce2f60e7,Komenda Główna Straży Granicznej,268,2023-11-09,2026-08-03,4,998
Online forms / lightweight portals,WEB_DIGITAL,TED,ESP,buy_262acb26bfbdf5a4121e,Junta de Contratación de la Secretaría de Estado de Justicia,263,2023-11-28,2026-08-06,4,982
Small IT equipment supply,PROCUREMENT_BROKERAGE,TED,CZE,buy_85fe87d2665464f38efa,Fakultní Thomayerova nemocnice,225,2024-02-06,2026-07-29,3,904
Website design / redesign,WEB_DIGITAL,Canada federal,Canada,buy_6877742f950de9387508,Royal Canadian Mounted Police (RCMP),224,2023-08-03,2026-07-29,4,1091
Transcription / minutes,VIDEO_AUDIO,TED,ROU,buy_56f10621e0007ccb73ca,ACET S.A. Suceava,212,2022-03-11,2026-08-04,5,1607
Website design / redesign,WEB_DIGITAL,TenderNed,Netherlands,buy_b0090e388129e0288762,Gemeente Breda,209,2023-08-08,2026-06-30,4,1057
Website design / redesign,WEB_DIGITAL,Canada federal,Canada,buy_1e1f064400f058822d1c,Correctional Service of Canada (CSC),205,2025-04-02,2026-07-31,2,485
Website design / redesign,WEB_DIGITAL,Canada federal,Canada,buy_7b727e9168f8c28e2fd5,Defence Construction Canada / Construction de Défense Canada,194,2023-08-08,2026-07-28,4,1085
Document digitization / scanning,DATA_ADMIN,TED,SWE,buy_3d59e3bbb5e2f64301ba,Region Värmland,181,2023-10-24,2026-07-24,4,1004
Website design / redesign,WEB_DIGITAL,Canada federal,Canada,buy_a36f17161b0ffe799183,Correctional Service Canada,181,2023-08-01,2025-04-02,3,610
Document digitization / scanning,DATA_ADMIN,TED,ROU,buy_56f10621e0007ccb73ca,Universitatea Tehnica de Constructii Bucuresti,179,2021-07-23,2026-08-07,5,1841
Online forms / lightweight portals,WEB_DIGITAL,TED,NOR,buy_581df20f038735ed5497,IVAR IKS,179,2023-10-31,2026-08-06,4,1010
Transcription / minutes,VIDEO_AUDIO,TED,NOR,buy_581df20f038735ed5497,Bane NOR SF,173,2023-11-10,2026-08-10,4,1004
Website design / redesign,WEB_DIGITAL,TED,NOR,buy_581df20f038735ed5497,SYKEHUSINNKJØP HF,170,2023-11-09,2026-08-11,4,1006
Website design / redesign,WEB_DIGITAL,TED,CZ,buy_bd1be1ee5f612dae87c0,Česká republika - Ministerstvo vnitra,152,2023-08-01,2024-01-30,2,182
Document digitization / scanning,DATA_ADMIN,TED,DNK,buy_ccb634a88b3b7aa188bd,Region Nordjylland,135,2023-11-02,2026-08-10,4,1012
Workflow automation / RPA,AUTOMATION_SOFTWARE,Quebec,Canada - Quebec,buy_6a45f4f5e346322e8ba0,Centre intégré de santé et de services sociaux de Lanaudière,135,2023-08-03,2026-06-30,4,1062
Website design / redesign,WEB_DIGITAL,Canada federal,Canada,buy_f89b7c0058e63ff5f2a4,Royal Canadian Mounted Police,130,2023-08-02,2025-04-08,3,615
Transcription / minutes,VIDEO_AUDIO,TED,POL,buy_e4d061caa68fce2f60e7,Miasto i Gmina Uzdrowiskowa Muszyna,125,2023-11-06,2026-08-06,4,1004
Website design / redesign,WEB_DIGITAL,TED,AUT,buy_001cc06b96d8f5cfe636,International Centre for Migration Policy Development (ICMPD),121,2023-11-16,2026-08-05,4,993
Small IT equipment supply,PROCUREMENT_BROKERAGE,TED,ITA,buy_811f3d14bc58dffafbdd,Asst degli Spedali Civili di Brescia,119,2023-12-19,2026-08-06,4,961
Website design / redesign,WEB_DIGITAL,Canada federal,Canada,buy_73af9093eb082788092b,Department of National Defence (DND),118,2023-10-13,2026-07-28,4,1019
Small IT equipment supply,PROCUREMENT_BROKERAGE,TED,NOR,buy_581df20f038735ed5497,OFA - Konkurranseportal,114,2023-11-17,2026-08-03,4,990
Small IT equipment supply,PROCUREMENT_BROKERAGE,TED,HUN,buy_b01261b2534556cbe22a,Széchenyi István Egyetem,108,2023-11-06,2026-08-11,4,1009
Online forms / lightweight portals,WEB_DIGITAL,TED,ISL,buy_762b14c03b51c7f5e2fb,Landspítali Háskólasjúkrahús,95,2023-10-27,2026-07-06,4,983
Document digitization / scanning,DATA_ADMIN,TED,CHE,buy_bacf2bcb45c828276231,Fachhochschule Graubünden (FHGR),94,2023-10-11,2026-07-31,4,1024
Website design / redesign,WEB_DIGITAL,Canada federal,Canada,buy_0607a8a09c35020b4e75,Department of Public Works and Government Services (PSPC),88,2023-11-09,2026-07-31,4,995
Workflow automation / RPA,AUTOMATION_SOFTWARE,Quebec,Canada - Quebec,buy_22070916a2334d37e1ed,CISSS Montérégie-Ouest,85,2024-04-30,2026-07-31,3,822
Document digitization / scanning,DATA_ADMIN,TenderNed,Netherlands,buy_f8ed0d89ecd0854f9997,Gemeente Eemsdelta,85,2023-10-04,2026-06-22,4,992
Document digitization / scanning,DATA_ADMIN,TED,FIN,buy_b25d30d271157ab27322,Helsingin kaupunki,83,2023-09-12,2026-05-21,4,982
Small IT equipment supply,PROCUREMENT_BROKERAGE,TED,POL,buy_8a419ea0c511ed35f932,STAROSTWO POWIATOWE W LEGIONOWIE,79,2023-11-09,2026-08-12,4,1007
Digital marketing / SEO / campaigns,CONTENT_DESIGN,TED,ESP,buy_262acb26bfbdf5a4121e,Dirección General de la Fundación del Teatro Real,79,2023-11-16,2026-08-06,4,994
Online forms / lightweight portals,WEB_DIGITAL,TED,ROU,buy_56f10621e0007ccb73ca,Directoratul National de Securitate Cibernetica,79,2023-10-26,2026-08-05,4,1014
Brochure / flyer / poster printing,PRINT_BROKERAGE,TED,DNK,buy_ccb634a88b3b7aa188bd,Københavns Kommune - Teknik- og Miljøforvaltningen,75,2023-11-03,2026-06-30,4,970
Website design / redesign,WEB_DIGITAL,Belgium,BE,buy_55482dd5008cc4f7b03550a7,Agentschap Facilitair Bedrijf,74,2023-08-23,2026-07-23,4,1065
Website design / redesign,WEB_DIGITAL,Canada federal,Canada,buy_9fc5eb1a75b7be66a3bf,Department of National Defence,68,2023-09-20,2025-04-11,3,569
Online forms / lightweight portals,WEB_DIGITAL,TED,PRT,buy_091d5eef279cbb542f9f,Autoridade Tributária e Aduaneira,65,2024-03-18,2026-07-30,3,864
Signage / wayfinding / vinyl,PRINT_BROKERAGE,TED,CHE,buy_bacf2bcb45c828276231,Pragma partenaires SA,64,2023-10-21,2026-07-21,4,1004
Document digitization / scanning,DATA_ADMIN,Quebec,Canada - Quebec,buy_d52d10b7f5b6cc74b715,Ministère des Transports et de la Mobilité durable (Direction de l'administration des appels d'offres publics),64,2023-08-08,2025-10-22,3,806
Document digitization / scanning,DATA_ADMIN,TED,AUT,buy_001cc06b96d8f5cfe636,"Land Niederösterreich, p.A. Amt der NÖ-Landesregierung",63,2023-11-09,2026-07-09,4,973
Document digitization / scanning,DATA_ADMIN,Germany,Germany,buy_4f71655de7956ae79d28,Universität der Bundeswehr München (UniBw M),62,2023-12-04,2026-04-23,4,871
Small IT equipment supply,PROCUREMENT_BROKERAGE,TED,ESP,buy_262acb26bfbdf5a4121e,"Área de Gobierno de Vicealcaldía, Portavoz, Seguridad y Emergencias del Ayuntamiento de Madrid",61,2023-11-14,2026-07-23,4,982
Simple API / software integration,AUTOMATION_SOFTWARE,TED,CZE,buy_85fe87d2665464f38efa,"Správa železnic, státní organizace",59,2024-03-13,2026-07-15,3,854
Website design / redesign,WEB_DIGITAL,Canada federal,Canada,buy_5fd711f40bca024ff1e7,Defence Construction Canada - Western Region,57,2023-08-16,2026-07-23,4,1072
Small IT equipment supply,PROCUREMENT_BROKERAGE,TED,CZE,buy_6f79629fe8c07370e0e8,Galileo Corporation s.r.o.,57,2024-02-12,2026-05-19,3,827
Website design / redesign,WEB_DIGITAL,Canada federal,Canada,buy_6683810f65ff099116e9,Defence Construction Canada - Ontario Region,55,2023-10-12,2026-07-31,4,1023
Small IT equipment supply,PROCUREMENT_BROKERAGE,Ireland,Ireland,buy_860d15b68965ace7f85c,The Office of Government Procurement,55,2023-09-06,2025-12-12,3,828
Website design / redesign,WEB_DIGITAL,TED,CHE,buy_bacf2bcb45c828276231,"Bau- und Verkehrsdepartement des Kantons Basel-Stadt, Kantonale Fachstelle für öffentliche Beschaffungen",54,2023-10-17,2026-07-28,4,1015
Digital marketing / SEO / campaigns,CONTENT_DESIGN,TED,ROU,buy_56f10621e0007ccb73ca,COMPANIA NATIONALA DE INVESTITII SA,54,2024-07-11,2026-07-24,3,743
Website design / redesign,WEB_DIGITAL,Canada federal,Canada,buy_57d655f84fdcf42477da,Defence Construction Canada - Atlantic Region,54,2023-08-08,2026-06-26,4,1053
Brochure / flyer / poster printing,PRINT_BROKERAGE,TED,SWE,buy_3d59e3bbb5e2f64301ba,Vattenfall,53,2023-10-24,2026-08-06,4,1017
Transcription / minutes,VIDEO_AUDIO,TED,ITA,buy_811f3d14bc58dffafbdd,Fondazione IRCCS Ca' Granda - Ospedale Maggiore Policlinico,53,2024-02-12,2026-07-31,3,900
Website design / redesign,WEB_DIGITAL,Canada federal,Canada,buy_791eee1503ad845bded7,RCMP,53,2023-08-14,2025-03-10,3,574
Brochure / flyer / poster printing,PRINT_BROKERAGE,TED,MLT,buy_49603fbd0efcf57ee39e,Ministry for Home Affairs Security and Employment,52,2023-12-18,2026-08-03,4,959
Website design / redesign,WEB_DIGITAL,TED,POL,buy_e4d061caa68fce2f60e7,Centralny Instytut Ochrony Pracy - Państwowy Instytut Badawczy,51,2023-12-27,2026-08-07,4,954
Brochure / flyer / poster printing,PRINT_BROKERAGE,TED,EST,buy_e908f43d1dc8cf42dee7,Riigi Info- ja Kommunikatsioonitehnoloogia Keskus,51,2023-08-01,2026-07-22,4,1086
Translation / localization,LANGUAGE,TED,NOR,buy_581df20f038735ed5497,Vennesla Kommune,50,2023-11-02,2026-06-24,4,965
Online forms / lightweight portals,WEB_DIGITAL,TED,PL,buy_3f29bdf36e9c1aa789c3,2 Regionalna Baza Logistyczna,50,2023-08-07,2023-11-07,1,92
Signage / wayfinding / vinyl,PRINT_BROKERAGE,TED,LUX,buy_eeed8814d806fe8dfbe5,Le Fonds Belval,49,2024-01-15,2026-07-26,3,923
Document digitization / scanning,DATA_ADMIN,TED,ITA,buy_811f3d14bc58dffafbdd,Fondazione IRCCS Istituto Nazionale dei Tumori,48,2024-03-26,2026-07-14,3,840
Website design / redesign,WEB_DIGITAL,Canada federal,Canada,buy_ea2a10f3d9bde3e2cdbc,Marine Atlantic,47,2023-09-21,2026-06-22,4,1005
Website design / redesign,WEB_DIGITAL,Canada federal,Canada,buy_4850f11ec8e6e16fc9c1,Farm Credit Canada (FCC),46,2023-08-01,2026-07-06,4,1070
Web hosting / domain / SSL,WEB_DIGITAL,TED,DNK,buy_ccb634a88b3b7aa188bd,Danmarks Tekniske Universitet - DTU,45,2023-11-01,2026-07-06,4,978
Copywriting / editorial content,CONTENT_DESIGN,Belgium,BE,buy_9ecd089bd330339218a1a022,La Maison des Hommes,45,2023-12-04,2026-06-09,4,918
Brochure / flyer / poster printing,PRINT_BROKERAGE,TED,CHE,buy_bacf2bcb45c828276231,ETH Zürich Procurement & Export Services,44,2023-10-20,2026-07-07,4,991
Brochure / flyer / poster printing,PRINT_BROKERAGE,TED,POL,buy_e4d061caa68fce2f60e7,Uniwersytet Wrocławski,43,2023-11-29,2026-07-20,4,964
Brochure / flyer / poster printing,PRINT_BROKERAGE,Quebec,Canada - Quebec,buy_b019c77528b8fdf43a3f,Revenu Québec,43,2023-08-14,2026-07-10,4,1061
Website design / redesign,WEB_DIGITAL,Canada federal,Canada,buy_0dcb4b94d9492b125a25,Defence Construction Canada - Pacific Region,43,2023-08-01,2026-07-03,4,1067
Document digitization / scanning,DATA_ADMIN,Germany,Germany,buy_13f59f34967830e01324,Freistaat Bayern vertreten durch das Bayerische Landesamt für Steuern - Zentrale Vergabestelle -,42,2023-11-09,2026-07-23,4,987
Website design / redesign,WEB_DIGITAL,TED,DNK,buy_ccb634a88b3b7aa188bd,Port of Aarhus (PoA),42,2023-11-08,2026-06-30,4,965
Small IT equipment supply,PROCUREMENT_BROKERAGE,TED,DNK,buy_ccb634a88b3b7aa188bd,Ministry of Foreign Affairs of Denmark,42,2024-01-12,2026-06-26,3,896
Transcription / minutes,VIDEO_AUDIO,TED,LUX,buy_eeed8814d806fe8dfbe5,Gerichtshof der Europäischen Union,42,2024-02-09,2026-04-30,3,811
Small IT equipment supply,PROCUREMENT_BROKERAGE,Canada federal,Canada,buy_0607a8a09c35020b4e75,Department of Public Works and Government Services (PSPC),41,2023-10-04,2026-07-31,4,1031
Document digitization / scanning,DATA_ADMIN,Germany,Germany,buy_14b5c2e3da752bbbc886,Deutsche Gesellschaft für Internationale Zusammenarbeit (GIZ) GmbH,41,2023-11-09,2026-07-29,4,993
Document digitization / scanning,DATA_ADMIN,TED,FIN,buy_21d608cefc7ad1917578,University of Helsinki,41,2024-02-21,2026-07-23,3,883
Website design / redesign,WEB_DIGITAL,United Kingdom,United Kingdom,buy_94d2f30874fce115a793,University of Glasgow,41,2023-10-26,2026-07-21,4,999
Brochure / flyer / poster printing,PRINT_BROKERAGE,TED,LTU,buy_3878737b0bf9117c77ed,Valstybinio socialinio draudimo fondo valdyba prie Socialinės apsaugos ir darbo ministerijos,40,2024-02-28,2026-07-09,3,862
E-learning / training content,TRAINING,TED,NOR,buy_581df20f038735ed5497,SYKEHUSINNKJØP HF,40,2023-11-24,2026-07-01,4,950
Web accessibility remediation,WEB_DIGITAL,TED,POL,buy_e4d061caa68fce2f60e7,POWIAT ROPCZYCKO-SĘDZISZOWSKI,40,2024-04-25,2026-06-22,3,788
CMS development / migration,WEB_DIGITAL,TED,FIN,buy_b25d30d271157ab27322,Helsingin tapahtumasäätiö sr,39,2023-09-29,2026-06-15,4,990
Online forms / lightweight portals,WEB_DIGITAL,TED,DNK,buy_ccb634a88b3b7aa188bd,Udenrigsministeriet,39,2023-10-27,2026-06-12,4,959
Document digitization / scanning,DATA_ADMIN,Quebec,Canada - Quebec,buy_1acbe3d6dd69992b3886,Ministère des Transports et de la Mobilité durable (Direction générale de la gestion contractuelle),39,2024-01-09,2026-06-02,3,875
Transcription / minutes,VIDEO_AUDIO,Canada federal,Canada,buy_0607a8a09c35020b4e75,Department of Public Works and Government Services (PSPC),39,2023-09-13,2026-06-01,4,992
Website design / redesign,WEB_DIGITAL,TED,ESP,buy_262acb26bfbdf5a4121e,Administrador de Infraestructuras Ferroviarias,38,2023-12-29,2026-08-10,4,955
Website design / redesign,WEB_DIGITAL,Canada federal,Canada,buy_a19d53cc25f83c792ad1,National Research Council of Canada (NRC),38,2025-03-18,2026-07-24,2,493
Document digitization / scanning,DATA_ADMIN,TenderNed,Netherlands,buy_dddf0556d1d18b0828d0,Kamer van Koophandel,38,2023-10-04,2026-04-16,4,925
Website design / redesign,WEB_DIGITAL,Canada federal,Canada,buy_8bebc9db28b08c89585a,Correctional Service of Canada,38,2023-08-09,2025-02-25,3,566
Brochure / flyer / poster printing,PRINT_BROKERAGE,TED,ITA,buy_811f3d14bc58dffafbdd,Azienda Zero Passaggio Gaudenzio 1 - Padova,37,2023-12-29,2026-08-12,4,957
Brochure / flyer / poster printing,PRINT_BROKERAGE,Germany,Germany,buy_e76b31c9452c9348f667,Bundesdruckerei GmbH,37,2023-12-05,2026-07-13,4,951
Workflow automation / RPA,AUTOMATION_SOFTWARE,TED,ESP,buy_262acb26bfbdf5a4121e,Ente Vasco de la Energía,37,2023-12-05,2026-06-10,4,918
Website design / redesign,WEB_DIGITAL,Canada federal,Canada,buy_274f0834c95a789b4135,Defence Construction Canada - National Capital Region,37,2023-08-24,2026-05-19,4,999
Graphic design / layout,CONTENT_DESIGN,TED,NOR,buy_581df20f038735ed5497,Tolletaten,37,2023-10-31,2026-05-05,4,917
Website design / redesign,WEB_DIGITAL,Canada federal,Canada,buy_8706c7d48306a237cfa6,National Research Council Canada,37,2023-08-18,2025-03-17,3,577
Website design / redesign,WEB_DIGITAL,Canada federal,Canada,buy_647a738b2924c4ca4971,Agriculture and Agri-Food Canada,37,2023-08-02,2025-02-21,3,569
Copywriting / editorial content,CONTENT_DESIGN,Belgium,BE,buy_a699072713e9ed099148ceed,BH-P Logements,36,2023-10-25,2026-06-18,4,967
Document digitization / scanning,DATA_ADMIN,TED,LUX,buy_eeed8814d806fe8dfbe5,Bibliothèque nationale du Luxembourg,35,2023-12-21,2026-08-09,4,962
Website design / redesign,WEB_DIGITAL,TED,CZE,buy_85fe87d2665464f38efa,"Národní agentura pro komunikační a informační technologie, s. p.",35,2024-02-05,2026-08-07,3,914
Website design / redesign,WEB_DIGITAL,United Kingdom,United Kingdom,buy_36aa46a03a26956d5721,Ipswich Borough Council,35,2024-07-05,2026-06-30,3,725
Web hosting / domain / SSL,WEB_DIGITAL,TED,ESP,buy_262acb26bfbdf5a4121e,Presidencia de la Confederación Hidrográfica del Miño-Sil,35,2023-12-15,2026-06-25,4,923
Website design / redesign,WEB_DIGITAL,TED,ROU,buy_56f10621e0007ccb73ca,Universitatea Nationala de Stiinta si Tehnologie Politehnica Bucuresti,33,2024-01-09,2026-08-10,3,944
Website design / redesign,WEB_DIGITAL,United Kingdom,United Kingdom,buy_d237d1a1bd5c757a8f28,Milton Keynes City Council,33,2025-02-13,2026-07-16,2,518
Website design / redesign,WEB_DIGITAL,TED,ITA,buy_811f3d14bc58dffafbdd,C.S.O. Italy - Centro Servizi Ortofrutticoli - Società Cooperativa,31,2023-10-31,2026-08-06,4,1010
Transcription / minutes,VIDEO_AUDIO,Quebec,Canada - Quebec,buy_108bf38733e3937537f0,Ministère des Ressources naturelles et des Forêts,31,2022-03-07,2026-07-24,5,1600
Transcription / minutes,VIDEO_AUDIO,TED,HRV,buy_bf2fcdabac3828c9c189,GRAD KASTAV,31,2024-04-09,2026-07-20,3,832
Small IT equipment supply,PROCUREMENT_BROKERAGE,TED,LVA,buy_4f3a1b7a7c2e453ef94b,"VSIA ""Bērnu klīniskā universitātes slimnīca""",31,2024-02-26,2026-06-30,3,855
Online forms / lightweight portals,WEB_DIGITAL,TED,FIN,buy_b25d30d271157ab27322,Tulli,30,2023-09-28,2026-08-07,4,1044
Low-code / no-code implementation,AUTOMATION_SOFTWARE,TED,ESP,buy_262acb26bfbdf5a4121e,Entidad Pública Aragonesa de Servicios Telemáticos,30,2023-11-16,2026-07-23,4,980
Website design / redesign,WEB_DIGITAL,TenderNed,Netherlands,buy_dddf0556d1d18b0828d0,Kamer van Koophandel,30,2023-12-31,2026-06-15,4,897
Website design / redesign,WEB_DIGITAL,TenderNed,Netherlands,buy_088f78a2457b6907eb22,Waterschap Vechtstromen,30,2023-11-26,2026-06-12,4,929
Brochure / flyer / poster printing,PRINT_BROKERAGE,TED,CZE,buy_85fe87d2665464f38efa,AŽD Praha s.r.o.,29,2024-02-05,2026-08-12,3,919
Web hosting / domain / SSL,WEB_DIGITAL,TED,LUX,buy_eeed8814d806fe8dfbe5,European High-Performance Computing Joint Undertaking,29,2023-11-22,2026-07-22,4,973
Transcription / minutes,VIDEO_AUDIO,TED,CZE,buy_85fe87d2665464f38efa,Ministerstvo vnitra,29,2024-03-19,2026-07-07,3,840
Website design / redesign,WEB_DIGITAL,TED,SWE,buy_3d59e3bbb5e2f64301ba,Karolinska Institutet,29,2023-12-20,2026-07-01,4,924
Website design / redesign,WEB_DIGITAL,TED,LUX,buy_eeed8814d806fe8dfbe5,European Investment Bank,29,2023-12-27,2026-05-18,4,873
Transcription / minutes,VIDEO_AUDIO,TED,PRT,buy_091d5eef279cbb542f9f,"Secretaria-Geral do Ministério do Trabalho, Solidariedade e Segurança Social",28,2024-02-11,2026-08-01,3,902
Signage / wayfinding / vinyl,PRINT_BROKERAGE,TED,NOR,buy_581df20f038735ed5497,Nord Universitet,28,2024-01-04,2026-07-16,3,924
Website design / redesign,WEB_DIGITAL,United Kingdom,United Kingdom,buy_cfe92666bc58c22c4858,"LEIDOS SUPPLY, LIMITED",28,2024-03-11,2026-07-15,3,856
Website design / redesign,WEB_DIGITAL,TED,FIN,buy_b25d30d271157ab27322,Helsinki Partners Oy,27,2023-10-25,2026-06-24,4,973
Brochure / flyer / poster printing,PRINT_BROKERAGE,Quebec,Canada - Quebec,buy_69b4b0c5801f73def668,Société de l'assurance automobile du Québec .,27,2023-09-15,2026-06-18,4,1007
Website design / redesign,WEB_DIGITAL,Belgium,BE,buy_54dd4404e437ce302c0fad11,Loterie Nationale,27,2023-09-08,2026-06-08,4,1004
Signage / wayfinding / vinyl,PRINT_BROKERAGE,Belgium,BE,buy_876811305d538dfd4b065900,SPI(3p),27,2023-09-11,2026-06-08,4,1001
Website design / redesign,WEB_DIGITAL,United Kingdom,United Kingdom,buy_46706e4367a785caace6,Birmingham City Council,26,2025-03-13,2026-07-30,2,504
Website design / redesign,WEB_DIGITAL,Canada federal,Canada,buy_56922b37cba1c3a0869c,Department of Agriculture and Agri-Food (AAFC),26,2025-04-16,2026-07-24,2,464
E-learning / training content,TRAINING,TED,ESP,buy_262acb26bfbdf5a4121e,"Secretaría General de la Consejería de Hacienda, Administraciones Públicas y Transformación Digital de la Junta de Comunidades de Castilla-La Mancha",26,2023-12-07,2026-07-15,4,951
Transcription / minutes,VIDEO_AUDIO,TED,SWE,buy_3d59e3bbb5e2f64301ba,Karolinska Institutet,26,2024-01-29,2026-07-10,3,893
Website design / redesign,WEB_DIGITAL,United Kingdom,United Kingdom,buy_68d48c478eca92392701,Stevenage Borough Council,26,2023-08-30,2026-06-05,3,1010
Transcription / minutes,VIDEO_AUDIO,TenderNed,Netherlands,buy_dddf0556d1d18b0828d0,Kamer van Koophandel,26,2023-12-22,2026-04-16,4,846
Online forms / lightweight portals,WEB_DIGITAL,TED,SWE,buy_3d59e3bbb5e2f64301ba,Västra Götalandsregionen,25,2023-11-21,2026-08-04,4,987
Labels / stickers / QR materials,PRINT_BROKERAGE,TED,NOR,buy_581df20f038735ed5497,STATSBYGG,25,2023-10-31,2026-07-02,4,975
Website design / redesign,WEB_DIGITAL,United Kingdom,United Kingdom,buy_2fcdca71f037bbac4cc1,Reading Borough Council,25,2023-09-29,2026-06-29,4,1004
Transcription / minutes,VIDEO_AUDIO,TenderNed,Netherlands,buy_392f3edac19a48df0790,Ministerie van Justitie en Veiligheid,25,2023-08-30,2026-06-21,4,1026
Transcription / minutes,VIDEO_AUDIO,TenderNed,Netherlands,buy_4cee1a1f9cf18f011b33,Gemeente Rotterdam,25,2023-12-17,2026-06-09,4,905
Web hosting / domain / SSL,WEB_DIGITAL,TED,ITA,buy_811f3d14bc58dffafbdd,AUTOSTRADA PEDEMONTANA LOMBARDA SPA,24,2024-02-02,2026-07-20,3,899
Document digitization / scanning,DATA_ADMIN,TED,ESP,buy_262acb26bfbdf5a4121e,"Presidencia del Consejo de Administración de la Sociedad Estatal de Infraestructuras del Transporte Terrestre, S.M.E., S.A.",24,2023-11-22,2026-07-14,4,965
Document digitization / scanning,DATA_ADMIN,TED,POL,buy_e4d061caa68fce2f60e7,Urząd Regulacji Energetyki,24,2023-12-04,2026-07-07,4,946
Brochure / flyer / poster printing,PRINT_BROKERAGE,TED,FIN,buy_b25d30d271157ab27322,Åbo Akademi,24,2023-10-02,2026-07-06,4,1008
Brochure / flyer / poster printing,PRINT_BROKERAGE,Belgium,BE,buy_1fd646927ccf0553057b4833,bpost,24,2024-02-23,2026-03-10,3,746
Small IT equipment supply,PROCUREMENT_BROKERAGE,TED,MKD,buy_5ed803fae1f670fc4749,Ministry of Finance - Public Revenue Office,23,2024-02-21,2026-08-11,3,902
Brochure / flyer / poster printing,PRINT_BROKERAGE,Germany,Germany,buy_3b40c9402a09a456f724,TenneT TSO GmbH,23,2023-12-12,2026-07-18,4,949
Transcription / minutes,VIDEO_AUDIO,TenderNed,Netherlands,buy_ee5053c46f8ae45fe166,Meerinzicht,23,2023-12-20,2026-06-25,4,918
Transcription / minutes,VIDEO_AUDIO,TED,FIN,buy_b25d30d271157ab27322,Åbo Akademi,23,2023-11-20,2026-04-13,4,875
Document digitization / scanning,DATA_ADMIN,TED,CZE,buy_85fe87d2665464f38efa,VÍTKOVICKÁ STŘEDNÍ PRŮMYSLOVÁ ŠKOLA,22,2024-05-22,2026-08-07,3,807
Data entry / back-office processing,DATA_ADMIN,TED,ITA,buy_811f3d14bc58dffafbdd,Società Riscossioni S.p.A. siglabile Soris S.p.A.,22,2024-07-16,2026-07-30,3,744
Transcription / minutes,VIDEO_AUDIO,TenderNed,Netherlands,buy_030687f7b738d520febd,Gemeente Amstelveen,22,2023-10-04,2026-06-15,4,985
Brochure / flyer / poster printing,PRINT_BROKERAGE,France,France,buy_106b4e1aa023e5241706,Ville de Marseille,22,2023-08-09,2026-06-01,4,1027
Online forms / lightweight portals,WEB_DIGITAL,TED,CHE,buy_bacf2bcb45c828276231,ETH Zürich - Abt. Informatikdienste,22,2023-11-10,2026-05-08,4,910
Data cleaning / deduplication,DATA_ADMIN,TED,NOR,buy_581df20f038735ed5497,Oslo Universitetssykehus HF (hovedenhet),22,2024-02-16,2026-04-14,3,788
Small IT equipment supply,PROCUREMENT_BROKERAGE,TED,MLT,buy_49603fbd0efcf57ee39e,Water Services Corporation,22,2024-01-16,2026-03-19,3,793
Transcription / minutes,VIDEO_AUDIO,TED,ESP,buy_841549a12d17237ad802,Grupo Euskal Irrati Telebista - Departamento de Programación de ETB,21,2023-12-01,2026-07-24,4,966
Document digitization / scanning,DATA_ADMIN,TED,MLT,buy_49603fbd0efcf57ee39e,Department of Contracts,21,2024-03-07,2026-07-16,3,861
Online forms / lightweight portals,WEB_DIGITAL,TED,SVN,buy_e485d016ee83f57656f8,"RADIOTELEVIZIJA SLOVENIJA javni zavod, Ljubljana",21,2024-02-01,2026-05-05,3,824
Simple API / software integration,AUTOMATION_SOFTWARE,TED,SVK,buy_73db5c7f5f9933800fa8,Železnice Slovenskej republiky,21,2023-10-26,2026-04-30,4,917
Website design / redesign,WEB_DIGITAL,TenderNed,Netherlands,buy_19cfbdef31ea33c39da9,Politie,21,2023-08-05,2026-02-15,4,925
Website design / redesign,WEB_DIGITAL,United Kingdom,United Kingdom,buy_9dfac7c0d0d8e0332934,SUPPLY CHAIN COORDINATION LIMITED,20,2025-05-22,2026-07-07,2,411
Transcription / minutes,VIDEO_AUDIO,TenderNed,Netherlands,buy_52f64a4ff1017fe61272,Gemeente Den Helder,20,2023-10-04,2026-06-29,3,999
Website design / redesign,WEB_DIGITAL,TenderNed,Netherlands,buy_b4fc6c766ca5849c41a9,Zorginstituut Nederland,20,2023-12-04,2026-06-25,4,934
Brand identity / visual identity,CONTENT_DESIGN,TED,NOR,buy_581df20f038735ed5497,Oslo kommune v/ Utviklings- og kompetanseetaten,20,2023-12-29,2026-06-13,4,897
Website design / redesign,WEB_DIGITAL,Germany,Germany,buy_14b5c2e3da752bbbc886,Deutsche Gesellschaft für Internationale Zusammenarbeit (GIZ) GmbH,20,2023-11-17,2026-01-22,4,797
Transcription / minutes,VIDEO_AUDIO,Ireland,Ireland,buy_860d15b68965ace7f85c,The Office of Government Procurement,20,2023-10-12,2025-11-10,3,760
Brochure / flyer / poster printing,PRINT_BROKERAGE,TED,LUX,buy_eeed8814d806fe8dfbe5,Chambre des Députés,19,2024-02-26,2026-07-26,3,881
Brochure / flyer / poster printing,PRINT_BROKERAGE,TED,PRT,buy_091d5eef279cbb542f9f,"SPMS - Serviços Partilhados do Ministério da Saúde, E. P. E.",19,2024-06-06,2026-06-28,3,752
Transcription / minutes,VIDEO_AUDIO,TenderNed,Netherlands,buy_f0cceefa07850bb6bbc4,Provincie Noord-Brabant,19,2023-10-04,2026-06-15,4,985
Transcription / minutes,VIDEO_AUDIO,TenderNed,Netherlands,buy_0c1ad1c449536e1a85ea,Gemeente 's-Hertogenbosch,19,2023-10-04,2026-04-16,4,925
Brochure / flyer / poster printing,PRINT_BROKERAGE,TED,AUT,buy_001cc06b96d8f5cfe636,Universität Innsbruck,19,2023-12-05,2026-04-14,4,861
Brochure / flyer / poster printing,PRINT_BROKERAGE,TED,HUN,buy_b01261b2534556cbe22a,MÁV Magyar Államvasutak Zártkörűen Működő Részvénytársaság,19,2023-11-20,2026-02-09,4,812
Website design / redesign,WEB_DIGITAL,Canada federal,Canada,buy_cbe6ed71ff0abea27f5f,Environment and Climate Change Canada,19,2023-09-19,2024-12-12,2,450
E-learning / training content,TRAINING,TED,ROU,buy_56f10621e0007ccb73ca,Curtea de Conturi a Romaniei,18,2023-12-18,2026-07-28,4,953
Brochure / flyer / poster printing,PRINT_BROKERAGE,TED,MKD,buy_5ed803fae1f670fc4749,Ministry of Education and Science,18,2024-02-21,2026-07-23,3,883
Online forms / lightweight portals,WEB_DIGITAL,TED,HUN,buy_b01261b2534556cbe22a,MÁV Személyszállítási Zártkörűen Működő Részvénytársaság,18,2023-11-17,2026-06-25,4,951
E-learning / training content,TRAINING,TED,ITA,buy_811f3d14bc58dffafbdd,RAI - Radiotelevisione Italiana S.p.A. - A/ROE/BSO,18,2024-03-04,2026-05-13,3,800
Website design / redesign,WEB_DIGITAL,Canada federal,Canada,buy_a79cf08a5934c0dc9cca,Correctional Services Canada,18,2023-08-24,2025-02-17,3,543
Online forms / lightweight portals,WEB_DIGITAL,TED,AUT,buy_001cc06b96d8f5cfe636,MANAGEMENTSERVICE LINZ GmbH,17,2023-11-03,2026-08-11,4,1012
Interpretation services,LANGUAGE,TED,SWE,buy_3d59e3bbb5e2f64301ba,Region Dalarna,17,2023-10-30,2026-08-08,4,1013
Workflow automation / RPA,AUTOMATION_SOFTWARE,TED,CZE,buy_85fe87d2665464f38efa,Ministerstvo financí,17,2024-02-27,2026-07-28,3,882
Website design / redesign,WEB_DIGITAL,TED,PRT,buy_091d5eef279cbb542f9f,"Serviços Partilhados do Ministério da Saúde, EPE",17,2024-04-01,2026-07-26,3,846
Simple API / software integration,AUTOMATION_SOFTWARE,TED,DNK,buy_ccb634a88b3b7aa188bd,Københavns Universitet,17,2023-12-22,2026-07-17,4,938
Low-code / no-code implementation,AUTOMATION_SOFTWARE,TED,PRT,buy_091d5eef279cbb542f9f,Ordem dos Contabilistas Certificados,17,2024-03-25,2026-06-19,3,816
Document digitization / scanning,DATA_ADMIN,Germany,Germany,buy_c9cf3f275e4ab7782453,Die Autobahn GmbH des Bundes - NL Ost,17,2024-08-02,2026-05-11,3,647
Website design / redesign,WEB_DIGITAL,United Kingdom,United Kingdom,buy_86b5bb3970981622d291,Sandwell Metropolitan Borough Council,16,2023-08-23,2026-07-29,2,1071
Website design / redesign,WEB_DIGITAL,United Kingdom,United Kingdom,buy_d1e86fc8f5a43fb81313,SUFFOLK COUNTY COUNCIL,16,2023-09-04,2026-07-27,4,1057
CMS development / migration,WEB_DIGITAL,TED,ESP,buy_262acb26bfbdf5a4121e,"Sociedad Andaluza para el Desarrollo de las Telecomunicaciones, S.A.",16,2024-02-02,2026-07-20,3,899
Website design / redesign,WEB_DIGITAL,TED,ISL,buy_762b14c03b51c7f5e2fb,Landsvirkjun,16,2024-02-07,2026-07-15,3,889
Website design / redesign,WEB_DIGITAL,United Kingdom,United Kingdom,buy_75b0676d59b8ca22663d,Ministry of Defence,16,2023-08-25,2026-07-09,4,1049
Digital marketing / SEO / campaigns,CONTENT_DESIGN,TED,CHE,buy_bacf2bcb45c828276231,Centrale d'Achats et d'Ingénierie Biomédicale des Hôpitaux Universitaires Vaud - Genève,16,2023-12-20,2026-06-30,4,923
Transcription / minutes,VIDEO_AUDIO,TED,CHE,buy_bacf2bcb45c828276231,"Bundesamt für Energie, Abteilung Recht und Sachplanung, Entsorgung radioaktive Abfälle",16,2023-10-17,2026-06-17,4,974
Document digitization / scanning,DATA_ADMIN,Germany,Germany,buy_c2c4fc6ef55a1bf38408,DAK-Gesundheit,16,2024-11-20,2026-06-02,3,559
Workflow automation / RPA,AUTOMATION_SOFTWARE,TED,POL,buy_e4d061caa68fce2f60e7,Śląski Urząd Wojewódzki w Katowicach,16,2024-03-04,2026-05-27,3,814
Document digitization / scanning,DATA_ADMIN,TenderNed,Netherlands,buy_20f3eef009abea8b4257,Technische Universiteit Delft,16,2023-08-20,2026-05-22,4,1006
Signage / wayfinding / vinyl,PRINT_BROKERAGE,Belgium,BE,buy_138f9c9bb4e63e1916c85bc2,"Agence Intercommunale de Développement de Tournai, d'Ath et des communes avoisinantes IDETA scrl",16,2023-09-08,2026-05-15,4,980
Photography,VIDEO_AUDIO,TED,NOR,buy_581df20f038735ed5497,Nasjonalbiblioteket,16,2023-12-15,2026-04-23,4,860
Small IT equipment supply,PROCUREMENT_BROKERAGE,TED,GRC,buy_4a146729c87a7e501527,"ΥΠΟΥΡΓΕΙΟ ΚΛΙΜΑΤΙΚΗΣ ΚΡΙΣΗΣ ΚΑΙ ΠΟΛΙΤΙΚΗΣ ΠΡΟΣΤΑΣΙΑΣ, ΓΕΝΙΚΗ ΓΡΑΜΜΑΤΕΙΑ ΠΟΛΙΤΙΚΗΣ ΠΡΟΣΤΑΣΙΑΣ, ΓΕΝΙΚΗ ΔΙΕΥΘΥΝΣΗ ΟΙΚΟΝΟΜΙΚΩΝ ΥΠΗΡΕΣΙΩΝ, ΔΙΕΥΘΥΝΣΗ ΠΡΟΜΗΘΕΙΩΝ, Α΄ ΤΜΗΜΑ ΔΙΕΝΕΡΓΕΙΑΣ ΔΙΑΔΙΚΑΣΙΩΝ ΔΗΜΟΣΙΩΝ ΣΥΜΒΑΣΕΩΝ",16,2024-04-23,2026-04-21,3,728
Small IT equipment supply,PROCUREMENT_BROKERAGE,TED,FIN,buy_21d608cefc7ad1917578,Finnish Institute for Health and Welfare,16,2024-03-22,2026-04-20,3,759
Website design / redesign,WEB_DIGITAL,Quebec,Canada - Quebec,buy_c85dc024421464c954c3,CISSS de la Côte-Nord.,16,2023-09-13,2025-07-29,3,685
Small IT equipment supply,PROCUREMENT_BROKERAGE,United Kingdom,United Kingdom,buy_263cad79807bd30d1360,BELFAST HEALTH AND SOCIAL CARE TRUST,16,2024-02-19,2025-02-13,2,360
Website design / redesign,WEB_DIGITAL,United Kingdom,United Kingdom,buy_85c4eed99073375e7893,Hertfordshire County Council,15,2025-10-10,2026-07-31,2,294
Brochure / flyer / poster printing,PRINT_BROKERAGE,TED,BGR,buy_b63fd7ac83e5501cf324,БЪЛГАРСКА НАРОДНА БАНКА,15,2024-02-14,2026-07-30,3,897
Social media content production,CONTENT_DESIGN,TED,POL,buy_e4d061caa68fce2f60e7,Województwo Małopolskie,15,2024-11-27,2026-07-28,3,608
Web hosting / domain / SSL,WEB_DIGITAL,TED,CHE,buy_bacf2bcb45c828276231,PTI Schweiz,15,2024-04-27,2026-07-24,3,818
Transcription / minutes,VIDEO_AUDIO,Quebec,Canada - Quebec,buy_75edb95bafb0b7774b08,Ministère de l'Éducation,15,2024-04-24,2026-07-13,3,810
Small IT equipment supply,PROCUREMENT_BROKERAGE,TED,BGR,buy_b63fd7ac83e5501cf324,"УНИВЕРСИТЕТСКА СПЕЦИАЛИЗИРАНА БОЛНИЦА ЗА АКТИВНО ЛЕЧЕНИЕ ПО ОНКОЛОГИЯ ""ПРОФ. ИВАН ЧЕРНОЗЕМСКИ"" ЕАД",15,2024-04-15,2026-07-10,3,816
Online forms / lightweight portals,WEB_DIGITAL,TED,CZE,buy_85fe87d2665464f38efa,HLAVNÍ MĚSTO PRAHA,15,2024-07-18,2026-07-08,3,720
Small IT equipment supply,PROCUREMENT_BROKERAGE,TED,CHE,buy_bacf2bcb45c828276231,Kanton Luzern Dienststelle Informatik,15,2023-12-09,2026-06-25,4,929
Web hosting / domain / SSL,WEB_DIGITAL,TED,CZE,buy_85fe87d2665464f38efa,"NET4GAS, s.r.o.",15,2024-02-13,2026-06-19,3,857
Workflow automation / RPA,AUTOMATION_SOFTWARE,Quebec,Canada - Quebec,buy_c25f154ab51e6f04a4cb,Ville de Montréal - Service de l'approvisionnement,15,2024-02-13,2026-06-01,2,839
Website design / redesign,WEB_DIGITAL,United Kingdom,United Kingdom,buy_05dd0b67041398fa731e,Ordnance Survey Limited,15,2024-03-25,2026-05-27,3,793
Brochure / flyer / poster printing,PRINT_BROKERAGE,Quebec,Canada - Quebec,buy_969761705b4bde4e39bb,Société de transport de Montréal,15,2023-10-10,2026-05-14,4,947
Brochure / flyer / poster printing,PRINT_BROKERAGE,TED,GRC,buy_4a146729c87a7e501527,ΚΟΙΝΩΝΙΑ ΤΗΣ ΠΛΗΡΟΦΟΡΙΑΣ ΜΟΝΟΠΡΟΣΩΠΗ ΑΝΩΝΥΜΗ ΕΤΑΙΡΕΙΑ (ΚτΠ Μ.Α.Ε),15,2024-02-26,2026-05-06,3,800
Digital marketing / SEO / campaigns,CONTENT_DESIGN,France,France,buy_ac03ffc06edae0d83856,CSTA.,15,2023-09-14,2025-10-28,2,775
Website design / redesign,WEB_DIGITAL,United Kingdom,United Kingdom,buy_4f5b6403196c3bb275a2,Scottish Government,15,2023-09-05,2025-07-25,3,689
Small IT equipment supply,PROCUREMENT_BROKERAGE,TED,LUX,buy_eeed8814d806fe8dfbe5,Administration des Contributions Directes,14,2024-02-06,2026-08-09,3,915
Online forms / lightweight portals,WEB_DIGITAL,TED,HRV,buy_bf2fcdabac3828c9c189,HŽ PUTNIČKI PRIJEVOZ d.o.o.,14,2024-05-31,2026-07-28,3,788
Brochure / flyer / poster printing,PRINT_BROKERAGE,TED,HRV,buy_bf2fcdabac3828c9c189,GRAD ZAGREB,14,2024-02-02,2026-07-24,3,903
Small IT equipment supply,PROCUREMENT_BROKERAGE,TED,SVK,buy_73db5c7f5f9933800fa8,"Stredoslovenský ústav srdcových a cievnych chorôb, a.s.",14,2023-10-24,2026-07-20,4,1000
Brochure / flyer / poster printing,PRINT_BROKERAGE,Quebec,Canada - Quebec,buy_599a3ef6df17854068cb,Université du Québec à Montréal,14,2023-10-12,2026-07-15,4,1007
Document digitization / scanning,DATA_ADMIN,TED,HUN,buy_b01261b2534556cbe22a,Magyar Posta Zártkörűen Működő Részvénytársaság,14,2023-11-22,2026-07-14,4,965
Transcription / minutes,VIDEO_AUDIO,TED,DNK,buy_ccb634a88b3b7aa188bd,Sikkerhedsstyrelsen,14,2024-03-12,2026-07-03,3,843
Online forms / lightweight portals,WEB_DIGITAL,TED,ESP,buy_841549a12d17237ad802,Consorcio de Aguas Bilbao Bizkaia - Consorcio de Aguas Bilbao Bizkaia,14,2023-12-05,2026-06-12,4,920
Website design / redesign,WEB_DIGITAL,TenderNed,Netherlands,buy_373347002c6f819a4229,Gemeente Zwolle,14,2023-10-13,2026-05-19,4,949
Online forms / lightweight portals,WEB_DIGITAL,TED,LTU,buy_3878737b0bf9117c77ed,Išteklių agentūra prie Lietuvos Respublikos vidaus reikalų ministerijos,14,2024-03-22,2026-05-12,3,781
CMS development / migration,WEB_DIGITAL,TED,FIN,buy_21d608cefc7ad1917578,"Helsingin kaupunki, Kasvatuksen ja koulutuksen toimiala, ICT-Hankinnat",14,2024-05-06,2026-05-11,3,735
Website design / redesign,WEB_DIGITAL,Canada federal,Canada,buy_dff50038c8bdca161850,Department of the Environment (ECCC ),14,2025-04-14,2026-05-06,2,387
Transcription / minutes,VIDEO_AUDIO,TenderNed,Netherlands,buy_55847126054542d7c17c,Gemeente Midden-Groningen,14,2023-10-04,2026-04-16,4,925
Signage / wayfinding / vinyl,PRINT_BROKERAGE,Quebec,Canada - Quebec,buy_969761705b4bde4e39bb,Société de transport de Montréal,14,2024-04-12,2026-04-14,3,732
Website design / redesign,WEB_DIGITAL,TenderNed,Netherlands,buy_6716be78872e22d1ff09,"Ministerie van Defensie, Commando Landstrijdkrachten (MatlogCo)",14,2023-10-31,2026-03-07,3,858
Online forms / lightweight portals,WEB_DIGITAL,TED,ITA,buy_811f3d14bc58dffafbdd,ESA-ESRIN,14,2024-04-02,2026-01-20,3,658
Transcription / minutes,VIDEO_AUDIO,TED,MLT,buy_49603fbd0efcf57ee39e,Sectoral Procurement Directorate,13,2024-02-13,2026-08-10,3,909
Video production,VIDEO_AUDIO,TED,NOR,buy_581df20f038735ed5497,Vestland fylkeskommune,13,2023-11-22,2026-07-28,4,979
Brochure / flyer / poster printing,PRINT_BROKERAGE,Quebec,Canada - Quebec,buy_440e203d13e0adba32ed,Ville de Laval,13,2023-10-23,2026-07-27,4,1008
Document digitization / scanning,DATA_ADMIN,Germany,Germany,buy_2660e88e17205d78728d,"Deutsche Bundesbank, Zentralbereich Beschaffungen",13,2024-04-26,2026-07-24,3,819
Copywriting / editorial content,CONTENT_DESIGN,TED,CHE,buy_bacf2bcb45c828276231,"Office fédéral des routes OFROU, Division Infrastructure routière Ouest, filiale Estavayer-le-Lac",13,2023-11-09,2026-07-17,4,981
Brochure / flyer / poster printing,PRINT_BROKERAGE,Belgium,BE,buy_d22239738ad8b6de25a7c197,Université Catholique de Louvain - Service des Achats,13,2024-03-04,2026-07-16,3,864
Simple API / software integration,AUTOMATION_SOFTWARE,TED,CZE,buy_6f79629fe8c07370e0e8,Revmatologický ústav,13,2024-11-27,2026-07-10,3,590
Website design / redesign,WEB_DIGITAL,Canada federal,Canada,buy_45b6d6d2493afd8a5c89,Canadian Museum of Nature (CMN),13,2025-05-29,2026-07-08,2,405
Small IT equipment supply,PROCUREMENT_BROKERAGE,TED,PRT,buy_091d5eef279cbb542f9f,Autoridade para as Condições do Trabalho,13,2024-10-11,2026-06-29,3,626
Document digitization / scanning,DATA_ADMIN,Germany,Germany,buy_5453bbed5e925c0c03f6,Fraunhofer-Gesellschaft zur Förderung der angewandten Forschung e. V.,13,2023-12-12,2026-06-15,3,916
Brochure / flyer / poster printing,PRINT_BROKERAGE,Quebec,Canada - Quebec,buy_e6ada229116b627c58b4,Ministère de l'Emploi et de la Solidarité sociale,13,2023-10-18,2026-06-10,4,966
Website design / redesign,WEB_DIGITAL,United Kingdom,United Kingdom,buy_7400d967cbd415581b88,Worcester City Council,13,2023-09-13,2026-05-29,4,989
Brochure / flyer / poster printing,PRINT_BROKERAGE,Quebec,Canada - Quebec,buy_88e34d93855f04ccc9f1,Ville de Québec,13,2023-09-22,2026-05-29,4,980
Document digitization / scanning,DATA_ADMIN,Germany,Germany,buy_5a701154b87f03dbb7c6,DB InfraGO AG – Geschäftsbereich Fahrweg (Bukr 16),13,2024-01-18,2026-05-28,3,861
Signage / wayfinding / vinyl,PRINT_BROKERAGE,Belgium,BE,buy_ed2ff8d55a65d76694035095,SOWAER Service technique - Secteurs spéciaux,13,2024-04-16,2026-05-22,3,766
Web hosting / domain / SSL,WEB_DIGITAL,TED,FIN,buy_b25d30d271157ab27322,Ålands landskapsregering,13,2023-09-25,2026-05-13,4,961
Online forms / lightweight portals,WEB_DIGITAL,TED,BGR,buy_b63fd7ac83e5501cf324,"ТЕРИТОРИАЛНО ПОДЕЛЕНИЕ ""ДЪРЖАВНО ЛОВНО СТОПАНСТВО ""КОРМИСОШ"" - гр. ЛЪКИ""",13,2024-02-27,2026-05-12,3,805
Signage / wayfinding / vinyl,PRINT_BROKERAGE,Belgium,BE,buy_2847f401943d0e3bc3a4cadf,Direction régionale de Namur,13,2023-08-04,2026-05-05,4,1005
Small IT equipment supply,PROCUREMENT_BROKERAGE,TED,HUN,buy_81f3c663956cad2f098c,Nemzetbiztonsági Szakszolgálat,13,2023-11-02,2026-03-13,4,862
Document digitization / scanning,DATA_ADMIN,Germany,Germany,buy_43b113d6335489d4117a,Zentrale Vergabestelle im Bayerischen Landesamt für Steuern,13,2023-11-09,2026-02-12,4,826
Small IT equipment supply,PROCUREMENT_BROKERAGE,TED,FIN,buy_b25d30d271157ab27322,HUS-yhtymä,13,2023-09-29,2026-02-02,4,857
Brochure / flyer / poster printing,PRINT_BROKERAGE,France,France,buy_81811365128e32d57b13,Ville de Saint Etienne,13,2023-11-19,2026-01-27,4,800
Transcription / minutes,VIDEO_AUDIO,Germany,Germany,buy_14b5c2e3da752bbbc886,Deutsche Gesellschaft für Internationale Zusammenarbeit (GIZ) GmbH,13,2024-10-23,2026-01-05,3,439
Workflow automation / RPA,AUTOMATION_SOFTWARE,Quebec,Canada - Quebec,buy_45ad8c776e529f8629e3,Centre intégré universitaire de santé et de services sociaux de la Mauricie-et-du-Centre-du-Québec (CIUSSS MCQ),13,2023-12-29,2025-12-15,3,717
Document digitization / scanning,DATA_ADMIN,Germany,Germany,buy_f1900d201bb5be1e1c85,Handwerkskammer Berlin,13,2023-12-05,2025-07-11,3,584
Online forms / lightweight portals,WEB_DIGITAL,TED,FIN,buy_21d608cefc7ad1917578,Fingrid Oyj,12,2024-09-24,2026-08-06,3,681
Brochure / flyer / poster printing,PRINT_BROKERAGE,TED,LVA,buy_4f3a1b7a7c2e453ef94b,Latvijas Universitāte,12,2023-11-06,2026-07-30,4,997
Brochure / flyer / poster printing,PRINT_BROKERAGE,France,France,buy_97eadb1634db6ab94c90,Ville de Lyon,12,2023-09-28,2026-07-28,4,1034
Website design / redesign,WEB_DIGITAL,Belgium,BE,buy_5f0896b9bd666fd3f5f26f8e,AZ Klina,12,2024-03-21,2026-07-24,3,855
Document digitization / scanning,DATA_ADMIN,Germany,Germany,buy_9f97de04a4269610b8c0,Deutsches Zentrum für Luft- und Raumfahrt e.V. (DLR),12,2024-03-09,2026-07-17,3,860
Signage / wayfinding / vinyl,PRINT_BROKERAGE,Quebec,Canada - Quebec,buy_88b90eab70543f641b92,Ville de Longueuil,12,2023-08-30,2026-07-16,4,1051
Brochure / flyer / poster printing,PRINT_BROKERAGE,Quebec,Canada - Quebec,buy_c25f154ab51e6f04a4cb,Ville de Montréal - Service de l'approvisionnement,12,2021-10-13,2026-07-15,5,1736
Transcription / minutes,VIDEO_AUDIO,TED,AUT,buy_001cc06b96d8f5cfe636,Allgemeine Unfallversicherungsanstalt (AUVA),12,2023-11-28,2026-07-14,4,959
Document digitization / scanning,DATA_ADMIN,Quebec,Canada - Quebec,buy_75edb95bafb0b7774b08,Ministère de l'Éducation,12,2024-09-04,2026-07-11,3,675
Brochure / flyer / poster printing,PRINT_BROKERAGE,Belgium,BE,buy_0fc8e882ef785f18926364aa,Office Central des Achats,12,2023-10-20,2026-07-01,4,985
Small IT equipment supply,PROCUREMENT_BROKERAGE,Canada federal,Canada,buy_6cccf1c8162482cf8b98,Shared Services Canada,12,2023-09-14,2026-06-29,4,1019
AI chatbot / assistant,AUTOMATION_SOFTWARE,TED,ESP,buy_262acb26bfbdf5a4121e,Consejería de Salud y Consumo,12,2024-01-09,2026-05-26,3,868
Simple API / software integration,AUTOMATION_SOFTWARE,TED,ITA,buy_811f3d14bc58dffafbdd,European Food Safety Authority,12,2024-04-19,2026-05-21,3,762
Brochure / flyer / poster printing,PRINT_BROKERAGE,TenderNed,Netherlands,buy_dddf0556d1d18b0828d0,Kamer van Koophandel,12,2023-10-04,2026-05-06,4,945
Website design / redesign,WEB_DIGITAL,United Kingdom,United Kingdom,buy_f4069676fab1ea736da1,HAMPSHIRE COUNTY COUNCIL,12,2024-01-30,2026-04-30,3,821
Website design / redesign,WEB_DIGITAL,TenderNed,Netherlands,buy_0c1ad1c449536e1a85ea,Gemeente 's-Hertogenbosch,12,2023-10-04,2026-04-16,4,925
Document digitization / scanning,DATA_ADMIN,Germany,Germany,buy_bf92aa17972773199143,Generaldirektion der Staatlichen Archive Bayerns,12,2024-07-01,2026-03-12,3,619
Brochure / flyer / poster printing,PRINT_BROKERAGE,Germany,Germany,buy_8b0a46ad4f0b9ef52ef0,Berufsgenossenschaft Holz und Metall,12,2023-11-23,2026-03-06,4,834
Graphic design / layout,CONTENT_DESIGN,France,France,buy_01a2fc361b9903a44ba2,EPPDCSI - UNIVERSCIENCE Etablissement public à caractère industriel et commercial créé par décret interministériel du 3 décembre 2009,12,2024-01-24,2026-03-02,3,768
Signage / wayfinding / vinyl,PRINT_BROKERAGE,Quebec,Canada - Quebec,buy_88e34d93855f04ccc9f1,Ville de Québec,12,2024-01-25,2026-02-18,3,755
Brochure / flyer / poster printing,PRINT_BROKERAGE,France,France,buy_822c6ea9e178151db192,Département de la Manche,12,2024-01-03,2026-01-18,3,746
Website design / redesign,WEB_DIGITAL,United Kingdom,United Kingdom,buy_e4d459383fe52e44b278,Wolverhampton City Council,12,2025-03-13,2026-01-16,2,309
Website design / redesign,WEB_DIGITAL,United Kingdom,United Kingdom,buy_2da6bd0a729eb81d504b,British Council,12,2023-11-13,2025-12-08,3,756
Document digitization / scanning,DATA_ADMIN,TenderNed,Netherlands,buy_d462411c73d992aa3632,"Ministerie van Economische Zaken, Rijksdienst voor Ondernemend Nederland (RVO)",12,2023-09-07,2025-09-25,3,749
Website design / redesign,WEB_DIGITAL,Germany,Germany,buy_1df26f259dd38da920d2,Bundeszentrale für gesundheitliche Aufklärung (BZgA),12,2023-11-01,2025-02-10,3,467
Online forms / lightweight portals,WEB_DIGITAL,TED,MKD,buy_5ed803fae1f670fc4749,Municipality Center - Skopje,11,2024-02-27,2026-08-02,3,887
Brochure / flyer / poster printing,PRINT_BROKERAGE,France,France,buy_50caa6f3098d620328a6,Grenoble Alpes Metropole,11,2024-01-16,2026-07-25,3,921
Low-code / no-code implementation,AUTOMATION_SOFTWARE,TED,POL,buy_e4d061caa68fce2f60e7,Uniwersytet Medyczny w Łodzi,11,2025-05-05,2026-07-24,2,445
Signage / wayfinding / vinyl,PRINT_BROKERAGE,Belgium,BE,buy_bdb72c83acd5c583ac711ce9,Province de Luxembourg,11,2023-10-16,2026-07-17,4,1005
Website design / redesign,WEB_DIGITAL,United Kingdom,United Kingdom,buy_ebfcbcfcb5d10ea79df3,West Suffolk Council,11,2024-07-02,2026-07-08,3,736
Social media content production,CONTENT_DESIGN,TED,BGR,buy_b63fd7ac83e5501cf324,МИНИСТЕРСТВО НА ТУРИЗМА,11,2024-02-28,2026-07-06,3,859
Copywriting / editorial content,CONTENT_DESIGN,Quebec,Canada - Quebec,buy_c4c6927eb7d356c5fde0,"Ministère de l'Environnement, de la Lutte contre les changements climatiques, de la Faune et des Parcs",11,2023-08-31,2026-07-06,4,1040
Digital marketing / SEO / campaigns,CONTENT_DESIGN,France,France,buy_001a039afc8b49c478f8,Centrale d'Achat du Transport Public,11,2025-06-04,2026-06-14,2,375
Website design / redesign,WEB_DIGITAL,United Kingdom,United Kingdom,buy_75b22bf9ea6bb084277d,EFFICIENCY EAST MIDLANDS LIMITED,11,2023-10-11,2026-06-05,4,968
Proofreading / editing,CONTENT_DESIGN,TED,NOR,buy_581df20f038735ed5497,Departementenes sikkerhets- og serviceorganisasjon,11,2023-12-11,2026-06-03,4,905
Document digitization / scanning,DATA_ADMIN,TED,UKR,buy_c57187f5b12a3c4f2b58,"MUNICIPAL NON-COMMERCIAL ENTERPRISE ""MOSTYSKA CITY HOSPITAL"" OF MOSTYSKA CITY COUNCIL OF LVIV REGION",11,2024-11-06,2026-05-23,3,563
Transcription / minutes,VIDEO_AUDIO,TenderNed,Netherlands,buy_b2c27aec7c98d689454d,Waterschap Noorderzijlvest,11,2024-04-19,2026-05-05,3,746
Digital marketing / SEO / campaigns,CONTENT_DESIGN,France,France,buy_2bbd74cafbdafd6438d7,Centre de soutien technique et administratif,11,2024-03-04,2026-05-02,3,789
Website design / redesign,WEB_DIGITAL,Germany,Germany,buy_4afae86d419f5f76af77,Agentur für Innovation in der Cybersicherheit GmbH,11,2024-04-23,2026-04-30,3,737
Transcription / minutes,VIDEO_AUDIO,TenderNed,Netherlands,buy_d491e069a17a8bf106ca,Metropoolregio Eindhoven,11,2024-09-20,2026-04-16,3,573
Document digitization / scanning,DATA_ADMIN,TenderNed,Netherlands,buy_f0cceefa07850bb6bbc4,Provincie Noord-Brabant,11,2024-06-28,2026-04-16,2,657
Transcription / minutes,VIDEO_AUDIO,TenderNed,Netherlands,buy_49de1a67d09f409dd749,Gemeente Land van Cuijk,11,2023-10-04,2026-04-16,4,925
Signage / wayfinding / vinyl,PRINT_BROKERAGE,Quebec,Canada - Quebec,buy_e3bbdfed47f88be042e7,CIUSSS du Centre-Sud-de-l'Île-de-Montréal,11,2024-01-17,2026-02-19,3,764
Brochure / flyer / poster printing,PRINT_BROKERAGE,France,France,buy_252ef283cfeadff980c0,Conseil départemental de l'Hérault,11,2023-11-09,2026-02-05,4,819
Signage / wayfinding / vinyl,PRINT_BROKERAGE,France,France,buy_2eb72f327e90bdc5eef9,Région Grand Est,11,2023-09-20,2025-12-21,3,823
Website design / redesign,WEB_DIGITAL,TenderNed,Netherlands,buy_4cee1a1f9cf18f011b33,Gemeente Rotterdam,11,2023-08-03,2025-11-21,3,841
Signage / wayfinding / vinyl,PRINT_BROKERAGE,Belgium,BE,buy_cd9ec9738a386d6b1ea01c64,INASEP,11,2023-12-18,2025-11-13,3,696
Small IT equipment supply,PROCUREMENT_BROKERAGE,TenderNed,Netherlands,buy_c1e0bcb36477ba18c6c8,Ministerie van Sociale Zaken en Werkgelegenheid,11,2023-09-23,2025-10-15,3,753
Website design / redesign,WEB_DIGITAL,TenderNed,Netherlands,buy_ebb6da03c4f67c968877,gemeente Nijmegen,11,2025-08-19,2025-08-19,1,0
Signage / wayfinding / vinyl,PRINT_BROKERAGE,Quebec,Canada - Quebec,buy_d52d10b7f5b6cc74b715,Ministère des Transports et de la Mobilité durable (Direction de l'administration des appels d'offres publics),11,2024-03-14,2025-07-29,2,502
Signage / wayfinding / vinyl,PRINT_BROKERAGE,Quebec,Canada - Quebec,buy_abb8ed450a4cbc7ef5d7,Centre intégré universitaire de santé et de services sociaux de l'Ouest-de-l'Île-de-Montréal,11,2023-08-10,2025-05-08,3,637
Document digitization / scanning,DATA_ADMIN,Germany,Germany,buy_43de00e8ac6522a2e5ea,Helmut-Schmidt-Universität/Universität der Bundeswehr Hamburg (HSU/UniBw H),11,2024-05-24,2025-03-28,2,308
Website design / redesign,WEB_DIGITAL,Canada federal,Canada,buy_fd574a89711b21604567,The National Battlefields Commission,11,2023-09-11,2025-01-23,3,500
Website design / redesign,WEB_DIGITAL,Canada federal,Canada,buy_0ce1924289d1adcc1456,Canadian Museum of Nature,11,2023-09-08,2024-11-15,2,434
Document digitization / scanning,DATA_ADMIN,Germany,Germany,buy_0aff34218243274523ba,München Klinik gGmbH,11,2023-11-07,2024-10-31,2,359
Small IT equipment supply,PROCUREMENT_BROKERAGE,TED,PL,buy_c0313bb1f743c4ac6b78,Akademia Górniczo - Hutnicza im. Stanisława Staszica w Krakowie,11,2023-08-04,2023-11-27,1,115
Website design / redesign,WEB_DIGITAL,United Kingdom,United Kingdom,buy_91efe2074fd1f619664c,Greater Manchester Combined Authority,10,2025-05-01,2026-07-07,2,432
Web hosting / domain / SSL,WEB_DIGITAL,TED,SWE,buy_3d59e3bbb5e2f64301ba,Halmstads Fastighets AB,10,2023-12-01,2026-06-24,4,936
Small IT equipment supply,PROCUREMENT_BROKERAGE,TED,AUT,buy_001cc06b96d8f5cfe636,Gemeinnützige Salzburger Landeskliniken Betriebsgesellschaft mbH,10,2024-09-30,2026-06-17,3,625
Website design / redesign,WEB_DIGITAL,United Kingdom,United Kingdom,buy_73e6d70a178a2412f5f5,JNCC SUPPORT CO,10,2025-08-04,2026-06-17,2,317
Web hosting / domain / SSL,WEB_DIGITAL,TED,POL,buy_e4d061caa68fce2f60e7,Ministerstwo Funduszy i Polityki Regionalnej,10,2024-01-03,2026-06-05,3,884
Transcription / minutes,VIDEO_AUDIO,Quebec,Canada - Quebec,buy_617ee8caa2eda396caf7,HEC Montréal,10,2024-06-17,2026-05-30,3,712
Simple API / software integration,AUTOMATION_SOFTWARE,TED,NOR,buy_581df20f038735ed5497,Oslo kommune v/ Renovasjons- og gjenvinningsetaten,10,2024-12-12,2026-05-27,3,531
Brochure / flyer / poster printing,PRINT_BROKERAGE,TenderNed,Netherlands,buy_4cee1a1f9cf18f011b33,Gemeente Rotterdam,10,2024-05-29,2026-05-23,3,724
Translation / localization,LANGUAGE,TED,CHE,buy_bacf2bcb45c828276231,"Direction du développement territorial, des infrastructures, de la mobilité et de l’environnement (DIME) - Service des bâtiments",10,2024-09-25,2026-05-13,3,595
Transcription / minutes,VIDEO_AUDIO,Quebec,Canada - Quebec,buy_b59f2bf3a1598ba185fe,Collège Dawson.,10,2023-08-30,2026-05-13,3,987
Transcription / minutes,VIDEO_AUDIO,TenderNed,Netherlands,buy_8cbfc7bf4d4faf782831,Gemeente Veldhoven,10,2023-10-04,2026-05-12,3,951
Document digitization / scanning,DATA_ADMIN,TED,EST,buy_e908f43d1dc8cf42dee7,Riigi Tugiteenuste Keskus,10,2023-09-11,2026-04-08,4,940
Presentation / template design,CONTENT_DESIGN,TED,FIN,buy_b25d30d271157ab27322,Suomen itsenäisyyden juhlarahasto,10,2024-08-06,2026-04-02,3,604
Office / presentation equipment supply,PROCUREMENT_BROKERAGE,Canada federal,Canada,buy_0607a8a09c35020b4e75,Department of Public Works and Government Services (PSPC),10,2024-01-26,2026-04-01,3,796
Brand identity / visual identity,CONTENT_DESIGN,TED,ITA,buy_811f3d14bc58dffafbdd,"Comune di Modena - Settore Cultura, sport, giovani, e promozione della città",10,2024-04-05,2026-03-17,3,711
Document digitization / scanning,DATA_ADMIN,Germany,Germany,buy_2e0a7475b9db81f60fc8,"Bundesrepublik Deutschland, vertreten durch das Bundesministerium des Innern und für Heimat, vertreten durch das Beschaffungsamt des BMI",10,2023-11-21,2026-03-16,4,846
Website maintenance / content updates,WEB_DIGITAL,TED,NOR,buy_581df20f038735ed5497,Statnett SF,10,2023-11-24,2026-03-05,4,832
Brochure / flyer / poster printing,PRINT_BROKERAGE,Ireland,Ireland,buy_e039f5e765373cda4a95,Fáilte Ireland-National Tourism Development Authority,10,2023-10-24,2026-01-16,4,815
Document digitization / scanning,DATA_ADMIN,TED,MKD,buy_5ed803fae1f670fc4749,Ministry of Health of the Republic of North Macedonia,10,2024-04-30,2026-01-08,3,618
Brochure / flyer / poster printing,PRINT_BROKERAGE,France,France,buy_3227bb3c81c3b9330680,Troyes Champagne Metropole,10,2023-09-29,2025-12-01,3,794
Social media content production,CONTENT_DESIGN,TED,ITA,buy_811f3d14bc58dffafbdd,European Food Safety Authority,10,2024-11-29,2025-11-26,2,362
Small IT equipment supply,PROCUREMENT_BROKERAGE,Quebec,Canada - Quebec,buy_3fe86d2f4d8e01639cd1,Autorité régionale de transport métropolitain (ARTM),10,2023-10-05,2025-10-09,3,735
E-learning / training content,TRAINING,TED,HUN,buy_b01261b2534556cbe22a,Moholy-Nagy Művészeti Egyetem,10,2024-01-04,2025-09-17,2,622
Signage / wayfinding / vinyl,PRINT_BROKERAGE,France,France,buy_03ab2b675ce0aa2d6499,Département de la Réunion,10,2023-08-27,2025-08-24,3,728
Transcription / minutes,VIDEO_AUDIO,Canada federal,Canada,buy_979575dd10b79a25eeea,Public Works and Government Services Canada,10,2023-09-11,2025-03-31,3,567
Website design / redesign,WEB_DIGITAL,Canada federal,Canada,buy_c78650bd14fb5fb4ba9a,Public Services and Procurement Canada,10,2023-08-01,2025-02-28,3,577
Transcription / minutes,VIDEO_AUDIO,Canada federal,Canada,buy_a36f17161b0ffe799183,Correctional Service Canada,10,2024-01-17,2025-02-25,2,405
Website design / redesign,WEB_DIGITAL,Canada federal,Canada,buy_2518007f69fa09db7eb8,National Capital Commission,10,2023-08-10,2024-12-06,2,484
Website design / redesign,WEB_DIGITAL,Canada federal,Canada,buy_2eebfee1016d46bf5010,Department of Justice Canada,10,2023-08-15,2024-02-08,2,177
Website design / redesign,WEB_DIGITAL,TED,CZ,buy_1087ec1c1c088998ce8a,"Národní agentura pro komunikační a informační technologie, s. p.",10,2023-11-20,2024-01-31,2,72
Website design / redesign,WEB_DIGITAL,Canada federal,Canada,buy_94082018a249e6452ec1,Department of Indigenous Services (ISC),9,2025-06-27,2026-07-29,2,397
Signage / wayfinding / vinyl,PRINT_BROKERAGE,Quebec,Canada - Quebec,buy_e1ee82c92601a3099b38,Société des traversiers du Québec,9,2023-08-11,2026-07-27,2,1081
Document digitization / scanning,DATA_ADMIN,Germany,Germany,buy_28e75b982d2cfc293cb4,Charité - Universitätsmedizin Berlin,9,2023-11-01,2026-07-26,4,998
Signage / wayfinding / vinyl,PRINT_BROKERAGE,Quebec,Canada - Quebec,buy_96b794d02b99495ce5b6,Université Laval,9,2023-08-17,2026-07-24,3,1072
Graphic design / layout,CONTENT_DESIGN,France,France,buy_11e0f04f16db32f50e5b,Musée National Arts Asiatiques Guimet,9,2024-03-19,2026-07-20,3,853
Document digitization / scanning,DATA_ADMIN,Germany,Germany,buy_0b3918cb1b60c8649226,NRW.URBAN,9,2024-01-16,2026-07-17,3,913
Copywriting / editorial content,CONTENT_DESIGN,Quebec,Canada - Quebec,buy_4f863e2b7196d58855ac,Institut de tourisme et d'hôtellerie du Québec,9,2023-09-22,2026-07-14,4,1026
Document digitization / scanning,DATA_ADMIN,Germany,Germany,buy_e8345614f5310d3f8412,Münchner Verkehrs- und Tarifverbund GmbH,9,2024-01-06,2026-07-04,3,910
AI chatbot / assistant,AUTOMATION_SOFTWARE,TED,FIN,buy_b25d30d271157ab27322,Yleisradio Oy,9,2023-12-08,2026-07-02,4,937
Signage / wayfinding / vinyl,PRINT_BROKERAGE,TED,DNK,buy_ccb634a88b3b7aa188bd,Syddansk Universitet,9,2023-12-18,2026-06-29,4,924
Small IT equipment supply,PROCUREMENT_BROKERAGE,Quebec,Canada - Quebec,buy_cfdba961c12c01a0de7e,Commission scolaire Kativik..,9,2024-05-09,2026-06-27,3,779
Brochure / flyer / poster printing,PRINT_BROKERAGE,France,France,buy_58d6845ce8294230c7ef,Bibliothèque nationale de France,9,2024-12-20,2026-06-21,3,548
Presentation / template design,CONTENT_DESIGN,TED,EST,buy_e908f43d1dc8cf42dee7,Eesti Töötukassa,9,2023-08-17,2026-06-15,4,1033
Annual report / publication layout,CONTENT_DESIGN,TED,NOR,buy_581df20f038735ed5497,Miljødirektoratet,9,2023-12-19,2026-06-12,3,906
Transcription / minutes,VIDEO_AUDIO,TenderNed,Netherlands,buy_d71e42fb54c2569b6ebe,Rijksinstituut voor Volksgezondheid en Milieu (RIVM),9,2023-09-27,2026-06-04,4,981
Translation / localization,LANGUAGE,TED,LUX,buy_eeed8814d806fe8dfbe5,Translation Centre for the Bodies of the European Union,9,2024-05-16,2026-06-04,2,749
Brochure / flyer / poster printing,PRINT_BROKERAGE,Canada federal,Canada,buy_0607a8a09c35020b4e75,Department of Public Works and Government Services (PSPC),9,2023-09-11,2026-06-02,4,995
Website design / redesign,WEB_DIGITAL,Canada federal,Canada,buy_60dd6acaf56ca584feb2,Department of Employment and Social Development (ESDC),9,2025-06-03,2026-06-01,2,363
Brochure / flyer / poster printing,PRINT_BROKERAGE,TED,FIN,buy_21d608cefc7ad1917578,HUS Group,9,2024-02-22,2026-05-13,3,811
Transcription / minutes,VIDEO_AUDIO,TED,FIN,buy_21d608cefc7ad1917578,Länsi-Uudenmaan hyvinvointialue,9,2023-12-21,2026-05-12,4,873
Document digitization / scanning,DATA_ADMIN,Germany,Germany,buy_445c3dad1e0e8b635728,Helmholtz Zentrum München Deutsches Forschungszentrum für Gesundheit und Umwelt (GmbH),9,2023-11-28,2026-05-11,4,895
Transcription / minutes,VIDEO_AUDIO,TenderNed,Netherlands,buy_6a52b0a82189d174d3ae,Gemeente Haarlemmermeer,9,2023-10-04,2026-05-05,4,944
Brochure / flyer / poster printing,PRINT_BROKERAGE,Belgium,BE,buy_479e774335bc7e5daea110fa,Tournai,9,2023-11-23,2026-05-04,4,893
Website design / redesign,WEB_DIGITAL,United Kingdom,United Kingdom,buy_a16359c7476d58372668,NHS Blood and Transplant,9,2023-08-14,2026-04-30,4,990
Document digitization / scanning,DATA_ADMIN,Germany,Germany,buy_f7fd4736a802b450cf0e,Universitätsklinikum Düsseldorf,9,2023-11-10,2026-04-30,4,902
Signage / wayfinding / vinyl,PRINT_BROKERAGE,France,France,buy_ec5f25b98dae796b3b2f,Département de l'Isère,9,2024-02-04,2026-04-29,3,815
Small IT equipment supply,PROCUREMENT_BROKERAGE,TED,SVN,buy_e485d016ee83f57656f8,NUKLEARNA ELEKTRARNA KRŠKO d.o.o.,9,2024-02-16,2026-04-23,3,797
Document digitization / scanning,DATA_ADMIN,Quebec,Canada - Quebec,buy_dbe26133b9d35630f868,Université de Montréal,9,2024-01-30,2026-04-21,3,812
Digital marketing / SEO / campaigns,CONTENT_DESIGN,TED,POL,buy_e4d061caa68fce2f60e7,Polska Agencja Rozwoju Przedsiębiorczości,9,2024-05-23,2026-04-17,3,694
Transcription / minutes,VIDEO_AUDIO,TenderNed,Netherlands,buy_30867635665ffd747817,Stichting Participatiefonds voor het Onderwijs,9,2023-12-22,2026-04-16,4,846
Transcription / minutes,VIDEO_AUDIO,TenderNed,Netherlands,buy_f37baad403a3aa1c194a,Gemeente Meierijstad,9,2023-10-04,2026-04-16,4,925
Transcription / minutes,VIDEO_AUDIO,TenderNed,Netherlands,buy_003de2ea747f75301be9,GGD Zaanstreek-Waterland,9,2024-04-19,2026-04-16,3,727
Transcription / minutes,VIDEO_AUDIO,TenderNed,Netherlands,buy_ffa78549501ed9d8e945,Gemeente Schagen,9,2023-12-22,2026-04-16,3,846
Brand identity / visual identity,CONTENT_DESIGN,TED,ESP,buy_262acb26bfbdf5a4121e,"European Commission, DG JRC - Joint Research Centre",9,2023-12-19,2026-04-08,4,841
Copywriting / editorial content,CONTENT_DESIGN,Belgium,BE,buy_2231f7cc958d64a3409274bc,Igretec,9,2024-10-14,2026-03-30,3,532
Data entry / back-office processing,DATA_ADMIN,TED,NOR,buy_581df20f038735ed5497,Ryfylke It-samarbeid Kommunalt Oppgavefellesskap,9,2024-02-14,2026-03-20,3,765
Document digitization / scanning,DATA_ADMIN,Germany,Germany,buy_38cee44e2bf5c112b4e2,bayernets GmbH,9,2024-02-02,2026-03-09,3,766
Small IT equipment supply,PROCUREMENT_BROKERAGE,TED,SWE,buy_3d59e3bbb5e2f64301ba,Skatteverket,9,2024-03-04,2026-02-10,3,708
Document digitization / scanning,DATA_ADMIN,TenderNed,Netherlands,buy_d71e42fb54c2569b6ebe,Rijksinstituut voor Volksgezondheid en Milieu (RIVM),9,2023-11-10,2026-02-07,4,820
Signage / wayfinding / vinyl,PRINT_BROKERAGE,France,France,buy_97eadb1634db6ab94c90,Ville de Lyon,9,2023-10-18,2026-02-04,4,840
Workflow automation / RPA,AUTOMATION_SOFTWARE,Quebec,Canada - Quebec,buy_ab859fd4f3052aa104d6,CENTRE INTÉGRÉ DE SANTÉ ET DE SERVICES SOCIAUX DU BAS-SAINT-LAURENT,9,2025-07-10,2025-12-11,1,154
Document digitization / scanning,DATA_ADMIN,TenderNed,Netherlands,buy_4cee1a1f9cf18f011b33,Gemeente Rotterdam,9,2024-02-07,2025-12-07,2,669
Document digitization / scanning,DATA_ADMIN,Germany,Germany,buy_25b787336c824840bdc4,Handwerkskammer Potsdam,9,2023-12-21,2025-11-27,3,707
Transcription / minutes,VIDEO_AUDIO,United Kingdom,United Kingdom,buy_debc31af06a729040ee3,THE UNIVERSITY OF BIRMINGHAM,9,2023-08-11,2025-11-17,3,829
Brochure / flyer / poster printing,PRINT_BROKERAGE,France,France,buy_7e73579b1c89567c4bb5,Metz Métropole,9,2023-12-21,2025-11-04,3,684
Document digitization / scanning,DATA_ADMIN,Germany,Germany,buy_46e1047efd3984c2aa44,Universitätsklinikum Münster,9,2024-11-05,2025-10-29,2,358
Brochure / flyer / poster printing,PRINT_BROKERAGE,Germany,Germany,buy_2e0a7475b9db81f60fc8,"Bundesrepublik Deutschland, vertreten durch das Bundesministerium des Innern und für Heimat, vertreten durch das Beschaffungsamt des BMI",9,2023-10-30,2025-10-23,3,724
Workflow automation / RPA,AUTOMATION_SOFTWARE,TED,LVA,buy_4f3a1b7a7c2e453ef94b,Valsts robežsardze,9,2023-12-13,2025-10-07,3,664
Signage / wayfinding / vinyl,PRINT_BROKERAGE,Belgium,BE,buy_7555fb3d7b32519b27ea6fb9,Direction des Routes du Luxembourg,9,2023-09-22,2025-09-03,3,712
Low-code / no-code implementation,AUTOMATION_SOFTWARE,TED,FIN,buy_b25d30d271157ab27322,Pirkanmaan Voimia Oy,9,2024-02-21,2025-09-02,2,559
Document digitization / scanning,DATA_ADMIN,TenderNed,Netherlands,buy_3d218537f8e2c8f4bb9e,Gemeente Amsterdam,9,2023-09-30,2025-07-30,3,669
Document digitization / scanning,DATA_ADMIN,Germany,Germany,buy_ee4864d52e2794217750,Hochschule Merseburg Körperschaft des Öffentlichen Rechts,9,2025-07-28,2025-07-28,1,0
Website maintenance / content updates,WEB_DIGITAL,TED,POL,buy_e4d061caa68fce2f60e7,Westinghouse Electric Poland Sp.z.o.o,9,2024-11-29,2025-06-25,2,208
Workflow automation / RPA,AUTOMATION_SOFTWARE,TED,NOR,buy_581df20f038735ed5497,Trondheim kommune,9,2024-01-23,2025-05-14,2,477
Brochure / flyer / poster printing,PRINT_BROKERAGE,France,France,buy_29558b26582858dd3321,Centre Pompidou,9,2024-01-31,2025-04-18,2,443
Website design / redesign,WEB_DIGITAL,Canada federal,Canada,buy_4b56f1326555e00ad52a,Defence Construction Canada,9,2023-08-16,2024-01-26,2,163
Brochure / flyer / poster printing,PRINT_BROKERAGE,TED,RO,buy_3bea9e164f7212193858,Spitalul Clinic de Urgenta pentru Copii Cluj-Napoca,9,2023-08-04,2023-11-24,1,112
Small IT equipment supply,PROCUREMENT_BROKERAGE,TED,PL,buy_31c4c33f393ab319e8b0,Akademia Sztuki Wojennej,9,2023-08-14,2023-11-09,1,87
Online forms / lightweight portals,WEB_DIGITAL,TED,PL,buy_7516826b19955742af0c,2 Regionalna Baza Logistyczna,9,2023-08-01,2023-10-18,1,78
Web hosting / domain / SSL,WEB_DIGITAL,TED,HUN,buy_b01261b2534556cbe22a,Nemzeti Útdíjfizetési Szolgáltató Zártkörűen Működő Részvénytársaság,8,2023-11-21,2026-08-07,4,990
Signage / wayfinding / vinyl,PRINT_BROKERAGE,Quebec,Canada - Quebec,buy_82d5e7910dee7e19196b,Centre de services scolaire de Laval.,8,2024-05-08,2026-07-31,3,814
Transcription / minutes,VIDEO_AUDIO,Canada federal,Canada,buy_b9172563222715d8f59f,Department of Fisheries and Oceans (DFO),8,2025-06-16,2026-07-31,2,410
Website design / redesign,WEB_DIGITAL,Canada federal,Canada,buy_4e5eb156769d319dbfef,Department of Natural Resources (NRCan),8,2025-06-12,2026-07-28,2,411
Website design / redesign,WEB_DIGITAL,United Kingdom,United Kingdom,buy_910a7fff43ef045fd45c,Transport for London,8,2024-01-23,2026-07-27,3,916
E-learning / training content,TRAINING,TED,PRT,buy_091d5eef279cbb542f9f,Faculdade Medicina Universidade de Lisboa,8,2024-06-13,2026-07-25,3,772
Brochure / flyer / poster printing,PRINT_BROKERAGE,Belgium,BE,buy_10184e3f6b47645a1fca153e,Université de Liège (3P),8,2024-05-21,2026-07-24,3,794
Desk research / information collection,RESEARCH_ADMIN,TED,POL,buy_e4d061caa68fce2f60e7,Województwo Małopolskie,8,2025-05-29,2026-07-23,2,420
Transcription / minutes,VIDEO_AUDIO,TED,SVN,buy_e485d016ee83f57656f8,UNIVERZITETNI KLINIČNI CENTER MARIBOR,8,2024-02-20,2026-07-23,3,884
Brochure / flyer / poster printing,PRINT_BROKERAGE,Germany,Germany,buy_581ba338256aa814b42e,Techniker Krankenkasse,8,2023-11-20,2026-07-22,4,975
Website design / redesign,WEB_DIGITAL,United Kingdom,United Kingdom,buy_b61b45f9fdf16045b2bc,ASSOCIATED BRITISH PORTS,8,2024-01-05,2026-07-20,3,927
AI chatbot / assistant,AUTOMATION_SOFTWARE,TED,POL,buy_e4d061caa68fce2f60e7,Samodzielny Publiczny Zakład Opieki Zdrowotnej Ministerstwa Spraw Wewnętrznych i Administracji w Białymstoku im. Mariana Zyndrama-Kościałkowskiego,8,2024-07-26,2026-07-13,3,717
Website design / redesign,WEB_DIGITAL,Germany,Germany,buy_ed4cf388eb62fa1c8c35,Hamburg Port Authority AöR,8,2023-11-14,2026-07-03,4,962
Brochure / flyer / poster printing,PRINT_BROKERAGE,Quebec,Canada - Quebec,buy_96b794d02b99495ce5b6,Université Laval,8,2023-09-21,2026-06-30,4,1013
Brochure / flyer / poster printing,PRINT_BROKERAGE,France,France,buy_795a7cdec33ddb1ed1de,Communauté d'Agglomération de Bastia,8,2023-08-30,2026-06-29,4,1034
Transcription / minutes,VIDEO_AUDIO,TenderNed,Netherlands,buy_ba72baf57d589ecb103b,Gemeente Oldambt,8,2024-04-19,2026-06-28,2,800
Brochure / flyer / poster printing,PRINT_BROKERAGE,Quebec,Canada - Quebec,buy_88b90eab70543f641b92,Ville de Longueuil,8,2023-10-11,2026-06-26,4,989
Brochure / flyer / poster printing,PRINT_BROKERAGE,Quebec,Canada - Quebec,buy_87e711b07934ae3d805c,Directeur général des élections du Québec,8,2025-07-08,2026-06-26,2,353
Document digitization / scanning,DATA_ADMIN,Canada federal,Canada,buy_0607a8a09c35020b4e75,Department of Public Works and Government Services (PSPC),8,2024-03-28,2026-06-23,3,817
Website design / redesign,WEB_DIGITAL,United Kingdom,United Kingdom,buy_54fc23fd795212697d44,Portsmouth City Council,8,2023-10-10,2026-06-22,4,986
Brochure / flyer / poster printing,PRINT_BROKERAGE,France,France,buy_64bf263b1903b35296fa,Toulouse Métropole,8,2024-01-09,2026-06-21,3,894
Website design / redesign,WEB_DIGITAL,United Kingdom,United Kingdom,buy_8ad1636769911c754b43,Kent County Council,8,2024-06-28,2026-06-19,3,721
Website design / redesign,WEB_DIGITAL,TED,MLT,buy_49603fbd0efcf57ee39e,Department of Contracts,8,2023-12-26,2026-06-17,4,904
Signage / wayfinding / vinyl,PRINT_BROKERAGE,Quebec,Canada - Quebec,buy_a0efb1a76b4a3f084b39,Ville de Sherbrooke,8,2024-01-08,2026-06-15,3,889
Brochure / flyer / poster printing,PRINT_BROKERAGE,France,France,buy_977c848a44c43df456ba,Ville de Frejus,8,2023-09-11,2026-06-15,4,1008
Brochure / flyer / poster printing,PRINT_BROKERAGE,Belgium,BE,buy_c5955a8c55bdd1733fc89944,Office de la Naissance et de l'Enfance,8,2024-04-16,2026-06-10,3,785
Document digitization / scanning,DATA_ADMIN,TenderNed,Netherlands,buy_78de130fc16a6e2a3221,Gemeente Den Haag,8,2023-10-18,2026-06-10,4,966
Brochure / flyer / poster printing,PRINT_BROKERAGE,Belgium,BE,buy_c1e5f44612959a23ab76b4d6,DGT - Marchés publics,8,2023-12-15,2026-06-02,4,900
Brand identity / visual identity,CONTENT_DESIGN,TED,CHE,buy_bacf2bcb45c828276231,FINMA Beschaffungs- und Vertragsmanagement BVM,8,2024-02-01,2026-06-01,3,851
Document digitization / scanning,DATA_ADMIN,Germany,Germany,buy_3b40c9402a09a456f724,TenneT TSO GmbH,8,2024-02-09,2026-05-30,3,841
Website design / redesign,WEB_DIGITAL,United Kingdom,United Kingdom,buy_b5d003619f2420c9a7c0,Newcastle City Council,8,2024-01-04,2026-05-22,2,869
Brochure / flyer / poster printing,PRINT_BROKERAGE,TED,TUR,buy_53002d927124a67f2ba9,REPUBLIC OF TURKEY MINISTRY OF NATIONAL EDUCATION DIRECTORATE OF LIFE LONG LEARNING PROMOTİNG INCLUSIVE EDUCATION FOR KIDS IN THE TURKISH EDUCATION SYSTEM PIKTES,8,2024-07-09,2026-05-22,3,682
Website design / redesign,WEB_DIGITAL,Quebec,Canada - Quebec,buy_dbe26133b9d35630f868,Université de Montréal,8,2022-06-13,2026-05-22,5,1439
Brochure / flyer / poster printing,PRINT_BROKERAGE,Quebec,Canada - Quebec,buy_dbe26133b9d35630f868,Université de Montréal,8,2024-05-16,2026-05-22,3,736
Website design / redesign,WEB_DIGITAL,United Kingdom,United Kingdom,buy_19b96ee5c1e17ccda105,Department for Education,8,2023-10-10,2026-05-18,3,951
Workflow automation / RPA,AUTOMATION_SOFTWARE,Quebec,Canada - Quebec,buy_abb8ed450a4cbc7ef5d7,Centre intégré universitaire de santé et de services sociaux de l'Ouest-de-l'Île-de-Montréal,8,2024-02-01,2026-05-05,3,824
Copywriting / editorial content,CONTENT_DESIGN,TED,LUX,buy_eeed8814d806fe8dfbe5,Société Nationale des Chemins de Fer Luxembourgeois,8,2024-03-07,2026-05-03,3,787
Brochure / flyer / poster printing,PRINT_BROKERAGE,France,France,buy_7eb9fc04f589036e5826,Ville d'Antibes (06),8,2024-01-03,2026-04-30,3,848
Brochure / flyer / poster printing,PRINT_BROKERAGE,France,France,buy_47a241f84cbd0f1a7a1c,Nantes Métropole,8,2023-08-23,2026-04-29,3,980
Document digitization / scanning,DATA_ADMIN,United Kingdom,United Kingdom,buy_080697350037fb530071,UK Research & Innovation (UKRI),8,2025-10-07,2026-04-17,2,192
Transcription / minutes,VIDEO_AUDIO,TenderNed,Netherlands,buy_e774ffc54456e9c36ddd,Gemeente Maashorst,8,2023-12-22,2026-04-16,4,846
Brochure / flyer / poster printing,PRINT_BROKERAGE,Quebec,Canada - Quebec,buy_c6c4f8fd98cdffdd3a77,Ministère de la Justice,8,2023-08-21,2026-04-15,4,968
Document digitization / scanning,DATA_ADMIN,Quebec,Canada - Quebec,buy_d9d35b48cfc804d6e01e,CHU de Québec-Université Laval,8,2024-01-23,2026-04-13,3,811
Brochure / flyer / poster printing,PRINT_BROKERAGE,Quebec,Canada - Quebec,buy_16b78122c9fa196795ba,Sûreté du Québec,8,2023-09-22,2026-04-09,4,930
Document digitization / scanning,DATA_ADMIN,Germany,Germany,buy_b35790810b6297bf19b2,Vergabestelle Landeshauptstadt Stuttgart,8,2024-06-24,2026-04-07,3,652
Transcription / minutes,VIDEO_AUDIO,TenderNed,Netherlands,buy_96d3d4d249edb5d8f9c2,Universitair Medisch Centrum Utrecht,8,2023-08-11,2026-04-01,4,964
E-learning / training content,TRAINING,United Kingdom,United Kingdom,buy_80e14296282f5f5b135c,NHS England,8,2023-09-20,2026-04-01,3,924
Brochure / flyer / poster printing,PRINT_BROKERAGE,TED,ESP,buy_262acb26bfbdf5a4121e,The European Joint Undertaking for ITER and the Development of Fusion Energy ('Fusion for Energy'),8,2024-06-27,2026-03-30,3,641
Brochure / flyer / poster printing,PRINT_BROKERAGE,France,France,buy_e66310429bab5c33e8e4,Conseil Départemental de l'Essonne,8,2023-12-31,2026-03-29,4,819
Transcription / minutes,VIDEO_AUDIO,TenderNed,Netherlands,buy_d462411c73d992aa3632,"Ministerie van Economische Zaken, Rijksdienst voor Ondernemend Nederland (RVO)",8,2023-08-06,2026-03-25,4,962
Document digitization / scanning,DATA_ADMIN,TED,LTU,buy_3878737b0bf9117c77ed,LITGRID AB,8,2024-09-19,2026-03-11,3,538
Brochure / flyer / poster printing,PRINT_BROKERAGE,TenderNed,Netherlands,buy_78de130fc16a6e2a3221,Gemeente Den Haag,8,2024-07-06,2026-03-01,3,603
Brand identity / visual identity,CONTENT_DESIGN,Belgium,BE,buy_b56103a2373085c9514924f3,Maasmechelen,8,2024-09-30,2026-02-11,3,499
Brochure / flyer / poster printing,PRINT_BROKERAGE,France,France,buy_f0ca060c1b7e440b3084,UCANSS,8,2023-08-24,2026-01-28,3,888
Document digitization / scanning,DATA_ADMIN,Germany,Germany,buy_b7b3e9e235327d8ac7fe,"Land Hessen, vertreten durch die Hessische Zentrale für Datenverarbeitung",8,2024-01-09,2026-01-26,3,748
Office / presentation equipment supply,PROCUREMENT_BROKERAGE,TED,NOR,buy_581df20f038735ed5497,STATSBYGG,8,2024-01-23,2026-01-21,3,729
Transcription / minutes,VIDEO_AUDIO,France,France,buy_99167d062161fe55fe82,Collectivité européenne d'Alsace,8,2023-09-28,2026-01-18,4,843
CMS development / migration,WEB_DIGITAL,TED,SWE,buy_3d59e3bbb5e2f64301ba,Alingsås kommun,8,2023-12-05,2025-12-19,3,745
Document digitization / scanning,DATA_ADMIN,Germany,Germany,buy_3d10edbc7cf02d2baa35,"Kreis Pinneberg, Zentrale Vergabestelle",8,2024-09-18,2025-12-18,2,456
Document digitization / scanning,DATA_ADMIN,TenderNed,Netherlands,buy_96d3d4d249edb5d8f9c2,Universitair Medisch Centrum Utrecht,8,2024-01-21,2025-11-07,2,656
Document digitization / scanning,DATA_ADMIN,Germany,Germany,buy_580f6e492b2de84b35bf,Universität Hamburg,8,2023-11-02,2025-10-29,3,727
Brochure / flyer / poster printing,PRINT_BROKERAGE,France,France,buy_f4b060c73ad36298d366,Collectivité territoriale,8,2024-01-07,2025-10-17,2,649
Document digitization / scanning,DATA_ADMIN,TED,PRT,buy_091d5eef279cbb542f9f,European Maritime Safety Agency,8,2024-02-15,2025-10-14,2,607
Document digitization / scanning,DATA_ADMIN,Quebec,Canada - Quebec,buy_96b794d02b99495ce5b6,Université Laval,8,2023-11-21,2025-10-03,3,682
Document digitization / scanning,DATA_ADMIN,Germany,Germany,buy_e01eef8a8e79a6eef702,Helmut-Schmidt-Universität/Universität der Bundeswehr Hamburg (HSU),8,2023-11-20,2025-07-21,3,609
Video production,VIDEO_AUDIO,Canada federal,Canada,buy_0607a8a09c35020b4e75,Department of Public Works and Government Services (PSPC),8,2023-08-24,2025-07-04,3,680
Signage / wayfinding / vinyl,PRINT_BROKERAGE,France,France,buy_64bf263b1903b35296fa,Toulouse Métropole,8,2023-10-11,2025-06-25,3,623
Document digitization / scanning,DATA_ADMIN,Germany,Germany,buy_020eb52517b1f76bb55e,Fraunhofer-Gesellschaft - Einkauf B12,8,2023-11-23,2025-05-15,3,539
Brochure / flyer / poster printing,PRINT_BROKERAGE,France,France,buy_50cb68bffd4a86000920,Union des Caisses Nationales de Sécurité sociale (UCANSS),8,2024-04-09,2025-04-27,2,383
Signage / wayfinding / vinyl,PRINT_BROKERAGE,Quebec,Canada - Quebec,buy_44006dccf7744415e405,Centre de services scolaire des Bois-Francs,8,2023-11-07,2025-03-31,3,510
Brochure / flyer / poster printing,PRINT_BROKERAGE,France,France,buy_1bc01f267cd11030dde5,Eurométropole de Strasbourg,8,2023-10-09,2025-03-30,3,538
Document digitization / scanning,DATA_ADMIN,Germany,Germany,buy_cd6f9dd55f815eac341b,KfW Bankengruppe,8,2023-11-17,2025-03-28,3,497
Document digitization / scanning,DATA_ADMIN,Germany,Germany,buy_5152b4e1bc884942242c,Bezirk Unterfranken,8,2023-12-21,2024-12-23,2,368
Transcription / minutes,VIDEO_AUDIO,Quebec,Canada - Quebec,buy_c4c6927eb7d356c5fde0,"Ministère de l'Environnement, de la Lutte contre les changements climatiques, de la Faune et des Parcs",8,2023-09-08,2024-12-18,2,467
Workflow automation / RPA,AUTOMATION_SOFTWARE,Quebec,Canada - Quebec,buy_d259f7e21c5e6b7ecdac,Centre intégré de santé et de services sociaux (CISSS) des Laurentides,8,2024-01-17,2024-08-23,1,219
Document digitization / scanning,DATA_ADMIN,TED,NO,buy_6479f8b03bcfbd1b4171,Digitaliseringsdirektoratet,8,2023-08-09,2023-12-22,1,135
Signage / wayfinding / vinyl,PRINT_BROKERAGE,TED,LU,buy_775862988f8eab5aa4e0,Administration des bâtiments publics,8,2023-08-28,2023-12-06,1,100
Small IT equipment supply,PROCUREMENT_BROKERAGE,TED,PL,buy_c199e81a66fe14277d11,Sąd Apelacyjny w Krakowie (Zamawiający) reprezentowany przez Centrum Zakupów dla Sądownictwa Instytucja Gospodarki Budżetowej,8,2023-10-18,2023-10-18,1,0
Workflow automation / RPA,AUTOMATION_SOFTWARE,TED,HUN,buy_b01261b2534556cbe22a,Bábolna Nemzeti Ménesbirtok,7,2023-11-13,2026-07-31,4,991
Workflow automation / RPA,AUTOMATION_SOFTWARE,TED,ROU,buy_56f10621e0007ccb73ca,Unitatea Militara 02543 Iasi,7,2024-02-08,2026-07-30,3,903
Brochure / flyer / poster printing,PRINT_BROKERAGE,Quebec,Canada - Quebec,buy_295d2ba277955b4ca6d1,Université McGill,7,2023-11-06,2026-07-30,4,997
Document digitization / scanning,DATA_ADMIN,Germany,Germany,buy_19fb8fadda636d452c30,IT-Dienstleistungszentrum Berlin AöR,7,2025-03-10,2026-07-28,2,505
Translation / localization,LANGUAGE,Belgium,BE,buy_10184e3f6b47645a1fca153e,Université de Liège (3P),7,2024-01-28,2026-07-27,3,911
Brochure / flyer / poster printing,PRINT_BROKERAGE,Germany,Germany,buy_7627c25f30e23edfb6a4,"Bundesrepublik Deutschland, vertreten durch das Bundesministerium des Innern, vertreten durch das Beschaffungsamt des BMI",7,2025-07-11,2026-07-27,2,381
Signage / wayfinding / vinyl,PRINT_BROKERAGE,Belgium,BE,buy_da7875c120d71067799cd762,Mons,7,2023-10-26,2026-07-23,4,1001
Document digitization / scanning,DATA_ADMIN,Germany,Germany,buy_c5e69eda83306926932b,Universitätsklinikum Halle (Saale) AöR,7,2024-05-14,2026-07-23,3,800
Signage / wayfinding / vinyl,PRINT_BROKERAGE,Quebec,Canada - Quebec,buy_74b11442e524cd8beea0,Réseau de Transport Métropolitain (EXO),7,2023-09-14,2026-07-22,4,1042
Document digitization / scanning,DATA_ADMIN,Germany,Germany,buy_63088f1cecc3059a05af,Verpflegungsamt der Bundeswehr,7,2025-10-16,2026-07-21,2,278
Brochure / flyer / poster printing,PRINT_BROKERAGE,Quebec,Canada - Quebec,buy_78dfd7b9f65fb65fb074,Université de Sherbrooke -Service des ressources financières- Section de l'approvisionnement,7,2024-04-19,2026-07-20,3,822
Signage / wayfinding / vinyl,PRINT_BROKERAGE,France,France,buy_70039b6739d90654a59d,Conseil Départemental du Pas-de-Calais,7,2024-10-24,2026-07-18,3,632
Transcription / minutes,VIDEO_AUDIO,Quebec,Canada - Quebec,buy_b751bf32eac252b05ac4,SANTÉ QUÉBEC - Centre Hospitalier de l'Université de Montréal (CHUM),7,2024-06-25,2026-07-16,3,751
Signage / wayfinding / vinyl,PRINT_BROKERAGE,Quebec,Canada - Quebec,buy_22070916a2334d37e1ed,CISSS Montérégie-Ouest,7,2023-10-05,2026-07-14,3,1013
Brochure / flyer / poster printing,PRINT_BROKERAGE,Germany,Germany,buy_6ffa715f05ef3dce870a,Landkreis Regensburg,7,2023-12-08,2026-07-13,3,948
Brochure / flyer / poster printing,PRINT_BROKERAGE,Quebec,Canada - Quebec,buy_75edb95bafb0b7774b08,Ministère de l'Éducation,7,2023-10-27,2026-07-10,4,987
Document digitization / scanning,DATA_ADMIN,Germany,Germany,buy_64c55e271a395767f531,Handwerkskammer für München und Oberbayern,7,2023-11-06,2026-07-10,3,977
Website design / redesign,WEB_DIGITAL,United Kingdom,United Kingdom,buy_14682549ff2d73d44e6e,"CENTRE FOR ENVIRONMENT, FISHERIES AND AQUACULTURE SCIENCE",7,2025-04-11,2026-07-09,2,454
Website design / redesign,WEB_DIGITAL,Canada federal,Canada,buy_724fa8459a3d3d63ce6f,"Department of Foreign Affairs, Trade and Development (GAC)",7,2025-08-13,2026-07-08,2,329
Data cleaning / deduplication,DATA_ADMIN,TED,DNK,buy_ccb634a88b3b7aa188bd,European Environment Agency (EEA),7,2024-10-22,2026-07-08,3,624
Signage / wayfinding / vinyl,PRINT_BROKERAGE,TED,POL,buy_e4d061caa68fce2f60e7,PL.2012+ Sp. z o.o.,7,2024-02-20,2026-07-03,3,864
Brochure / flyer / poster printing,PRINT_BROKERAGE,Quebec,Canada - Quebec,buy_1b54d4af34bf32ea423c,Régie de l'assurance maladie du Québec,7,2023-08-02,2026-07-03,4,1066
Transcription / minutes,VIDEO_AUDIO,United Kingdom,United Kingdom,buy_75b0676d59b8ca22663d,Ministry of Defence,7,2023-08-22,2026-07-01,4,1044
Document digitization / scanning,DATA_ADMIN,Germany,Germany,buy_06afaab6c47a57d3b6f3,BARMER Beschaffung und Vergabe,7,2024-03-08,2026-06-30,3,844
Signage / wayfinding / vinyl,PRINT_BROKERAGE,Belgium,BE,buy_4338e72c29d0ce89af028305,Infrabel Projects South,7,2024-06-11,2026-06-25,3,744
Digital marketing / SEO / campaigns,CONTENT_DESIGN,France,France,buy_ede6177ebcd2372132c2,Centre de soutien technique et administratif (CSTA),7,2024-05-05,2026-06-20,2,776
Document digitization / scanning,DATA_ADMIN,Germany,Germany,buy_0b8cf4e027006b340fbb,BWI GmbH,7,2023-11-07,2026-06-16,4,952
Signage / wayfinding / vinyl,PRINT_BROKERAGE,Belgium,BE,buy_fefa59daaa94329a5aa8dc30,Direction régionale de Bruxelles,7,2024-01-22,2026-06-15,3,875
Small IT equipment supply,PROCUREMENT_BROKERAGE,TED,BRB,buy_83d9d38d108ab92649c7,United Nations Office for Project Services (UNOPS),7,2025-08-07,2026-06-15,2,312
Graphic design / layout,CONTENT_DESIGN,TED,CZE,buy_85fe87d2665464f38efa,Ministerstvo pro místní rozvoj,7,2024-03-15,2026-06-15,3,822
Web hosting / domain / SSL,WEB_DIGITAL,TED,ROU,buy_56f10621e0007ccb73ca,"Universitatea de Medicina si Farmacie ""Iuliu Hatieganu"" Cluj-Napoca",7,2024-02-05,2026-06-12,3,858
Document digitization / scanning,DATA_ADMIN,Germany,Germany,buy_deebfa5d9618521044ea,Brandenburgisches Oberlandesgericht,7,2025-02-20,2026-06-10,2,475
Small IT equipment supply,PROCUREMENT_BROKERAGE,TED,POL,buy_cad8870f15cac7235fe0,Centrum Informatyki Resortu Finansów,7,2024-03-26,2026-06-09,3,805
Transcription / minutes,VIDEO_AUDIO,United Kingdom,United Kingdom,buy_19b96ee5c1e17ccda105,Department for Education,7,2023-11-07,2026-06-08,3,944
Website design / redesign,WEB_DIGITAL,United Kingdom,United Kingdom,buy_66a4b28eee36c0a92f32,The Association of North East Councils Limited,7,2025-11-19,2026-06-04,2,197
Copywriting / editorial content,CONTENT_DESIGN,Quebec,Canada - Quebec,buy_8f600c7f3e889559186f,Ville de Saint-Jean-sur-Richelieu.,7,2023-11-15,2026-06-04,4,932
Document digitization / scanning,DATA_ADMIN,TenderNed,Netherlands,buy_55d92c6c42db21b0b731,IUC-Noord,7,2023-08-11,2026-06-01,4,1025
Transcription / minutes,VIDEO_AUDIO,United Kingdom,United Kingdom,buy_1c2a629fdf82c02f11a4,NHS Wales Shared Services Partnership-Procurement Services (hosted by Velindre University NHS Trust),7,2024-04-23,2026-06-01,3,769
Web hosting / domain / SSL,WEB_DIGITAL,TED,ISL,buy_762b14c03b51c7f5e2fb,Fjársýsla ríkisins,7,2025-12-05,2026-05-20,2,166
Small IT equipment supply,PROCUREMENT_BROKERAGE,TED,POL,buy_293363763c9d1a4b758f,Izba Administracji Skarbowej w Warszawie,7,2024-03-13,2026-05-18,3,796
Web hosting / domain / SSL,WEB_DIGITAL,TED,NOR,buy_581df20f038735ed5497,Loppa Kommune,7,2024-02-02,2026-05-15,3,833
Signage / wayfinding / vinyl,PRINT_BROKERAGE,France,France,buy_e5514c35ced7679f108b,REGION ILE DE FRANCE,7,2024-06-02,2026-05-15,3,712
Brochure / flyer / poster printing,PRINT_BROKERAGE,TenderNed,Netherlands,buy_8128a924e92a2b36e8e2,VNG Realisatie,7,2024-03-07,2026-05-15,3,799
Brand identity / visual identity,CONTENT_DESIGN,TED,POL,buy_e4d061caa68fce2f60e7,Gmina Zawiercie,7,2024-01-31,2026-05-05,3,825
Web hosting / domain / SSL,WEB_DIGITAL,Canada federal,Canada,buy_6cccf1c8162482cf8b98,Shared Services Canada,7,2023-11-22,2026-04-29,4,889
Website design / redesign,WEB_DIGITAL,TenderNed,Netherlands,buy_030687f7b738d520febd,Gemeente Amstelveen,7,2025-02-11,2026-04-16,2,429
Transcription / minutes,VIDEO_AUDIO,TenderNed,Netherlands,buy_b4fc6c766ca5849c41a9,Zorginstituut Nederland,7,2025-07-16,2026-04-15,2,273
Copywriting / editorial content,CONTENT_DESIGN,Quebec,Canada - Quebec,buy_3b7bf356ddd24489f2fd,Ministère de la Culture et des Communications,7,2024-09-13,2026-04-07,3,571
Signage / wayfinding / vinyl,PRINT_BROKERAGE,Belgium,BE,buy_758b602770c8a3348ad45d31,Hainaut Ingénierie Technique,7,2024-09-11,2026-04-01,3,567
Brochure / flyer / poster printing,PRINT_BROKERAGE,France,France,buy_ce05b077cd4b2177125e,Université Paris 1 Panthéon-Sorbonne,7,2023-12-24,2026-03-27,4,824
Website design / redesign,WEB_DIGITAL,TenderNed,Netherlands,buy_bb767f4f4afa56c614fd,Commando Materieel en iT (COMMIT),7,2024-02-28,2026-03-13,3,744
Copywriting / editorial content,CONTENT_DESIGN,Quebec,Canada - Quebec,buy_baea65f065e970f6c0cc,Cité de Dorval,7,2023-12-13,2026-03-11,4,819
Brochure / flyer / poster printing,PRINT_BROKERAGE,Germany,Germany,buy_13f59f34967830e01324,Freistaat Bayern vertreten durch das Bayerische Landesamt für Steuern - Zentrale Vergabestelle -,7,2024-05-07,2026-03-11,3,673
Document digitization / scanning,DATA_ADMIN,TED,BGR,buy_b63fd7ac83e5501cf324,БЪЛГАРСКИ ПОЩИ ЕАД,7,2024-04-24,2026-03-10,3,685
Workflow automation / RPA,AUTOMATION_SOFTWARE,Quebec,Canada - Quebec,buy_5748010f71b1b5862a92,CIUSSS du Nord-de-l'Île-de-Montréal,7,2024-04-29,2026-03-09,3,679
Signage / wayfinding / vinyl,PRINT_BROKERAGE,France,France,buy_4c6cccbef83845956b22,Communauté Urbaine de Dunkerque,7,2023-10-13,2026-03-07,4,876
Document digitization / scanning,DATA_ADMIN,Germany,Germany,buy_18a5fe3c35b8b59b8380,Eisenbahn-Bundesamt,7,2023-11-06,2026-03-05,4,850
Transcription / minutes,VIDEO_AUDIO,Quebec,Canada - Quebec,buy_8b047c9f347dd0653132,CHU Ste-Justine,7,2023-10-27,2026-03-05,3,860
Social media content production,CONTENT_DESIGN,TED,ESP,buy_262acb26bfbdf5a4121e,"Madrid Destino Cultura Turismo y Negocio, S.A.",7,2024-02-26,2026-03-03,3,736
Document digitization / scanning,DATA_ADMIN,TED,SVN,buy_e485d016ee83f57656f8,"MINISTRSTVO ZA INFRASTRUKTURO, DIREKCIJA REPUBLIKE SLOVENIJE ZA INFRASTRUKTURO",7,2024-04-19,2026-02-24,3,676
Signage / wayfinding / vinyl,PRINT_BROKERAGE,Belgium,BE,buy_ff779501fd3548bac21a117b,Direction régionale du Hainaut,7,2024-02-19,2026-02-23,3,735
Labels / stickers / QR materials,PRINT_BROKERAGE,TED,CHE,buy_bacf2bcb45c828276231,"Hochbauaumt Kanton Zürich, Baubereich D",7,2024-01-11,2026-02-13,3,764
Website design / redesign,WEB_DIGITAL,United Kingdom,United Kingdom,buy_e55cc49c62224cdd58a2,UK Research and Innovation,7,2025-05-21,2026-02-11,2,266
Document digitization / scanning,DATA_ADMIN,TED,CYP,buy_36fedc0c3fdde8d00aea,"Υπουργείο Παιδείας, Αθλητισμού και Νεολαίας",7,2024-01-31,2026-02-09,3,740
Brochure / flyer / poster printing,PRINT_BROKERAGE,TenderNed,Netherlands,buy_349102c26e14ca9b9846,Universiteit van Amsterdam,7,2024-06-28,2026-02-08,3,590
Small IT equipment supply,PROCUREMENT_BROKERAGE,Canada federal,Canada,buy_fbfe072526fa9b1b9e3f,Government of the Northwest Territories (GNWT),7,2025-04-25,2026-01-30,2,280
Signage / wayfinding / vinyl,PRINT_BROKERAGE,Quebec,Canada - Quebec,buy_f8857d7e89ce4134d78e,Ville de Lévis.,7,2023-09-08,2026-01-30,4,875
Direct mail / envelope / routing,PRINT_BROKERAGE,Quebec,Canada - Quebec,buy_2e833e6fefaebf383f03,Université de Montréal - Direction des immeubles,7,2024-02-12,2026-01-29,3,717
Brochure / flyer / poster printing,PRINT_BROKERAGE,France,France,buy_6fa7815eebbae7bc8d3c,Conseil Départemental des Vosges,7,2023-11-10,2026-01-29,4,811
Brochure / flyer / poster printing,PRINT_BROKERAGE,France,France,buy_102291958d7378f20c99,Conseil départemental d'Indre et Loire,7,2024-01-12,2026-01-14,3,733
Document digitization / scanning,DATA_ADMIN,TenderNed,Netherlands,buy_46a7b7468c880f50267d,Alliander N.V.,7,2023-12-01,2025-11-27,3,727
AI chatbot / assistant,AUTOMATION_SOFTWARE,TED,ROU,buy_56f10621e0007ccb73ca,Spitalulul Clinic de Ortopedie Traumatologie si TBC Osteoarticular Foisor,7,2024-09-25,2025-11-19,2,420
Brochure / flyer / poster printing,PRINT_BROKERAGE,France,France,buy_7c72180846dd85ab2dd8,COMMUNE D'ISTRES,7,2023-09-11,2025-11-19,3,800
Brochure / flyer / poster printing,PRINT_BROKERAGE,France,France,buy_bdb60e9c143db422f955,Conseil Départemental du NORD,7,2024-01-05,2025-11-10,2,675
Signage / wayfinding / vinyl,PRINT_BROKERAGE,France,France,buy_106b4e1aa023e5241706,ville de Marseille,7,2023-08-29,2025-10-24,3,787
Document digitization / scanning,DATA_ADMIN,Germany,Germany,buy_f9e64560329a7e6b968d,Bundesnetzagentur,7,2024-08-15,2025-09-09,2,390
Document digitization / scanning,DATA_ADMIN,Germany,Germany,buy_6242afb5dcbd12a8a4c4,Landesamt für Umweltschutz Sachsen- Anhalt,7,2024-10-01,2025-09-08,2,342
Transcription / minutes,VIDEO_AUDIO,Quebec,Canada - Quebec,buy_f19af58255d4cb1bf57c,CISSS de Chaudière-Appalaches,7,2023-11-01,2025-08-14,3,652
Transcription / minutes,VIDEO_AUDIO,Quebec,Canada - Quebec,buy_440e203d13e0adba32ed,Ville de Laval,7,2024-08-09,2025-08-11,2,367
Website design / redesign,WEB_DIGITAL,United Kingdom,United Kingdom,buy_4d41bed8d623ac5bc010,British Library,7,2024-07-02,2025-08-04,2,398
Signage / wayfinding / vinyl,PRINT_BROKERAGE,Belgium,BE,buy_6a92ae85b9ba86010737bea8,Hainaut Gestion du Patrimoine,7,2023-08-24,2025-08-01,3,708
AI chatbot / assistant,AUTOMATION_SOFTWARE,TED,NOR,buy_581df20f038735ed5497,Posten Bring AS,7,2024-01-08,2025-03-24,2,441
Website design / redesign,WEB_DIGITAL,Quebec,Canada - Quebec,buy_8b047c9f347dd0653132,CHU Ste-Justine,7,2023-09-29,2025-02-05,3,495
Copywriting / editorial content,CONTENT_DESIGN,Quebec,Canada - Quebec,buy_75edb95bafb0b7774b08,Ministère de l'Éducation,7,2023-10-27,2025-01-07,3,438
Signage / wayfinding / vinyl,PRINT_BROKERAGE,France,France,buy_685a5953381092bc865c,Communauté de Communes des Sablons (60),7,2024-07-19,2024-12-17,1,151
Website design / redesign,WEB_DIGITAL,Canada federal,Canada,buy_8f38d36bf80d26bb16b2,Correction Service Canada,7,2023-10-16,2024-11-15,2,396
Website design / redesign,WEB_DIGITAL,Canada federal,Canada,buy_979575dd10b79a25eeea,Public Works and Government Services Canada,7,2023-09-07,2024-08-23,2,351
Website design / redesign,WEB_DIGITAL,Canada federal,Canada,buy_e5c3ccd7492543d8e092,PSPC,7,2023-08-15,2024-07-23,2,343
Small IT equipment supply,PROCUREMENT_BROKERAGE,TED,PL,buy_1b512384b6c3e48f3ac7,"Politechnika Warszawska, 00-661 Warszawa, Pl. Politechniki 1, Filia w Płocku, ul. Łukasiewicza 17, 09-400 Płock",7,2023-08-21,2024-01-19,2,151
Small IT equipment supply,PROCUREMENT_BROKERAGE,TED,PL,buy_f943a6f375f871478426,Politechnika Warszawska Wydział Elektroniki i Technik Informacyjnych,7,2023-08-04,2023-10-30,1,87
Transcription / minutes,VIDEO_AUDIO,TED,ES,buy_b75bc2f1896a1e606880,Fundación del Patrimonio Natural de Castilla y León,7,2023-10-23,2023-10-30,1,7
Small IT equipment supply,PROCUREMENT_BROKERAGE,TED,MT,buy_8d6490fb91211e993a69,Department of Contracts,7,2023-08-07,2023-10-27,1,81
Online forms / lightweight portals,WEB_DIGITAL,TED,PL,buy_d061360c332a53a2e592,Komenda Główna Straży Granicznej,7,2023-08-02,2023-10-06,1,65
Brochure / flyer / poster printing,PRINT_BROKERAGE,TED,RO,buy_387943e5474f852f1c5f,ECOAQUA SA,7,2023-08-07,2023-10-03,1,57
Document digitization / scanning,DATA_ADMIN,TED,ISL,buy_762b14c03b51c7f5e2fb,Faxaflóahafnir sf.,6,2023-11-06,2026-08-05,3,1003
Graphic design / layout,CONTENT_DESIGN,TED,LUX,buy_eeed8814d806fe8dfbe5,UNIVERSITE DU LUXEMBOURG,6,2025-10-05,2026-07-31,2,299
Brochure / flyer / poster printing,PRINT_BROKERAGE,Germany,Germany,buy_75d8f8795311f5681d63,Robert Bosch Krankenhaus GmbH,6,2025-06-11,2026-07-30,2,414
Brochure / flyer / poster printing,PRINT_BROKERAGE,France,France,buy_4c6cccbef83845956b22,Communauté Urbaine de Dunkerque,6,2023-10-09,2026-07-23,3,1018
Document digitization / scanning,DATA_ADMIN,Germany,Germany,buy_c3a316376d2bc22a778b,Dataport AöR,6,2024-11-20,2026-07-23,2,610
Website design / redesign,WEB_DIGITAL,United Kingdom,United Kingdom,buy_06c19a1915f5b9dfd02c,South Yorkshire Mayoral Combined Authority,6,2025-09-16,2026-07-23,2,310
Brochure / flyer / poster printing,PRINT_BROKERAGE,France,France,buy_70039b6739d90654a59d,Conseil Départemental du Pas-de-Calais,6,2023-10-13,2026-07-23,4,1014
Website design / redesign,WEB_DIGITAL,United Kingdom,United Kingdom,buy_d1fa84546466a0e0790f,ST EDMUND'S COLLEGE CAMBRIDGE,6,2026-07-20,2026-07-21,1,1
Transcription / minutes,VIDEO_AUDIO,Canada federal,Canada,buy_a19d53cc25f83c792ad1,National Research Council of Canada (NRC),6,2025-12-12,2026-07-15,2,215
Website design / redesign,WEB_DIGITAL,United Kingdom,United Kingdom,buy_b34d3b4d60c11aa67b89,West Midlands Combined Authority,6,2023-08-17,2026-07-15,4,1063
Web hosting / domain / SSL,WEB_DIGITAL,Belgium,BE,buy_1f9a6ec487c2bab1f82cda18,KU Leuven,6,2025-05-15,2026-07-14,2,425
Transcription / minutes,VIDEO_AUDIO,United Kingdom,United Kingdom,buy_2dfcbe23a0dedc7b6f23,Department for Energy Security & Net Zero,6,2025-10-31,2026-07-13,2,255
Transcription / minutes,VIDEO_AUDIO,Quebec,Canada - Quebec,buy_ec9ab9a30029c3807456,Centre intégré de santé et de services sociaux de la Montérégie-Centre (CISSS de la Montérégie-Centre),6,2024-03-25,2026-07-09,3,836
Brochure / flyer / poster printing,PRINT_BROKERAGE,TED,NOR,buy_40e5a92eb2ef8ee191bf,Finnmark Ressursselskap AS,6,2025-02-27,2026-07-08,2,496
Brochure / flyer / poster printing,PRINT_BROKERAGE,France,France,buy_e17639e091c673a0eb73,Centre National d'Enseignement à Distance (Cned),6,2024-03-24,2026-07-07,3,835
Copywriting / editorial content,CONTENT_DESIGN,Belgium,BE,buy_876811305d538dfd4b065900,SPI(3p),6,2024-11-18,2026-07-06,3,595
Website design / redesign,WEB_DIGITAL,Germany,Germany,buy_6ac5347b148d4be7467f,Bundesinstitut für Öffentliche Gesundheit (BIÖG),6,2026-01-06,2026-07-06,1,181
Transcription / minutes,VIDEO_AUDIO,TenderNed,Netherlands,buy_e8f7854e2d202bf82b1a,"Ministerie van Defensie, Defensie Ondersteuningscommando (DOSCO)",6,2023-12-21,2026-06-28,4,920
Website design / redesign,WEB_DIGITAL,United Kingdom,United Kingdom,buy_60eacdb83f95d20e0992,Thirteen Housing Group Limited,6,2023-11-30,2026-06-26,4,939
Document digitization / scanning,DATA_ADMIN,TenderNed,Netherlands,buy_ba72baf57d589ecb103b,Gemeente Oldambt,6,2024-11-01,2026-06-24,2,600
Document digitization / scanning,DATA_ADMIN,United Kingdom,United Kingdom,buy_73e6d70a178a2412f5f5,JNCC SUPPORT CO,6,2025-10-07,2026-06-23,2,259
Signage / wayfinding / vinyl,PRINT_BROKERAGE,Belgium,BE,buy_1c9937364ffb1d51a5f56ff9,Seraing,6,2024-04-24,2026-06-22,3,789
Brochure / flyer / poster printing,PRINT_BROKERAGE,France,France,buy_0e7ecd3d0ea9189ed293,Centre des monuments nationaux,6,2025-02-09,2026-06-21,2,497
Brochure / flyer / poster printing,PRINT_BROKERAGE,France,France,buy_e5514c35ced7679f108b,Région Ile de France,6,2024-04-26,2026-06-14,3,779
Simple API / software integration,AUTOMATION_SOFTWARE,TED,CHE,buy_bacf2bcb45c828276231,Ville de Lausanne – LEA - Service d’organisation et d’informatique (SOI),6,2024-09-02,2026-06-11,3,647
Website design / redesign,WEB_DIGITAL,TenderNed,Netherlands,buy_d491e069a17a8bf106ca,Metropoolregio Eindhoven,6,2024-04-18,2026-06-08,2,781
Document digitization / scanning,DATA_ADMIN,TenderNed,Netherlands,buy_0d910932efa94717f179,Stichting Amsterdam UMC,6,2024-10-18,2026-06-08,3,598
Transcription / minutes,VIDEO_AUDIO,United Kingdom,United Kingdom,buy_80e14296282f5f5b135c,NHS ENGLAND,6,2023-11-29,2026-06-05,3,919
Signage / wayfinding / vinyl,PRINT_BROKERAGE,Quebec,Canada - Quebec,buy_599a3ef6df17854068cb,Université du Québec à Montréal,6,2023-11-30,2026-06-04,3,917
Transcription / minutes,VIDEO_AUDIO,TenderNed,Netherlands,buy_ca31e7e4d3e19f9048ff,Gemeente Zaanstad,6,2024-04-12,2026-06-02,3,781
Website design / redesign,WEB_DIGITAL,TenderNed,Netherlands,buy_6a52b0a82189d174d3ae,Gemeente Haarlemmermeer,6,2023-10-04,2026-06-02,3,972
Workflow automation / RPA,AUTOMATION_SOFTWARE,TED,SWE,buy_3d59e3bbb5e2f64301ba,Stadskontoret,6,2023-11-16,2026-05-29,4,925
Transcription / minutes,VIDEO_AUDIO,Germany,Germany,buy_d46f077b20eeec1a90af,Landkreis Ludwigslust-Parchim - Der Landrat,6,2025-05-23,2026-05-27,2,369
Signage / wayfinding / vinyl,PRINT_BROKERAGE,Quebec,Canada - Quebec,buy_1acbe3d6dd69992b3886,Ministère des Transports et de la Mobilité durable (Direction générale de la gestion contractuelle),6,2023-08-08,2026-05-26,2,1022
Website design / redesign,WEB_DIGITAL,Germany,Germany,buy_6dffe386cc01d597f8e9,NRW.BANK AöR,6,2024-02-27,2026-05-26,2,819
Brochure / flyer / poster printing,PRINT_BROKERAGE,Belgium,BE,buy_bc2436bac80d41a736abda00,Administration générale de l'Enseignement,6,2023-12-18,2026-05-26,4,890
Brochure / flyer / poster printing,PRINT_BROKERAGE,Quebec,Canada - Quebec,buy_b14589da70b9c686f6fa,Ville de Montréal - Arrondissement Lasalle,6,2023-01-16,2026-05-21,3,1221
Small IT equipment supply,PROCUREMENT_BROKERAGE,TED,BIH,buy_927d666820b771efe0b7,"European Commission, ENEST - Enlargement and Eastern Neighbourhood",6,2024-09-17,2026-05-21,3,611
Document digitization / scanning,DATA_ADMIN,TED,CZE,buy_6f79629fe8c07370e0e8,Univerzita Karlova,6,2024-05-10,2026-05-18,3,738
Document digitization / scanning,DATA_ADMIN,TenderNed,Netherlands,buy_be6bc329a9ac383608c0,Wageningen University & Research,6,2024-08-16,2026-05-15,3,637
Signage / wayfinding / vinyl,PRINT_BROKERAGE,Quebec,Canada - Quebec,buy_cfbb924a92faa405859d,Ville de Saint-Jérôme.,6,2023-11-17,2026-05-13,4,908
Signage / wayfinding / vinyl,PRINT_BROKERAGE,Quebec,Canada - Quebec,buy_462fa93121ac76cb17fc,Ville de Boucherville,6,2024-02-05,2026-05-11,3,826
Simple API / software integration,AUTOMATION_SOFTWARE,TED,FIN,buy_b25d30d271157ab27322,Traffic Management Company Fintraffic Ltd,6,2023-12-12,2026-05-09,4,879
Website design / redesign,WEB_DIGITAL,United Kingdom,United Kingdom,buy_d21e776de3138c090695,"Leicestershire County Council, trading as ESPO",6,2025-05-22,2026-05-07,2,350
Web hosting / domain / SSL,WEB_DIGITAL,TenderNed,Netherlands,buy_46a7b7468c880f50267d,Alliander N.V.,6,2024-02-09,2026-05-07,3,818
Brochure / flyer / poster printing,PRINT_BROKERAGE,France,France,buy_57a8b61e68551e65fd75,Agence de l'eau Seine-Normandie,6,2024-06-22,2026-04-29,2,676
Transcription / minutes,VIDEO_AUDIO,Quebec,Canada - Quebec,buy_f9491f8a90e3ad650bd6,Directeur des poursuites criminelles et pénales,6,2023-10-19,2026-04-28,3,922
Web hosting / domain / SSL,WEB_DIGITAL,TenderNed,Netherlands,buy_3d218537f8e2c8f4bb9e,Gemeente Amsterdam,6,2024-08-30,2026-04-26,3,604
Transcription / minutes,VIDEO_AUDIO,Quebec,Canada - Quebec,buy_69b4b0c5801f73def668,Société de l'assurance automobile du Québec .,6,2023-12-11,2026-04-24,3,865
Signage / wayfinding / vinyl,PRINT_BROKERAGE,Belgium,BE,buy_7a81db632187b1a4b6e2fce5,Opérateur de Transport de Wallonie,6,2023-12-07,2026-04-24,4,869
Website design / redesign,WEB_DIGITAL,United Kingdom,United Kingdom,buy_b36c3c47ce15e437480b,The Mayor and Commonalty and Citizens of the City of London,6,2025-04-11,2026-04-23,2,377
Document digitization / scanning,DATA_ADMIN,Germany,Germany,buy_63dbc34c3992ba030e7f,Handwerkskammer Braunschweig-Lüneburg-Stade,6,2024-07-09,2026-04-20,2,650
Brochure / flyer / poster printing,PRINT_BROKERAGE,Quebec,Canada - Quebec,buy_b09b36e95e556fb79750,Centre d'acquisitions gouvernementales,6,2024-02-02,2026-04-20,3,808
Brochure / flyer / poster printing,PRINT_BROKERAGE,TenderNed,Netherlands,buy_0c1ad1c449536e1a85ea,Gemeente 's-Hertogenbosch,6,2024-06-19,2026-04-16,3,666
Transcription / minutes,VIDEO_AUDIO,TenderNed,Netherlands,buy_f8ed0d89ecd0854f9997,Gemeente Eemsdelta,6,2023-12-22,2026-04-16,4,846
Document digitization / scanning,DATA_ADMIN,TenderNed,Netherlands,buy_030687f7b738d520febd,Gemeente Amstelveen,6,2024-06-28,2026-04-16,3,657
Document digitization / scanning,DATA_ADMIN,TenderNed,Netherlands,buy_57b5b6bce24200185682,Gemeente Oss,6,2023-09-01,2026-04-16,3,958
Document digitization / scanning,DATA_ADMIN,Germany,Germany,buy_f000bc7ab96498de91a1,Verkehrsverbund Rhein-Ruhr AöR,6,2023-11-30,2026-04-14,4,866
Document digitization / scanning,DATA_ADMIN,Germany,Germany,buy_38638a6509c811475634,Stadt Regensburg,6,2023-11-08,2026-04-14,4,888
Brochure / flyer / poster printing,PRINT_BROKERAGE,Germany,Germany,buy_5ea5ac217c9d7ea5ba94,"Landeshauptstadt Düsseldorf, Der Oberbürgermeister, Amt für Recht, Vergabe und Versicherungen, Zentrale Vergabestelle",6,2024-12-05,2026-04-08,3,489
Document digitization / scanning,DATA_ADMIN,TenderNed,Netherlands,buy_e112869d677cade3d75a,TenneT TSO,6,2025-10-15,2026-04-08,2,175
Copywriting / editorial content,CONTENT_DESIGN,Belgium,BE,buy_43a3bd41d8860af3b3935e7c,in BW Association Intercommunale,6,2023-09-05,2026-04-07,3,945
Document digitization / scanning,DATA_ADMIN,TenderNed,Netherlands,buy_952ce065abf0b13fe41a,Gemeente Utrecht,6,2023-08-09,2026-04-02,3,967
Signage / wayfinding / vinyl,PRINT_BROKERAGE,Ireland,Ireland,buy_92363d3d8f2f018d6c52,Office of Public Works (OPW),6,2025-01-17,2026-03-31,2,438
Document digitization / scanning,DATA_ADMIN,Germany,Germany,buy_369c75fd4f92e243a63e,HOWOGE Wohnungsbaugesellschaft mbH,6,2024-02-02,2026-03-27,3,784
Document digitization / scanning,DATA_ADMIN,Germany,Germany,buy_648f79627748dd185b40,"Ministerium für Heimat, Kommunales, Bau und Digitalisierung des Landes Nordrhein-Westfalen",6,2024-10-11,2026-03-25,3,530
Website design / redesign,WEB_DIGITAL,Canada federal,Canada,buy_b9172563222715d8f59f,Department of Fisheries and Oceans (DFO),6,2025-05-26,2026-03-24,2,302
Signage / wayfinding / vinyl,PRINT_BROKERAGE,Belgium,BE,buy_b7d339e0ce31252211a88207,Intercommunale Idea Mons-Borinage-Centre SCRL,6,2024-06-07,2026-03-16,3,647
Web hosting / domain / SSL,WEB_DIGITAL,TED,AUT,buy_001cc06b96d8f5cfe636,ÖBB-Holding AG mit allen verbundenen Unternehmen,6,2023-12-20,2026-03-16,4,817
Brochure / flyer / poster printing,PRINT_BROKERAGE,TenderNed,Netherlands,buy_3d218537f8e2c8f4bb9e,Gemeente Amsterdam,6,2024-10-24,2026-03-14,3,506
Document digitization / scanning,DATA_ADMIN,Germany,Germany,buy_042d52e185e463c394d3,"DB Systel GmbH (Bukr 2B, 44)",6,2023-12-08,2026-03-09,3,822
Document digitization / scanning,DATA_ADMIN,France,France,buy_58d6845ce8294230c7ef,Bibliothèque Nationale de France,6,2023-10-13,2026-02-27,4,868
Brochure / flyer / poster printing,PRINT_BROKERAGE,France,France,buy_20fd4ccbdb83a4e0c29a,Région Provence-Alpes-Côte d'Azur,6,2024-10-09,2026-02-15,3,494
Social media content production,CONTENT_DESIGN,TED,SWE,buy_3d59e3bbb5e2f64301ba,Luleå tekniska universitet,6,2024-11-08,2026-02-13,3,462
Brochure / flyer / poster printing,PRINT_BROKERAGE,Ireland,Ireland,buy_73f96bb899eebd2f4cc9,National Transport Authority,6,2023-10-25,2026-02-11,3,840
Social media content production,CONTENT_DESIGN,TED,CZE,buy_85fe87d2665464f38efa,Česká průmyslová zdravotní pojišťovna,6,2024-04-18,2026-02-02,3,655
Graphic design / layout,CONTENT_DESIGN,TED,DNK,buy_ccb634a88b3b7aa188bd,European Environment Agency (EEA),6,2024-03-06,2026-01-23,3,688
Document digitization / scanning,DATA_ADMIN,Germany,Germany,buy_5684d2b460f76ba814fe,Stadt Münster,6,2024-04-23,2026-01-19,2,636
Brochure / flyer / poster printing,PRINT_BROKERAGE,France,France,buy_97ce44badffab2ec31c4,Département de la Seine-Maritime,6,2024-03-30,2026-01-18,3,659
Website design / redesign,WEB_DIGITAL,United Kingdom,United Kingdom,buy_3391c792fd1f70715d29,Norfolk County Council,6,2025-05-30,2026-01-13,2,228
Signage / wayfinding / vinyl,PRINT_BROKERAGE,Belgium,BE,buy_1bd670b70ead62d4ef7f569b,Direction régionale de Liège,6,2024-01-31,2026-01-09,3,709
Document digitization / scanning,DATA_ADMIN,Germany,Germany,buy_869c9ff65b07e74f9f5e,PD - Berater der öffentlichen Hand GmbH,6,2024-05-08,2026-01-09,3,611
Labels / stickers / QR materials,PRINT_BROKERAGE,Canada federal,Canada,buy_0607a8a09c35020b4e75,Department of Public Works and Government Services (PSPC),6,2023-09-18,2026-01-08,4,843
Document digitization / scanning,DATA_ADMIN,United Kingdom,United Kingdom,buy_75b0676d59b8ca22663d,Ministry of Defence,6,2023-08-02,2025-12-15,3,866
Copywriting / editorial content,CONTENT_DESIGN,Belgium,BE,buy_d398272a40897f050b6c9e6d,Université Libre de Bruxelles,6,2024-03-28,2025-12-15,2,627
Cataloguing / indexing / metadata,DATA_ADMIN,TED,NOR,buy_581df20f038735ed5497,SYKEHUSINNKJØP HF,6,2023-12-22,2025-12-12,3,721
Document digitization / scanning,DATA_ADMIN,TenderNed,Netherlands,buy_f8058940e08f75993385,Universitair Medisch Centrum Groningen (UMCG),6,2023-12-17,2025-12-12,3,726
Copywriting / editorial content,CONTENT_DESIGN,Belgium,BE,buy_e3eb92f35a9060868d7d3a6f,"SPF Economie, PME, Classes moyennes et Energie",6,2023-09-18,2025-12-09,3,813
Document digitization / scanning,DATA_ADMIN,Germany,Germany,buy_dff1de2726eacfec7c34,Universität Heidelberg,6,2024-03-28,2025-11-25,2,607
Document digitization / scanning,DATA_ADMIN,Germany,Germany,buy_02e994132cb9b6b5f35d,Max-Planck-Gesellschaft z.F.d.W. Generalverwaltung;,6,2024-01-09,2025-11-21,2,682
Document digitization / scanning,DATA_ADMIN,Germany,Germany,buy_06c58785754d92a78574,ekom21 - Kommunales Gebietsrechenzentrum Hessen,6,2024-02-29,2025-11-20,2,630
Copywriting / editorial content,CONTENT_DESIGN,Quebec,Canada - Quebec,buy_20a0d3dbac1bd14a1349,Ministère de la Santé et des Services Sociaux,6,2023-09-28,2025-11-18,3,782
Signage / wayfinding / vinyl,PRINT_BROKERAGE,Quebec,Canada - Quebec,buy_440e203d13e0adba32ed,Ville de Laval,6,2023-11-17,2025-11-17,3,731
Transcription / minutes,VIDEO_AUDIO,Germany,Germany,buy_84036a2439505808f613,AOK Bayern - Die Gesundheitskasse,6,2023-10-27,2025-11-11,2,746
Brochure / flyer / poster printing,PRINT_BROKERAGE,France,France,buy_f5526f1a90a7971ceb17,VILLE DE LIMOGES,6,2024-01-02,2025-11-05,2,673
Website design / redesign,WEB_DIGITAL,Germany,Germany,buy_2e0a7475b9db81f60fc8,"Bundesrepublik Deutschland, vertreten durch das Bundesministerium des Innern und für Heimat, vertreten durch das Beschaffungsamt des BMI",6,2023-12-22,2025-11-03,3,682
Data entry / back-office processing,DATA_ADMIN,TED,MLT,buy_49603fbd0efcf57ee39e,Department of Contracts,6,2024-05-16,2025-11-03,2,536
Brochure / flyer / poster printing,PRINT_BROKERAGE,Quebec,Canada - Quebec,buy_78c087400a2e11bb6c94,Ville de Brossard,6,2023-08-24,2025-10-29,3,797
Brochure / flyer / poster printing,PRINT_BROKERAGE,Quebec,Canada - Quebec,buy_a88d36c76ab8675faa01,Ville de Montréal - Arrondissement de Mercier–Hochelaga-Maisonneuve,6,2024-01-10,2025-10-14,2,643
Promotional merchandise / branded items,PRINT_BROKERAGE,France,France,buy_3698935a69311219314e,Conseil Départemental de la Guadeloupe,6,2023-10-08,2025-10-10,2,733
Document digitization / scanning,DATA_ADMIN,Germany,Germany,buy_ba186351af0e45be47f8,Universitätsklinikum Frankfurt,6,2023-12-12,2025-10-09,3,667
Brochure / flyer / poster printing,PRINT_BROKERAGE,France,France,buy_375680e572ea0ea03b49,GRAND PORT MARITIME DE MARSEILLE,6,2023-09-29,2025-10-07,3,739
Brochure / flyer / poster printing,PRINT_BROKERAGE,France,France,buy_2fdb63999254a387e51e,Département de la Seine-Saint-Denis,6,2024-01-24,2025-10-07,2,622
Brochure / flyer / poster printing,PRINT_BROKERAGE,France,France,buy_d9380dacc7251bf49508,Département de Mayotte,6,2024-03-13,2025-09-25,2,561
Document digitization / scanning,DATA_ADMIN,Germany,Germany,buy_e923a2c99fc1626957a0,Deutsches Krebsforschungszentrum Heidelberg,6,2025-08-14,2025-09-17,1,34
Brochure / flyer / poster printing,PRINT_BROKERAGE,Canada federal,Canada,buy_d4c08f624d20d762b55f,Department of Justice (JUS),6,2025-04-30,2025-09-15,1,138
Document digitization / scanning,DATA_ADMIN,TenderNed,Netherlands,buy_5f9fbd36fa48394e0ac5,Leids Universitair Medisch Centrum (LUMC),6,2023-09-21,2025-08-30,3,709
Website maintenance / content updates,WEB_DIGITAL,TED,ITA,buy_811f3d14bc58dffafbdd,Comando Generale della Guardia di Finanza - Direzione Approvvigionamenti,6,2024-01-30,2025-08-28,2,576
Transcription / minutes,VIDEO_AUDIO,Quebec,Canada - Quebec,buy_5174d59864f1bd30a789,Centre Intégré de Santé et de Services Sociaux de l'Outaouais,6,2024-06-25,2025-08-27,2,428
Website design / redesign,WEB_DIGITAL,TED,CZE,buy_6f79629fe8c07370e0e8,Památník národního písemnictví,6,2024-04-17,2025-08-22,2,492
Brochure / flyer / poster printing,PRINT_BROKERAGE,TenderNed,Netherlands,buy_fa92243f5d9c68323c3d,"Belastingdienst, IUC Belastingdienst",6,2023-11-10,2025-08-12,3,641
Document digitization / scanning,DATA_ADMIN,Quebec,Canada - Quebec,buy_b2fc071dc8e65c9cf119,Ministère de la Cybersécurité et du Numérique - Direction générale des services contractuels,6,2023-11-28,2025-08-08,3,619
Website design / redesign,WEB_DIGITAL,TenderNed,Netherlands,buy_3d218537f8e2c8f4bb9e,Gemeente Amsterdam,6,2023-10-25,2025-07-30,3,644
Transcription / minutes,VIDEO_AUDIO,Quebec,Canada - Quebec,buy_7135d0c0582956e9687a,Université Concordia,6,2024-04-25,2025-07-27,2,458
Signage / wayfinding / vinyl,PRINT_BROKERAGE,Quebec,Canada - Quebec,buy_222ef02dd5db3c1d6ad6,Ville de Saguenay,6,2023-08-31,2025-07-04,3,673
Signage / wayfinding / vinyl,PRINT_BROKERAGE,Quebec,Canada - Quebec,buy_399f99e37e5763a99bdc,Cégep Marie-Victorin,6,2023-09-20,2025-06-27,3,646
Brochure / flyer / poster printing,PRINT_BROKERAGE,France,France,buy_0b217abeaec94452f06b,Bordeaux Métropole,6,2023-11-30,2025-06-13,3,561
Signage / wayfinding / vinyl,PRINT_BROKERAGE,Belgium,BE,buy_5bf39ab9d7c00d7843bdc000,Intercommunale de Gestion de l'Environnement,6,2023-11-17,2025-05-23,3,553
Brochure / flyer / poster printing,PRINT_BROKERAGE,France,France,buy_a5a48a2821716ae2b29f,Ville de Paris,6,2023-11-08,2025-05-03,3,542
Proofreading / editing,CONTENT_DESIGN,Quebec,Canada - Quebec,buy_58a14b74d6ae2c25f910,"Ministère de l'Économie, de l'Innovation et de l'Énergie",6,2024-03-27,2025-04-14,2,383
Website design / redesign,WEB_DIGITAL,TenderNed,Netherlands,buy_00580f91045620c3915e,Hogeschool Utrecht,6,2023-09-06,2025-03-28,3,569
Copywriting / editorial content,CONTENT_DESIGN,France,France,buy_887d3f67d5d25d798f62,Conseil départemental Meurthe et Moselle,6,2024-02-02,2025-03-21,2,413
Photography,VIDEO_AUDIO,Ireland,Ireland,buy_0b65a6b4ce257fcfd126,Raidió Teilifís Éireann ( RTÉ ),6,2023-09-08,2025-03-19,3,558
Brochure / flyer / poster printing,PRINT_BROKERAGE,France,France,buy_30e8fc989fb9af779843,REGION BOURGOGNE-FRANCHE-COMTE,6,2023-10-22,2025-03-02,3,497
Brochure / flyer / poster printing,PRINT_BROKERAGE,TenderNed,Netherlands,buy_4b7b1bd5ce2a234c4a45,"Ministerie van Onderwijs, Cultuur en Wetenschap",6,2024-02-08,2024-12-26,1,322
Website design / redesign,WEB_DIGITAL,Canada federal,Canada,buy_545877411b5cf10ec6e1,RCMP-GRC,6,2023-09-07,2024-12-20,2,470
Website design / redesign,WEB_DIGITAL,United Kingdom,United Kingdom,buy_75607abcdfaf5bd32c33,Procurement and Logistics Service,6,2023-09-08,2024-12-10,2,459
Document digitization / scanning,DATA_ADMIN,Germany,Germany,buy_0375e6209fc4b6f8a3b5,DB Netz AG (Bukr 16),6,2023-11-24,2024-11-19,2,361
Graphic design / layout,CONTENT_DESIGN,Quebec,Canada - Quebec,buy_75edb95bafb0b7774b08,Ministère de l'Éducation,6,2023-09-13,2024-10-16,2,399
Document digitization / scanning,DATA_ADMIN,Germany,Germany,buy_0f57804acd13c641369f,Schön Klinik Holding SE,6,2024-01-21,2024-10-04,1,257
Website design / redesign,WEB_DIGITAL,Canada federal,Canada,buy_d81a952398c488250950,Transport Canada,6,2023-11-16,2024-06-20,2,217
Website design / redesign,WEB_DIGITAL,Canada federal,Canada,buy_2ea79b65ccdb011515b0,National Defence,6,2023-08-28,2024-05-15,2,261
Website design / redesign,WEB_DIGITAL,TED,AT,buy_9c48e2aa3daaf317ef3f,International Centre for Migration Policy Development (ICMPD),6,2023-08-09,2023-12-01,1,114
Document digitization / scanning,DATA_ADMIN,TED,MT,buy_8d6490fb91211e993a69,Department of Contracts,6,2023-08-21,2023-11-30,1,101
Transcription / minutes,VIDEO_AUDIO,TED,RO,buy_da177fea2ad6c7c32dbb,ACET S.A. Suceava,6,2023-08-07,2023-10-31,1,85
Small IT equipment supply,PROCUREMENT_BROKERAGE,TED,PL,buy_85f44c176810ac685d9c,Naukowa i Akademicka Sieć Komputerowa - Państwowy Instytut Badawczy,6,2023-09-08,2023-10-24,1,46
Small IT equipment supply,PROCUREMENT_BROKERAGE,TED,PL,buy_b71d53043c1da91ca0db,Akademia Marynarki Wojennej im. Bohaterów Westerplatte,6,2023-08-04,2023-10-23,1,80
Online forms / lightweight portals,WEB_DIGITAL,TED,PL,buy_aaedbe69344c0f2e7513,Komenda Główna Straży Granicznej,6,2023-08-21,2023-09-20,1,30
Newsletter / magazine production,PRINT_BROKERAGE,TED,ESP,buy_262acb26bfbdf5a4121e,Junta de Gobierno del Ayuntamiento de Gandía,5,2024-07-24,2026-08-07,3,744
Copywriting / editorial content,CONTENT_DESIGN,Belgium,BE,buy_e3dda26f709cb24a74ad5952,Wallonie Bruxelles International,5,2024-02-07,2026-07-29,2,903
Document digitization / scanning,DATA_ADMIN,Germany,Germany,buy_9a8454b755ddcb2adb3c,Bundesanstalt für Straßen- und Verkehrswesen,5,2025-05-22,2026-07-27,2,431
Brochure / flyer / poster printing,PRINT_BROKERAGE,France,France,buy_21a5c1160f3827a0863a,Hautes-Pyrénées Tourisme Environnement,5,2024-07-26,2026-07-24,3,728
Brochure / flyer / poster printing,PRINT_BROKERAGE,France,France,buy_ec5f25b98dae796b3b2f,Département de l'Isère,5,2024-01-17,2026-07-23,3,918
Signage / wayfinding / vinyl,PRINT_BROKERAGE,Quebec,Canada - Quebec,buy_fdf636bf513a56ede635,Société de développement de la Baie-James.,5,2024-06-13,2026-07-23,3,770
Copywriting / editorial content,CONTENT_DESIGN,Belgium,BE,buy_10184e3f6b47645a1fca153e,Université de Liège (3P),5,2025-07-08,2026-07-22,2,379
Signage / wayfinding / vinyl,PRINT_BROKERAGE,Quebec,Canada - Quebec,buy_151cc0939a93ae201a8a,Ville de Salaberry-de-Valleyfield,5,2023-11-15,2026-07-21,3,979
Signage / wayfinding / vinyl,PRINT_BROKERAGE,Belgium,BE,buy_bed71d29dd1aa96b6a80c731,Ville de Bruxelles- Département Travaux de Voirie,5,2024-02-06,2026-07-20,2,895
Copywriting / editorial content,CONTENT_DESIGN,Belgium,BE,buy_c5b4e5035ad0f2aab01a9abf,Eghezée,5,2024-02-20,2026-07-15,2,876
Online forms / lightweight portals,WEB_DIGITAL,TED,SVK,buy_73db5c7f5f9933800fa8,"Slovenská elektrizačná prenosová sústava, a.s.",5,2023-10-26,2026-07-14,3,992
Brochure / flyer / poster printing,PRINT_BROKERAGE,Quebec,Canada - Quebec,buy_d2dd4869c10e9fb73176,École Polytechnique,5,2024-01-24,2026-07-13,3,901
Brochure / flyer / poster printing,PRINT_BROKERAGE,Canada federal,Canada,buy_d352f86cb29cd0b24c31,House of Commons,5,2023-11-27,2026-07-10,4,956
Transcription / minutes,VIDEO_AUDIO,United Kingdom,United Kingdom,buy_50b2ab91b96fbc3e794c,CENTRE FOR PROCESS INNOVATION LIMITED,5,2025-09-26,2026-07-09,2,286
Brochure / flyer / poster printing,PRINT_BROKERAGE,United Kingdom,United Kingdom,buy_2da6bd0a729eb81d504b,British Council,5,2025-08-05,2026-07-08,2,337
Brochure / flyer / poster printing,PRINT_BROKERAGE,Belgium,BE,buy_d6f09c00951e0dc6bb6a1997,Aankoopcentrale Groep CM-MC vzw,5,2023-12-13,2026-07-07,4,937
Transcription / minutes,VIDEO_AUDIO,United Kingdom,United Kingdom,buy_b1fd1f3fd7dc34ef3f3e,Financial Conduct Authority,5,2025-05-22,2026-07-07,2,411
Brochure / flyer / poster printing,PRINT_BROKERAGE,Belgium,BE,buy_12f260bbd39d3f9d2ea966eb,Enabel,5,2024-10-14,2026-07-07,3,631
Web hosting / domain / SSL,WEB_DIGITAL,TED,PRT,buy_091d5eef279cbb542f9f,Município de Cascais,5,2024-11-26,2026-07-04,3,585
Document digitization / scanning,DATA_ADMIN,Germany,Germany,buy_b4bba8a5c6ed50fd7bf1,Universitätsklinikum Köln AöR,5,2024-03-26,2026-07-03,3,829
Website design / redesign,WEB_DIGITAL,France,France,buy_a5a48a2821716ae2b29f,VILLE DE PARIS,5,2023-08-18,2026-07-01,2,1048
Website design / redesign,WEB_DIGITAL,TenderNed,Netherlands,buy_e112869d677cade3d75a,TenneT TSO,5,2023-10-18,2026-06-30,4,986
Brochure / flyer / poster printing,PRINT_BROKERAGE,France,France,buy_8cab8061b2069c54f049,Métropole Aix Marseille Provence,5,2024-02-22,2026-06-25,3,854
Web hosting / domain / SSL,WEB_DIGITAL,United Kingdom,United Kingdom,buy_193e74360c2d488343df,Isle of Wight Council,5,2024-05-09,2026-06-24,3,776
Transcription / minutes,VIDEO_AUDIO,United Kingdom,United Kingdom,buy_d1d7e98c255be96e2229,University of Sheffield,5,2023-09-22,2026-06-19,4,1001
Digital marketing / SEO / campaigns,CONTENT_DESIGN,France,France,buy_6c842ac56740299ba63f,Office de Tourisme Métropolitain Nice Côte d'Azur (06),5,2025-10-03,2026-06-18,2,258
Small IT equipment supply,PROCUREMENT_BROKERAGE,TenderNed,Netherlands,buy_030687f7b738d520febd,Gemeente Amstelveen,5,2024-11-01,2026-06-17,2,593
Transcription / minutes,VIDEO_AUDIO,Quebec,Canada - Quebec,buy_3a436047397d703da787,"Ministère de l'Agriculture, des Pêcheries et de l'Alimentation",5,2023-08-30,2026-06-16,4,1021
Brochure / flyer / poster printing,PRINT_BROKERAGE,France,France,buy_dcbde0e5b4e01646cd76,Ville de Toulon,5,2024-02-02,2026-06-14,3,863
Signage / wayfinding / vinyl,PRINT_BROKERAGE,Quebec,Canada - Quebec,buy_3ff062f63c35ea6d88d7,Centre de services scolaire de la Vallée-des-Tisserands,5,2023-11-14,2026-06-12,2,941
Small IT equipment supply,PROCUREMENT_BROKERAGE,United Kingdom,United Kingdom,buy_2da6bd0a729eb81d504b,British Council,5,2023-11-03,2026-06-12,3,952
E-learning / training content,TRAINING,TED,SWE,buy_3d59e3bbb5e2f64301ba,Skllefteå City Aiport AB,5,2024-12-10,2026-06-12,3,549
Website maintenance / content updates,WEB_DIGITAL,TED,LUX,buy_eeed8814d806fe8dfbe5,"European Commission, Publications Office",5,2024-12-20,2026-06-11,3,538
Small IT equipment supply,PROCUREMENT_BROKERAGE,Canada federal,Canada,buy_724fa8459a3d3d63ce6f,"Department of Foreign Affairs, Trade and Development (GAC)",5,2025-05-14,2026-06-10,2,392
Promotional merchandise / branded items,PRINT_BROKERAGE,TED,DNK,buy_ccb634a88b3b7aa188bd,Danish Ministry of Defence Acquisition and Logistics Organisation,5,2025-01-29,2026-06-09,2,496
Brochure / flyer / poster printing,PRINT_BROKERAGE,Belgium,BE,buy_7f3f2e3c7065fe85aa4776cc,La Sambrienne,5,2024-06-26,2026-06-08,2,712
Signage / wayfinding / vinyl,PRINT_BROKERAGE,France,France,buy_29de0f14400a681ed9b5,Conseil Départemental Haute-Vienne,5,2024-04-12,2026-06-07,3,786
Signage / wayfinding / vinyl,PRINT_BROKERAGE,Quebec,Canada - Quebec,buy_12b43f8a554fbc6b3c88,Ville de Montréal - Service de la Gestion et de la Planification des Immeubles,5,2025-03-26,2026-06-04,2,435
Brochure / flyer / poster printing,PRINT_BROKERAGE,Quebec,Canada - Quebec,buy_43a77e2ca91c526c9f94,CÉGEP de Jonquière.,5,2023-08-10,2026-06-04,3,1029
Copywriting / editorial content,CONTENT_DESIGN,Quebec,Canada - Quebec,buy_ff052ddf8b7a64e38130,Société de télédiffusion du Québec.,5,2023-09-14,2026-06-04,3,994
Document digitization / scanning,DATA_ADMIN,Germany,Germany,buy_fd242cc69e7eb3131544,Stadtwerke Bonn GmbH,5,2024-01-08,2026-06-03,2,877
Brochure / flyer / poster printing,PRINT_BROKERAGE,Belgium,BE,buy_15cf683005d6dac10dbb2f98,Wallonie Bruxelles Enseignement (WBE),5,2024-07-11,2026-06-03,2,692
Transcription / minutes,VIDEO_AUDIO,Quebec,Canada - Quebec,buy_6f1fe3c3487f9aa7f6aa,Société québécoise d'information juridique SOQUIJ,5,2023-09-08,2026-06-01,3,997
Transcription / minutes,VIDEO_AUDIO,United Kingdom,United Kingdom,buy_87d8454b3c9d95dee4b4,Cardiff University,5,2024-02-07,2026-05-29,3,842
Document digitization / scanning,DATA_ADMIN,United Kingdom,United Kingdom,buy_975a1497993999921bd3,Mid South Essex NHS Foundation Trust,5,2026-01-15,2026-05-28,1,133
Website design / redesign,WEB_DIGITAL,United Kingdom,United Kingdom,buy_36ddbe05d7dfc70cb4b9,BIRMINGHAM CHILDREN'S TRUST COMMUNITY INTEREST COMPANY,5,2025-07-08,2026-05-27,2,323
Document digitization / scanning,DATA_ADMIN,Germany,Germany,buy_892ae894d6e43f39891e,Flughafen München GmbH,5,2026-04-14,2026-05-26,1,42
Video production,VIDEO_AUDIO,Quebec,Canada - Quebec,buy_dbe26133b9d35630f868,Université de Montréal,5,2024-02-05,2026-05-22,3,837
Online forms / lightweight portals,WEB_DIGITAL,TED,LUX,buy_eeed8814d806fe8dfbe5,"European Commission, Publications Office",5,2024-05-27,2026-05-16,3,719
Online forms / lightweight portals,WEB_DIGITAL,TenderNed,Netherlands,buy_3bd56ed408a69b8a2926,GÉANT Vereniging,5,2023-09-27,2026-05-15,3,961
Website design / redesign,WEB_DIGITAL,Quebec,Canada - Quebec,buy_e3bbdfed47f88be042e7,CIUSSS du Centre-Sud-de-l'Île-de-Montréal,5,2024-06-20,2026-05-14,3,693
Transcription / minutes,VIDEO_AUDIO,United Kingdom,United Kingdom,buy_14682549ff2d73d44e6e,"CENTRE FOR ENVIRONMENT, FISHERIES AND AQUACULTURE SCIENCE",5,2024-06-27,2026-05-14,3,686
Brochure / flyer / poster printing,PRINT_BROKERAGE,France,France,buy_20c5afb62436af9fce07,Département de la Loire,5,2024-03-13,2026-05-14,3,792
Transcription / minutes,VIDEO_AUDIO,Quebec,Canada - Quebec,buy_b019c77528b8fdf43a3f,Revenu Québec,5,2024-01-30,2026-05-12,3,833
Document digitization / scanning,DATA_ADMIN,TED,NOR,buy_40e5a92eb2ef8ee191bf,Folkhelseinsituttet,5,2024-01-24,2026-05-12,3,839
Website design / redesign,WEB_DIGITAL,United Kingdom,United Kingdom,buy_2435ba89dd502b012f78,Derbyshire County Council,5,2023-10-25,2026-05-12,4,930
Document digitization / scanning,DATA_ADMIN,Germany,Germany,buy_909310c13d31c1225240,"Ministerium des Inneren, für Digitalisierung und Kommunen Baden-Württemberg",5,2025-01-15,2026-05-10,2,480
Social media content production,CONTENT_DESIGN,TED,SVN,buy_e485d016ee83f57656f8,MINISTRSTVO ZA KOHEZIJO IN REGIONALNI RAZVOJ,5,2024-03-01,2026-05-08,3,798
Transcription / minutes,VIDEO_AUDIO,United Kingdom,United Kingdom,buy_f315146376f9c079665f,MONEY AND PENSIONS SERVICE,5,2023-08-31,2026-05-08,3,981
Transcription / minutes,VIDEO_AUDIO,United Kingdom,United Kingdom,buy_fab93f9d2f9601e18ca8,Swindon Borough Council,5,2023-12-27,2026-05-07,4,862
Website design / redesign,WEB_DIGITAL,United Kingdom,United Kingdom,buy_57b9ca602da3258ee8aa,Lancashire County Council,5,2023-10-05,2026-05-07,3,945
Brochure / flyer / poster printing,PRINT_BROKERAGE,TenderNed,Netherlands,buy_44b3eb7288dd25454550,Tilburg University,5,2024-10-24,2026-05-07,3,560
Brochure / flyer / poster printing,PRINT_BROKERAGE,France,France,buy_32dbfd5f1cd0ece23a54,Région Réunion,5,2024-10-12,2026-05-07,3,572
Brochure / flyer / poster printing,PRINT_BROKERAGE,France,France,buy_272d07f81333ea689121,Régie Ligne d'Azur (06),5,2024-03-22,2026-05-06,3,775
Website design / redesign,WEB_DIGITAL,Belgium,BE,buy_e72a64ca678e03d7cfbfe4c2,De Vlaamse Radio en Televisieomroep,5,2023-11-18,2026-05-04,4,898
Small IT equipment supply,PROCUREMENT_BROKERAGE,TED,UKR,buy_c57187f5b12a3c4f2b58,European Union Advisory Mission for Civilian Security Sector Reform Ukraine (EUAM Ukraine),5,2024-08-22,2026-04-29,3,615
E-learning / training content,TRAINING,TED,POL,buy_e4d061caa68fce2f60e7,Jednostka Wojskowa Nr 6021,5,2024-01-30,2026-04-27,2,818
Brochure / flyer / poster printing,PRINT_BROKERAGE,Germany,Germany,buy_7bddbc222bc093f61f8f,BG BAU - Berufsgenossenschaft der Bauwirtschaft,5,2025-03-29,2026-04-26,2,393
Simple API / software integration,AUTOMATION_SOFTWARE,TED,LUX,buy_eeed8814d806fe8dfbe5,CREOS Luxembourg SA,5,2024-03-25,2026-04-25,3,761
Brochure / flyer / poster printing,PRINT_BROKERAGE,France,France,buy_aa4fdc53dfa10c2fa848,Mairie de Tarbes,5,2024-03-10,2026-04-24,3,775
Brand identity / visual identity,CONTENT_DESIGN,Belgium,BE,buy_c965c07260d7cbee78129047,Brugge,5,2024-09-23,2026-04-24,3,578
Transcription / minutes,VIDEO_AUDIO,TenderNed,Netherlands,buy_0ca53f9e9f7605e4be35,Universiteit Utrecht,5,2023-11-16,2026-04-23,3,889
Document digitization / scanning,DATA_ADMIN,United Kingdom,United Kingdom,buy_e4c1145fe7432ba6ff13,Met Office,5,2025-04-15,2026-04-22,2,372
Signage / wayfinding / vinyl,PRINT_BROKERAGE,Quebec,Canada - Quebec,buy_7f6e0e691fee05f54c31,Ville de Mirabel,5,2024-04-10,2026-04-22,3,742
Brochure / flyer / poster printing,PRINT_BROKERAGE,TED,ROU,buy_a3d097a66a045f0f6e8d,Compania Judeteana Apa Serv S.A. Neamt,5,2024-05-30,2026-04-22,3,692
Brochure / flyer / poster printing,PRINT_BROKERAGE,Quebec,Canada - Quebec,buy_f88ac596f1f76787b214,Le Collège Montmorency,5,2024-02-21,2026-04-20,3,789
Brochure / flyer / poster printing,PRINT_BROKERAGE,Quebec,Canada - Quebec,buy_8b047c9f347dd0653132,CHU Ste-Justine,5,2024-02-14,2026-04-17,2,793
Brochure / flyer / poster printing,PRINT_BROKERAGE,France,France,buy_29e073cfd9b4c3dfbc03,Mairie de Perpignan,5,2024-01-02,2026-04-17,3,836
Presentation / template design,CONTENT_DESIGN,TED,NOR,buy_581df20f038735ed5497,Sandefjord Kommune,5,2023-12-14,2026-04-17,4,855
Brochure / flyer / poster printing,PRINT_BROKERAGE,TED,ITA,buy_33ce3225cb545328d637,Soprintendenza Speciale di Roma Archeologica Belle Arti e Paesaggio (SSABAP),5,2024-02-23,2026-04-17,3,784
Document digitization / scanning,DATA_ADMIN,TenderNed,Netherlands,buy_b2c27aec7c98d689454d,Waterschap Noorderzijlvest,5,2023-12-22,2026-04-16,4,846
Transcription / minutes,VIDEO_AUDIO,Canada federal,Canada,buy_4e5eb156769d319dbfef,Department of Natural Resources (NRCan),5,2025-09-12,2026-04-16,2,216
Transcription / minutes,VIDEO_AUDIO,TenderNed,Netherlands,buy_9ce29ee6feddc0bfa6ef,Hecht,5,2023-10-04,2026-04-16,3,925
Transcription / minutes,VIDEO_AUDIO,TenderNed,Netherlands,buy_e9de962c32286cd6b9bc,Gemeente Bernheze,5,2024-11-01,2026-04-16,3,531
Brochure / flyer / poster printing,PRINT_BROKERAGE,France,France,buy_3bc7cc96a82f3ae8eb1e,Chambre d'agriculture de la Marne,5,2024-04-30,2026-04-15,3,715
Brochure / flyer / poster printing,PRINT_BROKERAGE,France,France,buy_5abfa010dbe14bb91769,Centrale d'achat Dijon Métropole,5,2024-01-26,2026-04-14,3,809
Document digitization / scanning,DATA_ADMIN,Quebec,Canada - Quebec,buy_b019c77528b8fdf43a3f,Revenu Québec,5,2024-03-28,2026-04-14,3,747
Document digitization / scanning,DATA_ADMIN,Germany,Germany,buy_79a07bc6b897953fb6d5,Universitätsklinikum Heidelberg,5,2023-12-21,2026-04-13,4,844
Digital marketing / SEO / campaigns,CONTENT_DESIGN,TED,MKD,buy_5ed803fae1f670fc4749,National VideoLottery of Macedonia,5,2024-04-22,2026-04-08,3,716
Brochure / flyer / poster printing,PRINT_BROKERAGE,Quebec,Canada - Quebec,buy_d7ebbcf215a12c031726,Ville de Montréal - Service du greffe,5,2021-07-20,2026-04-07,2,1722
Brochure / flyer / poster printing,PRINT_BROKERAGE,France,France,buy_485b3c34f842290ad46c,Communauté de communes Retz-en-Valois,5,2024-02-20,2026-04-06,3,776
Transcription / minutes,VIDEO_AUDIO,Quebec,Canada - Quebec,buy_58a14b74d6ae2c25f910,"Ministère de l'Économie, de l'Innovation et de l'Énergie",5,2025-03-31,2026-04-02,2,367
Brochure / flyer / poster printing,PRINT_BROKERAGE,TenderNed,Netherlands,buy_d9b36e1be4307fe2db1c,Rijksuniversiteit Groningen,5,2024-03-13,2026-04-01,2,749
Brochure / flyer / poster printing,PRINT_BROKERAGE,France,France,buy_72a0b154d19cc707a320,Conseil Departemental Du Var,5,2023-08-29,2026-03-31,3,945
Document digitization / scanning,DATA_ADMIN,Germany,Germany,buy_d354aefdc2f822d616d3,Kliniken der Stadt Köln gGmbH,5,2024-04-24,2026-03-27,3,702
Web accessibility remediation,WEB_DIGITAL,TED,NOR,buy_581df20f038735ed5497,Enebakk Kommune,5,2024-09-20,2026-03-25,3,551
Website design / redesign,WEB_DIGITAL,France,France,buy_29de0f14400a681ed9b5,Conseil Départemental Haute-Vienne,5,2023-10-27,2026-03-25,4,880
Brochure / flyer / poster printing,PRINT_BROKERAGE,Germany,Germany,buy_aaca37498a7f98593fd9,Logistik Zentrum Niedersachsen Landesbetrieb - Außenstelle Hannover,5,2024-07-08,2026-03-24,3,624
Copywriting / editorial content,CONTENT_DESIGN,France,France,buy_7da2af22242b6e7ef457,Auray Quiberon Terre Atlantique,5,2025-01-17,2026-03-19,2,426
E-learning / training content,TRAINING,Quebec,Canada - Quebec,buy_dbe26133b9d35630f868,Université de Montréal,5,2024-04-05,2026-03-19,3,713
Brochure / flyer / poster printing,PRINT_BROKERAGE,Belgium,BE,buy_8a67d04911e84e47266a10cc,Office Wallon de la formation professionnelle et de l'emploi,5,2023-08-22,2026-03-19,4,940
Document digitization / scanning,DATA_ADMIN,TenderNed,Netherlands,buy_d9b36e1be4307fe2db1c,Rijksuniversiteit Groningen,5,2023-09-28,2026-03-12,3,896
Transcription / minutes,VIDEO_AUDIO,Quebec,Canada - Quebec,buy_e6ada229116b627c58b4,Ministère de l'Emploi et de la Solidarité sociale,5,2024-10-07,2026-03-11,3,520
Online forms / lightweight portals,WEB_DIGITAL,TenderNed,Netherlands,buy_378f0cf7586342f8d52f,Vitens N.V.,5,2025-04-05,2026-03-11,2,340
Copywriting / editorial content,CONTENT_DESIGN,Belgium,BE,buy_fade723640ee55878148e015,Direction générale des Infrastructures et du Développement Durable,5,2023-12-18,2026-03-09,3,812
Website design / redesign,WEB_DIGITAL,Germany,Germany,buy_e6c7eebba59817830eb4,GESOBAU AG,5,2024-03-14,2026-03-05,3,721
Website design / redesign,WEB_DIGITAL,Belgium,BE,buy_27e436896021a1fefcac3225,SPF Santé Publique Sécurité de la Chaîne Alimentaire et Environnement,5,2023-10-10,2026-03-03,3,875
Signage / wayfinding / vinyl,PRINT_BROKERAGE,France,France,buy_645ca39faeda542f1d24,Metropole Toulon-Provence-Mediterranee,5,2023-12-22,2026-03-02,3,801
Brochure / flyer / poster printing,PRINT_BROKERAGE,France,France,buy_f5759a0cf4c7243f37b0,Ville de Sanary sur Mer (83),5,2024-01-12,2026-03-02,3,780
Brochure / flyer / poster printing,PRINT_BROKERAGE,France,France,buy_dbb8c66a172eb1f5dfb1,VILLE DE NICE,5,2024-09-07,2026-02-28,3,539
Brochure / flyer / poster printing,PRINT_BROKERAGE,Quebec,Canada - Quebec,buy_7135d0c0582956e9687a,Université Concordia,5,2024-06-05,2026-02-27,3,632
Website design / redesign,WEB_DIGITAL,Belgium,BE,buy_3420ea74f95c62a02786c81c,Provincie West-Vlaanderen,5,2024-02-26,2026-02-27,3,732
Translation / localization,LANGUAGE,Belgium,BE,buy_7cae7db950719a7691522643,Westtoer apb,5,2024-05-21,2026-02-27,3,647
Document digitization / scanning,DATA_ADMIN,Germany,Germany,buy_5bbbb2ab0a0fc2b20834,"Universität zu Köln, Abteilung 64 - Einkauf",5,2024-06-14,2026-02-25,3,621
Signage / wayfinding / vinyl,PRINT_BROKERAGE,France,France,buy_02a7a8aefe14c3e69afc,Région des Pays de la Loire,5,2025-01-24,2026-02-25,2,397
Brand identity / visual identity,CONTENT_DESIGN,TED,DNK,buy_ccb634a88b3b7aa188bd,DSB,5,2023-12-12,2026-02-24,4,805
Copywriting / editorial content,CONTENT_DESIGN,Belgium,BE,buy_74a91c3ef46980a70d839691,Les Habitations de l'Eau Noire S.C.R.L.,5,2025-06-25,2026-02-19,2,239
Brochure / flyer / poster printing,PRINT_BROKERAGE,Germany,Germany,buy_c2c4fc6ef55a1bf38408,DAK-Gesundheit,5,2023-11-01,2026-02-19,4,841
Brochure / flyer / poster printing,PRINT_BROKERAGE,Quebec,Canada - Quebec,buy_8ea3e453a403f23fbc63,Ville de Drummondville.,5,2023-11-01,2026-02-17,3,839
Document digitization / scanning,DATA_ADMIN,TenderNed,Netherlands,buy_865273a42908d9588dea,Technische Universiteit Eindhoven,5,2023-12-07,2026-02-13,4,799
Document digitization / scanning,DATA_ADMIN,Germany,Germany,buy_93730d7ea5f1444c7571,Institut zur Qualitätsentwicklung im Bildungswesen - Wissenschaftliche Einrichtung der Länder an der Humboldt-Universität zu Berlin e. V.,5,2024-05-03,2026-02-11,3,649
Website design / redesign,WEB_DIGITAL,United Kingdom,United Kingdom,buy_8fe9ae912735c572e6b5,Care Quality Commission,5,2023-09-07,2026-02-09,3,886
Document digitization / scanning,DATA_ADMIN,Quebec,Canada - Quebec,buy_c25f154ab51e6f04a4cb,Ville de Montréal - Service de l'approvisionnement,5,2023-08-07,2026-02-09,3,917
Social media content production,CONTENT_DESIGN,TED,FIN,buy_b25d30d271157ab27322,Business Finland Oy,5,2024-04-18,2026-02-06,3,659
Social media content production,CONTENT_DESIGN,Belgium,BE,buy_f02379ecf4c4a87d544d8085,Agence Wallonne pour la Promotion d'une Agriculture de Qualité,5,2024-03-25,2026-02-06,3,683
Transcription / minutes,VIDEO_AUDIO,United Kingdom,United Kingdom,buy_2da6bd0a729eb81d504b,British Council,5,2025-02-28,2026-02-02,2,339
Website design / redesign,WEB_DIGITAL,TED,FIN,buy_21d608cefc7ad1917578,HUS-yhtymä,5,2024-02-16,2026-01-29,3,713
Document digitization / scanning,DATA_ADMIN,TenderNed,Netherlands,buy_70179086e4e4aa95f063,Erasmus MC,5,2024-03-19,2026-01-28,3,680
Graphic design / layout,CONTENT_DESIGN,France,France,buy_ec5f25b98dae796b3b2f,Département de l'Isère,5,2024-08-01,2026-01-27,3,544
Signage / wayfinding / vinyl,PRINT_BROKERAGE,Belgium,BE,buy_6f3c03113f26718de5390048,"La Joie du Foyer, scrl",5,2025-01-16,2026-01-23,2,372
Brochure / flyer / poster printing,PRINT_BROKERAGE,France,France,buy_49b585c1dbdc038138f0,Ville De Montpellier,5,2024-07-10,2026-01-21,3,560
Transcription / minutes,VIDEO_AUDIO,Canada federal,Canada,buy_1e1f064400f058822d1c,Correctional Service of Canada (CSC),5,2025-07-28,2026-01-21,2,177
CMS development / migration,WEB_DIGITAL,Belgium,BE,buy_f724597795412f411a8f60a4,Universiteit Antwerpen,5,2024-07-29,2026-01-21,2,541
Brochure / flyer / poster printing,PRINT_BROKERAGE,France,France,buy_01a2fc361b9903a44ba2,EPPDCSI - UNIVERSCIENCE Etablissement public à caractère industriel et commercial créé par décret interministériel du 3 décembre 2009,5,2024-04-08,2026-01-18,3,650
Copywriting / editorial content,CONTENT_DESIGN,Belgium,BE,buy_dc6a792ca7ffd1f3e70ea24c,Immobilière Publique Peruwelz-Leuze-Frasnes - Service Marchés Publics,5,2023-10-11,2026-01-15,4,827
Signage / wayfinding / vinyl,PRINT_BROKERAGE,Belgium,BE,buy_e255793d37270b7a42390f92,Commune de Dour,5,2024-08-30,2026-01-14,3,502
Website design / redesign,WEB_DIGITAL,TenderNed,Netherlands,buy_6cc3d2bd52f3bad2523a,"Ministerie van Defensie, Commando Materieel en IT, Afdeling Inkoop IT",5,2023-08-24,2026-01-14,3,874
Signage / wayfinding / vinyl,PRINT_BROKERAGE,Belgium,BE,buy_e8f4b81efe71008f2df8ca06,Notre Maison,5,2025-08-29,2026-01-13,2,137
Brochure / flyer / poster printing,PRINT_BROKERAGE,France,France,buy_defd7d46a2faa5157ed6,Musée des Impressionnismes Giverny,5,2025-03-02,2026-01-07,2,311
Document digitization / scanning,DATA_ADMIN,United Kingdom,United Kingdom,buy_c781c0a6fcca7357c66b,University Hospitals Birmingham NHS Foundation Trust,5,2025-08-29,2026-01-06,2,130
Brochure / flyer / poster printing,PRINT_BROKERAGE,Belgium,BE,buy_1b32c935889ee353620d9ba9,Schaerbeek,5,2024-07-12,2025-12-30,2,536
Document digitization / scanning,DATA_ADMIN,France,France,buy_02a7a8aefe14c3e69afc,REGION DES PAYS DE LA LOIRE,5,2025-03-19,2025-12-20,1,276
Document digitization / scanning,DATA_ADMIN,Germany,Germany,buy_6763f078cf59e577cc12,"Universitätsklinikum Essen, AöR",5,2023-12-18,2025-12-19,3,732
Transcription / minutes,VIDEO_AUDIO,TED,HUN,buy_b01261b2534556cbe22a,Kisalföldi Agrárszakképzési Centrum,5,2024-01-08,2025-12-19,2,711
Website design / redesign,WEB_DIGITAL,United Kingdom,United Kingdom,buy_f33119fa255e3b2544d5,East Hertfordshire District Council,5,2023-11-21,2025-12-17,2,757
Brochure / flyer / poster printing,PRINT_BROKERAGE,France,France,buy_f79eabccdf37d366cc5c,Département du Var,5,2024-07-06,2025-12-17,2,529
Document digitization / scanning,DATA_ADMIN,Germany,Germany,buy_aa38794045acc564efa7,"Berliner Verkehrsbetriebe, Bereich Einkauf/ Materialwirtschaft",5,2024-04-03,2025-12-16,2,622
Workflow automation / RPA,AUTOMATION_SOFTWARE,United Kingdom,United Kingdom,buy_14682549ff2d73d44e6e,"Centre for Environment, Fisheries and Aquaculture Science",5,2024-10-18,2025-12-15,2,423
Website design / redesign,WEB_DIGITAL,United Kingdom,United Kingdom,buy_dd9635b72dca60fe77fe,Luton Council,5,2025-09-05,2025-12-12,1,98
Small IT equipment supply,PROCUREMENT_BROKERAGE,TED,HUN,buy_4dbcee8ea83a1cc14d78,Encsi Területi Egészségügyi Központ,5,2025-03-05,2025-12-10,1,280
Brochure / flyer / poster printing,PRINT_BROKERAGE,France,France,buy_71f36ff29724783b41d8,Ville de Sevran,5,2024-03-10,2025-11-28,2,628
Document digitization / scanning,DATA_ADMIN,Germany,Germany,buy_090a6b20dbba997cfa6a,Kreis Gütersloh,5,2024-12-09,2025-11-26,2,352
Workflow automation / RPA,AUTOMATION_SOFTWARE,TED,ITA,buy_811f3d14bc58dffafbdd,RETE FERROVIARIA ITALIANA S.P.A.,5,2024-11-05,2025-11-26,2,386
Small IT equipment supply,PROCUREMENT_BROKERAGE,France,France,buy_7eb9fc04f589036e5826,Ville d'Antibes (06),5,2024-11-07,2025-11-19,2,377
Brochure / flyer / poster printing,PRINT_BROKERAGE,United Kingdom,United Kingdom,buy_d5150537e07d172a8669,Scottish Qualifications Authority,5,2024-03-26,2025-11-12,2,596
Website design / redesign,WEB_DIGITAL,Germany,Germany,buy_7627c25f30e23edfb6a4,"Bundesrepublik Deutschland, vertreten durch das Bundesministerium des Innern, vertreten durch das Beschaffungsamt des BMI",5,2025-08-29,2025-11-12,1,75
Transcription / minutes,VIDEO_AUDIO,United Kingdom,United Kingdom,buy_4832ef60260d29bf326a,Department for Transport,5,2023-09-13,2025-11-11,2,790
Illustration / infographics,CONTENT_DESIGN,TED,ITA,buy_811f3d14bc58dffafbdd,European Food Safety Authority,5,2024-01-26,2025-11-10,2,654
Simple API / software integration,AUTOMATION_SOFTWARE,TED,MKD,buy_5ed803fae1f670fc4749,Ministry of Digital Transformation of North Macedonia,5,2023-12-04,2025-11-09,2,706
Brochure / flyer / poster printing,PRINT_BROKERAGE,France,France,buy_b3b6a8aa4228c07aca80,Conseil Départemental du Cher,5,2023-09-11,2025-11-07,3,788
Web accessibility remediation,WEB_DIGITAL,TED,SWE,buy_3d59e3bbb5e2f64301ba,Inera AB,5,2024-05-02,2025-10-30,2,546
Brochure / flyer / poster printing,PRINT_BROKERAGE,Ireland,Ireland,buy_ab1b0fede3238b088193,Financial Services and Pensions Ombudsman,5,2024-09-04,2025-10-27,2,418
Copywriting / editorial content,CONTENT_DESIGN,France,France,buy_97eadb1634db6ab94c90,Ville de Lyon,5,2023-12-26,2025-10-17,3,661
Website design / redesign,WEB_DIGITAL,United Kingdom,United Kingdom,buy_db980cbf50935ce2360f,Northumberland National Park Authority,5,2025-03-24,2025-10-17,1,207
Document digitization / scanning,DATA_ADMIN,Quebec,Canada - Quebec,buy_295d2ba277955b4ca6d1,Université McGill,5,2024-07-08,2025-10-17,2,466
Brochure / flyer / poster printing,PRINT_BROKERAGE,Quebec,Canada - Quebec,buy_222ef02dd5db3c1d6ad6,Ville de Saguenay,5,2024-10-25,2025-10-17,2,357
Brochure / flyer / poster printing,PRINT_BROKERAGE,Quebec,Canada - Quebec,buy_462fa93121ac76cb17fc,Ville de Boucherville,5,2023-09-26,2025-10-10,3,745
Brochure / flyer / poster printing,PRINT_BROKERAGE,France,France,buy_29de0f14400a681ed9b5,Conseil Départemental Haute-Vienne,5,2024-01-02,2025-10-10,2,647
Graphic design / layout,CONTENT_DESIGN,Belgium,BE,buy_5387edaedf88729472c7f55b,AGB Erfgoed,5,2024-03-14,2025-10-08,2,573
Signage / wayfinding / vinyl,PRINT_BROKERAGE,France,France,buy_a9c5843e6693d3ae11c1,SDEC Energie,5,2023-10-20,2025-10-04,3,715
Brochure / flyer / poster printing,PRINT_BROKERAGE,Germany,Germany,buy_aa38794045acc564efa7,"Berliner Verkehrsbetriebe, Bereich Einkauf/ Materialwirtschaft",5,2024-07-01,2025-09-30,2,456
Brochure / flyer / poster printing,PRINT_BROKERAGE,Belgium,BE,buy_235299efbc558161c81c9854,Chaudfontaine,5,2024-04-16,2025-09-25,2,527
Transcription / minutes,VIDEO_AUDIO,France,France,buy_0b217abeaec94452f06b,Bordeaux Métropole,5,2024-04-17,2025-09-18,2,519
Brochure / flyer / poster printing,PRINT_BROKERAGE,France,France,buy_fdb8d7654994c25763ea,GRANDLYON Métropole,5,2024-10-13,2025-09-11,2,333
Brochure / flyer / poster printing,PRINT_BROKERAGE,France,France,buy_6b2d3094dd3514ef0ab3,UNIVERSITE DE BORDEAUX,5,2024-03-02,2025-09-10,2,557
Document digitization / scanning,DATA_ADMIN,TED,HRV,buy_bf2fcdabac3828c9c189,HRVATSKA NARODNA BANKA,5,2024-12-20,2025-09-10,2,264
Brochure / flyer / poster printing,PRINT_BROKERAGE,France,France,buy_4cdab84426974e2a59bd,Ville de Pantin,5,2023-08-27,2025-09-03,3,738
Illustration / infographics,CONTENT_DESIGN,TED,NOR,buy_581df20f038735ed5497,Norsk rikskringkasting AS,5,2023-11-07,2025-09-01,2,664
Signage / wayfinding / vinyl,PRINT_BROKERAGE,France,France,buy_252ef283cfeadff980c0,Conseil départemental de l'Hérault,5,2023-12-21,2025-08-31,3,619
Document digitization / scanning,DATA_ADMIN,Germany,Germany,buy_684323902bd9137c4793,"Land Hessen, vertreten durch das Hessische Competence Center -Zentrale Beschaffung-",5,2023-12-19,2025-08-28,3,618
Copywriting / editorial content,CONTENT_DESIGN,Quebec,Canada - Quebec,buy_f8857d7e89ce4134d78e,Ville de Lévis.,5,2023-08-10,2025-08-25,2,746
Signage / wayfinding / vinyl,PRINT_BROKERAGE,Belgium,BE,buy_fade723640ee55878148e015,Direction générale des Infrastructures et du Développement Durable,5,2023-12-22,2025-08-21,3,608
Document digitization / scanning,DATA_ADMIN,Germany,Germany,buy_61652d3c7b03c2a1199e,Landratsamt Mittelsachsen,5,2023-12-01,2025-08-14,3,622
Document digitization / scanning,DATA_ADMIN,Germany,Germany,buy_6e9c6f48956ecd87249e,Landkreis Wittenberg,5,2024-02-02,2025-08-12,2,557
Copywriting / editorial content,CONTENT_DESIGN,Quebec,Canada - Quebec,buy_440e203d13e0adba32ed,Ville de Laval,5,2024-08-30,2025-08-08,2,343
Copywriting / editorial content,CONTENT_DESIGN,France,France,buy_375680e572ea0ea03b49,GRAND PORT MARITIME DE MARSEILLE,5,2024-12-19,2025-08-08,2,232
Brochure / flyer / poster printing,PRINT_BROKERAGE,France,France,buy_11fe3b9fa2f09fbe6dc3,Région Normandie,5,2024-01-21,2025-08-05,2,562
Document digitization / scanning,DATA_ADMIN,Germany,Germany,buy_2df336a64bb795ee6427,Stromnetz Berlin GmbH,5,2024-06-05,2025-07-21,2,411
Signage / wayfinding / vinyl,PRINT_BROKERAGE,Belgium,BE,buy_235299efbc558161c81c9854,Chaudfontaine,5,2024-04-30,2025-07-17,2,443
Signage / wayfinding / vinyl,PRINT_BROKERAGE,Ireland,Ireland,buy_e039f5e765373cda4a95,Fáilte Ireland-National Tourism Development Authority,5,2023-09-07,2025-07-11,3,673
Signage / wayfinding / vinyl,PRINT_BROKERAGE,France,France,buy_8384276d5c06bd3719be,Ville de Sainte Luce (972),5,2024-07-24,2025-07-08,2,349
Brochure / flyer / poster printing,PRINT_BROKERAGE,France,France,buy_71e90a3c59a346952485,Métropole européenne de Lille,5,2024-05-12,2025-07-03,2,417
Graphic design / layout,CONTENT_DESIGN,Quebec,Canada - Quebec,buy_f8857d7e89ce4134d78e,Ville de Lévis.,5,2024-05-07,2025-06-23,2,412
Signage / wayfinding / vinyl,PRINT_BROKERAGE,Quebec,Canada - Quebec,buy_7953ae1f7b99207d3264,Ville de Rimouski.,5,2024-01-17,2025-06-16,2,516
Signage / wayfinding / vinyl,PRINT_BROKERAGE,France,France,buy_3ac7237f5fb36dd7a279,Département de la Haute-Savoie,5,2023-08-25,2025-06-06,3,651
Brochure / flyer / poster printing,PRINT_BROKERAGE,France,France,buy_ac624f5a9cc2843f61cf,Région Auvergne Rhône Alpes,5,2023-11-28,2025-05-30,3,549
Copywriting / editorial content,CONTENT_DESIGN,Belgium,BE,buy_7a81db632187b1a4b6e2fce5,Opérateur de Transport de Wallonie,5,2023-08-03,2025-05-19,2,655
Website design / redesign,WEB_DIGITAL,Quebec,Canada - Quebec,buy_b5940b72759e70fc981e,École de technologie supérieure,5,2024-04-04,2025-05-15,2,406
Website design / redesign,WEB_DIGITAL,United Kingdom,United Kingdom,buy_bf8707993305270b974b,Westminster City Council,5,2024-10-29,2025-05-12,2,195
Signage / wayfinding / vinyl,PRINT_BROKERAGE,Quebec,Canada - Quebec,buy_9e16497665d8d98e3e31,Société d'habitation et de développement de Montréal,5,2024-03-01,2025-04-15,2,410
Brochure / flyer / poster printing,PRINT_BROKERAGE,France,France,buy_d3b5168a4d79f7a7eedd,Administration générale,5,2024-03-18,2025-04-02,2,380
Document digitization / scanning,DATA_ADMIN,Quebec,Canada - Quebec,buy_108bf38733e3937537f0,Ministère des Ressources naturelles et des Forêts,5,2023-11-10,2025-04-01,3,508
Website design / redesign,WEB_DIGITAL,Canada federal,Canada,buy_014d6972d5ea787fe55c,The Royal Canadian Mounted Police (RCMP),5,2024-11-21,2025-03-20,2,119
Website design / redesign,WEB_DIGITAL,Quebec,Canada - Quebec,buy_abb8ed450a4cbc7ef5d7,Centre intégré universitaire de santé et de services sociaux de l'Ouest-de-l'Île-de-Montréal,5,2023-11-03,2025-03-17,3,500
Website design / redesign,WEB_DIGITAL,Canada federal,Canada,buy_22a40e224f9adfd45769,Natural Resources Canada,5,2023-08-08,2025-03-14,3,584
Transcription / minutes,VIDEO_AUDIO,Canada federal,Canada,buy_cbe6ed71ff0abea27f5f,Environment and Climate Change Canada,5,2023-11-16,2025-03-05,3,475
Website design / redesign,WEB_DIGITAL,Canada federal,Canada,buy_9669e2bd97a44e607d2f,Courts Administration Service,5,2024-03-13,2025-03-03,2,355
Brochure / flyer / poster printing,PRINT_BROKERAGE,France,France,buy_b3ef54bf7b1435574c9e,Communauté d'agglomération du Cotentin,5,2023-09-11,2025-03-01,3,537
Web hosting / domain / SSL,WEB_DIGITAL,TenderNed,Netherlands,buy_78de130fc16a6e2a3221,Gemeente Den Haag,5,2023-09-03,2025-02-21,3,537
Graphic design / layout,CONTENT_DESIGN,TED,CZE,buy_6f79629fe8c07370e0e8,Digitální a informační agentura,5,2024-05-17,2025-02-14,2,273
Transcription / minutes,VIDEO_AUDIO,Canada federal,Canada,buy_9dd09f8d3c37b089fe57,Health Canada,5,2024-01-12,2025-01-07,2,361
Transcription / minutes,VIDEO_AUDIO,TenderNed,Netherlands,buy_be6bc329a9ac383608c0,Wageningen University & Research,5,2024-07-05,2024-12-04,1,152
E-learning / training content,TRAINING,France,France,buy_366fb1fe527cdaf0d994,BATIMENT CFA NORMANDIE,5,2024-03-30,2024-12-01,1,246
Proofreading / editing,CONTENT_DESIGN,Quebec,Canada - Quebec,buy_db626064622f416b3c08,"Commission des normes, de l'équité, de la santé et de la sécurité du travail",5,2023-11-30,2024-11-25,2,361
Document digitization / scanning,DATA_ADMIN,Germany,Germany,buy_4aa4a1dbbd7a934be913,Stadt Rüsselsheim am Main,5,2024-02-02,2024-11-18,1,290
Website design / redesign,WEB_DIGITAL,Germany,Germany,buy_08bfa14b47baf6125122,Deutsche Gesetzliche Unfallversicherung e.V.,5,2024-08-01,2024-11-13,1,104
Signage / wayfinding / vinyl,PRINT_BROKERAGE,Belgium,BE,buy_d922dbf917693952bf203121,Wellin,5,2024-01-16,2024-11-07,1,296
Website design / redesign,WEB_DIGITAL,Germany,Germany,buy_4b172db56b21e61ffd85,Bundesministerium für Wirtschaft und Klimaschutz,5,2024-07-18,2024-10-22,1,96
Brochure / flyer / poster printing,PRINT_BROKERAGE,Germany,Germany,buy_445c3dad1e0e8b635728,Helmholtz Zentrum München Deutsches Forschungszentrum für Gesundheit und Umwelt (GmbH),5,2024-04-22,2024-10-22,1,183
Brochure / flyer / poster printing,PRINT_BROKERAGE,France,France,buy_6de2a7daf6116e5f1e9d,COMMUNE DE CARCASSONNE,5,2023-09-14,2024-10-16,2,398
Signage / wayfinding / vinyl,PRINT_BROKERAGE,Belgium,BE,buy_1fd646927ccf0553057b4833,bpost,5,2024-07-30,2024-10-16,1,78
Document digitization / scanning,DATA_ADMIN,Germany,Germany,buy_7e1cc5613d936f938ee1,"Universitätsmedizin Göttingen (UMG), Stiftung Öffentlichen Rechts",5,2024-04-09,2024-09-24,1,168
Transcription / minutes,VIDEO_AUDIO,TenderNed,Netherlands,buy_cbf8a9776f5a68191498,Gemeente Amersfoort,5,2023-12-22,2024-09-20,2,273
Website design / redesign,WEB_DIGITAL,Canada federal,Canada,buy_64e803f749a7c43e492a,Fisheries and Oceans Canada,5,2023-08-08,2024-08-29,2,387
Illustration / infographics,CONTENT_DESIGN,TenderNed,Netherlands,buy_09f34d1032ef976cbc35,"Gemeente Apeldoorn, team Inkoop",5,2024-06-07,2024-08-21,1,75
Transcription / minutes,VIDEO_AUDIO,France,France,buy_ab6183c44bcb46013a25,Métropole de Lyon,5,2023-10-11,2024-06-23,2,256
Online forms / lightweight portals,WEB_DIGITAL,TED,ISL,buy_06d249cac4c26d9acfda,Ríkiskaup,5,2024-02-20,2024-06-20,1,121
Small IT equipment supply,PROCUREMENT_BROKERAGE,TED,TUR,buy_53002d927124a67f2ba9,Ministry of Transport and Infrastructure / Directorate General for European Union Affairs and Foreign Relations/ Department for EU Investments,5,2023-11-21,2024-06-13,2,205
Brochure / flyer / poster printing,PRINT_BROKERAGE,France,France,buy_c239dab8f3f83a73d6f5,Département de la Moselle,5,2024-03-21,2024-06-01,1,72
Website design / redesign,WEB_DIGITAL,Canada federal,Canada,buy_55c8106f02e254eec3cd,National Arts Centre (NAC),5,2024-04-30,2024-05-28,1,28
Interpretation services,LANGUAGE,France,France,buy_9e6f1956be76a7fd8e7e,CHU AMIENS PICARDIE,5,2023-08-19,2024-05-22,2,277
Website design / redesign,WEB_DIGITAL,Canada federal,Canada,buy_1eb73e5817e629f55fe0,Sylvie Gallant,5,2023-12-22,2024-03-05,2,74
Brochure / flyer / poster printing,PRINT_BROKERAGE,France,France,buy_1366ac9f5e74deebf45c,SPM - DSAF - BCP,5,2023-08-26,2023-12-30,1,126
Small IT equipment supply,PROCUREMENT_BROKERAGE,TED,CZ,buy_d9438abab333841486c3,"Nemocnice Jihlava, příspěvková organizace",5,2023-10-16,2023-12-05,1,50
Brochure / flyer / poster printing,PRINT_BROKERAGE,TED,RO,buy_d7977c60f65cbc66a974,Municipiul Craiova,5,2023-09-08,2023-12-05,1,88
Small IT equipment supply,PROCUREMENT_BROKERAGE,TED,RO,buy_78000d4c8cb051d93d38,"UNIVERSITATEA ""BABES-BOLYAI""",5,2023-09-06,2023-11-27,1,82
Transcription / minutes,VIDEO_AUDIO,TED,RO,buy_703b7b3f6bc4f40d73fa,HIDRO PRAHOVA S.A.,5,2023-08-04,2023-11-15,1,103
Small IT equipment supply,PROCUREMENT_BROKERAGE,TED,CZ,buy_2c0c5da56ba3ac72eb40,PRIVAMED a.s.,5,2023-08-09,2023-10-31,1,83
Brochure / flyer / poster printing,PRINT_BROKERAGE,France,France,buy_4293f01dc1875fb57e43,COMMUNE DE TOULON,5,2023-09-20,2023-10-26,1,36
Workflow automation / RPA,AUTOMATION_SOFTWARE,TED,PRT,buy_091d5eef279cbb542f9f,"Instituto de Informática, I.P.",4,2024-10-25,2026-08-08,3,652
Translation / localization,LANGUAGE,United Kingdom,United Kingdom,buy_f02f0498fe3ae5c42d41,Halton Borough Council,4,2026-07-14,2026-07-29,1,15
Website design / redesign,WEB_DIGITAL,Quebec,Canada - Quebec,buy_e08debc23cfff1cedd70,Commission d`accès à l`information du Quebec,4,2023-11-13,2026-07-28,4,988
Document digitization / scanning,DATA_ADMIN,Germany,Germany,buy_3cfc88c0b3c712e68502,"Landesamt für Natur, Umwelt und Klima NRW",4,2025-09-25,2026-07-28,2,306
Document digitization / scanning,DATA_ADMIN,Canada federal,Canada,buy_73af9093eb082788092b,Department of National Defence (DND),4,2026-01-21,2026-07-27,1,187
Brochure / flyer / poster printing,PRINT_BROKERAGE,France,France,buy_eaf1fed8134a1d035380,Commune de Cherbourg-en-Cotentin,4,2025-08-25,2026-07-27,2,336
Website design / redesign,WEB_DIGITAL,United Kingdom,United Kingdom,buy_83c0d1b69d5e0ec28516,CalMac Ferries Limited,4,2026-01-30,2026-07-27,1,178
Website design / redesign,WEB_DIGITAL,United Kingdom,United Kingdom,buy_d3047bdbe075028a9d13,Waste & Resources Action Programme,4,2025-08-26,2026-07-24,2,332
Transcription / minutes,VIDEO_AUDIO,Quebec,Canada - Quebec,buy_cfdba961c12c01a0de7e,Commission scolaire Kativik..,4,2024-05-21,2026-07-23,2,793
Brochure / flyer / poster printing,PRINT_BROKERAGE,France,France,buy_c850bc65933d06c3d3cf,Mairie de Brive,4,2024-05-16,2026-07-23,3,798
Website design / redesign,WEB_DIGITAL,United Kingdom,United Kingdom,buy_d7ae51e3b2625675c600,Secretary of State for Health and Social Care acting as part of the Crown through UK Health Security Agency,4,2025-12-16,2026-07-23,2,219
Signage / wayfinding / vinyl,PRINT_BROKERAGE,Belgium,BE,buy_10184e3f6b47645a1fca153e,Université de Liège (3P),4,2023-08-22,2026-07-22,3,1065
Brochure / flyer / poster printing,PRINT_BROKERAGE,Quebec,Canada - Quebec,buy_cd4136f2ba0110dcab14,Ville de Montréal - Arrondissement de Ville-Marie,4,2024-01-25,2026-07-22,3,909
Brochure / flyer / poster printing,PRINT_BROKERAGE,France,France,buy_6583d960249e33442e6d,ANGDM,4,2024-01-22,2026-07-21,2,911
Document digitization / scanning,DATA_ADMIN,Germany,Germany,buy_8d9482e06a713c950a68,Bundesamt für Naturschutz,4,2023-11-02,2026-07-20,4,991
Brochure / flyer / poster printing,PRINT_BROKERAGE,France,France,buy_b3e70e35cf55880b7e0e,ComUE Lyon Saint-Etienne,4,2024-12-13,2026-07-19,3,583
Brochure / flyer / poster printing,PRINT_BROKERAGE,Germany,Germany,buy_ff42b1956055c303bf6e,"Bundesdruckerei GmbH, vertreten durch die KUBUS Kommunalberatung und Service GmbH",4,2024-07-03,2026-07-17,3,744
Transcription / minutes,VIDEO_AUDIO,United Kingdom,United Kingdom,buy_2dd836f2f6f86daa5cc9,University Of Edinburgh,4,2023-08-01,2026-07-17,4,1081
Signage / wayfinding / vinyl,PRINT_BROKERAGE,Quebec,Canada - Quebec,buy_fd3c3f730a01452fc69f,Société du Palais des Congrès de Montréal,4,2024-03-28,2026-07-16,3,840
Document digitization / scanning,DATA_ADMIN,Germany,Germany,buy_d6d31c36813bf6d8ae20,Medizinische Hochschule Hannover,4,2024-02-20,2026-07-15,2,876
Signage / wayfinding / vinyl,PRINT_BROKERAGE,Belgium,BE,buy_dbb4134cb99e61acf90f009d,WorldSkills Belgium,4,2025-09-10,2026-07-15,2,308
Web hosting / domain / SSL,WEB_DIGITAL,United Kingdom,United Kingdom,buy_e55cc49c62224cdd58a2,UK Research and Innovation,4,2025-07-21,2026-07-15,2,359
Digital marketing / SEO / campaigns,CONTENT_DESIGN,Quebec,Canada - Quebec,buy_7135d0c0582956e9687a,Université Concordia,4,2023-10-30,2026-07-14,4,988
Document digitization / scanning,DATA_ADMIN,Canada federal,Canada,buy_b9172563222715d8f59f,Department of Fisheries and Oceans (DFO),4,2025-09-12,2026-07-13,2,304
Brochure / flyer / poster printing,PRINT_BROKERAGE,Quebec,Canada - Quebec,buy_8199d9514fe39d5f9d0d,Université du Québec à Chicoutimi .,4,2024-07-25,2026-07-13,3,718
Document digitization / scanning,DATA_ADMIN,Germany,Germany,buy_39ea93e7af441933095e,Berliner Wasserbetriebe,4,2024-02-28,2026-07-13,2,866
Transcription / minutes,VIDEO_AUDIO,Germany,Germany,buy_3b40c9402a09a456f724,TenneT TSO GmbH,4,2024-05-16,2026-07-13,3,788
Website design / redesign,WEB_DIGITAL,United Kingdom,United Kingdom,buy_ca5deefec4b4117a4973,University of Exeter,4,2023-08-29,2026-07-09,4,1045
Website design / redesign,WEB_DIGITAL,United Kingdom,United Kingdom,buy_3b5c099a44fb447c36c8,Mayor's Office for Policing and Crime,4,2026-04-13,2026-07-08,1,86
Copywriting / editorial content,CONTENT_DESIGN,Belgium,BE,buy_7a35fe627e9472298db53eae,Nationaal Instituut voor Radio-elementen,4,2023-09-19,2026-07-08,3,1023
Document digitization / scanning,DATA_ADMIN,Quebec,Canada - Quebec,buy_ffc88629c713bb7aca7f,Centre de services scolaire au Coeur-des-Vallées,4,2026-07-03,2026-07-08,1,5
Document digitization / scanning,DATA_ADMIN,Germany,Germany,buy_581ba338256aa814b42e,Techniker Krankenkasse,4,2024-01-10,2026-07-07,2,909
AI chatbot / assistant,AUTOMATION_SOFTWARE,TED,FIN,buy_21d608cefc7ad1917578,HUS-yhtymä,4,2024-04-15,2026-07-05,3,811
Brochure / flyer / poster printing,PRINT_BROKERAGE,France,France,buy_4054c9476e11f9d03b78,Département du Val-de-Marne,4,2023-08-24,2026-07-05,2,1046
Brochure / flyer / poster printing,PRINT_BROKERAGE,France,France,buy_be35664e57d29e7fb2c5,Conseil départemental d'Eure-et-Loir,4,2024-01-25,2026-07-05,3,892
Website design / redesign,WEB_DIGITAL,United Kingdom,United Kingdom,buy_88eadfeae6e4802396cf,Nottingham City Council,4,2026-02-06,2026-07-03,1,147
Interpretation services,LANGUAGE,TED,CHE,buy_bacf2bcb45c828276231,DGE-GEODES,4,2024-09-10,2026-07-03,2,661
Transcription / minutes,VIDEO_AUDIO,Quebec,Canada - Quebec,buy_0d4a1354d19c8a7c4937,Autorité des marchés financiers.,4,2023-11-21,2026-07-03,3,955
Brochure / flyer / poster printing,PRINT_BROKERAGE,Quebec,Canada - Quebec,buy_74b11442e524cd8beea0,Réseau de Transport Métropolitain (EXO),4,2023-11-30,2026-07-03,3,946
Document digitization / scanning,DATA_ADMIN,Quebec,Canada - Quebec,buy_78dfd7b9f65fb65fb074,Université de Sherbrooke -Service des ressources financières- Section de l'approvisionnement,4,2023-10-02,2026-07-02,3,1004
Signage / wayfinding / vinyl,PRINT_BROKERAGE,Quebec,Canada - Quebec,buy_4a7bd9fd0d10b8eeb109,Parc olympique,4,2024-01-18,2026-07-01,3,895
Website design / redesign,WEB_DIGITAL,Canada federal,Canada,buy_ce4a845c9d0259844abe,Parks Canada Agency (PC),4,2025-08-05,2026-06-30,2,329
Digital marketing / SEO / campaigns,CONTENT_DESIGN,Quebec,Canada - Quebec,buy_ff052ddf8b7a64e38130,Société de télédiffusion du Québec.,4,2024-04-30,2026-06-30,3,791
Signage / wayfinding / vinyl,PRINT_BROKERAGE,Belgium,BE,buy_2231f7cc958d64a3409274bc,Igretec,4,2024-01-10,2026-06-30,3,902
Website design / redesign,WEB_DIGITAL,United Kingdom,United Kingdom,buy_710798969778ca247584,Scottish Courts and Tribunals Service,4,2023-10-17,2026-06-29,4,986
Brochure / flyer / poster printing,PRINT_BROKERAGE,Belgium,BE,buy_bf9977e3c2fd6d7450ec396c,Stad Gent - Dienst Communicatie,4,2023-08-25,2026-06-29,4,1039
Document digitization / scanning,DATA_ADMIN,Germany,Germany,buy_018280ed6f1950fb3b70,"Bundesamt für Ausrüstung, Informationstechnik und Nutzung der Bundeswehr",4,2025-03-24,2026-06-29,2,462
Website maintenance / content updates,WEB_DIGITAL,TED,SWE,buy_3d59e3bbb5e2f64301ba,European Centre for Disease Prevention and Control,4,2024-09-24,2026-06-26,2,640
Brochure / flyer / poster printing,PRINT_BROKERAGE,France,France,buy_8e8556268baceda1c1ec,METROPOLE NICE CÔTE D'AZUR,4,2023-12-12,2026-06-25,3,926
Website design / redesign,WEB_DIGITAL,France,France,buy_dfa206b646ebda3a0cc4,Département des Alpes de Haute Provence,4,2024-08-02,2026-06-25,3,692
Website design / redesign,WEB_DIGITAL,Germany,Germany,buy_54398355f708e2ce7d9f,Bezirksamt Pankow von Berlin,4,2024-10-08,2026-06-25,3,625
Illustration / infographics,CONTENT_DESIGN,Quebec,Canada - Quebec,buy_ade897df12735935e342,Cégep de Lévis,4,2024-04-08,2026-06-25,2,808
Copywriting / editorial content,CONTENT_DESIGN,TED,ITA,buy_811f3d14bc58dffafbdd,ESA-ESRIN,4,2025-04-02,2026-06-24,2,448
Brochure / flyer / poster printing,PRINT_BROKERAGE,France,France,buy_1dd4df148191591f2be0,Ville d'Elancourt,4,2024-04-25,2026-06-24,2,790
Small IT equipment supply,PROCUREMENT_BROKERAGE,Belgium,BE,buy_b997c59bd9bd94206364e0d4,Regie der Gebouwen - ICT,4,2024-10-21,2026-06-23,3,610
Website design / redesign,WEB_DIGITAL,United Kingdom,United Kingdom,buy_c68f02e3e7299dc7de93,Tameside Metropolitan Borough Council,4,2024-01-31,2026-06-23,3,874
Signage / wayfinding / vinyl,PRINT_BROKERAGE,Quebec,Canada - Quebec,buy_b83c154b912a47c8b459,Centre de services scolaire de la Rivière-du-Nord,4,2024-05-22,2026-06-23,2,762
Brochure / flyer / poster printing,PRINT_BROKERAGE,Germany,Germany,buy_43b113d6335489d4117a,Zentrale Vergabestelle im Bayerischen Landesamt für Steuern,4,2025-03-26,2026-06-22,2,453
Document digitization / scanning,DATA_ADMIN,Germany,Germany,buy_2c36b824fda147335056,"Landeshauptstadt Stuttgart, Haupt- und Personalamt, Abt. Allgemeiner Service, Zentraler Einkauf",4,2024-01-30,2026-06-22,3,874
Brochure / flyer / poster printing,PRINT_BROKERAGE,France,France,buy_71ae3195a04f7a55fc8d,Région Occitanie,4,2024-10-24,2026-06-21,3,605
Signage / wayfinding / vinyl,PRINT_BROKERAGE,France,France,buy_bb539bdf6a374222b124,Le Havre Seine Metropole,4,2025-03-24,2026-06-19,2,452
Brochure / flyer / poster printing,PRINT_BROKERAGE,France,France,buy_0bba953a483e144af90b,Commune De Six-Fours-Les-Plages,4,2024-01-18,2026-06-19,3,883
Document digitization / scanning,DATA_ADMIN,Germany,Germany,buy_ce23ab91aee3f176a5ad,civillent GmbH,4,2024-03-25,2026-06-19,2,816
Document digitization / scanning,DATA_ADMIN,Germany,Germany,buy_c174ca944f725f64a682,Bundesamt für Sicherheit in der Informationstechnik,4,2023-11-10,2026-06-18,3,951
Workflow automation / RPA,AUTOMATION_SOFTWARE,Quebec,Canada - Quebec,buy_e3bbdfed47f88be042e7,CIUSSS du Centre-Sud-de-l'Île-de-Montréal,4,2023-08-31,2026-06-16,3,1020
Document digitization / scanning,DATA_ADMIN,Germany,Germany,buy_c0df621ddbfb3093ad32,Landesforstanstalt Mecklenburg-Vorpommern,4,2024-08-19,2026-06-16,3,666
Document digitization / scanning,DATA_ADMIN,Germany,Germany,buy_349cdf5ad510b1df09d6,Universitätsmedizin der Johannes Gutenberg-Universität Mainz,4,2025-03-13,2026-06-16,2,460
Signage / wayfinding / vinyl,PRINT_BROKERAGE,France,France,buy_0b217abeaec94452f06b,Bordeaux Métropole,4,2023-09-22,2026-06-15,3,997
Brochure / flyer / poster printing,PRINT_BROKERAGE,France,France,buy_e14acb5bf1c35acab413,Orléans Métropole,4,2023-08-09,2026-06-14,3,1040
Brochure / flyer / poster printing,PRINT_BROKERAGE,France,France,buy_bae6a738993e8351243f,Conseil départemental Loire Atlantique,4,2025-09-11,2026-06-14,2,276
Transcription / minutes,VIDEO_AUDIO,TED,EST,buy_e908f43d1dc8cf42dee7,SIHTASUTUS EESTI TERVISHOIU PILDIPANK,4,2023-08-06,2026-06-12,3,1041
Web hosting / domain / SSL,WEB_DIGITAL,TED,ESP,buy_841549a12d17237ad802,"EJIE, S.A. - Sociedad Informática del Gobierno Vasco - EJIE-Sociedad Informática del Gobierno Vasco",4,2024-01-02,2026-06-12,2,892
Website design / redesign,WEB_DIGITAL,TenderNed,Netherlands,buy_493bd7f276367a74434c,Provincie Noord-Holland,4,2023-11-15,2026-06-11,3,939
Document digitization / scanning,DATA_ADMIN,United Kingdom,United Kingdom,buy_a3f0e9fff6ba54f30b88,UK Hydrographic Office,4,2025-11-13,2026-06-11,2,210
Transcription / minutes,VIDEO_AUDIO,Germany,Germany,buy_6bc8aae3b02afb721731,Stadt Essen - JobCenter Essen,4,2024-07-16,2026-06-09,2,693
Brochure / flyer / poster printing,PRINT_BROKERAGE,TenderNed,Netherlands,buy_6716be78872e22d1ff09,"Ministerie van Defensie, Commando Landstrijdkrachten (MatlogCo)",4,2025-10-24,2026-06-09,2,228
Document digitization / scanning,DATA_ADMIN,United Kingdom,United Kingdom,buy_4d41bed8d623ac5bc010,British Library,4,2025-05-08,2026-06-08,2,396
Transcription / minutes,VIDEO_AUDIO,Canada federal,Canada,buy_73af9093eb082788092b,Department of National Defence (DND),4,2025-06-19,2026-06-08,2,354
Document digitization / scanning,DATA_ADMIN,Germany,Germany,buy_fda3dc7bda6f68a5210c,Kassenärztliche Vereinigung Baden-Württemberg,4,2025-04-01,2026-06-08,2,433
Document digitization / scanning,DATA_ADMIN,TenderNed,Netherlands,buy_0ca53f9e9f7605e4be35,Universiteit Utrecht,4,2025-10-25,2026-06-05,2,223
Website design / redesign,WEB_DIGITAL,Canada federal,Canada,buy_6c5519f88cd80a20be31,Canadian Institutes of Health Research (CIHR),4,2025-09-10,2026-06-05,2,268
Website design / redesign,WEB_DIGITAL,United Kingdom,United Kingdom,buy_6b86e5314bca0fc52fb2,British Library Board,4,2026-01-23,2026-06-04,1,132
Photography,VIDEO_AUDIO,Canada federal,Canada,buy_0607a8a09c35020b4e75,Department of Public Works and Government Services (PSPC),4,2024-04-19,2026-06-03,3,775
Website design / redesign,WEB_DIGITAL,United Kingdom,United Kingdom,buy_72f02b941094e7e898d4,Durham County Council,4,2025-09-23,2026-06-02,2,252
Website design / redesign,WEB_DIGITAL,United Kingdom,United Kingdom,buy_737645f1116fffc3be60,Trafford Council,4,2024-08-08,2026-06-02,3,663
Transcription / minutes,VIDEO_AUDIO,TenderNed,Netherlands,buy_55d6c2f42ddc882c20ac,Gemeente Waalwijk,4,2023-12-31,2026-06-02,3,884
Small IT equipment supply,PROCUREMENT_BROKERAGE,Quebec,Canada - Quebec,buy_969761705b4bde4e39bb,Société de transport de Montréal,4,2023-09-15,2026-06-02,3,991
Transcription / minutes,VIDEO_AUDIO,TED,SVK,buy_73db5c7f5f9933800fa8,Trenčiansky samosprávny kraj,4,2024-11-08,2026-06-02,2,571
Brochure / flyer / poster printing,PRINT_BROKERAGE,France,France,buy_15b72489d4654b6eefc4,Ville de Saint Gilles Croix de Vie (85),4,2024-06-10,2026-06-02,2,722
Brochure / flyer / poster printing,PRINT_BROKERAGE,France,France,buy_e8e2d83a2796336217a8,Département de Seine-et-Marne,4,2024-11-20,2026-05-29,3,555
Brochure / flyer / poster printing,PRINT_BROKERAGE,France,France,buy_f4f9b1f6bb72026e94fb,Ville de Saint-Maur-des-Fossés,4,2023-12-30,2026-05-28,3,880
Signage / wayfinding / vinyl,PRINT_BROKERAGE,Quebec,Canada - Quebec,buy_b14589da70b9c686f6fa,Ville de Montréal - Arrondissement Lasalle,4,2024-10-31,2026-05-27,3,573
Online forms / lightweight portals,WEB_DIGITAL,TenderNed,Netherlands,buy_20f3eef009abea8b4257,Technische Universiteit Delft,4,2024-02-16,2026-05-27,3,831
Website design / redesign,WEB_DIGITAL,United Kingdom,United Kingdom,buy_eeb842cd176deb96f605,Scottish Police Authority,4,2024-05-03,2026-05-27,3,754
Website design / redesign,WEB_DIGITAL,TenderNed,Netherlands,buy_f0cceefa07850bb6bbc4,Provincie Noord-Brabant,4,2023-11-19,2026-05-27,3,920
Signage / wayfinding / vinyl,PRINT_BROKERAGE,TED,HUN,buy_b01261b2534556cbe22a,Magyar Nemzeti Múzeum Közgyűjteményi Központ,4,2024-09-03,2026-05-26,3,630
Signage / wayfinding / vinyl,PRINT_BROKERAGE,United Kingdom,United Kingdom,buy_b36c3c47ce15e437480b,The Mayor and Commonalty and Citizens of the City of London,4,2024-12-09,2026-05-26,3,533
Website design / redesign,WEB_DIGITAL,Canada federal,Canada,buy_fbfe072526fa9b1b9e3f,Government of the Northwest Territories (GNWT),4,2025-11-27,2026-05-22,2,176
Signage / wayfinding / vinyl,PRINT_BROKERAGE,Quebec,Canada - Quebec,buy_dbe26133b9d35630f868,Université de Montréal,4,2024-02-05,2026-05-22,2,837
Document digitization / scanning,DATA_ADMIN,TenderNed,Netherlands,buy_930df0e47df9bd72112e,Koninklijke Bibliotheek,4,2024-02-29,2026-05-20,2,811
Website design / redesign,WEB_DIGITAL,United Kingdom,United Kingdom,buy_a328357674a42fac2270,Department for Work & Pensions,4,2026-02-03,2026-05-20,1,106
Presentation / template design,CONTENT_DESIGN,TED,MDA,buy_913b0f6de46122300a4a,SERVICIUL FISCAL DE STAT,4,2024-07-12,2026-05-20,2,677
Copywriting / editorial content,CONTENT_DESIGN,Belgium,BE,buy_440a172bfff982ccfe183751,Waremme,4,2025-09-24,2026-05-19,2,237
Brochure / flyer / poster printing,PRINT_BROKERAGE,Germany,Germany,buy_f7c948f09d9c03b3d82f,IKK classic,4,2024-05-27,2026-05-19,3,722
Website design / redesign,WEB_DIGITAL,TED,AUT,buy_634e77d319656176c9ca,Österreichische Energieagentur - Austrian Energy Agency,4,2024-02-28,2026-05-18,3,810
Brochure / flyer / poster printing,PRINT_BROKERAGE,France,France,buy_9efcd82e08db0b0d6ccc,Commune de Bobigny,4,2023-11-30,2026-05-17,3,899
Brochure / flyer / poster printing,PRINT_BROKERAGE,France,France,buy_237727ecbe08220b9984,Hôpitaux Civils de Colmar (68),4,2024-01-11,2026-05-15,2,855
Website design / redesign,WEB_DIGITAL,Germany,Germany,buy_c159b7bde4c44e415759,Westdeutscher Rundfunk Köln,4,2025-07-07,2026-05-13,2,310
Brochure / flyer / poster printing,PRINT_BROKERAGE,Belgium,BE,buy_b575ace2edf51e529216f539,Vlaamse Vereniging voor Ontwikkelingssamenwerking en technische Bijstand,4,2024-06-21,2026-05-12,3,690
Brochure / flyer / poster printing,PRINT_BROKERAGE,Germany,Germany,buy_6f40a41731675868bf83,AOK - Die Gesundheitskasse für Niedersachsen,4,2024-06-21,2026-05-12,3,690
Website design / redesign,WEB_DIGITAL,United Kingdom,United Kingdom,buy_4756afa58bbd8100f322,Hertford Regional College,4,2025-05-06,2026-05-11,2,370
Document digitization / scanning,DATA_ADMIN,Quebec,Canada - Quebec,buy_57e722d2707640a275ef,Centre intégré de santé et de services sociaux de la Montérégie-Est,4,2023-10-25,2026-05-08,4,926
Brochure / flyer / poster printing,PRINT_BROKERAGE,Quebec,Canada - Quebec,buy_b2162f55954010ee5e73,Ville de Montréal - Arrondissement ---- Rosemont ---- La Petite-Patrie,4,2023-11-13,2026-05-06,4,905
Transcription / minutes,VIDEO_AUDIO,United Kingdom,United Kingdom,buy_40008bd6ccccd4660be6,Queen's University Belfast,4,2025-10-17,2026-05-06,2,201
Video editing / post-production,VIDEO_AUDIO,TED,NOR,buy_581df20f038735ed5497,Norsk rikskringkasting AS,4,2024-05-16,2026-05-06,3,720
Brochure / flyer / poster printing,PRINT_BROKERAGE,France,France,buy_95ad1146bf3734bcf745,Ville du Havre,4,2024-12-17,2026-05-05,3,504
Digital marketing / SEO / campaigns,CONTENT_DESIGN,TED,NOR,buy_581df20f038735ed5497,Norsk Helsenett SF,4,2024-10-03,2026-05-05,3,579
Proofreading / editing,CONTENT_DESIGN,Quebec,Canada - Quebec,buy_e6ada229116b627c58b4,Ministère de l'Emploi et de la Solidarité sociale,4,2025-08-18,2026-05-04,2,259
Brochure / flyer / poster printing,PRINT_BROKERAGE,France,France,buy_404c94560dafc8d23629,Département de la Savoie,4,2024-07-14,2026-05-04,2,659
Brochure / flyer / poster printing,PRINT_BROKERAGE,France,France,buy_cd4d11997a1b16e5820b,DEPARTEMENT DES BOUCHES DU RHONE,4,2024-02-05,2026-05-04,3,819
Small IT equipment supply,PROCUREMENT_BROKERAGE,TenderNed,Netherlands,buy_d71e42fb54c2569b6ebe,Rijksinstituut voor Volksgezondheid en Milieu (RIVM),4,2024-03-27,2026-05-03,2,767
Document digitization / scanning,DATA_ADMIN,Germany,Germany,buy_9280d1a9de3d52bf1565,Max-Planck-Institut für Biophysik,4,2024-07-26,2026-04-30,3,643
Document digitization / scanning,DATA_ADMIN,Quebec,Canada - Quebec,buy_1307ff06848db8f09e34,Centre intégré universitaire de santé et de services sociaux de l'Estrie - Centre Hospitalier Universitaire de Sherbrooke - CHUS,4,2024-01-08,2026-04-29,2,842
Signage / wayfinding / vinyl,PRINT_BROKERAGE,Belgium,BE,buy_34e229f44f3dafadb904e4fa,Logivesdre,4,2025-08-19,2026-04-28,2,252
Graphic design / layout,CONTENT_DESIGN,France,France,buy_5dfb5d669b8e864a3911,Museum National d'Histoire Naturelle,4,2025-04-25,2026-04-28,2,368
Brochure / flyer / poster printing,PRINT_BROKERAGE,France,France,buy_bf686e60038a4fc777fe,Ville de Sartrouville,4,2024-06-03,2026-04-26,3,692
Document digitization / scanning,DATA_ADMIN,TenderNed,Netherlands,buy_da0fe673db9d9c0b98c0,Gemeente Hengelo,4,2023-11-09,2026-04-23,4,896
Copywriting / editorial content,CONTENT_DESIGN,Quebec,Canada - Quebec,buy_af34768c494bd2adb873,Institut de Cardiologie de Montréal.,4,2024-04-22,2026-04-22,3,730
Website design / redesign,WEB_DIGITAL,United Kingdom,United Kingdom,buy_98892626d74b154578b6,Scottish Natural Heritage,4,2023-12-05,2026-04-21,3,868
Brochure / flyer / poster printing,PRINT_BROKERAGE,France,France,buy_1e55503652ba7de641cc,Mairie de Saint-Chamond,4,2024-02-23,2026-04-21,2,788
Signage / wayfinding / vinyl,PRINT_BROKERAGE,Quebec,Canada - Quebec,buy_2a5bfbdf7022f571aa98,Société des établissements de plein air du Québec (Sépaq).,4,2024-03-22,2026-04-21,3,760
Document digitization / scanning,DATA_ADMIN,Germany,Germany,buy_2cbe3650a6c518135e4c,Friedrich-Schiller-Universität Jena,4,2025-09-12,2026-04-21,2,221
Website design / redesign,WEB_DIGITAL,Quebec,Canada - Quebec,buy_ab477f597e61a8d8df96,Centre de services scolaire des Samares.,4,2023-08-30,2026-04-20,3,964
Transcription / minutes,VIDEO_AUDIO,Belgium,BE,buy_59439672377fa6c14ee60bf1,Agence de Promotion Immobilière du Brabant Wallon,4,2025-03-19,2026-04-20,2,397
Website design / redesign,WEB_DIGITAL,TenderNed,Netherlands,buy_f26e655f6b07dd9bdc1c,Nederlands Instituut Publieke Veiligheid,4,2024-07-11,2026-04-17,2,645
Small IT equipment supply,PROCUREMENT_BROKERAGE,TenderNed,Netherlands,buy_49de1a67d09f409dd749,Gemeente Land van Cuijk,4,2023-12-22,2026-04-16,3,846
Document digitization / scanning,DATA_ADMIN,TenderNed,Netherlands,buy_fee5580f2433595ccbce,Gemeente Westerkwartier,4,2024-10-04,2026-04-16,3,559
Website design / redesign,WEB_DIGITAL,United Kingdom,United Kingdom,buy_80e14296282f5f5b135c,NHS England,4,2025-01-13,2026-04-16,2,458
Signage / wayfinding / vinyl,PRINT_BROKERAGE,Quebec,Canada - Quebec,buy_7a4f20655226d7f5284d,Ville de Gatineau.,4,2025-05-08,2026-04-16,2,343
Document digitization / scanning,DATA_ADMIN,TenderNed,Netherlands,buy_0c1ad1c449536e1a85ea,Gemeente 's-Hertogenbosch,4,2024-02-20,2026-04-16,3,786
Document digitization / scanning,DATA_ADMIN,TenderNed,Netherlands,buy_317c3e5728fb25ef8aa9,Maastricht UMC+,4,2023-09-28,2026-04-14,3,929
Document digitization / scanning,DATA_ADMIN,Germany,Germany,buy_9e9b22c39e07b1aee175,"Ministerium für Heimat, Kommunales, Bau und Digitalisierung des Landes Nordrhein-Westfalen (MHKBD)",4,2024-01-16,2026-04-14,2,819
Web hosting / domain / SSL,WEB_DIGITAL,Belgium,BE,buy_0149360f99e739e69cbcc44b,Instituut voor Tropische Geneeskunde,4,2023-10-09,2026-04-13,3,917
Signage / wayfinding / vinyl,PRINT_BROKERAGE,United Kingdom,United Kingdom,buy_f124be2536f80c97d5a6,Middlesbrough Council,4,2025-03-31,2026-04-13,2,378
Brochure / flyer / poster printing,PRINT_BROKERAGE,Quebec,Canada - Quebec,buy_3f7a6a63b751173bbc53,Collège Ahuntsic,4,2024-02-21,2026-04-13,3,782
Brand identity / visual identity,CONTENT_DESIGN,Belgium,BE,buy_ad79eddac5d342679ead4dd7,Infrabel - Goods & Services,4,2023-09-05,2026-04-13,3,951
Document digitization / scanning,DATA_ADMIN,Quebec,Canada - Quebec,buy_b751bf32eac252b05ac4,SANTÉ QUÉBEC - Centre Hospitalier de l'Université de Montréal (CHUM),4,2025-02-25,2026-04-12,2,411
Small IT equipment supply,PROCUREMENT_BROKERAGE,Belgium,BE,buy_8cdbfc9883f8da8eebb52358,Haute Ecole Charlemagne,4,2024-06-20,2026-04-09,3,658
Website design / redesign,WEB_DIGITAL,Germany,Germany,buy_b7b3e9e235327d8ac7fe,"Land Hessen, vertreten durch die Hessische Zentrale für Datenverarbeitung",4,2024-12-13,2026-04-08,3,481
Document digitization / scanning,DATA_ADMIN,Germany,Germany,buy_faaf36205f03707e7ddb,Klinikum der Stadt Ludwigshafen am Rhein gGmbH,4,2024-10-15,2026-04-07,3,539
Website design / redesign,WEB_DIGITAL,France,France,buy_daa60d4d8e034b8b6a62,Musée du quai Branly - Jacques Chirac,4,2023-08-25,2026-04-02,3,951
Document digitization / scanning,DATA_ADMIN,Quebec,Canada - Quebec,buy_8b047c9f347dd0653132,CHU Ste-Justine,4,2025-04-16,2026-04-02,2,351
Transcription / minutes,VIDEO_AUDIO,France,France,buy_ec86c6c6a0d2f5db41fa,Région académique d'Île-de-France,4,2025-08-21,2026-04-01,2,223
Document digitization / scanning,DATA_ADMIN,TenderNed,Netherlands,buy_e8f7854e2d202bf82b1a,"Ministerie van Defensie, Defensie Ondersteuningscommando (DOSCO)",4,2023-09-04,2026-04-01,3,940
Transcription / minutes,VIDEO_AUDIO,TenderNed,Netherlands,buy_e112869d677cade3d75a,TenneT TSO,4,2024-12-22,2026-04-01,3,465
Signage / wayfinding / vinyl,PRINT_BROKERAGE,France,France,buy_bf4f354db8c4316e28b5,Musée national Picasso Paris,4,2024-12-19,2026-04-01,3,468
Document digitization / scanning,DATA_ADMIN,Germany,Germany,buy_61347cfca5dd1555ca55,Landkreis Hildesheim,4,2024-07-12,2026-04-01,3,628
Signage / wayfinding / vinyl,PRINT_BROKERAGE,Quebec,Canada - Quebec,buy_6a45f4f5e346322e8ba0,Centre intégré de santé et de services sociaux de Lanaudière,4,2024-11-13,2026-03-31,3,503
Signage / wayfinding / vinyl,PRINT_BROKERAGE,Quebec,Canada - Quebec,buy_c25f154ab51e6f04a4cb,Ville de Montréal - Service de l'approvisionnement,4,2024-09-18,2026-03-30,3,558
Photography,VIDEO_AUDIO,Ireland,Ireland,buy_5af3eed44adedc5c454a,Education Procurement Service (EPS),4,2024-07-02,2026-03-27,3,633
Signage / wayfinding / vinyl,PRINT_BROKERAGE,France,France,buy_48ef5ef08a8480c68a5f,Ville de Nîmes,4,2023-09-14,2026-03-26,3,924
Brochure / flyer / poster printing,PRINT_BROKERAGE,TenderNed,Netherlands,buy_621ee563b047e02f37c9,Gemeente Leeuwarden,4,2024-08-27,2026-03-26,3,576
Translation / localization,LANGUAGE,Belgium,BE,buy_5348132f023ea39c5678e102,Direction des Cours d'eau non navigables,4,2023-09-25,2026-03-24,4,911
Copywriting / editorial content,CONTENT_DESIGN,TED,SWE,buy_3d59e3bbb5e2f64301ba,Varbergs Bostadsaktiebolag,4,2024-02-22,2026-03-23,3,760
Document digitization / scanning,DATA_ADMIN,TenderNed,Netherlands,buy_acf2416c50a25f8bb68f,Stichting Nederlandse Wetenschappelijk Onderzoek Instituten (NWO-I),4,2024-04-24,2026-03-22,3,697
Brochure / flyer / poster printing,PRINT_BROKERAGE,France,France,buy_a0af5478c3068adfec1d,COMMUNE DU TAMPON,4,2024-04-18,2026-03-22,2,703
Website design / redesign,WEB_DIGITAL,France,France,buy_dc71ea995ad0de6e04e1,Mairie de Romainville,4,2024-11-28,2026-03-19,3,476
Signage / wayfinding / vinyl,PRINT_BROKERAGE,France,France,buy_2fdb63999254a387e51e,Département de la Seine-Saint-Denis,4,2023-12-22,2026-03-19,3,818
Document digitization / scanning,DATA_ADMIN,Quebec,Canada - Quebec,buy_f8857d7e89ce4134d78e,Ville de Lévis.,4,2023-08-11,2026-03-17,3,949
Brochure / flyer / poster printing,PRINT_BROKERAGE,France,France,buy_1db652e2773a4426a894,Département de la Sarthe,4,2023-12-24,2026-03-14,3,811
Transcription / minutes,VIDEO_AUDIO,Canada federal,Canada,buy_d71e11974a5e6b8d32bd,Canada Revenue Agency (CRA),4,2024-10-31,2026-03-13,3,498
Transcription / minutes,VIDEO_AUDIO,Quebec,Canada - Quebec,buy_f05069f2e849f61de027,"Ministère de l'Immigration, de la Francisation et de l'Intégration",4,2024-07-05,2026-03-12,3,615
Transcription / minutes,VIDEO_AUDIO,Quebec,Canada - Quebec,buy_c25f154ab51e6f04a4cb,Ville de Montréal - Service de l'approvisionnement,4,2023-09-06,2026-03-09,3,915
Transcription / minutes,VIDEO_AUDIO,France,France,buy_97ce44badffab2ec31c4,Département de la Seine-Maritime,4,2024-02-16,2026-03-07,3,750
Document digitization / scanning,DATA_ADMIN,Germany,Germany,buy_94265f470efbe5a63edf,ÜSTRA Hannoversche Verkehrsbetriebe Aktiengesellschaft,4,2025-05-27,2026-03-06,2,283
Brochure / flyer / poster printing,PRINT_BROKERAGE,France,France,buy_90ed5ae96eb3ecd094e2,Cnfpt - Direction de l'achat public,4,2025-02-26,2026-03-06,2,373
Translation / localization,LANGUAGE,Belgium,BE,buy_597d7d9da502a2b57143d216,Le Logis Saint-Ghislainois,4,2025-09-26,2026-03-05,2,160
Brochure / flyer / poster printing,PRINT_BROKERAGE,France,France,buy_7f6232cf87fc29fe6eeb,Université de Limoges,4,2024-01-03,2026-03-04,3,791
Digital marketing / SEO / campaigns,CONTENT_DESIGN,Ireland,Ireland,buy_fe4116e01d01791a5cee,Údarás Na Gaeltachta,4,2025-03-03,2026-03-03,2,365
Brochure / flyer / poster printing,PRINT_BROKERAGE,Belgium,BE,buy_389c55efb17e6d2b3a5ab8c3,Sint-Truiden,4,2023-12-13,2026-03-03,3,811
Transcription / minutes,VIDEO_AUDIO,TenderNed,Netherlands,buy_e7c5a344575a7f98fca4,Stichting Connekt,4,2024-04-10,2026-02-26,2,687
Document digitization / scanning,DATA_ADMIN,United Kingdom,United Kingdom,buy_80e14296282f5f5b135c,NHS England,4,2023-12-22,2026-02-26,3,797
Signage / wayfinding / vinyl,PRINT_BROKERAGE,France,France,buy_47a241f84cbd0f1a7a1c,Nantes Métropole,4,2024-05-11,2026-02-25,3,655
Transcription / minutes,VIDEO_AUDIO,United Kingdom,United Kingdom,buy_eccef005938b28d927ca,Leicestershire County Council,4,2024-04-30,2026-02-25,3,666
Signage / wayfinding / vinyl,PRINT_BROKERAGE,France,France,buy_ac2904bde1313cba48c5,Region Centre Val De Loire,4,2024-01-31,2026-02-25,3,756
Office / presentation equipment supply,PROCUREMENT_BROKERAGE,TED,MLT,buy_49603fbd0efcf57ee39e,WasteServ Malta Ltd,4,2024-06-04,2026-02-24,3,630
Brochure / flyer / poster printing,PRINT_BROKERAGE,France,France,buy_82c0732610ff8341ecb6,Angers Loire Metropole (49),4,2024-10-16,2026-02-22,3,494
Website design / redesign,WEB_DIGITAL,Ireland,Ireland,buy_8476ff0dc95a3bda39c0,State Examinations Commission,4,2025-08-01,2026-02-20,2,203
Brochure / flyer / poster printing,PRINT_BROKERAGE,TenderNed,Netherlands,buy_f8058940e08f75993385,Universitair Medisch Centrum Groningen (UMCG),4,2024-11-22,2026-02-15,3,450
Website design / redesign,WEB_DIGITAL,United Kingdom,United Kingdom,buy_b802bcb92bc6063e4700,Llywodraeth Cymru / Welsh Government,4,2024-10-15,2026-02-12,3,485
Document digitization / scanning,DATA_ADMIN,TenderNed,Netherlands,buy_919564f4b463bd57a6c8,Nederlandse Organisatie voor toegepast-natuurwetenschappelijk onderzoek TNO,4,2024-01-05,2026-02-08,2,765
Web hosting / domain / SSL,WEB_DIGITAL,TenderNed,Netherlands,buy_082fe9c120e058a6ce54,ProRail B.V.,4,2024-06-05,2026-02-08,3,613
Brochure / flyer / poster printing,PRINT_BROKERAGE,France,France,buy_40a3cedf4b42e5904fe1,Eau De Paris,4,2024-04-01,2026-02-06,3,676
Copywriting / editorial content,CONTENT_DESIGN,Belgium,BE,buy_f9ebf13432d6a62039764e47,Gerpinnes,4,2023-12-29,2026-02-02,3,766
Brochure / flyer / poster printing,PRINT_BROKERAGE,France,France,buy_bf122695dd6d16b19cde,Conseil Départemental des Bouches du Rhône,4,2024-03-15,2026-02-01,2,688
Signage / wayfinding / vinyl,PRINT_BROKERAGE,Belgium,BE,buy_91fbe8a3b5021de2afbde2ab,Direction des Etudes environnementales et paysagères,4,2024-09-10,2026-01-30,3,507
Brochure / flyer / poster printing,PRINT_BROKERAGE,France,France,buy_83730eeb08dc938df863,Conseil Départemental de la Charente,4,2024-05-03,2026-01-30,2,637
Signage / wayfinding / vinyl,PRINT_BROKERAGE,Belgium,BE,buy_6c83d58d4b958f5a88213b1b,Commune de Soumagne,4,2024-08-23,2026-01-28,3,523
AI chatbot / assistant,AUTOMATION_SOFTWARE,TED,CZE,buy_85fe87d2665464f38efa,Město Jindřichův Hradec,4,2024-09-26,2026-01-27,3,488
Transcription / minutes,VIDEO_AUDIO,TenderNed,Netherlands,buy_09f34d1032ef976cbc35,"Gemeente Apeldoorn, team Inkoop",4,2024-04-19,2026-01-23,3,644
Brochure / flyer / poster printing,PRINT_BROKERAGE,France,France,buy_5f67f97680a6073dcbe2,Conseil Départemental d'Ille et Vilaine,4,2024-10-19,2026-01-22,3,460
Brochure / flyer / poster printing,PRINT_BROKERAGE,Belgium,BE,buy_125fda2fe6358ae094e8d8cb,Ninove,4,2025-01-06,2026-01-20,2,379
Web hosting / domain / SSL,WEB_DIGITAL,TenderNed,Netherlands,buy_e3ae013927ca8d03e5ad,NS Groep N.V.,4,2023-09-14,2026-01-20,3,859
Document digitization / scanning,DATA_ADMIN,Germany,Germany,buy_dac8eb0b8bb3f312f787,Kreis Steinfurt,4,2023-11-14,2026-01-19,4,797
Transcription / minutes,VIDEO_AUDIO,Ireland,Ireland,buy_5ed3d082240d907ddef4,Irish Human Rights and Equality Commission,4,2025-03-14,2026-01-16,2,308
Brochure / flyer / poster printing,PRINT_BROKERAGE,France,France,buy_887d3f67d5d25d798f62,Conseil départemental Meurthe et Moselle,4,2024-02-12,2026-01-15,3,703
Brochure / flyer / poster printing,PRINT_BROKERAGE,Germany,Germany,buy_149a1b703383a313fa32,degewo AG,4,2024-11-19,2026-01-13,3,420
Signage / wayfinding / vinyl,PRINT_BROKERAGE,Belgium,BE,buy_70bf8dc04b80e5b3a9202bfe,Namur - Service Bureau d'Etudes Bâtiments,4,2023-10-31,2026-01-08,4,800
Brochure / flyer / poster printing,PRINT_BROKERAGE,TenderNed,Netherlands,buy_e36200fa8c17fb7b3a15,Enexis Netbeheer BV/Enexis Personeel BV,4,2025-08-03,2026-01-07,2,157
Brochure / flyer / poster printing,PRINT_BROKERAGE,France,France,buy_4a7e899c95d338f15628,Cholet Agglomération,4,2023-10-26,2026-01-03,4,800
Signage / wayfinding / vinyl,PRINT_BROKERAGE,France,France,buy_311ef3fb196d7560fc76,Régie Parcs d'Azur (06),4,2024-12-22,2026-01-01,3,375
Graphic design / layout,CONTENT_DESIGN,TED,POL,buy_e4d061caa68fce2f60e7,Ministerstwo Infrastruktury,4,2024-05-22,2025-12-30,2,587
Transcription / minutes,VIDEO_AUDIO,TED,MKD,buy_5ed803fae1f670fc4749,Government of the Republic of North Macedonia - General Secretariat,4,2024-09-13,2025-12-29,2,472
Brochure / flyer / poster printing,PRINT_BROKERAGE,France,France,buy_9baba6793d2540b5a46c,Grand Besançon Métropole,4,2024-09-02,2025-12-24,2,478
Signage / wayfinding / vinyl,PRINT_BROKERAGE,France,France,buy_f79eabccdf37d366cc5c,Département du Var,4,2024-12-15,2025-12-24,2,374
Brochure / flyer / poster printing,PRINT_BROKERAGE,TenderNed,Netherlands,buy_e3ae013927ca8d03e5ad,NS Groep N.V.,4,2024-03-06,2025-12-22,2,656
Brochure / flyer / poster printing,PRINT_BROKERAGE,France,France,buy_8ba0cd893bb5b6af07d4,Mairie de Salon de Provence,4,2024-08-16,2025-12-18,2,489
Copywriting / editorial content,CONTENT_DESIGN,Belgium,BE,buy_02f9fb20c2b479351a3cc0ed,Walloon Parliament,4,2023-08-29,2025-12-17,3,841
Brochure / flyer / poster printing,PRINT_BROKERAGE,TED,SVK,buy_73db5c7f5f9933800fa8,Ministerstvo obrany Slovenskej republiky,4,2024-05-14,2025-12-16,2,581
Document digitization / scanning,DATA_ADMIN,TenderNed,Netherlands,buy_6a2bd7f25601bad6bf61,Gemeente Stadskanaal,4,2025-06-26,2025-12-16,1,173
Website design / redesign,WEB_DIGITAL,United Kingdom,United Kingdom,buy_b04590f9372366e89ad2,Swansea University,4,2025-11-11,2025-12-16,1,35
Small IT equipment supply,PROCUREMENT_BROKERAGE,United Kingdom,United Kingdom,buy_9b33f4326224565a8a24,The City of Liverpool College,4,2025-07-09,2025-12-16,1,160
Website design / redesign,WEB_DIGITAL,United Kingdom,United Kingdom,buy_c6516899ce16c24e14a1,West Northamptonshire Council,4,2025-02-14,2025-12-15,1,304
Signage / wayfinding / vinyl,PRINT_BROKERAGE,France,France,buy_83ea23ec63106cdce730,DIR CENTRE OUEST,4,2024-06-16,2025-12-14,2,546
Brochure / flyer / poster printing,PRINT_BROKERAGE,France,France,buy_c5b458780b3d6ce0ea9a,Ville d'Hénin-Beaumont (62),4,2025-02-20,2025-12-12,1,295
Document digitization / scanning,DATA_ADMIN,TenderNed,Netherlands,buy_945758940ee2c6a9c05e,Rijkswaterstaat Centrale Informatievoorziening,4,2024-11-29,2025-12-11,2,377
Web hosting / domain / SSL,WEB_DIGITAL,TED,MKD,buy_5ed803fae1f670fc4749,Ministry of Education and Science,4,2024-03-13,2025-12-11,2,638
Brochure / flyer / poster printing,PRINT_BROKERAGE,Germany,Germany,buy_cc94dd4bccb657e195e3,Generalzolldirektion Zentrale Beschaffungsstelle der Bundesfinanzverwaltung,4,2024-10-14,2025-12-10,2,422
Document digitization / scanning,DATA_ADMIN,Germany,Germany,buy_0593c3522257b6d256a8,Universitätsklinikum Magdeburg A.ö.R,4,2023-12-07,2025-12-09,2,733
Small IT equipment supply,PROCUREMENT_BROKERAGE,TED,LTU,buy_3878737b0bf9117c77ed,UAB Alytaus šilumos tinklai,4,2024-05-08,2025-12-03,2,574
Brochure / flyer / poster printing,PRINT_BROKERAGE,Ireland,Ireland,buy_44ced8627c14aa20deed,Donegal County Council,4,2024-08-23,2025-12-01,2,465
Brochure / flyer / poster printing,PRINT_BROKERAGE,France,France,buy_99167d062161fe55fe82,Collectivité européenne d'Alsace,4,2024-03-20,2025-12-01,2,621
Document digitization / scanning,DATA_ADMIN,Germany,Germany,buy_84718ffa9e4a39b02f35,Landesamt für Umwelt,4,2024-11-13,2025-12-01,2,383
CMS development / migration,WEB_DIGITAL,Belgium,BE,buy_10184e3f6b47645a1fca153e,Université de Liège (3P),4,2023-11-25,2025-11-28,3,734
Signage / wayfinding / vinyl,PRINT_BROKERAGE,France,France,buy_d0c5708c3095d22c59cd,Rennes Métropole,4,2023-10-26,2025-11-25,2,761
Website design / redesign,WEB_DIGITAL,France,France,buy_d9380dacc7251bf49508,Département de Mayotte,4,2024-03-18,2025-11-24,2,616
Website design / redesign,WEB_DIGITAL,Ireland,Ireland,buy_7b4090da8bd378c8c15c,Department of Culture Communications Sport,4,2023-09-15,2025-11-21,2,798
Brochure / flyer / poster printing,PRINT_BROKERAGE,TenderNed,Netherlands,buy_262117bbe1320f2c367e,RDW,4,2024-08-02,2025-11-21,2,476
Transcription / minutes,VIDEO_AUDIO,TED,LTU,buy_3878737b0bf9117c77ed,Lietuvos medicinos biblioteka,4,2025-04-16,2025-11-21,1,219
Brochure / flyer / poster printing,PRINT_BROKERAGE,TenderNed,Netherlands,buy_2e6f60b570fe2082f489,De Nederlandsche Bank N.V.,4,2023-08-25,2025-11-20,3,818
Document digitization / scanning,DATA_ADMIN,Germany,Germany,buy_336bf1a1231f003df978,Deutsche Stiftung für Engagement und Ehrenamt,4,2024-03-02,2025-11-14,2,622
Signage / wayfinding / vinyl,PRINT_BROKERAGE,France,France,buy_dd729d6842c601a067ec,Commune de Pornic,4,2024-05-16,2025-11-13,2,546
Signage / wayfinding / vinyl,PRINT_BROKERAGE,France,France,buy_3ff101ae41266fb6419c,CY Cergy Paris Université,4,2024-02-09,2025-11-12,2,642
Brochure / flyer / poster printing,PRINT_BROKERAGE,Canada federal,Canada,buy_60dd6acaf56ca584feb2,Department of Employment and Social Development (ESDC),4,2025-05-15,2025-11-12,1,181
Brochure / flyer / poster printing,PRINT_BROKERAGE,France,France,buy_7dc3a3282db72bfb0a06,VILLE DE SAINT-LOUIS,4,2025-06-26,2025-11-10,1,137
Brochure / flyer / poster printing,PRINT_BROKERAGE,France,France,buy_92b0db512723594a7f75,Ville de Mamoudzou (976),4,2025-05-08,2025-11-09,1,185
Graphic design / layout,CONTENT_DESIGN,Ireland,Ireland,buy_6df3354786c2d4a67053,Dun Laoghaire-Rathdown County Council,4,2024-04-10,2025-11-07,2,576
Brochure / flyer / poster printing,PRINT_BROKERAGE,TenderNed,Netherlands,buy_ebb6da03c4f67c968877,gemeente Nijmegen,4,2023-08-10,2025-11-06,2,819
Brochure / flyer / poster printing,PRINT_BROKERAGE,France,France,buy_aed51c722dcb9aab355f,Département de la Somme,4,2024-07-17,2025-11-06,2,477
Brochure / flyer / poster printing,PRINT_BROKERAGE,France,France,buy_73686d2198d4d1730580,Ville de Grasse (06),4,2024-04-12,2025-10-31,2,567
Online forms / lightweight portals,WEB_DIGITAL,TED,MLT,buy_49603fbd0efcf57ee39e,Central Procurement and Supplies Unit (MFH),4,2024-10-25,2025-10-29,2,369
Document digitization / scanning,DATA_ADMIN,Germany,Germany,buy_89200d480a0a0e160ce9,Landkreis Kulmbach,4,2024-02-07,2025-10-28,2,629
Transcription / minutes,VIDEO_AUDIO,Germany,Germany,buy_2e0a7475b9db81f60fc8,"Bundesrepublik Deutschland, vertreten durch das Bundesministerium des Innern und für Heimat, vertreten durch das Beschaffungsamt des BMI",4,2024-05-29,2025-10-28,2,517
Brochure / flyer / poster printing,PRINT_BROKERAGE,France,France,buy_0756458d9a7f097fb318,Ville de Strasbourg,4,2023-09-30,2025-10-26,2,757
Brochure / flyer / poster printing,PRINT_BROKERAGE,France,France,buy_32e0df77cbf039279055,Ville Liévin,4,2024-11-28,2025-10-23,2,329
Translation / localization,LANGUAGE,Belgium,BE,buy_138f9c9bb4e63e1916c85bc2,"Agence Intercommunale de Développement de Tournai, d'Ath et des communes avoisinantes IDETA scrl",4,2023-11-28,2025-10-23,2,695
Website design / redesign,WEB_DIGITAL,Quebec,Canada - Quebec,buy_3f8a470b7cee3e443b10,CIUSSS du Centre-ouest-de-l'Île-de-Montréal,4,2023-11-03,2025-10-23,3,720
Brochure / flyer / poster printing,PRINT_BROKERAGE,TenderNed,Netherlands,buy_6cc3d2bd52f3bad2523a,"Ministerie van Defensie, Commando Materieel en IT, Afdeling Inkoop IT",4,2024-05-16,2025-10-22,2,524
Brochure / flyer / poster printing,PRINT_BROKERAGE,Quebec,Canada - Quebec,buy_db626064622f416b3c08,"Commission des normes, de l'équité, de la santé et de la sécurité du travail",4,2023-08-04,2025-10-21,2,809
Brochure / flyer / poster printing,PRINT_BROKERAGE,France,France,buy_920f5a4e3810dba3889d,Ville de La Garde,4,2024-01-06,2025-10-21,2,654
Signage / wayfinding / vinyl,PRINT_BROKERAGE,Quebec,Canada - Quebec,buy_fa5ddc895a2992fc1608,Direction des acquisitions stratégiques et des unités spécialisées,4,2025-03-17,2025-10-17,1,214
Social media content production,CONTENT_DESIGN,TED,HUN,buy_b01261b2534556cbe22a,Margitszigeti Színház Nonprofit Korlátolt Felelősségű Társaság,4,2023-11-08,2025-10-14,3,706
Document digitization / scanning,DATA_ADMIN,Germany,Germany,buy_e03b4f01f61075f67f45,Rheinbahn AG,4,2024-12-20,2025-10-12,2,296
Signage / wayfinding / vinyl,PRINT_BROKERAGE,France,France,buy_32e4088a375f17b3d0c1,"Tisséo Ingénierie, agissant au nom et pour le compte de Tisséo Collectivités",4,2025-01-10,2025-10-10,1,273
Transcription / minutes,VIDEO_AUDIO,TED,ROU,buy_a3d097a66a045f0f6e8d,Parchetul de pe lângă Înalta Curte de Casație și Justiție,4,2025-08-14,2025-10-10,1,57
Brochure / flyer / poster printing,PRINT_BROKERAGE,France,France,buy_df3afa7a8e3a55184beb,Assistance Publique - Hôpitaux de Paris,4,2023-08-30,2025-10-09,2,771
Signage / wayfinding / vinyl,PRINT_BROKERAGE,Quebec,Canada - Quebec,buy_9ea8c414d6e5f688fcaf,Centre de services scolaire de la région de Sherbrooke.,4,2024-08-12,2025-10-09,2,423
Website design / redesign,WEB_DIGITAL,United Kingdom,United Kingdom,buy_4832ef60260d29bf326a,Department for Transport,4,2024-08-09,2025-10-09,2,426
Small IT equipment supply,PROCUREMENT_BROKERAGE,United Kingdom,United Kingdom,buy_4f5b6403196c3bb275a2,Scottish Government,4,2023-08-29,2025-10-09,2,772
Website design / redesign,WEB_DIGITAL,Quebec,Canada - Quebec,buy_5748010f71b1b5862a92,CIUSSS du Nord-de-l'Île-de-Montréal,4,2023-09-12,2025-10-06,3,755
Signage / wayfinding / vinyl,PRINT_BROKERAGE,Quebec,Canada - Quebec,buy_78dfd7b9f65fb65fb074,Université de Sherbrooke -Service des ressources financières- Section de l'approvisionnement,4,2023-09-24,2025-10-03,3,740
Signage / wayfinding / vinyl,PRINT_BROKERAGE,Quebec,Canada - Quebec,buy_0db07a0c800d6e1e0616,Université du Québec à Rimouski.,4,2024-10-02,2025-10-01,2,364
Brochure / flyer / poster printing,PRINT_BROKERAGE,Germany,Germany,buy_27bb3bed9364a3dd900f,"Bundesagentur für Arbeit (BA), vertreten durch den Vorstand, hier vertreten durch die Leitung des Geschäftsbereiches Einkauf im BA-Service-Haus",4,2024-01-24,2025-09-29,2,614
Document digitization / scanning,DATA_ADMIN,Germany,Germany,buy_52354a037aa62bce1ba0,"Ministerium des Inneren, für Digitalisierung und Kommunen Baden-Württemberg, Referat 61",4,2025-05-21,2025-09-28,1,130
Brochure / flyer / poster printing,PRINT_BROKERAGE,France,France,buy_a4da1a6427cec34803f3,Ville de la Seyne sur Mer,4,2023-10-12,2025-09-28,3,717
Brochure / flyer / poster printing,PRINT_BROKERAGE,France,France,buy_ff637089befab4a25eaf,Mairie de Beziers,4,2024-04-25,2025-09-26,2,519
Small IT equipment supply,PROCUREMENT_BROKERAGE,TenderNed,Netherlands,buy_493bd7f276367a74434c,Provincie Noord-Holland,4,2023-09-06,2025-09-19,3,744
Brochure / flyer / poster printing,PRINT_BROKERAGE,France,France,buy_9cb6bdb25eeec3115c4e,Conseil Départemental des Yvelines,4,2023-12-30,2025-09-18,3,628
Signage / wayfinding / vinyl,PRINT_BROKERAGE,France,France,buy_f42f4f852f60bd0e5bfc,Palais des Festivals et des Congrès de Cannes (06),4,2024-05-27,2025-09-16,2,477
Website design / redesign,WEB_DIGITAL,Germany,Germany,buy_f49aff636364164515b3,Stadt Schwabach,4,2025-04-16,2025-09-15,1,152
Brochure / flyer / poster printing,PRINT_BROKERAGE,France,France,buy_4e42cc5bdb0e2b18c8fd,Opéra de Limoges,4,2024-08-02,2025-09-12,2,406
Document digitization / scanning,DATA_ADMIN,Germany,Germany,buy_36c130032f27cbcda3b0,Kreis Unna - Der Landrat,4,2024-09-18,2025-09-11,2,358
Web hosting / domain / SSL,WEB_DIGITAL,United Kingdom,United Kingdom,buy_7884a6e6c3e064d02bae,"DEPARTMENT OF ENVIRONMENT, FOOD AND RURAL AFFAIRS",4,2025-03-24,2025-09-11,1,171
Brochure / flyer / poster printing,PRINT_BROKERAGE,France,France,buy_6bce1751376ec6641b9b,Ville d'Epernay,4,2024-03-09,2025-09-09,2,549
Document digitization / scanning,DATA_ADMIN,Quebec,Canada - Quebec,buy_a0efb1a76b4a3f084b39,Ville de Sherbrooke,4,2024-09-03,2025-09-09,2,371
Transcription / minutes,VIDEO_AUDIO,Quebec,Canada - Quebec,buy_88e34d93855f04ccc9f1,Ville de Québec,4,2024-02-06,2025-09-08,2,580
Web hosting / domain / SSL,WEB_DIGITAL,TenderNed,Netherlands,buy_f26e655f6b07dd9bdc1c,Nederlands Instituut Publieke Veiligheid,4,2023-11-05,2025-09-02,3,667
Video production,VIDEO_AUDIO,TED,MLT,buy_49603fbd0efcf57ee39e,European Union Agency for Asylum,4,2024-12-18,2025-09-01,2,257
Copywriting / editorial content,CONTENT_DESIGN,Quebec,Canada - Quebec,buy_ec71da37a46cd23c01f2,Ville de Granby,4,2023-09-13,2025-08-29,3,716
Website design / redesign,WEB_DIGITAL,Germany,Germany,buy_293be185dff4f89e4cd6,Umweltbundesamt,4,2023-12-21,2025-08-28,3,616
Website design / redesign,WEB_DIGITAL,United Kingdom,United Kingdom,buy_b0e96202c2c3aefb8449,Local Government Association,4,2025-08-19,2025-08-28,1,9
E-learning / training content,TRAINING,Ireland,Ireland,buy_a53a2075be8b016ee75b,Health Service Executive (HSE),4,2024-03-14,2025-08-27,2,531
Brochure / flyer / poster printing,PRINT_BROKERAGE,France,France,buy_5807f791f3930877233e,COLLECTIVITE TERRITORIALE DE GUYANE,4,2023-09-22,2025-08-27,3,705
Website design / redesign,WEB_DIGITAL,Ireland,Ireland,buy_e2c61025b3ab2cb672da,Bord Bia (Irish Food Board),4,2023-08-28,2025-08-22,3,725
Labels / stickers / QR materials,PRINT_BROKERAGE,Belgium,BE,buy_32388d7681d564863a63214f,Regionaal Ziekenhuis H. Hart Leuven vzw,4,2023-11-08,2025-08-22,2,653
Brochure / flyer / poster printing,PRINT_BROKERAGE,Germany,Germany,buy_3d67af44f14a20ec9c8d,AOK Baden-Württemberg,4,2023-10-25,2025-08-20,3,665
Document digitization / scanning,DATA_ADMIN,Germany,Germany,buy_8e0c071454661fb93d0e,Sana Lichtenfels Verwaltungs GmbH,4,2025-06-02,2025-08-18,1,77
Document digitization / scanning,DATA_ADMIN,United Kingdom,United Kingdom,buy_4f7803250fa7357c4de9,BLUELIGHT COMMERCIAL LIMITED,4,2024-09-18,2025-08-11,2,327
Signage / wayfinding / vinyl,PRINT_BROKERAGE,Ireland,Ireland,buy_b431e9dfa98a009341da,Carlow County Council,4,2024-01-05,2025-08-08,2,581
Transcription / minutes,VIDEO_AUDIO,United Kingdom,United Kingdom,buy_4f5b6403196c3bb275a2,Scottish Government,4,2024-04-29,2025-08-08,2,466
Small IT equipment supply,PROCUREMENT_BROKERAGE,TED,HUN,buy_20a682b459e83c8e59e3,Zuglói Egészségügyi Szolgálat,4,2025-02-18,2025-08-08,1,171
Signage / wayfinding / vinyl,PRINT_BROKERAGE,Belgium,BE,buy_630d9b6f14225bf622c743bb,BEP EXPANSION ECONOMIQUE,4,2024-02-22,2025-08-07,2,532
Brochure / flyer / poster printing,PRINT_BROKERAGE,Ireland,Ireland,buy_4964fc6f32ccf04dc01d,Commission for Communications Regulation,4,2024-07-01,2025-08-07,2,402
Document digitization / scanning,DATA_ADMIN,Germany,Germany,buy_a895c187bd422eeb0287,Wasserstraßen- und Schifffahrtsamt Weser,4,2024-07-22,2025-08-05,2,379
Workflow automation / RPA,AUTOMATION_SOFTWARE,TED,FIN,buy_b25d30d271157ab27322,Hämeen ammattikorkeakoulu Oy,4,2024-09-17,2025-08-05,2,322
Brochure / flyer / poster printing,PRINT_BROKERAGE,Germany,Germany,buy_06afaab6c47a57d3b6f3,BARMER Beschaffung und Vergabe,4,2023-12-18,2025-08-04,3,595
Brand identity / visual identity,CONTENT_DESIGN,TenderNed,Netherlands,buy_f43a5f8444c967603235,Stichting Curio Onderwijsgroep West-Brabant,4,2025-02-28,2025-08-03,1,156
Document digitization / scanning,DATA_ADMIN,Quebec,Canada - Quebec,buy_e62487279ba45040f09c,Ville de Montréal - Service des technologies de l'information,4,2018-05-09,2025-08-01,3,2641
Document digitization / scanning,DATA_ADMIN,Germany,Germany,buy_8e5b449d0045a0be8e68,Helmut-Schmidt-Universität / Universität der Bundeswehr Hamburg,4,2025-05-13,2025-08-01,1,80
Website design / redesign,WEB_DIGITAL,Quebec,Canada - Quebec,buy_d9d35b48cfc804d6e01e,CHU de Québec-Université Laval,4,2023-08-25,2025-07-29,3,704
Copywriting / editorial content,CONTENT_DESIGN,Quebec,Canada - Quebec,buy_c6c4f8fd98cdffdd3a77,Ministère de la Justice,4,2024-04-09,2025-07-25,2,472
Transcription / minutes,VIDEO_AUDIO,Quebec,Canada - Quebec,buy_1108dac48ac6842f4f3e,École Nationale de Police du Québec,4,2024-03-04,2025-07-24,2,507
Document digitization / scanning,DATA_ADMIN,Germany,Germany,buy_1dc7599f78d915d8deba,Wasserstraßen- und Schifffahrtsamt Mittellandkanal / Elbe-Seitenkanal,4,2023-11-16,2025-07-24,2,616
Web hosting / domain / SSL,WEB_DIGITAL,TenderNed,Netherlands,buy_b0090e388129e0288762,Gemeente Breda,4,2025-03-23,2025-07-24,1,123
Brochure / flyer / poster printing,PRINT_BROKERAGE,United Kingdom,United Kingdom,buy_c7be547ed1c7a7acb60f,Derby City Council,4,2024-06-17,2025-07-23,2,401
Signage / wayfinding / vinyl,PRINT_BROKERAGE,France,France,buy_2626f113d8e90305b5d5,Département de la Vendée,4,2024-04-10,2025-07-23,2,469
Website design / redesign,WEB_DIGITAL,Belgium,BE,buy_125fda2fe6358ae094e8d8cb,Ninove,4,2024-04-08,2025-07-18,2,466
Transcription / minutes,VIDEO_AUDIO,TenderNed,Netherlands,buy_f8058940e08f75993385,Universitair Medisch Centrum Groningen (UMCG),4,2023-11-14,2025-07-18,3,612
Document digitization / scanning,DATA_ADMIN,TenderNed,Netherlands,buy_b4fc6c766ca5849c41a9,Zorginstituut Nederland,4,2024-02-08,2025-07-16,2,524
Copywriting / editorial content,CONTENT_DESIGN,Belgium,BE,buy_0e52f3bdf7bd201e62cbc75d,Commune de Sprimont,4,2024-08-29,2025-07-14,2,319
Document digitization / scanning,DATA_ADMIN,Germany,Germany,buy_4d99033af660c54f9c35,Stadt Solingen,4,2023-11-17,2025-07-10,3,601
Brochure / flyer / poster printing,PRINT_BROKERAGE,France,France,buy_73bd9fa4ab7cb6ba107d,Ministère de l'Intérieur,4,2024-05-07,2025-07-08,2,427
Brochure / flyer / poster printing,PRINT_BROKERAGE,Quebec,Canada - Quebec,buy_ec71da37a46cd23c01f2,Ville de Granby,4,2023-11-08,2025-07-08,3,608
Document digitization / scanning,DATA_ADMIN,Germany,Germany,buy_f7b900e2abd01decd415,Kreis Schleswig-Flensburg - Der Landrat,4,2023-11-20,2025-07-07,3,595
Brochure / flyer / poster printing,PRINT_BROKERAGE,TenderNed,Netherlands,buy_5fbe36dfccd0ac6ecb31,Universiteit Twente,4,2023-08-23,2025-07-03,2,680
Online survey setup,RESEARCH_ADMIN,TenderNed,Netherlands,buy_5fbe36dfccd0ac6ecb31,Universiteit Twente,4,2024-06-20,2025-07-03,2,378
Brochure / flyer / poster printing,PRINT_BROKERAGE,TenderNed,Netherlands,buy_a9970a306a139b483496,Gemeente Zoetermeer,4,2024-10-24,2025-07-02,2,251
Signage / wayfinding / vinyl,PRINT_BROKERAGE,Quebec,Canada - Quebec,buy_70c2048365034e0f4215,Ville de Montréal - Arrondissement de Lachine,4,2024-05-13,2025-06-27,2,410
Low-code / no-code implementation,AUTOMATION_SOFTWARE,TED,NOR,buy_581df20f038735ed5497,Norwegian Agency for Development Cooperation,4,2024-03-08,2025-06-27,2,476
Small IT equipment supply,PROCUREMENT_BROKERAGE,TenderNed,Netherlands,buy_d4989ce7f7c24d2e016f,"Ministerie van Volksgezondheid, Welzijn en Sport",4,2023-09-07,2025-06-26,2,658
Signage / wayfinding / vinyl,PRINT_BROKERAGE,Belgium,BE,buy_f01b8e6bb1bf6a9f8fae57f7,Limbourg,4,2023-08-03,2025-06-25,3,692
Brochure / flyer / poster printing,PRINT_BROKERAGE,Quebec,Canada - Quebec,buy_5e0a84b9a63150c37d40,Cégep Abitibi-Témiscamingue,4,2024-04-11,2025-06-19,2,434
Brochure / flyer / poster printing,PRINT_BROKERAGE,Belgium,BE,buy_7cae7db950719a7691522643,Westtoer apb,4,2023-10-25,2025-06-18,3,602
Brochure / flyer / poster printing,PRINT_BROKERAGE,France,France,buy_e89a9bdf5dc3a0c69a2f,CA PAU BEARN PYRENEES,4,2023-11-15,2025-06-04,3,567
Transcription / minutes,VIDEO_AUDIO,TenderNed,Netherlands,buy_f8a24b92a5a74bbe6137,Universiteit Leiden,4,2023-08-27,2025-05-30,2,642
Signage / wayfinding / vinyl,PRINT_BROKERAGE,France,France,buy_71ae3195a04f7a55fc8d,Région Occitanie,4,2024-07-04,2025-05-30,2,330
Digital marketing / SEO / campaigns,CONTENT_DESIGN,TED,DNK,buy_ccb634a88b3b7aa188bd,Danske Spil A/S,4,2023-12-03,2025-05-26,3,540
Transcription / minutes,VIDEO_AUDIO,United Kingdom,United Kingdom,buy_f4ff1ffa563e465e36ab,Ministry of Justice,4,2024-09-05,2025-05-23,2,260
Signage / wayfinding / vinyl,PRINT_BROKERAGE,France,France,buy_1db652e2773a4426a894,Département de la Sarthe,4,2024-01-23,2025-05-16,2,479
Signage / wayfinding / vinyl,PRINT_BROKERAGE,France,France,buy_81811365128e32d57b13,Ville de Saint Etienne,4,2023-10-09,2025-05-14,3,583
Transcription / minutes,VIDEO_AUDIO,Germany,Germany,buy_80ab342fc9075d2fd710,TenneT Offshore GmbH,4,2024-10-24,2025-05-13,2,201
Brochure / flyer / poster printing,PRINT_BROKERAGE,Quebec,Canada - Quebec,buy_7a4f20655226d7f5284d,Ville de Gatineau.,4,2023-12-22,2025-05-12,3,507
Workflow automation / RPA,AUTOMATION_SOFTWARE,TED,FIN,buy_21d608cefc7ad1917578,Kaakkois-Suomen Ammattikorkeakoulu Oy,4,2024-01-04,2025-05-08,2,490
Signage / wayfinding / vinyl,PRINT_BROKERAGE,Quebec,Canada - Quebec,buy_59f73c393d8199c14a0e,Ville de Repentigny.,4,2023-12-18,2025-05-06,3,505
Document digitization / scanning,DATA_ADMIN,Germany,Germany,buy_e5de6ba6dad6f1c24c5d,Stadtwerke Ingolstadt Beteiligungen GmbH,4,2024-01-16,2025-05-05,2,475
Signage / wayfinding / vinyl,PRINT_BROKERAGE,Belgium,BE,buy_14801e4925eb9e0dc22192e7,Mettet,4,2024-01-16,2025-04-30,2,470
Website design / redesign,WEB_DIGITAL,Belgium,BE,buy_393d1b390efff69db7d3ba2f,Leefmilieu Brussel,4,2023-09-27,2025-04-30,3,581
Document digitization / scanning,DATA_ADMIN,Germany,Germany,buy_ba2a4806ff8b521ee321,Deutsche Bahn AG Konzernleitung (Bukr 10),4,2024-06-13,2025-04-22,2,313
Signage / wayfinding / vinyl,PRINT_BROKERAGE,Quebec,Canada - Quebec,buy_23a17695b8933cb5295e,Réseau de transport de Longueuil.,4,2023-08-22,2025-04-22,3,609
Brochure / flyer / poster printing,PRINT_BROKERAGE,France,France,buy_645ca39faeda542f1d24,Metropole Toulon-Provence-Mediterranee,4,2023-09-27,2025-04-18,3,569
Brochure / flyer / poster printing,PRINT_BROKERAGE,France,France,buy_b68c1f442174becaf4a7,Conseil Départemental du Morbihan,4,2024-06-30,2025-04-17,2,291
Signage / wayfinding / vinyl,PRINT_BROKERAGE,Quebec,Canada - Quebec,buy_d8a32fc9883ddbcce160,Ville de Pincourt.,4,2024-09-18,2025-04-16,2,210
Copywriting / editorial content,CONTENT_DESIGN,Quebec,Canada - Quebec,buy_c25f154ab51e6f04a4cb,Ville de Montréal - Service de l'approvisionnement,4,2024-03-20,2025-04-16,2,392
Workflow automation / RPA,AUTOMATION_SOFTWARE,Quebec,Canada - Quebec,buy_ec9ab9a30029c3807456,Centre intégré de santé et de services sociaux de la Montérégie-Centre (CISSS de la Montérégie-Centre),4,2024-04-17,2025-04-15,2,363
Copywriting / editorial content,CONTENT_DESIGN,Quebec,Canada - Quebec,buy_0d4a1354d19c8a7c4937,Autorité des marchés financiers.,4,2024-03-01,2025-04-14,2,409
Website design / redesign,WEB_DIGITAL,Germany,Germany,buy_7c78cd9442992e8c085f,NVBW - Nahverkehrsgesellschaft Baden-Württemberg mbH,4,2024-06-20,2025-04-12,2,296
Brochure / flyer / poster printing,PRINT_BROKERAGE,France,France,buy_3c312cfd3f4ac9bf3425,Conseil Départemental de la Gironde,4,2024-05-07,2025-04-09,2,337
Transcription / minutes,VIDEO_AUDIO,France,France,buy_47a241f84cbd0f1a7a1c,Nantes Métropole,4,2023-12-22,2025-04-06,3,471
Graphic design / layout,CONTENT_DESIGN,TenderNed,Netherlands,buy_d71e42fb54c2569b6ebe,Rijksinstituut voor Volksgezondheid en Milieu (RIVM),4,2024-09-27,2025-04-03,2,188
Brochure / flyer / poster printing,PRINT_BROKERAGE,Belgium,BE,buy_54dd4404e437ce302c0fad11,Loterie Nationale,4,2024-03-11,2025-04-01,2,386
Brochure / flyer / poster printing,PRINT_BROKERAGE,France,France,buy_03eb76bd0ba3b1c14ba9,Mairie d'Aix-en-Provence,4,2024-06-21,2025-03-30,2,282
Website design / redesign,WEB_DIGITAL,Germany,Germany,buy_fec1cd13b3dd6d79241f,Pronova BKK,4,2023-12-25,2025-03-28,3,459
Signage / wayfinding / vinyl,PRINT_BROKERAGE,France,France,buy_a5a48a2821716ae2b29f,Ville de Paris,4,2024-02-09,2025-03-27,2,412
Digital marketing / SEO / campaigns,CONTENT_DESIGN,TED,SWE,buy_3d59e3bbb5e2f64301ba,Mälarenergi AB,4,2024-11-19,2025-03-24,2,125
Brochure / flyer / poster printing,PRINT_BROKERAGE,Quebec,Canada - Quebec,buy_e9973f6f3adad70cd7ba,Cégep de Trois-Rivières.,4,2023-09-27,2025-03-20,3,540
Web hosting / domain / SSL,WEB_DIGITAL,TenderNed,Netherlands,buy_ae1b6981a773de699753,EBN B.V.,4,2024-03-20,2025-03-20,2,365
Signage / wayfinding / vinyl,PRINT_BROKERAGE,France,France,buy_0bba953a483e144af90b,Commune De Six-Fours-Les-Plages,4,2023-11-24,2025-03-19,3,481
Brochure / flyer / poster printing,PRINT_BROKERAGE,France,France,buy_009f17a5c076c513472c,Departement Du Tarn,4,2023-10-20,2025-03-18,3,515
Brochure / flyer / poster printing,PRINT_BROKERAGE,Quebec,Canada - Quebec,buy_ec9ab9a30029c3807456,Centre intégré de santé et de services sociaux de la Montérégie-Centre (CISSS de la Montérégie-Centre),4,2024-04-08,2025-03-17,2,343
Website design / redesign,WEB_DIGITAL,France,France,buy_4ee83802c89a52c758c5,Metropole Rouen Normandie,4,2023-08-29,2025-03-17,3,566
Signage / wayfinding / vinyl,PRINT_BROKERAGE,Quebec,Canada - Quebec,buy_f19af58255d4cb1bf57c,CISSS de Chaudière-Appalaches,4,2024-02-29,2025-03-11,2,376
Website design / redesign,WEB_DIGITAL,Canada federal,Canada,buy_32fdc11307635c692002,Global Affairs Canada,4,2025-01-31,2025-03-11,1,39
Transcription / minutes,VIDEO_AUDIO,Canada federal,Canada,buy_d81a952398c488250950,Transport Canada,4,2023-10-06,2025-03-10,3,521
Signage / wayfinding / vinyl,PRINT_BROKERAGE,France,France,buy_a08b999c82568c540690,Ville De Montlucon,4,2024-05-04,2025-03-02,2,302
Brochure / flyer / poster printing,PRINT_BROKERAGE,France,France,buy_b20de395dd38cdce92b5,Ville d'Orléans,4,2023-09-23,2025-02-27,3,523
Website design / redesign,WEB_DIGITAL,Canada federal,Canada,buy_5f236d8196e39c320a21,Crown-Indigenous Relations and Northern Affairs Canada (CIRNAC),4,2024-08-27,2025-02-24,2,181
Copywriting / editorial content,CONTENT_DESIGN,Quebec,Canada - Quebec,buy_88e34d93855f04ccc9f1,Ville de Québec,4,2023-10-31,2025-02-24,3,482
E-learning / training content,TRAINING,Germany,Germany,buy_14b5c2e3da752bbbc886,Deutsche Gesellschaft für Internationale Zusammenarbeit (GIZ) GmbH,4,2024-07-19,2025-02-21,2,217
Website design / redesign,WEB_DIGITAL,Germany,Germany,buy_a75f0029930dff0a64a0,Hint.co GmbH,4,2025-02-19,2025-02-19,1,0
Document digitization / scanning,DATA_ADMIN,TED,MRT,buy_c4ca9e055cf5457872d4,"Commission européenne, INTPA - International Partnerships",4,2024-12-23,2025-02-17,2,56
Signage / wayfinding / vinyl,PRINT_BROKERAGE,Belgium,BE,buy_12f260bbd39d3f9d2ea966eb,Enabel,4,2023-12-11,2025-02-17,3,434
Document digitization / scanning,DATA_ADMIN,Quebec,Canada - Quebec,buy_7c0222d4907ed66df761,Ville de Sainte-Julie,4,2023-11-07,2025-02-13,3,464
Transcription / minutes,VIDEO_AUDIO,Germany,Germany,buy_684323902bd9137c4793,"Land Hessen, vertreten durch das Hessische Competence Center -Zentrale Beschaffung-",4,2024-05-02,2025-02-13,2,287
Website design / redesign,WEB_DIGITAL,TenderNed,Netherlands,buy_55847126054542d7c17c,Gemeente Midden-Groningen,4,2023-11-03,2025-02-11,3,466
Website design / redesign,WEB_DIGITAL,United Kingdom,United Kingdom,buy_541c48b2e7e0f947939f,Beyond Housing,4,2023-08-23,2025-02-11,2,538
Brand identity / visual identity,CONTENT_DESIGN,TenderNed,Netherlands,buy_19cfbdef31ea33c39da9,Politie,4,2024-03-21,2025-02-03,2,319
Document digitization / scanning,DATA_ADMIN,France,France,buy_5ea658394d5a14779e5f,CD des A-M - Direction de la Transformation Numérique et de la Relation Usagers,4,2024-04-08,2025-01-30,2,297
Brochure / flyer / poster printing,PRINT_BROKERAGE,Belgium,BE,buy_a3cdb9496595d01b060c0232,Mutualité Solidaris Liège,4,2023-10-10,2025-01-21,3,469
Document digitization / scanning,DATA_ADMIN,Germany,Germany,buy_22bcaf420381ed1ee9a2,BG Klinikum Hamburg gGmbH,4,2024-11-27,2025-01-17,2,51
Web accessibility remediation,WEB_DIGITAL,TED,DNK,buy_ccb634a88b3b7aa188bd,Skatteforvaltningen,4,2024-06-13,2025-01-09,2,210
Document digitization / scanning,DATA_ADMIN,Canada federal,Canada,buy_cc6bb851329a4579479d,Library and Archives Canada,4,2024-01-11,2025-01-06,2,361
Web hosting / domain / SSL,WEB_DIGITAL,Ireland,Ireland,buy_a53a2075be8b016ee75b,Health Service Executive (HSE),4,2023-10-15,2025-01-06,3,449
Brochure / flyer / poster printing,PRINT_BROKERAGE,Germany,Germany,buy_fec1cd13b3dd6d79241f,Pronova BKK,4,2023-12-14,2025-01-03,3,386
Brand identity / visual identity,CONTENT_DESIGN,TenderNed,Netherlands,buy_e112869d677cade3d75a,TenneT TSO,4,2024-06-21,2024-12-26,1,188
Document digitization / scanning,DATA_ADMIN,France,France,buy_5dfb5d669b8e864a3911,Museum National d'Histoire Naturelle,4,2023-10-08,2024-12-26,2,445
Brochure / flyer / poster printing,PRINT_BROKERAGE,France,France,buy_17a7596850e9d4f3932f,Département des Alpes Maritimes,4,2023-09-11,2024-12-25,2,471
Document digitization / scanning,DATA_ADMIN,France,France,buy_9cb6bdb25eeec3115c4e,Conseil Départemental des Yvelines,4,2023-08-24,2024-12-23,2,487
Website design / redesign,WEB_DIGITAL,Canada federal,Canada,buy_83e424ca4456b25406d2,Elections Canada,4,2023-10-16,2024-12-17,2,428
Document digitization / scanning,DATA_ADMIN,Germany,Germany,buy_38d3b0fa2fe9fb316130,Klinik IT eG,4,2024-05-14,2024-12-16,1,216
Illustration / infographics,CONTENT_DESIGN,France,France,buy_ec5f25b98dae796b3b2f,Département de l'Isère,4,2024-01-30,2024-12-12,1,317
Website design / redesign,WEB_DIGITAL,TenderNed,Netherlands,buy_ba72baf57d589ecb103b,Gemeente Oldambt,4,2023-12-22,2024-12-12,2,356
Small IT equipment supply,PROCUREMENT_BROKERAGE,Quebec,Canada - Quebec,buy_dbe26133b9d35630f868,Université de Montréal.,4,2023-09-19,2024-12-12,2,450
Document digitization / scanning,DATA_ADMIN,Quebec,Canada - Quebec,buy_6a45f4f5e346322e8ba0,Centre intégré de santé et de services sociaux de Lanaudière,4,2024-07-23,2024-12-04,1,134
Web hosting / domain / SSL,WEB_DIGITAL,Germany,Germany,buy_54a6e1bb5002440bf290,LUBW Landesanstalt für Umwelt Baden-Württemberg,4,2024-03-27,2024-12-04,1,252
Copywriting / editorial content,CONTENT_DESIGN,Belgium,BE,buy_f4c7447be427fb4e2cd02a0d,Agence du Numérique,4,2024-07-12,2024-12-04,1,145
Brochure / flyer / poster printing,PRINT_BROKERAGE,TenderNed,Netherlands,buy_be9c3625c201a883a69f,Bizob,4,2023-09-06,2024-12-03,2,454
Transcription / minutes,VIDEO_AUDIO,Canada federal,Canada,buy_c78650bd14fb5fb4ba9a,Public Services and Procurement Canada,4,2023-11-30,2024-12-02,2,368
Web hosting / domain / SSL,WEB_DIGITAL,TenderNed,Netherlands,buy_962fba0c39fa828fe908,Ministerie van Binnenlandse Zaken en Koninkrijksrelaties,4,2023-10-11,2024-11-29,2,415
Transcription / minutes,VIDEO_AUDIO,Quebec,Canada - Quebec,buy_d52d10b7f5b6cc74b715,Ministère des Transports et de la Mobilité durable (Direction de l'administration des appels d'offres publics),4,2023-12-08,2024-11-25,2,353
Web hosting / domain / SSL,WEB_DIGITAL,Germany,Germany,buy_293be185dff4f89e4cd6,Umweltbundesamt,4,2024-02-14,2024-11-21,1,281
Brochure / flyer / poster printing,PRINT_BROKERAGE,Canada federal,Canada,buy_6385a84ac5fa0865256e,Employment Social Development Canada,4,2023-09-01,2024-11-05,2,431
Brochure / flyer / poster printing,PRINT_BROKERAGE,Quebec,Canada - Quebec,buy_c4c6927eb7d356c5fde0,"Ministère de l'Environnement, de la Lutte contre les changements climatiques, de la Faune et des Parcs",4,2023-09-08,2024-11-04,2,423
CMS development / migration,WEB_DIGITAL,TED,EST,buy_e908f43d1dc8cf42dee7,Keskkonnaministeeriumi Infotehnoloogiakeskus,4,2023-08-08,2024-11-01,2,451
Brochure / flyer / poster printing,PRINT_BROKERAGE,Canada federal,Canada,buy_cdf6a1543f1c5ac38443,Employment Social Development Canada (ESDC),4,2023-10-26,2024-10-29,2,369
Website design / redesign,WEB_DIGITAL,United Kingdom,United Kingdom,buy_7d8a694666ccfd23f630,LONDON COUNCILS,4,2024-03-11,2024-10-28,1,231
Website design / redesign,WEB_DIGITAL,United Kingdom,United Kingdom,buy_3b46eece4538075b24a4,Scotland Excel,4,2024-02-26,2024-10-25,1,242
Brochure / flyer / poster printing,PRINT_BROKERAGE,France,France,buy_2eee355ef143f68b1750,Métropole Nice Côte d'Azur (06),4,2024-02-06,2024-10-24,1,261
Brochure / flyer / poster printing,PRINT_BROKERAGE,France,France,buy_70593ff6fb5a71ee26fe,Commune,4,2024-02-09,2024-10-23,1,257
Signage / wayfinding / vinyl,PRINT_BROKERAGE,Germany,Germany,buy_1993dd0e9ed74950eaaa,Messe Berlin GmbH,4,2024-08-05,2024-10-18,1,74
Website design / redesign,WEB_DIGITAL,Belgium,BE,buy_87881b066f8b8867133d7439,Department for Transport Infrastructure,4,2023-08-08,2024-10-14,2,433
Brochure / flyer / poster printing,PRINT_BROKERAGE,TED,HUN,buy_81f3c663956cad2f098c,Balatoni Hajózási Zrt.,4,2023-11-13,2024-10-08,2,330
Transcription / minutes,VIDEO_AUDIO,TenderNed,Netherlands,buy_262117bbe1320f2c367e,RDW,4,2023-10-21,2024-10-03,2,348
Brochure / flyer / poster printing,PRINT_BROKERAGE,Quebec,Canada - Quebec,buy_c40774b3360de4e4a181,Réseau de transport de la Capitale.,4,2023-12-11,2024-09-30,2,294
Brochure / flyer / poster printing,PRINT_BROKERAGE,Germany,Germany,buy_0d5433916bc79b7c8592,Stadt Donauwörth,4,2024-03-18,2024-09-27,1,193
Website design / redesign,WEB_DIGITAL,Canada federal,Canada,buy_ac20e55ef764c0bd78d7,Indigenous Services Canada,4,2023-09-01,2024-09-24,2,389
Transcription / minutes,VIDEO_AUDIO,United Kingdom,United Kingdom,buy_4cbddb5615df05e9db00,CPS,4,2024-03-27,2024-09-23,1,180
Brochure / flyer / poster printing,PRINT_BROKERAGE,Germany,Germany,buy_9c505d3cc1b41f0f362c,Universitätsklinikum Bonn AöR,4,2024-02-15,2024-09-23,1,221
Website design / redesign,WEB_DIGITAL,Ireland,Ireland,buy_5af3eed44adedc5c454a,Education Procurement Service (EPS),4,2024-03-28,2024-09-16,1,172
Brochure / flyer / poster printing,PRINT_BROKERAGE,France,France,buy_646d94cff50ea7138d61,VILLE DE SCHILTIGHEIM,4,2024-03-13,2024-09-11,1,182
Document digitization / scanning,DATA_ADMIN,Germany,Germany,buy_7c00ce94e206e9a8d6ef,Deutsches Zentrum für Luft- und Raumfahrt e.V.,4,2024-01-04,2024-08-29,1,238
Transcription / minutes,VIDEO_AUDIO,United Kingdom,United Kingdom,buy_d72631fa0e35ba03b476,Foreign Commonwealth and Development Office,4,2024-03-28,2024-08-23,1,148
Signage / wayfinding / vinyl,PRINT_BROKERAGE,Belgium,BE,buy_52d9c2894a0417b49af47918,SPW-O8.04.03 - Direction des Bâtiments,4,2023-08-31,2024-08-21,2,356
Document digitization / scanning,DATA_ADMIN,TenderNed,Netherlands,buy_9ab436e5846d57bbf341,Gemeente Maastricht,4,2023-11-21,2024-08-06,2,259
Brochure / flyer / poster printing,PRINT_BROKERAGE,France,France,buy_0fb406c867fae219d699,COMMUNE DE LIMOGES,4,2023-09-22,2024-08-01,2,314
Website design / redesign,WEB_DIGITAL,United Kingdom,United Kingdom,buy_93c3feab0ff3b94d84b8,NMRN Operations,4,2023-11-13,2024-07-29,2,259
Web hosting / domain / SSL,WEB_DIGITAL,TenderNed,Netherlands,buy_8128a924e92a2b36e8e2,VNG Realisatie,4,2023-08-23,2024-07-17,2,329
Data cleaning / deduplication,DATA_ADMIN,TenderNed,Netherlands,buy_46a7b7468c880f50267d,Alliander N.V.,4,2023-11-30,2024-07-11,2,224
Website design / redesign,WEB_DIGITAL,TenderNed,Netherlands,buy_be9c3625c201a883a69f,Bizob,4,2023-11-05,2024-07-03,2,241
Transcription / minutes,VIDEO_AUDIO,TenderNed,Netherlands,buy_48618ca38b1c974348ff,Gemeente Vlagtwedde,4,2023-12-22,2024-06-28,2,189
Document digitization / scanning,DATA_ADMIN,Quebec,Canada - Quebec,buy_88e34d93855f04ccc9f1,Ville de Québec,4,2023-08-18,2024-06-28,2,315
Brand identity / visual identity,CONTENT_DESIGN,TenderNed,Netherlands,buy_09f34d1032ef976cbc35,"Gemeente Apeldoorn, team Inkoop",4,2024-03-10,2024-06-17,1,99
Website design / redesign,WEB_DIGITAL,TenderNed,Netherlands,buy_20f3eef009abea8b4257,Technische Universiteit Delft,4,2023-08-19,2024-06-12,2,298
Brochure / flyer / poster printing,PRINT_BROKERAGE,France,France,buy_0e95245472aa86c598a4,Ville de Neuilly-sur-Seine,4,2023-10-13,2024-06-01,2,232
Website design / redesign,WEB_DIGITAL,Canada federal,Canada,buy_fed22d29710c9ae13f52,RCMP Procurement and Contracting Services.,4,2023-09-20,2024-05-13,2,236
Website design / redesign,WEB_DIGITAL,Belgium,BE,buy_b6d3ad519eafd545bb358191,Openbare Vlaamse Afvalstoffenmaatschappij,4,2023-08-29,2024-05-03,2,248
Document digitization / scanning,DATA_ADMIN,Quebec,Canada - Quebec,buy_e3bbdfed47f88be042e7,CIUSSS du Centre-Sud-de-l'Île-de-Montréal,4,2024-02-08,2024-05-02,1,84
Brochure / flyer / poster printing,PRINT_BROKERAGE,France,France,buy_edc4a4f76af10ef713a4,Université d'Aix-Marseille,4,2023-10-18,2024-05-01,2,196
Signage / wayfinding / vinyl,PRINT_BROKERAGE,Quebec,Canada - Quebec,buy_40918bb693030728c696,Centre de services scolaire des Premières Seigneuries,4,2024-03-14,2024-04-18,1,35
Document digitization / scanning,DATA_ADMIN,TenderNed,Netherlands,buy_cbf8a9776f5a68191498,Gemeente Amersfoort,4,2023-10-04,2024-04-18,2,197
Brochure / flyer / poster printing,PRINT_BROKERAGE,France,France,buy_454d024be3a34aeccbd3,Commune de Saint-Martin-d'Hères,4,2023-10-30,2024-04-02,2,155
Document digitization / scanning,DATA_ADMIN,Germany,Germany,buy_c770cb4fd69e5b2c9797,Staatliches Bauamt Erlangen-Nürnberg,4,2023-10-31,2024-03-26,2,147
Document digitization / scanning,DATA_ADMIN,Canada federal,Canada,buy_22a40e224f9adfd45769,Natural Resources Canada,4,2023-08-21,2024-03-22,2,214
Brochure / flyer / poster printing,PRINT_BROKERAGE,France,France,buy_37e9dbd5cc14bf71e9a0,Département de la Drôme,4,2023-08-27,2024-03-21,2,207
Document digitization / scanning,DATA_ADMIN,Germany,Germany,buy_2d4a952e214d83f70642,Landkreis Starnberg,4,2023-11-23,2024-03-18,2,116
Transcription / minutes,VIDEO_AUDIO,United Kingdom,United Kingdom,buy_e0989716d904b007eded,UK Research & Innovation,4,2023-09-15,2024-03-13,2,180
Signage / wayfinding / vinyl,PRINT_BROKERAGE,Quebec,Canada - Quebec,buy_906400e89784d440c9fb,Ville de Montréal,4,2024-01-17,2024-03-06,1,49
Document digitization / scanning,DATA_ADMIN,Germany,Germany,buy_656e2cfabe6c35b23685,Bw Bekleidungsmanagement GmbH,4,2023-11-16,2024-02-20,2,96
Small IT equipment supply,PROCUREMENT_BROKERAGE,TED,PL,buy_50c509dc6c2fc09b115b,Politechnika Lubelska,4,2023-08-25,2024-02-02,2,161
Website design / redesign,WEB_DIGITAL,TED,IT,buy_9474a125358c667d796b,Finagricola Società Cooperativa,4,2023-12-08,2024-01-30,2,53
Small IT equipment supply,PROCUREMENT_BROKERAGE,TED,CZ,buy_4a33b7a0558a47a64ff2,"CEJIZA, s.r.o.",4,2023-10-31,2024-01-29,2,90
Small IT equipment supply,PROCUREMENT_BROKERAGE,TED,CZ,buy_71333433c0bf13cf83f4,Moravskoslezský kraj,4,2023-10-10,2024-01-26,2,108
Brochure / flyer / poster printing,PRINT_BROKERAGE,TED,CZ,buy_3e9f0b2a4efd113dfe2e,"Oborová zdravotní pojišťovna zaměstnanců bank, pojišťoven a stavebnictví",4,2023-10-09,2024-01-22,2,105
Graphic design / layout,CONTENT_DESIGN,TED,CZ,buy_88a38f8e08ff0ea42b53,Česká republika - Ministerstvo pro místní rozvoj,4,2023-10-13,2024-01-16,2,95
Presentation / template design,CONTENT_DESIGN,TED,BG,buy_68fb2e5e374285709546,ОБЩИНА ВАРНА,4,2023-08-14,2023-12-27,1,135
Brochure / flyer / poster printing,PRINT_BROKERAGE,France,France,buy_730f22106cf406048665,MINARM/EMA/SCA/PFAF-CE/BAP,4,2023-10-15,2023-12-23,1,69
Online forms / lightweight portals,WEB_DIGITAL,TED,IS,buy_3833824be1fa5108930f,Landspítali Háskólasjúkrahús,4,2023-08-16,2023-12-22,1,128
Brochure / flyer / poster printing,PRINT_BROKERAGE,France,France,buy_b274e3cbcc41aa15f4e3,CommunAupole de Lens-Liévin,4,2023-09-11,2023-12-21,1,101
Small IT equipment supply,PROCUREMENT_BROKERAGE,TED,CZ,buy_80ff7f79a9c2ecdd2617,Fakultní nemocnice u sv. Anny v Brně,4,2023-09-01,2023-12-08,1,98
Document digitization / scanning,DATA_ADMIN,TED,SE,buy_4af6c90aaafd9d62e697,Västra Götalandsregionen,4,2023-09-22,2023-11-28,1,67
Transcription / minutes,VIDEO_AUDIO,TED,RO,buy_ecd0c2098607bdf0a15b,SPITALUL CLINIC JUDETEAN DE URGENTA BRASOV,4,2023-09-19,2023-11-24,1,66
Small IT equipment supply,PROCUREMENT_BROKERAGE,TED,CZ,buy_29bf0caba49db16b810b,Fakultní nemocnice Ostrava,4,2023-08-04,2023-11-21,1,109
Small IT equipment supply,PROCUREMENT_BROKERAGE,TED,PL,buy_43d0bddf4c2a8256f449,Centrum Informatyki Resortu Finansów,4,2023-09-20,2023-11-20,1,61
Brochure / flyer / poster printing,PRINT_BROKERAGE,France,France,buy_a0a04a13a3437c053166,Inst.Nal.Information Géo. & forestière,4,2023-10-17,2023-11-18,1,32
Brochure / flyer / poster printing,PRINT_BROKERAGE,TED,RO,buy_5664415f7388a76f6410,S.C RAJA S.A CONSTANTA,4,2023-11-17,2023-11-17,1,0
Brochure / flyer / poster printing,PRINT_BROKERAGE,TED,RO,buy_f5a22144405e871fd994,Centrul Național de Politici și Evaluare în Educație,4,2023-09-01,2023-11-16,1,76
Small IT equipment supply,PROCUREMENT_BROKERAGE,TED,PL,buy_a7d7bb7ab6865b5b759f,Stalowowolskie Centrum Usług Wspólnych,4,2023-09-19,2023-10-31,1,42
Website design / redesign,WEB_DIGITAL,United Kingdom,United Kingdom,buy_436dea630953f0856fc7,Scottish National Investment Bank,4,2023-10-27,2023-10-27,1,0
Small IT equipment supply,PROCUREMENT_BROKERAGE,TED,PL,buy_64f12cbeddbb678fba56,Uniwersytet Opolski,4,2023-08-07,2023-10-25,1,79
Small IT equipment supply,PROCUREMENT_BROKERAGE,TED,PL,buy_f3174364a32afd570e69,ENEA Operator sp. z o.o.,4,2023-08-25,2023-10-24,1,60
Brochure / flyer / poster printing,PRINT_BROKERAGE,TED,RO,buy_10cbaa2faeb17a013e98,AQUATIM S.A. Timisoara,4,2023-08-02,2023-10-23,1,82
Brochure / flyer / poster printing,PRINT_BROKERAGE,TED,RO,buy_756111c6fc6f0758b035,SERVICIUL PUBLIC DE INTERES LOCAL PENTRU ADMINISTRAREA PARCARILOR PUBLICE DIN MUNICIPIUL TIMISOARA-TIMPARK,4,2023-09-08,2023-10-23,1,45
Online forms / lightweight portals,WEB_DIGITAL,TED,IS,buy_11fce9972d3600c281ef,Ríkiskaup,4,2023-08-04,2023-10-20,1,77
Small IT equipment supply,PROCUREMENT_BROKERAGE,TED,PL,buy_b5c9313a596aa1b822cc,"Politechnika Warszawska, Centrum Informatyzacji Politechniki Warszawskiej",4,2023-09-06,2023-10-10,1,34
Simple API / software integration,AUTOMATION_SOFTWARE,TED,CZ,buy_4657ab9dcd9a4105672d,"Správa železnic, státní organizace",4,2023-08-11,2023-09-26,1,46
Online forms / lightweight portals,WEB_DIGITAL,TED,SRB,buy_2543216cad277a9e872c,Opština Stara Pazova,3,2026-03-26,2026-08-11,1,138
E-learning / training content,TRAINING,TED,CHE,buy_bacf2bcb45c828276231,Bundesamt für Bauten und Logistik BBL,3,2025-06-17,2026-08-10,2,419
Document digitization / scanning,DATA_ADMIN,France,France,buy_eb2b52dfa991ece7e475,OFPRA,3,2023-12-26,2026-07-30,2,947
Transcription / minutes,VIDEO_AUDIO,France,France,buy_eb2b52dfa991ece7e475,OFPRA,3,2024-04-14,2026-07-30,2,837
Document digitization / scanning,DATA_ADMIN,Germany,Germany,buy_f43792a05cf9b2a3a9e2,Verbandsgemeinde Selters,3,2026-07-29,2026-07-29,1,0
Website design / redesign,WEB_DIGITAL,United Kingdom,United Kingdom,buy_8fbc70fca24ac247a5d7,Inspire Education Group,3,2026-05-08,2026-07-28,1,81
Document digitization / scanning,DATA_ADMIN,Germany,Germany,buy_293be185dff4f89e4cd6,Umweltbundesamt,3,2024-11-07,2026-07-27,2,627
Brochure / flyer / poster printing,PRINT_BROKERAGE,France,France,buy_59eab396cf1c957c3e2e,Mairie de Raismes,3,2026-03-24,2026-07-26,1,124
Signage / wayfinding / vinyl,PRINT_BROKERAGE,Belgium,BE,buy_24c068f8169a0a59b4da4723,Gembloux,3,2024-02-12,2026-07-24,2,893
Small IT equipment supply,PROCUREMENT_BROKERAGE,Canada federal,Canada,buy_73af9093eb082788092b,Department of National Defence (DND),3,2025-08-08,2026-07-23,2,349
Signage / wayfinding / vinyl,PRINT_BROKERAGE,Belgium,BE,buy_d44ae28719fb2a965f7f34e1,SA Le Circuit de Spa-Francorchamps - le concédant,3,2025-01-29,2026-07-23,2,540
Website design / redesign,WEB_DIGITAL,United Kingdom,United Kingdom,buy_f1422865381e7a557b00,Transport for Wales,3,2023-08-10,2026-07-23,2,1078
Transcription / minutes,VIDEO_AUDIO,United Kingdom,United Kingdom,buy_a16aa51fa04290816f65,Food Standards Agency,3,2026-06-12,2026-07-23,1,41
Signage / wayfinding / vinyl,PRINT_BROKERAGE,France,France,buy_73686d2198d4d1730580,Ville de Grasse (06),3,2025-12-12,2026-07-23,2,223
Website design / redesign,WEB_DIGITAL,United Kingdom,United Kingdom,buy_ad6f0422a248db91b3fe,North Somerset Council,3,2024-01-15,2026-07-22,2,919
Transcription / minutes,VIDEO_AUDIO,United Kingdom,United Kingdom,buy_c864f523c2ce93b978d6,Ofcom,3,2024-03-14,2026-07-22,2,860
Promotional merchandise / branded items,PRINT_BROKERAGE,TED,MLT,buy_49603fbd0efcf57ee39e,European Union Agency for Asylum,3,2024-08-21,2026-07-22,3,700
Document digitization / scanning,DATA_ADMIN,Germany,Germany,buy_46b6047af7435a1397e7,Bundesministerium für Arbeit und Soziales,3,2025-01-15,2026-07-21,2,552
Small IT equipment supply,PROCUREMENT_BROKERAGE,TED,ROU,buy_a3d097a66a045f0f6e8d,DIRECTIA DE SANATATE PUBLICA COVASNA,3,2024-07-15,2026-07-21,3,736
Document digitization / scanning,DATA_ADMIN,United Kingdom,United Kingdom,buy_3eaaaf2e26f52b974089,SEVERN TRENT WATER LIMITED,3,2026-05-07,2026-07-21,1,75
Signage / wayfinding / vinyl,PRINT_BROKERAGE,France,France,buy_121cb902f043a13d8ec8,VILLE DE SAINT NAZAIRE,3,2024-02-20,2026-07-21,2,882
Website design / redesign,WEB_DIGITAL,United Kingdom,United Kingdom,buy_1d7182fbed474d1a80be,Mid Suffolk District Council,3,2024-12-12,2026-07-21,3,586
Signage / wayfinding / vinyl,PRINT_BROKERAGE,Belgium,BE,buy_d6f09c00951e0dc6bb6a1997,Aankoopcentrale Groep CM-MC vzw,3,2024-09-04,2026-07-20,2,684
Small IT equipment supply,PROCUREMENT_BROKERAGE,United Kingdom,United Kingdom,buy_a76e07647c4d12434758,Coventry University,3,2023-12-11,2026-07-20,2,952
Brochure / flyer / poster printing,PRINT_BROKERAGE,France,France,buy_eeeebea9b61e136bbe34,Ville de Maubeuge,3,2025-12-23,2026-07-19,2,208
Brochure / flyer / poster printing,PRINT_BROKERAGE,France,France,buy_714efbf8054d07e9900b,Commune de Vélizy-Villacoublay,3,2023-09-30,2026-07-19,2,1023
Website design / redesign,WEB_DIGITAL,United Kingdom,United Kingdom,buy_c5fd231fcde0a5ff8f9c,Yorkshire Purchasing Organisation,3,2025-08-05,2026-07-17,2,346
Website design / redesign,WEB_DIGITAL,United Kingdom,United Kingdom,buy_ad598eef028a1c3cc7cf,ANGLIAN WATER SERVICES LIMITED,3,2024-08-07,2026-07-17,2,709
Document digitization / scanning,DATA_ADMIN,Canada federal,Canada,buy_4850f11ec8e6e16fc9c1,Farm Credit Canada (FCC),3,2024-04-05,2026-07-17,2,833
Brochure / flyer / poster printing,PRINT_BROKERAGE,France,France,buy_d7fcd254a7f75f1c0f80,Mauges Communauté,3,2026-03-02,2026-07-17,1,137
Signage / wayfinding / vinyl,PRINT_BROKERAGE,France,France,buy_795a7cdec33ddb1ed1de,Communauté d'Agglomération de Bastia,3,2025-07-31,2026-07-17,2,351
Document digitization / scanning,DATA_ADMIN,Germany,Germany,buy_ed4cf388eb62fa1c8c35,Hamburg Port Authority AöR,3,2024-07-25,2026-07-17,2,722
Social media content production,CONTENT_DESIGN,France,France,buy_8d688fc6661ba3a52095,CAISSE DES DEPOTS,3,2023-12-21,2026-07-17,3,939
Small IT equipment supply,PROCUREMENT_BROKERAGE,United Kingdom,United Kingdom,buy_13c85c9a4570e16384e9,HOPWOOD HALL COLLEGE,3,2026-06-25,2026-07-17,1,22
Website design / redesign,WEB_DIGITAL,Canada federal,Canada,buy_803708fca2c5c433c387,Department of Transport (TC),3,2025-11-25,2026-07-17,2,234
Document digitization / scanning,DATA_ADMIN,Germany,Germany,buy_aa5aebceb6f4cdd81c2f,Stadtverwaltung Kirchheim unter Teck,3,2024-10-17,2026-07-16,2,637
Transcription / minutes,VIDEO_AUDIO,Quebec,Canada - Quebec,buy_20a0d3dbac1bd14a1349,Ministère de la Santé et des Services Sociaux,3,2025-04-28,2026-07-16,2,444
Signage / wayfinding / vinyl,PRINT_BROKERAGE,France,France,buy_31c1e54dec8c70b52271,"Centre Hospitalier de Cayenne ""Andrée ROSEMON""",3,2026-01-24,2026-07-15,1,172
Copywriting / editorial content,CONTENT_DESIGN,Quebec,Canada - Quebec,buy_cfbb924a92faa405859d,Ville de Saint-Jérôme.,3,2024-05-06,2026-07-15,3,800
Signage / wayfinding / vinyl,PRINT_BROKERAGE,France,France,buy_d487f0243455b5e30f5a,Ville d'Allauch,3,2024-06-22,2026-07-15,3,753
Website design / redesign,WEB_DIGITAL,United Kingdom,United Kingdom,buy_57db4b3ba04cb9fdea33,Nuclear Restoration Services Limited,3,2025-02-26,2026-07-15,2,504
Document digitization / scanning,DATA_ADMIN,Quebec,Canada - Quebec,buy_aac864224f9856e34e9a,Ville de Montréal - Service de la concertation des arrondissements,3,2021-06-16,2026-07-13,3,1853
Brochure / flyer / poster printing,PRINT_BROKERAGE,Quebec,Canada - Quebec,buy_4499d118634beb00fc41,Ville de Mont-Saint-Hilaire.,3,2024-08-09,2026-07-13,3,703
Document digitization / scanning,DATA_ADMIN,Germany,Germany,buy_925346927d0f2e542f12,Bezirksregierung Köln,3,2023-11-21,2026-07-10,3,962
Online forms / lightweight portals,WEB_DIGITAL,United Kingdom,United Kingdom,buy_0fe1f0f791097b5930c4,DE MONTFORT UNIVERSITY,3,2024-11-22,2026-07-10,2,595
Signage / wayfinding / vinyl,PRINT_BROKERAGE,United Kingdom,United Kingdom,buy_e6a19e7198ecee3ac09d,UNIVERSITY OF EAST ANGLIA,3,2023-08-25,2026-07-09,2,1049
Website design / redesign,WEB_DIGITAL,Quebec,Canada - Quebec,buy_5763fd04ac61d461688c,Centre de services scolaire de Montréal,3,2023-10-13,2026-07-09,3,1000
Simple API / software integration,AUTOMATION_SOFTWARE,Quebec,Canada - Quebec,buy_1f8ade8194afaf4368b5,Centre de services scolaire du Lac-Abitibi,3,2026-05-11,2026-07-09,1,59
Transcription / minutes,VIDEO_AUDIO,Canada federal,Canada,buy_762391abd4f35173aa57,Office of Infrastructure of Canada (INFC),3,2025-05-28,2026-07-09,2,407
Transcription / minutes,VIDEO_AUDIO,Quebec,Canada - Quebec,buy_db626064622f416b3c08,"Commission des normes, de l'équité, de la santé et de la sécurité du travail",3,2023-08-14,2026-07-08,3,1059
Document digitization / scanning,DATA_ADMIN,United Kingdom,United Kingdom,buy_38cc7bf1ef29f90e8c4c,South Tyneside and Sunderland NHS Foundation Trust,3,2026-04-24,2026-07-08,1,75
Translation / localization,LANGUAGE,Belgium,BE,buy_876811305d538dfd4b065900,SPI(3p),3,2024-10-21,2026-07-08,3,625
Brochure / flyer / poster printing,PRINT_BROKERAGE,United Kingdom,United Kingdom,buy_ba7e0da2307c5013ec9f,Imperial War Museums,3,2023-11-13,2026-07-08,3,968
Website design / redesign,WEB_DIGITAL,Germany,Germany,buy_ec3f22ae839f6f5554a0,Nahverkehrsservice Sachsen-Anhalt GmbH,3,2025-03-10,2026-07-08,2,485
Brochure / flyer / poster printing,PRINT_BROKERAGE,Germany,Germany,buy_6878b59c8423b7a71c2b,Stadtwerke Verkehrsgesellschaft Frankfurt am Main mbH (VGF),3,2024-07-15,2026-07-07,3,722
Online forms / lightweight portals,WEB_DIGITAL,United Kingdom,United Kingdom,buy_75b0676d59b8ca22663d,Ministry of Defence,3,2024-02-23,2026-07-07,3,865
Simple API / software integration,AUTOMATION_SOFTWARE,TED,SWE,buy_3d59e3bbb5e2f64301ba,Försvarsmakten,3,2025-03-25,2026-07-07,2,469
Web hosting / domain / SSL,WEB_DIGITAL,Germany,Germany,buy_9d3ba92d0e46f7f3024a,FITKO (Föderale IT-Kooperation),3,2024-09-03,2026-07-07,3,672
Document digitization / scanning,DATA_ADMIN,Germany,Germany,buy_373fd2d5d05bd3da91e1,FITKO (Föderale IT-Kooperation) AöR,3,2025-01-14,2026-07-06,2,538
Brochure / flyer / poster printing,PRINT_BROKERAGE,France,France,buy_452c2eacf97cd4e544d2,Ville de Fécamp,3,2024-12-13,2026-07-05,3,569
Simple API / software integration,AUTOMATION_SOFTWARE,TED,EST,buy_e908f43d1dc8cf42dee7,Politsei- ja Piirivalveamet,3,2024-12-09,2026-07-03,3,571
Signage / wayfinding / vinyl,PRINT_BROKERAGE,Belgium,BE,buy_769ee7300efe8dd3f4774af2,SPW-O8.03.02 - Direction de l'Exploitation des tunnels,3,2025-05-19,2026-07-01,2,408
Document digitization / scanning,DATA_ADMIN,Germany,Germany,buy_9d7694427be2c4135e6e,Knappschaft Kliniken Bottrop GmbH,3,2025-06-13,2026-06-30,2,382
Transcription / minutes,VIDEO_AUDIO,United Kingdom,United Kingdom,buy_ef4b020bfa5d9abb1f7d,Caerphilly County Borough Council,3,2025-09-29,2026-06-30,2,274
Website design / redesign,WEB_DIGITAL,Germany,Germany,buy_f7c948f09d9c03b3d82f,IKK classic,3,2024-01-15,2026-06-30,2,897
Document digitization / scanning,DATA_ADMIN,Germany,Germany,buy_c4d7b12c1f2e87430149,Landesamt für Umweltschutz,3,2025-09-17,2026-06-30,2,286
Brand identity / visual identity,CONTENT_DESIGN,TED,CZE,buy_85fe87d2665464f38efa,"Letiště Praha, a. s.",3,2024-03-11,2026-06-30,2,841
Website design / redesign,WEB_DIGITAL,Germany,Germany,buy_c244e377f42476656fa8,Bau- und Liegenschaftsbetrieb NRW Zentrale,3,2025-11-11,2026-06-30,2,231
Document digitization / scanning,DATA_ADMIN,Germany,Germany,buy_771f65f9a296af36dc11,"Bundesinstitut für Bau-, Stadt- und Raumforschung",3,2023-11-08,2026-06-30,3,965
Small IT equipment supply,PROCUREMENT_BROKERAGE,Belgium,BE,buy_b2f5a180877e6cb53b6d37ea,La Louvière,3,2024-02-02,2026-06-29,3,878
Brochure / flyer / poster printing,PRINT_BROKERAGE,France,France,buy_16f269de6e85080fb9d6,Mairie de Boulogne-Billancourt,3,2024-02-14,2026-06-28,3,865
Brochure / flyer / poster printing,PRINT_BROKERAGE,France,France,buy_87e26eb06d09a7529515,COMMUNE DE MULHOUSE,3,2026-03-15,2026-06-28,1,105
Website design / redesign,WEB_DIGITAL,France,France,buy_f278da70713dab063f5f,AUVERGNE RHONE ALPES TOURISME,3,2023-09-09,2026-06-28,2,1023
Brochure / flyer / poster printing,PRINT_BROKERAGE,Belgium,BE,buy_81899e3a5589a32b4007c79d,VITO,3,2024-12-17,2026-06-26,3,556
Transcription / minutes,VIDEO_AUDIO,Germany,Germany,buy_7627c25f30e23edfb6a4,"Bundesrepublik Deutschland, vertreten durch das Bundesministerium des Innern, vertreten durch das Beschaffungsamt des BMI",3,2025-07-31,2026-06-26,2,330
Website design / redesign,WEB_DIGITAL,United Kingdom,United Kingdom,buy_fa84a24670e123e5d481,City & County of Swansea,3,2026-05-19,2026-06-25,1,37
Brochure / flyer / poster printing,PRINT_BROKERAGE,France,France,buy_e8c098c0efc747dd8af6,Bureau de Recherche en Géologie Minière (Brgm),3,2025-04-04,2026-06-25,2,447
Brochure / flyer / poster printing,PRINT_BROKERAGE,TenderNed,Netherlands,buy_be6bc329a9ac383608c0,Wageningen University & Research,3,2024-05-07,2026-06-25,2,779
Website design / redesign,WEB_DIGITAL,United Kingdom,United Kingdom,buy_308979ea514893803f22,Agriculture and Horticulture Development Board,3,2024-12-06,2026-06-25,3,566
Signage / wayfinding / vinyl,PRINT_BROKERAGE,Belgium,BE,buy_d0021631ed8b7ef0fd51af47,NATAGORA,3,2024-08-06,2026-06-25,2,688
Brochure / flyer / poster printing,PRINT_BROKERAGE,TenderNed,Netherlands,buy_43e61df954524284bf2c,UWV,3,2023-10-07,2026-06-25,3,992
Brochure / flyer / poster printing,PRINT_BROKERAGE,France,France,buy_d4a6a99b0356ecfe66ac,Communauté d'Agglomération Coeur de Flandre,3,2024-02-07,2026-06-25,2,869
Brochure / flyer / poster printing,PRINT_BROKERAGE,France,France,buy_d02be58899318e8ccf2f,Ville de Bourgoin-Jallieu,3,2024-06-18,2026-06-25,3,737
Brochure / flyer / poster printing,PRINT_BROKERAGE,France,France,buy_4b3590446b2802bace39,CHR METZ-THIONVILLE,3,2026-02-25,2026-06-25,1,120
Brochure / flyer / poster printing,PRINT_BROKERAGE,Germany,Germany,buy_078252460c7dfd959e16,"Sozialversicherung für Landwirtschaft, Forsten und Gartenbau (SVLFG)",3,2024-11-23,2026-06-24,3,578
Document digitization / scanning,DATA_ADMIN,TenderNed,Netherlands,buy_8cbfc7bf4d4faf782831,Gemeente Veldhoven,3,2025-04-23,2026-06-24,2,427
Transcription / minutes,VIDEO_AUDIO,United Kingdom,United Kingdom,buy_d82aa544a047e1737ed2,JOHN INNES CENTRE,3,2025-05-02,2026-06-24,2,418
Brochure / flyer / poster printing,PRINT_BROKERAGE,France,France,buy_28c60d4084a69eb15689,Département de Vaucluse,3,2024-08-24,2026-06-24,2,669
Transcription / minutes,VIDEO_AUDIO,United Kingdom,United Kingdom,buy_4a7403839a8a15adf64c,"Department for Science, Innovation & Technology",3,2025-04-23,2026-06-23,2,426
E-learning / training content,TRAINING,Quebec,Canada - Quebec,buy_b019c77528b8fdf43a3f,Revenu Québec,3,2024-04-18,2026-06-23,3,796
Copywriting / editorial content,CONTENT_DESIGN,Quebec,Canada - Quebec,buy_399f99e37e5763a99bdc,Cégep Marie-Victorin,3,2025-01-28,2026-06-23,2,511
Brochure / flyer / poster printing,PRINT_BROKERAGE,Quebec,Canada - Quebec,buy_0864af28805d8660903a,Centre de services scolaire des Laurentides.,3,2024-07-18,2026-06-23,3,705
Web hosting / domain / SSL,WEB_DIGITAL,TenderNed,Netherlands,buy_ec1e91d165ade6940907,Gemeente Zutphen,3,2024-03-27,2026-06-23,2,818
Website design / redesign,WEB_DIGITAL,France,France,buy_b8f4c16696c580388e31,École polytechnique,3,2025-04-23,2026-06-21,2,424
Brochure / flyer / poster printing,PRINT_BROKERAGE,France,France,buy_24e6d38857b1231bb6c4,Caisse des dépôts et consignations,3,2024-04-23,2026-06-21,2,789
Brochure / flyer / poster printing,PRINT_BROKERAGE,Quebec,Canada - Quebec,buy_fbc8146564a5b2e0cd45,Institut national de santé publique du Québec.,3,2024-06-19,2026-06-19,3,730
Brand identity / visual identity,CONTENT_DESIGN,Germany,Germany,buy_c75e41ce31cab253dd93,Bundesamt für das Personal- management der Bundeswehr Team I 1.5. DezBeschaffung,3,2026-04-27,2026-06-19,1,53
Website design / redesign,WEB_DIGITAL,United Kingdom,United Kingdom,buy_5ca115be1cde4809eeba,Department of Health & Social Care,3,2024-12-10,2026-06-19,2,556
Document digitization / scanning,DATA_ADMIN,Quebec,Canada - Quebec,buy_0cce7b892f172362c20f,Ville de Pohénégamook.,3,2024-09-25,2026-06-19,3,632
Signage / wayfinding / vinyl,PRINT_BROKERAGE,Quebec,Canada - Quebec,buy_48d8d8b45b725ea89d67,Ville de Saint-Constant.,3,2023-08-17,2026-06-18,3,1036
Copywriting / editorial content,CONTENT_DESIGN,Belgium,BE,buy_2e55a2676353b54a7d880516,Province du Brabant wallon,3,2024-04-12,2026-06-17,2,796
Small IT equipment supply,PROCUREMENT_BROKERAGE,United Kingdom,United Kingdom,buy_31ed8358f6e0397a51a8,Belfast Health & Social Care Trust,3,2025-05-14,2026-06-17,2,399
Online forms / lightweight portals,WEB_DIGITAL,TED,NOR,buy_40e5a92eb2ef8ee191bf,Eidsiva Energi,3,2024-12-03,2026-06-17,3,561
Signage / wayfinding / vinyl,PRINT_BROKERAGE,France,France,buy_9375c234261e144c5cae,Centre Hospitalier de Valenciennes,3,2025-05-14,2026-06-17,2,399
Document digitization / scanning,DATA_ADMIN,Germany,Germany,buy_9b7bd643308b9e093740,Staatliches Bau- und Liegenschaftsamt Greifswald,3,2024-02-21,2026-06-17,2,847
Website design / redesign,WEB_DIGITAL,Germany,Germany,buy_1993dd0e9ed74950eaaa,Messe Berlin GmbH,3,2024-10-17,2026-06-16,2,607
Brochure / flyer / poster printing,PRINT_BROKERAGE,France,France,buy_a3e7893ed6c3410fc8d5,Dracénie Provence Verdon Agglomération,3,2024-03-20,2026-06-16,2,818
Transcription / minutes,VIDEO_AUDIO,TenderNed,Netherlands,buy_78de130fc16a6e2a3221,Gemeente Den Haag,3,2023-09-21,2026-06-14,2,997
Labels / stickers / QR materials,PRINT_BROKERAGE,United Kingdom,United Kingdom,buy_a16359c7476d58372668,NHS Blood and Transplant,3,2023-12-13,2026-06-11,2,911
Signage / wayfinding / vinyl,PRINT_BROKERAGE,Belgium,BE,buy_3336436f2af95aee1c5d2b4d,SOCIETE D'INTEGRATION PAR LE TRAVAIL EN ENVIRONNEMENT EN REGION LIEGEOISE,3,2023-10-26,2026-06-11,3,959
Signage / wayfinding / vinyl,PRINT_BROKERAGE,Belgium,BE,buy_4cfb35dcd3a134235f507db7,"SNCB, Direction Stations - District Sud",3,2025-08-27,2026-06-11,2,288
Website design / redesign,WEB_DIGITAL,United Kingdom,United Kingdom,buy_92be13b97e50bb4b9079,General Dental Council,3,2025-04-10,2026-06-11,2,427
Transcription / minutes,VIDEO_AUDIO,Quebec,Canada - Quebec,buy_3f8a470b7cee3e443b10,CIUSSS du Centre-ouest-de-l'Île-de-Montréal,3,2025-04-01,2026-06-10,2,435
Website design / redesign,WEB_DIGITAL,Canada federal,Canada,buy_14490f0a586017c31f36,Canadian Radio-Television and Telecommunications Commission (CRTC),3,2025-07-30,2026-06-10,2,315
Website design / redesign,WEB_DIGITAL,TenderNed,Netherlands,buy_c927dc2a6e17336569b3,Avans Hogeschool te Tilburg,3,2023-09-08,2026-06-09,2,1005
Signage / wayfinding / vinyl,PRINT_BROKERAGE,United Kingdom,United Kingdom,buy_c6516899ce16c24e14a1,West Northamptonshire Council,3,2026-02-06,2026-06-09,1,123
Website design / redesign,WEB_DIGITAL,United Kingdom,United Kingdom,buy_04df06f9607807011df1,Coventry City Council,3,2025-07-03,2026-06-09,2,341
Signage / wayfinding / vinyl,PRINT_BROKERAGE,Belgium,BE,buy_eb9bd4a32f73c991967d0278,CHR de Huy,3,2024-06-11,2026-06-09,3,728
Transcription / minutes,VIDEO_AUDIO,Quebec,Canada - Quebec,buy_2377c534604c44c3bb41,Tribunal administratif du travail,3,2024-01-11,2026-06-08,3,879
Transcription / minutes,VIDEO_AUDIO,Germany,Germany,buy_f59a01620c07a2e26fe1,Vergabe und Beschaffungszentrum Dortmund,3,2024-07-10,2026-06-08,2,698
Transcription / minutes,VIDEO_AUDIO,Canada federal,Canada,buy_4850f11ec8e6e16fc9c1,Farm Credit Canada (FCC),3,2024-05-27,2026-06-08,2,742
Signage / wayfinding / vinyl,PRINT_BROKERAGE,France,France,buy_9b7e8e468abeec3940fe,Ville Belfort,3,2024-05-29,2026-06-05,3,737
Website maintenance / content updates,WEB_DIGITAL,France,France,buy_71ae3195a04f7a55fc8d,Région Occitanie,3,2024-01-24,2026-06-05,2,863
Website design / redesign,WEB_DIGITAL,France,France,buy_5a641072ae73b960c6ed,Paris Musées,3,2025-05-26,2026-06-05,2,375
Transcription / minutes,VIDEO_AUDIO,United Kingdom,United Kingdom,buy_613226fb06b5793bdfa6,Ashford Borough Council,3,2024-03-28,2026-06-04,2,798
Website design / redesign,WEB_DIGITAL,United Kingdom,United Kingdom,buy_96764e07cc00b38f0c85,Tees Valley Combined Authority,3,2025-12-15,2026-06-04,2,171
Graphic design / layout,CONTENT_DESIGN,Quebec,Canada - Quebec,buy_44afa6fa01ee124ecdd5,Partenariat du Quartier des spectacles,3,2025-05-22,2026-06-04,2,378
Website design / redesign,WEB_DIGITAL,United Kingdom,United Kingdom,buy_193e74360c2d488343df,Isle of Wight Council,3,2025-02-19,2026-06-03,2,469
Web hosting / domain / SSL,WEB_DIGITAL,TenderNed,Netherlands,buy_f300dd99de79680e4949,Rijksinkoopsamenwerking (RIS),3,2025-10-30,2026-06-03,2,216
Document digitization / scanning,DATA_ADMIN,France,France,buy_102291958d7378f20c99,Conseil départemental d'Indre et Loire,3,2024-04-26,2026-06-02,3,767
Brochure / flyer / poster printing,PRINT_BROKERAGE,Belgium,BE,buy_138f9c9bb4e63e1916c85bc2,"Agence Intercommunale de Développement de Tournai, d'Ath et des communes avoisinantes IDETA scrl",3,2025-11-12,2026-06-02,2,202
Transcription / minutes,VIDEO_AUDIO,Quebec,Canada - Quebec,buy_fd0c3e42c3ac9a69e50f,Municipalité régionale de comté de Montcalm,3,2024-12-03,2026-06-02,2,546
Transcription / minutes,VIDEO_AUDIO,United Kingdom,United Kingdom,buy_8e6b6e022c997becdd3e,Home Office,3,2025-07-09,2026-06-02,2,328
Brochure / flyer / poster printing,PRINT_BROKERAGE,Belgium,BE,buy_2f87f47db6efec0af6773023,Berchem-Sainte-Agathe,3,2024-12-06,2026-06-01,3,542
Website design / redesign,WEB_DIGITAL,United Kingdom,United Kingdom,buy_b1fd1f3fd7dc34ef3f3e,Financial Conduct Authority,3,2024-12-11,2026-06-01,2,537
Brochure / flyer / poster printing,PRINT_BROKERAGE,Germany,Germany,buy_80498934e8f88ca0fb1c,Zentrale Stelle Mammographie-Screening Bayern,3,2025-10-17,2026-06-01,2,227
Transcription / minutes,VIDEO_AUDIO,United Kingdom,United Kingdom,buy_fe03094be18bb5e2dbce,NPL Management Limited,3,2025-06-26,2026-05-29,2,337
Brochure / flyer / poster printing,PRINT_BROKERAGE,Quebec,Canada - Quebec,buy_588d100790c0c5deef08,Cegep du Vieux-Montréal,3,2024-01-09,2026-05-29,3,871
Copywriting / editorial content,CONTENT_DESIGN,Belgium,BE,buy_3ac2d26e698db471a14b6b7e,SPW-O4.04.02 - Direction de la Promotion de l'énergie durable,3,2023-10-17,2026-05-29,2,955
Website design / redesign,WEB_DIGITAL,Quebec,Canada - Quebec,buy_b6f94f7d73e65859f453,Le Protecteur du citoyen,3,2024-03-19,2026-05-29,2,801
Website design / redesign,WEB_DIGITAL,Quebec,Canada - Quebec,buy_af34768c494bd2adb873,Institut de Cardiologie de Montréal.,3,2023-12-22,2026-05-29,3,889
Brochure / flyer / poster printing,PRINT_BROKERAGE,France,France,buy_dd0ced617f5a4da157aa,Département des Pyrénées-Atlantiques,3,2023-11-08,2026-05-29,3,933
Document digitization / scanning,DATA_ADMIN,Germany,Germany,buy_0cf7fcd4268a7ca3b9e7,Universitätsklinikum Aachen AöR,3,2025-10-23,2026-05-28,2,217
Website design / redesign,WEB_DIGITAL,United Kingdom,United Kingdom,buy_57b9eb5fb1579d922ba6,HUMBER TEACHING NHS FOUNDATION TRUST,3,2025-10-30,2026-05-28,2,210
Website design / redesign,WEB_DIGITAL,United Kingdom,United Kingdom,buy_0d2329bb834f558daa10,University of Leicester,3,2025-05-20,2026-05-28,2,373
Brochure / flyer / poster printing,PRINT_BROKERAGE,France,France,buy_0040758d33789ead82ce,Communauté d'agglomération du Grand Cahors,3,2024-01-28,2026-05-28,2,851
Transcription / minutes,VIDEO_AUDIO,TED,POL,buy_8a419ea0c511ed35f932,Miasto i Gmina Białobrzegi,3,2025-10-29,2026-05-27,2,210
Small IT equipment supply,PROCUREMENT_BROKERAGE,United Kingdom,United Kingdom,buy_57897d52296f35314ac6,City of Bradford Metropolitan District Council,3,2026-02-18,2026-05-26,1,97
Translation / localization,LANGUAGE,Belgium,BE,buy_14f6e6e5e2446d10e7ac0386,Wavre,3,2024-09-20,2026-05-26,3,613
Small IT equipment supply,PROCUREMENT_BROKERAGE,Belgium,BE,buy_bccc8fc6e5952bdc9bf1d5dc,"Hulpverleningszone Oost, Vlaams-Brabant",3,2023-09-14,2026-05-26,3,985
Copywriting / editorial content,CONTENT_DESIGN,United Kingdom,United Kingdom,buy_19e35de780734c4e9804,The Mayor's Office for Policing And Crime,3,2025-05-23,2026-05-26,2,368
Signage / wayfinding / vinyl,PRINT_BROKERAGE,Belgium,BE,buy_ee79146b157e29d4ccddb05f,Antwerpen,3,2025-02-06,2026-05-26,2,474
Document digitization / scanning,DATA_ADMIN,Germany,Germany,buy_ff45665a39c8eeaeefba,Land Berlin – Sondervermögen Immobilien des Landes Berlin (SILB) c/o BIM Berliner Immobilienmanagement GmbH,3,2024-02-16,2026-05-26,3,830
Online forms / lightweight portals,WEB_DIGITAL,Quebec,Canada - Quebec,buy_c6c4f8fd98cdffdd3a77,Ministère de la Justice,3,2024-06-21,2026-05-22,3,700
Brochure / flyer / poster printing,PRINT_BROKERAGE,Quebec,Canada - Quebec,buy_3903a0593b486c6954bc,Ville de Kirkland,3,2024-05-08,2026-05-22,3,744
Brochure / flyer / poster printing,PRINT_BROKERAGE,France,France,buy_3ac448e2fe062171f8e3,Ville d'Aix les Bains,3,2023-08-23,2026-05-22,3,1003
Document digitization / scanning,DATA_ADMIN,Germany,Germany,buy_988e05f27a30d4ad93d8,"Niedersächsisches Ministerium für Inneres, Sport und Digitalisierung",3,2025-10-29,2026-05-21,2,204
Website design / redesign,WEB_DIGITAL,United Kingdom,United Kingdom,buy_e6a19e7198ecee3ac09d,UNIVERSITY OF EAST ANGLIA,3,2025-09-08,2026-05-21,2,255
Brand identity / visual identity,CONTENT_DESIGN,TenderNed,Netherlands,buy_3d218537f8e2c8f4bb9e,Gemeente Amsterdam,3,2024-03-29,2026-05-20,2,782
Translation / localization,LANGUAGE,Belgium,BE,buy_bdb72c83acd5c583ac711ce9,Province de Luxembourg,3,2025-05-13,2026-05-19,2,371
Website design / redesign,WEB_DIGITAL,Quebec,Canada - Quebec,buy_1307ff06848db8f09e34,Centre intégré universitaire de santé et de services sociaux de l'Estrie - Centre Hospitalier Universitaire de Sherbrooke - CHUS,3,2026-02-13,2026-05-19,1,95
Website design / redesign,WEB_DIGITAL,TenderNed,Netherlands,buy_30867635665ffd747817,Stichting Participatiefonds voor het Onderwijs,3,2023-12-22,2026-05-19,3,879
Video editing / post-production,VIDEO_AUDIO,TED,CHE,buy_bacf2bcb45c828276231,EPFL - Service des Achats,3,2024-12-16,2026-05-19,3,519
Website design / redesign,WEB_DIGITAL,United Kingdom,United Kingdom,buy_64f2dd470fe23cc8d0d7,National Highways Limited,3,2025-05-15,2026-05-19,2,369
AI chatbot / assistant,AUTOMATION_SOFTWARE,United Kingdom,United Kingdom,buy_a057a823a1c0d8a688de,The Police and Crime Commissioner for Surrey,3,2025-05-08,2026-05-19,2,376
Document digitization / scanning,DATA_ADMIN,Germany,Germany,buy_f7c948f09d9c03b3d82f,IKK classic,3,2024-02-27,2026-05-18,3,811
Brochure / flyer / poster printing,PRINT_BROKERAGE,United Kingdom,United Kingdom,buy_7bbb87e59194916859a7,East Lindsey District Council,3,2025-10-02,2026-05-15,2,225
Transcription / minutes,VIDEO_AUDIO,Quebec,Canada - Quebec,buy_96b794d02b99495ce5b6,Université Laval,3,2025-05-26,2026-05-14,2,353
Brochure / flyer / poster printing,PRINT_BROKERAGE,TenderNed,Netherlands,buy_f0cceefa07850bb6bbc4,Provincie Noord-Brabant,3,2024-04-19,2026-05-13,2,754
Document digitization / scanning,DATA_ADMIN,Germany,Germany,buy_56c61c8eb90c4d68130d,Verkehrsverbund Rhein-Sieg GmbH,3,2026-04-02,2026-05-12,1,40
Document digitization / scanning,DATA_ADMIN,Quebec,Canada - Quebec,buy_6c8e2b1362942155b827,Ville de Saint-Honoré (Chicoutimi),3,2024-04-10,2026-05-12,3,762
Signage / wayfinding / vinyl,PRINT_BROKERAGE,Belgium,BE,buy_e324735d2eb51321a0008da0,Ville de Tubize,3,2024-03-04,2026-05-11,2,798
Website design / redesign,WEB_DIGITAL,TenderNed,Netherlands,buy_975607c4ebca56e7775b,Provincie Gelderland,3,2025-01-23,2026-05-10,2,472
Workflow automation / RPA,AUTOMATION_SOFTWARE,Quebec,Canada - Quebec,buy_f90cc43b26b7873b4aa0,Santé Québec Mauricie-et-Centre-du-Québec – Universitaire,3,2024-09-19,2026-05-08,3,596
Website design / redesign,WEB_DIGITAL,TED,HRV,buy_bf2fcdabac3828c9c189,GRAD ZAGREB,3,2024-03-15,2026-05-08,2,784
Brochure / flyer / poster printing,PRINT_BROKERAGE,France,France,buy_f3d22ae19bd221e7113a,Région Nouvelle-Aquitaine,3,2024-03-13,2026-05-07,2,785
Website design / redesign,WEB_DIGITAL,France,France,buy_33436575c2f0b8c1d564,INERIS,3,2023-10-08,2026-05-06,3,941
Brochure / flyer / poster printing,PRINT_BROKERAGE,France,France,buy_dd85ce38bbed996b0a89,CIG PETITE COURONNE,3,2023-12-24,2026-05-06,3,864
Website design / redesign,WEB_DIGITAL,Canada federal,Canada,buy_c09da141b37fb9544d39,Office of the Superintendent of Financial Institutions (OSFI),3,2026-02-19,2026-05-06,1,76
Survey data processing / coding,DATA_ADMIN,TED,ITA,buy_811f3d14bc58dffafbdd,"European Commission, DG JRC - Joint Research Centre",3,2026-01-23,2026-05-05,1,102
Document digitization / scanning,DATA_ADMIN,Germany,Germany,buy_b1b57993f9d1ccbcbf0b,"Stadt Essen, Zentrales Vergabe- und Beschaffungsmanagement",3,2024-04-15,2026-05-05,2,750
Transcription / minutes,VIDEO_AUDIO,TenderNed,Netherlands,buy_57b5b6bce24200185682,Gemeente Oss,3,2025-02-11,2026-05-05,2,448
Brochure / flyer / poster printing,PRINT_BROKERAGE,France,France,buy_d0c5708c3095d22c59cd,Rennes Métropole,3,2025-04-28,2026-05-04,2,371
Brand identity / visual identity,CONTENT_DESIGN,TED,MLT,buy_49603fbd0efcf57ee39e,Transport Malta,3,2024-08-07,2026-05-04,3,635
Website design / redesign,WEB_DIGITAL,Quebec,Canada - Quebec,buy_f8857d7e89ce4134d78e,Ville de Lévis.,3,2024-08-15,2026-05-04,2,627
Signage / wayfinding / vinyl,PRINT_BROKERAGE,Belgium,BE,buy_1b67eede1a05a244b03fd4e4,Direction des Routes de Verviers,3,2025-08-18,2026-05-04,2,259
Brochure / flyer / poster printing,PRINT_BROKERAGE,France,France,buy_38c81f44f0d775af4a60,Opéra national de Paris,3,2025-05-23,2026-05-02,2,344
Transcription / minutes,VIDEO_AUDIO,United Kingdom,United Kingdom,buy_a328357674a42fac2270,Department for Work & Pensions,3,2025-12-17,2026-05-01,2,135
Document digitization / scanning,DATA_ADMIN,Quebec,Canada - Quebec,buy_b304c7632a019249f5c8,Université du Québec à Trois-Rivières,3,2024-01-05,2026-04-30,2,846
Brochure / flyer / poster printing,PRINT_BROKERAGE,France,France,buy_6dd4dd13ddce5bf1d8f7,Ville de Nantes,3,2024-03-27,2026-04-30,2,764
Transcription / minutes,VIDEO_AUDIO,Canada federal,Canada,buy_e70503c950fb108c25ca,Canada School of Public Service (CSPS),3,2025-05-21,2026-04-30,2,344
Workflow automation / RPA,AUTOMATION_SOFTWARE,France,France,buy_6bc334cf0efe15e983d8,Centre Communal d'Action Sociale de Saint Etienne,3,2025-03-19,2026-04-30,2,407
Video editing / post-production,VIDEO_AUDIO,Quebec,Canada - Quebec,buy_dbe26133b9d35630f868,Université de Montréal.,3,2023-10-03,2026-04-30,3,940
Document digitization / scanning,DATA_ADMIN,Quebec,Canada - Quebec,buy_40ae7264ed4350545405,Centre de services scolaire du Fer,3,2024-01-15,2026-04-30,3,836
Document digitization / scanning,DATA_ADMIN,Germany,Germany,buy_d0e98e70579e8aea2488,Stiftung Preußischer Kulturbesitz,3,2024-12-23,2026-04-30,2,493
Website design / redesign,WEB_DIGITAL,Quebec,Canada - Quebec,buy_b3c6f005d23b7f602783,Institut national de la recherche scientifique (INRS),3,2024-03-19,2026-04-29,2,771
Document digitization / scanning,DATA_ADMIN,Germany,Germany,buy_58bf426dad044123ee42,TRON - Translationale Onkologie an der Universitätsmedizin der Johannes Gutenberg-Universität Mainz gemeinnützige GmbH,3,2024-12-06,2026-04-29,2,509
Small IT equipment supply,PROCUREMENT_BROKERAGE,United Kingdom,United Kingdom,buy_eba7c768ff423aaf447e,the Education Authority,3,2025-02-26,2026-04-28,2,426
Website design / redesign,WEB_DIGITAL,Canada federal,Canada,buy_17ae8f3fa59b203c0404,Courts Administration Service (CAS),3,2025-05-02,2026-04-28,2,361
Document digitization / scanning,DATA_ADMIN,Germany,Germany,buy_349e09808f4b2ffec918,"Landeshauptstadt München, Baureferat",3,2023-12-18,2026-04-27,3,861
Website design / redesign,WEB_DIGITAL,TenderNed,Netherlands,buy_fee5580f2433595ccbce,Gemeente Westerkwartier,3,2025-02-11,2026-04-24,2,437
Transcription / minutes,VIDEO_AUDIO,United Kingdom,United Kingdom,buy_c781c0a6fcca7357c66b,University Hospitals Birmingham NHS Foundation Trust,3,2025-04-08,2026-04-24,2,381
Website design / redesign,WEB_DIGITAL,Germany,Germany,buy_7e5a1f86098c8fc6539d,WBM Wohnungsbaugesellschaft Berlin-Mitte mbH,3,2024-11-04,2026-04-24,3,536
Website design / redesign,WEB_DIGITAL,Germany,Germany,buy_5e392687126b7a746d76,DEG - Deutsche Investitions- und Entwicklungsgesellschaft mbH,3,2025-04-01,2026-04-23,2,387
Website design / redesign,WEB_DIGITAL,United Kingdom,United Kingdom,buy_a18b72afc7f955fd0665,Babergh District Council,3,2025-02-21,2026-04-23,2,426
Document digitization / scanning,DATA_ADMIN,France,France,buy_25d562a95c6158bed5c2,SCN ARCHIVES NATIONALES,3,2025-09-14,2026-04-23,2,221
Document digitization / scanning,DATA_ADMIN,United Kingdom,United Kingdom,buy_b9ba920d1807248a3c4b,Belfast City Council,3,2025-08-26,2026-04-22,2,239
Brochure / flyer / poster printing,PRINT_BROKERAGE,France,France,buy_f7977f469302aef95c95,Universite de tours,3,2024-05-25,2026-04-20,3,695
Document digitization / scanning,DATA_ADMIN,Quebec,Canada - Quebec,buy_01e2aa53517946ac4c2f,Ville de Saint-Joseph-de-Beauce.,3,2024-03-21,2026-04-20,3,760
Document digitization / scanning,DATA_ADMIN,Quebec,Canada - Quebec,buy_6f1fe3c3487f9aa7f6aa,Société québécoise d'information juridique SOQUIJ,3,2025-05-20,2026-04-20,2,335
Brochure / flyer / poster printing,PRINT_BROKERAGE,France,France,buy_1b21815dfec0f56315be,Ville de Cagnes sur Mer (06),3,2024-11-30,2026-04-17,2,503
Website design / redesign,WEB_DIGITAL,United Kingdom,United Kingdom,buy_4320d82727d5649ec98d,BRITISH COUNCIL(THE),3,2026-02-06,2026-04-17,1,70
Proofreading / editing,CONTENT_DESIGN,Quebec,Canada - Quebec,buy_c4c6927eb7d356c5fde0,"Ministère de l'Environnement, de la Lutte contre les changements climatiques, de la Faune et des Parcs",3,2023-09-27,2026-04-17,3,933
Small IT equipment supply,PROCUREMENT_BROKERAGE,TED,CYP,buy_36fedc0c3fdde8d00aea,Οργανισμός Κρατικών Υπηρεσιών Υγείας,3,2024-02-07,2026-04-17,3,800
Translation / localization,LANGUAGE,TED,MKD,buy_5ed803fae1f670fc4749,"Joint-stock company for organizing games of chance, National Lottery of the Republic of North Macedonia",3,2024-06-12,2026-04-17,3,674
Brochure / flyer / poster printing,PRINT_BROKERAGE,France,France,buy_f71bb33b0d1bb58fe56a,DEPARTEMENT DU GERS,3,2024-02-14,2026-04-17,3,793
Small IT equipment supply,PROCUREMENT_BROKERAGE,TenderNed,Netherlands,buy_6a52b0a82189d174d3ae,Gemeente Haarlemmermeer,3,2024-12-06,2026-04-16,3,496
Transcription / minutes,VIDEO_AUDIO,TenderNed,Netherlands,buy_fee5580f2433595ccbce,Gemeente Westerkwartier,3,2024-09-20,2026-04-16,3,573
Website design / redesign,WEB_DIGITAL,Quebec,Canada - Quebec,buy_fbc8146564a5b2e0cd45,Institut national de santé publique du Québec.,3,2024-04-03,2026-04-16,3,743
Brochure / flyer / poster printing,PRINT_BROKERAGE,TenderNed,Netherlands,buy_d6bf306a1cdbc24543de,Gemeente Oosterhout,3,2025-03-12,2026-04-16,2,400
Interpretation services,LANGUAGE,TenderNed,Netherlands,buy_030687f7b738d520febd,Gemeente Amstelveen,3,2024-09-20,2026-04-16,2,573
Brochure / flyer / poster printing,PRINT_BROKERAGE,France,France,buy_12b4fbe5a2ff816fc500,Mucem,3,2024-06-08,2026-04-16,2,677
Transcription / minutes,VIDEO_AUDIO,TenderNed,Netherlands,buy_6e6a80f9124e4e19d689,Stichting Voorbereiding PALLAS-reactor,3,2026-04-16,2026-04-16,1,0
Website design / redesign,WEB_DIGITAL,TenderNed,Netherlands,buy_ffa78549501ed9d8e945,Gemeente Schagen,3,2023-12-31,2026-04-16,2,837
Document digitization / scanning,DATA_ADMIN,TenderNed,Netherlands,buy_e774ffc54456e9c36ddd,Gemeente Maashorst,3,2024-04-19,2026-04-16,3,727
Signage / wayfinding / vinyl,PRINT_BROKERAGE,France,France,buy_42ce38cd23483c7200b5,DEPARTEMENT DU TERRITOIRE DE BELFORT,3,2026-02-07,2026-04-15,1,67
Graphic design / layout,CONTENT_DESIGN,TenderNed,Netherlands,buy_be6bc329a9ac383608c0,Wageningen University & Research,3,2025-03-08,2026-04-15,2,403
Website design / redesign,WEB_DIGITAL,Germany,Germany,buy_ea40a14a7a5db0c53131,Berlin Partner für Wirtschaft und Technologie GmbH,3,2025-01-27,2026-04-15,2,443
Brochure / flyer / poster printing,PRINT_BROKERAGE,Germany,Germany,buy_df6435fb8f4c91859b4f,"Amt für Recht, Vergabe und Versicherungen",3,2024-10-14,2026-04-15,3,548
Graphic design / layout,CONTENT_DESIGN,Quebec,Canada - Quebec,buy_2a5bfbdf7022f571aa98,Société des établissements de plein air du Québec (Sépaq).,3,2024-11-01,2026-04-14,2,529
Document digitization / scanning,DATA_ADMIN,Germany,Germany,buy_15075f58ddf2eeaf7026,Stadt Münster - Zentrale Rechtsdienstleistungen und Vergabemanagement,3,2025-10-27,2026-04-13,2,168
Document digitization / scanning,DATA_ADMIN,Quebec,Canada - Quebec,buy_7135d0c0582956e9687a,Université Concordia,3,2025-01-09,2026-04-10,2,456
Signage / wayfinding / vinyl,PRINT_BROKERAGE,Quebec,Canada - Quebec,buy_2cb69fa86486c4b07aad,Santé Québec - Établissement CIUSSS de l’Est-de-l’Île-de-Montréal,3,2024-01-19,2026-04-09,2,811
Website design / redesign,WEB_DIGITAL,Quebec,Canada - Quebec,buy_8dc1f822c7d45caa093e,Société québécoise de récupération et de recyclage - RECYC-QUÉBEC,3,2024-03-22,2026-04-09,3,748
Workflow automation / RPA,AUTOMATION_SOFTWARE,TenderNed,Netherlands,buy_4cee1a1f9cf18f011b33,Gemeente Rotterdam,3,2023-12-28,2026-04-09,3,833
Brochure / flyer / poster printing,PRINT_BROKERAGE,TenderNed,Netherlands,buy_0ca53f9e9f7605e4be35,Universiteit Utrecht,3,2025-11-14,2026-04-09,2,146
Brochure / flyer / poster printing,PRINT_BROKERAGE,Quebec,Canada - Quebec,buy_57e722d2707640a275ef,Centre intégré de santé et de services sociaux de la Montérégie-Est,3,2025-04-11,2026-04-08,2,362
Brochure / flyer / poster printing,PRINT_BROKERAGE,France,France,buy_2420b6cd990b2b4d956d,Département de l'Ardèche,3,2024-09-15,2026-04-07,2,569
Transcription / minutes,VIDEO_AUDIO,France,France,buy_71ae3195a04f7a55fc8d,Région Occitanie,3,2024-02-13,2026-04-07,2,784
Brochure / flyer / poster printing,PRINT_BROKERAGE,France,France,buy_1c07adebcbecf593a15e,Mairie d'Arcachon,3,2024-04-15,2026-04-05,3,720
Graphic design / layout,CONTENT_DESIGN,Belgium,BE,buy_b15df35a79924e998afae221,Fléron,3,2025-08-01,2026-04-03,2,245
Small IT equipment supply,PROCUREMENT_BROKERAGE,United Kingdom,United Kingdom,buy_b12f865da1fb1e213712,UK Space Agency,3,2025-10-27,2026-04-02,2,157
Signage / wayfinding / vinyl,PRINT_BROKERAGE,Belgium,BE,buy_2434efed83912c61399895c1,Centr'Habitat,3,2025-07-07,2026-04-02,2,269
Web hosting / domain / SSL,WEB_DIGITAL,United Kingdom,United Kingdom,buy_2a40d228c27b4f2afaea,Corporate Officer of the House of Lords,3,2026-04-02,2026-04-02,1,0
Signage / wayfinding / vinyl,PRINT_BROKERAGE,Belgium,BE,buy_8a67d04911e84e47266a10cc,Office Wallon de la formation professionnelle et de l'emploi,3,2024-01-17,2026-04-02,2,806
Website design / redesign,WEB_DIGITAL,United Kingdom,United Kingdom,buy_309ec573bb292dbf5319,Science Museum Group,3,2025-01-10,2026-04-01,2,446
Website design / redesign,WEB_DIGITAL,United Kingdom,United Kingdom,buy_f93915a11079c109e32c,Beyond Housing Limited,3,2024-06-10,2026-04-01,3,660
Signage / wayfinding / vinyl,PRINT_BROKERAGE,TED,FIN,buy_b25d30d271157ab27322,Porin kaupungin hankintapalvelut,3,2024-04-05,2026-03-31,2,725
Brochure / flyer / poster printing,PRINT_BROKERAGE,Ireland,Ireland,buy_543d7790becdc4cd9d56,Atlantic Technological University,3,2024-02-12,2026-03-31,2,778
Signage / wayfinding / vinyl,PRINT_BROKERAGE,Belgium,BE,buy_597d7d9da502a2b57143d216,Le Logis Saint-Ghislainois,3,2025-08-18,2026-03-31,2,225
Brochure / flyer / poster printing,PRINT_BROKERAGE,France,France,buy_4e917d2ffed8385f9e44,Métropole du Grand Nancy,3,2023-10-19,2026-03-31,3,894
Website design / redesign,WEB_DIGITAL,TenderNed,Netherlands,buy_42bbecfa41a88794617f,Gemeente Eindhoven,3,2024-04-23,2026-03-31,2,707
Brochure / flyer / poster printing,PRINT_BROKERAGE,Belgium,BE,buy_42607d093b8f929d65d2dacb,Zulte,3,2024-04-16,2026-03-30,3,713
Copywriting / editorial content,CONTENT_DESIGN,Belgium,BE,buy_cc321df61536512675f930be,Académie de recherche et d'enseignement supérieur,3,2025-11-12,2026-03-30,2,138
Web hosting / domain / SSL,WEB_DIGITAL,Germany,Germany,buy_ada84c6ef6ad7ecc2d22,Südwestrundfunk Anstalt des öffentlichen Rechts,3,2024-08-01,2026-03-27,3,603
Small IT equipment supply,PROCUREMENT_BROKERAGE,TenderNed,Netherlands,buy_6efc652d88cc3bdedea5,Christelijke Hogeschool Windesheim,3,2024-06-19,2026-03-26,2,645
Signage / wayfinding / vinyl,PRINT_BROKERAGE,Belgium,BE,buy_6b3f3d8c0601b4a006f6ec16,SNCB-Procurement,3,2023-09-08,2026-03-26,3,930
Transcription / minutes,VIDEO_AUDIO,Ireland,Ireland,buy_295fe777c1b4035f74ec,Department of Social Protection,3,2023-10-25,2026-03-26,2,883
Interpretation services,LANGUAGE,Ireland,Ireland,buy_95e92ebd9a393e629b74,Munster Technological University.,3,2023-08-25,2026-03-26,3,944
Brochure / flyer / poster printing,PRINT_BROKERAGE,Germany,Germany,buy_d9f02165df1c32addc0a,ARD ZDF Deutschlandradio Beitragsservice,3,2024-11-04,2026-03-26,3,507
Document digitization / scanning,DATA_ADMIN,Germany,Germany,buy_e65f364bcc23230938e0,Staatliches Bauamt Passau,3,2025-02-11,2026-03-26,2,408
Graphic design / layout,CONTENT_DESIGN,Belgium,BE,buy_2f82c5b0303b3866efcc034f,Aalst,3,2024-05-07,2026-03-25,3,687
Digital marketing / SEO / campaigns,CONTENT_DESIGN,Ireland,Ireland,buy_5af3eed44adedc5c454a,Education Procurement Service (EPS),3,2025-06-04,2026-03-24,2,293
Small IT equipment supply,PROCUREMENT_BROKERAGE,TenderNed,Netherlands,buy_f300dd99de79680e4949,Rijksinkoopsamenwerking (RIS),3,2026-02-18,2026-03-24,1,34
Copywriting / editorial content,CONTENT_DESIGN,Quebec,Canada - Quebec,buy_6f1fe3c3487f9aa7f6aa,Société québécoise d'information juridique SOQUIJ,3,2025-01-31,2026-03-23,2,416
Website design / redesign,WEB_DIGITAL,Belgium,BE,buy_cfb604288e6708c3c145d154,Overijse,3,2024-04-05,2026-03-23,2,717
E-learning / training content,TRAINING,TED,MLT,buy_49603fbd0efcf57ee39e,European Union Agency for Asylum,3,2024-08-12,2026-03-20,2,585
Brochure / flyer / poster printing,PRINT_BROKERAGE,France,France,buy_8b10d3a275bc8626dd2e,Département de la Vienne,3,2024-04-19,2026-03-20,3,700
Transcription / minutes,VIDEO_AUDIO,Canada federal,Canada,buy_dff50038c8bdca161850,Department of the Environment (ECCC ),3,2025-08-14,2026-03-20,2,218
Brochure / flyer / poster printing,PRINT_BROKERAGE,France,France,buy_20fe5ae64979a872619a,Centre hospitalier du Mans,3,2026-01-25,2026-03-19,1,53
Document digitization / scanning,DATA_ADMIN,France,France,buy_e8c098c0efc747dd8af6,Bureau de Recherche en Géologie Minière (BRGM),3,2025-09-21,2026-03-19,2,179
Brochure / flyer / poster printing,PRINT_BROKERAGE,France,France,buy_23da2b2c11818d5eea85,AUDENCIA EESC,3,2025-01-26,2026-03-19,2,417
Signage / wayfinding / vinyl,PRINT_BROKERAGE,Belgium,BE,buy_525f7bf83fa653ea548e6941,La Maison Liégeoise SCRL,3,2025-12-31,2026-03-19,2,78
Transcription / minutes,VIDEO_AUDIO,TenderNed,Netherlands,buy_0d910932efa94717f179,Stichting Amsterdam UMC,3,2024-04-17,2026-03-19,2,701
Brochure / flyer / poster printing,PRINT_BROKERAGE,France,France,buy_9b7b40a7f1080d7a9573,UNIVERSITE DE LILLE,3,2025-02-12,2026-03-19,2,400
Video production,VIDEO_AUDIO,Belgium,BE,buy_12f260bbd39d3f9d2ea966eb,Enabel,3,2023-10-06,2026-03-19,2,895
Copywriting / editorial content,CONTENT_DESIGN,Belgium,BE,buy_4338e72c29d0ce89af028305,Infrabel Projects South,3,2024-10-16,2026-03-18,2,518
Signage / wayfinding / vinyl,PRINT_BROKERAGE,France,France,buy_90421fd668927b890c98,SERTRID,3,2024-02-26,2026-03-18,3,751
Document digitization / scanning,DATA_ADMIN,Germany,Germany,buy_4e822f1dbc977210e877,RWTH Aachen University,3,2024-02-05,2026-03-17,3,771
Small IT equipment supply,PROCUREMENT_BROKERAGE,Belgium,BE,buy_546f0ce314fc1c32c8284bfb,Haute Ecole en Hainaut,3,2024-05-16,2026-03-16,3,669
Digital marketing / SEO / campaigns,CONTENT_DESIGN,France,France,buy_9c083b9862b2dd3723c4,SIGERLY,3,2023-12-15,2026-03-15,3,821
Brochure / flyer / poster printing,PRINT_BROKERAGE,France,France,buy_00df90c6ba77dcf8ea49,Université Paris Nanterre,3,2024-05-27,2026-03-15,3,657
Brochure / flyer / poster printing,PRINT_BROKERAGE,France,France,buy_6a228172963084a19368,Université de Rouen Normandie,3,2024-07-02,2026-03-14,2,620
Document digitization / scanning,DATA_ADMIN,TenderNed,Netherlands,buy_bd1ad48e1b451ae9bd71,Sociale Verzekeringsbank,3,2024-01-17,2026-03-13,3,786
Transcription / minutes,VIDEO_AUDIO,France,France,buy_24ce0d968b09affbca20,Département du Finistère,3,2023-09-13,2026-03-13,2,912
Document digitization / scanning,DATA_ADMIN,Germany,Germany,buy_f202230dd13a939c3333,"Technische Universität Ilmenau, Dezernat Finanzen, Zentrale Vergabestelle",3,2024-11-06,2026-03-12,3,491
Simple API / software integration,AUTOMATION_SOFTWARE,Quebec,Canada - Quebec,buy_88e34d93855f04ccc9f1,Ville de Québec,3,2025-01-23,2026-03-09,2,410
Website design / redesign,WEB_DIGITAL,TenderNed,Netherlands,buy_c1a1fc6e1f05e8ea0fed,Ministerie van Buitenlandse Zaken,3,2025-05-08,2026-03-08,2,304
Website design / redesign,WEB_DIGITAL,France,France,buy_7cae0dfd0d71b2f19057,AGENCE TECHNIQUE DE L'INFORMATION SUR L'HOSPITALISATION,3,2024-01-09,2026-03-07,3,788
Copywriting / editorial content,CONTENT_DESIGN,France,France,buy_02a7a8aefe14c3e69afc,Région des Pays de la Loire,3,2025-08-12,2026-03-07,2,207
AI chatbot / assistant,AUTOMATION_SOFTWARE,TED,ISL,buy_762b14c03b51c7f5e2fb,Fjársýsla ríkisins,3,2025-03-17,2026-03-06,2,354
Small IT equipment supply,PROCUREMENT_BROKERAGE,TenderNed,Netherlands,buy_e8f7854e2d202bf82b1a,"Ministerie van Defensie, Defensie Ondersteuningscommando (DOSCO)",3,2024-07-07,2026-03-06,2,607
Brochure / flyer / poster printing,PRINT_BROKERAGE,France,France,buy_335ca99a69c9e4fa30ba,Conseil Départemental de la Mayenne,3,2024-01-28,2026-03-06,2,768
Document digitization / scanning,DATA_ADMIN,Germany,Germany,buy_0eee69b63df73ff3c707,Nord Ost West Informationstechnik GmbH,3,2025-04-11,2026-03-05,2,328
Transcription / minutes,VIDEO_AUDIO,TenderNed,Netherlands,buy_4aa02ec0fd9e025a5be2,Ministerie van Infrastructuur en Waterstaat,3,2025-06-11,2026-03-05,2,267
Interpretation services,LANGUAGE,France,France,buy_1bc01f267cd11030dde5,Eurométropole de Strasbourg,3,2023-10-09,2026-03-04,3,877
Website design / redesign,WEB_DIGITAL,Canada federal,Canada,buy_62a94ad0caa01e0d0a5d,Department of Public Safety and Emergency Preparedness (PS),3,2025-05-01,2026-03-03,2,306
Website design / redesign,WEB_DIGITAL,Germany,Germany,buy_92faa848f2649bc3e660,Landesbaudirektion Bayern,3,2025-04-10,2026-03-02,2,326
E-learning / training content,TRAINING,Belgium,BE,buy_60c35516a21b06c13b2df708,Entreprise des Technologies nouvelles de l'information et de la communication de la communauté française,3,2023-09-20,2026-03-02,3,894
Document digitization / scanning,DATA_ADMIN,Germany,Germany,buy_6f85cd4641dddc08b9fa,Berufsgenossenschaft für Gesundheitsdienst und Wohlfahrtspflege - BGW,3,2023-11-14,2026-03-01,3,838
Website design / redesign,WEB_DIGITAL,United Kingdom,United Kingdom,buy_67629ac11969c11a9e89,Northern Ireland Assembly Commission,3,2025-07-02,2026-02-27,2,240
Document digitization / scanning,DATA_ADMIN,Germany,Germany,buy_575c4ecb9ac29ebed370,Land Schleswig-Holstein vertreten durch das Landesamt für Umwelt endvertreten durch die Gebäudemanagement Schleswig-Holstein AöR,3,2024-02-07,2026-02-27,3,751
Document digitization / scanning,DATA_ADMIN,Quebec,Canada - Quebec,buy_1c73228705220d63c267,Ville de Bécancour.,3,2024-02-16,2026-02-26,3,741
Signage / wayfinding / vinyl,PRINT_BROKERAGE,Quebec,Canada - Quebec,buy_00c9aaa7f28bf76279d8,CEGEP Saint-Jean-Sur-Richelieu,3,2025-06-23,2026-02-26,2,248
Brochure / flyer / poster printing,PRINT_BROKERAGE,France,France,buy_24ce0d968b09affbca20,Département du Finistère,3,2025-05-13,2026-02-25,2,288
Website design / redesign,WEB_DIGITAL,Belgium,BE,buy_8fc0eea2225a425dcc9996aa,Stad Oostende,3,2025-04-07,2026-02-25,2,324
Document digitization / scanning,DATA_ADMIN,Quebec,Canada - Quebec,buy_3f8a470b7cee3e443b10,CIUSSS du Centre-ouest-de-l'Île-de-Montréal,3,2024-04-05,2026-02-24,2,690
Cataloguing / indexing / metadata,DATA_ADMIN,TED,DNK,buy_ccb634a88b3b7aa188bd,Banedanmark,3,2023-11-20,2026-02-24,3,827
Website design / redesign,WEB_DIGITAL,Belgium,BE,buy_f714a3c4cf984ba2c3a76115,Toerisme Oost-vlaanderen vzw,3,2024-02-15,2026-02-24,3,740
Brochure / flyer / poster printing,PRINT_BROKERAGE,TED,SVN,buy_e485d016ee83f57656f8,MINISTRSTVO ZA INFRASTRUKTURO,3,2024-12-10,2026-02-24,3,441
Website design / redesign,WEB_DIGITAL,United Kingdom,United Kingdom,buy_ba8fb9c6e9ece962b1f7,The Education and Training Foundation,3,2023-11-10,2026-02-24,3,837
Website design / redesign,WEB_DIGITAL,France,France,buy_31770402c84c05fbf681,Présidence de la République,3,2025-08-08,2026-02-22,2,198
Website design / redesign,WEB_DIGITAL,United Kingdom,United Kingdom,buy_03e563286fb76b96cecf,WEST MIDLANDS GROWTH COMPANY LIMITED,3,2025-07-24,2026-02-20,2,211
Website design / redesign,WEB_DIGITAL,United Kingdom,United Kingdom,buy_a84243ee2fb938d79bf0,The Pensions Regulator,3,2025-12-17,2026-02-20,2,65
Document digitization / scanning,DATA_ADMIN,Germany,Germany,buy_60e9d4c65528ff899938,"Landesamt für Soziales, Jugend & Versorgung RLP",3,2024-04-30,2026-02-20,3,661
Brochure / flyer / poster printing,PRINT_BROKERAGE,Belgium,BE,buy_3e58c85a64766160bf6fcb36,Braine-l'Alleud,3,2024-11-19,2026-02-20,3,458
Brochure / flyer / poster printing,PRINT_BROKERAGE,Quebec,Canada - Quebec,buy_40918bb693030728c696,Centre de services scolaire des Premières Seigneuries,3,2024-06-18,2026-02-19,2,611
AI chatbot / assistant,AUTOMATION_SOFTWARE,TED,ITA,buy_811f3d14bc58dffafbdd,InfoCamere ScpA,3,2025-05-19,2026-02-19,2,276
Brochure / flyer / poster printing,PRINT_BROKERAGE,France,France,buy_42ce38cd23483c7200b5,DEPARTEMENT DU TERRITOIRE DE BELFORT,3,2025-07-12,2026-02-19,2,222
Signage / wayfinding / vinyl,PRINT_BROKERAGE,France,France,buy_3a2a42e37f8537fd8af0,Département du Doubs,3,2023-08-10,2026-02-18,3,923
Signage / wayfinding / vinyl,PRINT_BROKERAGE,Belgium,BE,buy_a3779f1d7c2eea99fc081c2a,Patrimoine Public,3,2023-10-12,2026-02-18,2,860
Brochure / flyer / poster printing,PRINT_BROKERAGE,France,France,buy_02a7a8aefe14c3e69afc,REGION DES PAYS DE LA LOIRE,3,2025-05-09,2026-02-18,2,285
Brochure / flyer / poster printing,PRINT_BROKERAGE,France,France,buy_ce509c1a763ada7c07ef,Commune nouvelle de Saint-Denis,3,2025-07-26,2026-02-18,2,207
Transcription / minutes,VIDEO_AUDIO,TenderNed,Netherlands,buy_5a339c41f189177aafe6,Provincie Limburg,3,2024-10-15,2026-02-17,3,490
Small IT equipment supply,PROCUREMENT_BROKERAGE,Belgium,BE,buy_bfddc3bd535eb87e2b999515,AZ Jan Portaels,3,2024-08-23,2026-02-16,2,542
Brochure / flyer / poster printing,PRINT_BROKERAGE,France,France,buy_392aa5af57f7527cba30,COMMUNE DE BISCARROSSE,3,2024-09-19,2026-02-16,2,515
Brochure / flyer / poster printing,PRINT_BROKERAGE,France,France,buy_120fcbfa8de5cf63768c,Communauté d'Agglomération de Cambrai,3,2025-01-10,2026-02-15,2,401
Web hosting / domain / SSL,WEB_DIGITAL,Belgium,BE,buy_77539446824587d79c4b7904,Gemeente Puurs-Sint-Amands,3,2024-01-09,2026-02-13,2,766
Document digitization / scanning,DATA_ADMIN,Quebec,Canada - Quebec,buy_d44a552850d1dfbc16e2,Ville de Trois-Rivières,3,2023-08-24,2026-02-12,3,903
Brand identity / visual identity,CONTENT_DESIGN,United Kingdom,United Kingdom,buy_2da6bd0a729eb81d504b,British Council,3,2025-12-08,2026-02-12,2,66
Website design / redesign,WEB_DIGITAL,Belgium,BE,buy_8a67d04911e84e47266a10cc,Office Wallon de la formation professionnelle et de l'emploi,3,2023-08-17,2026-02-12,3,910
Website design / redesign,WEB_DIGITAL,Ireland,Ireland,buy_d80cd4e9870b941bb6d8,Longford County Council,3,2024-10-16,2026-02-12,2,484
Low-code / no-code implementation,AUTOMATION_SOFTWARE,TED,LTU,buy_3878737b0bf9117c77ed,VĮ Registrų centras (PV),3,2024-09-11,2026-02-12,3,519
Web hosting / domain / SSL,WEB_DIGITAL,United Kingdom,United Kingdom,buy_8e6b6e022c997becdd3e,Home Office,3,2024-05-21,2026-02-10,3,630
Brochure / flyer / poster printing,PRINT_BROKERAGE,Ireland,Ireland,buy_8dc80e15d7023ddf3c76,Kerry County Council,3,2023-09-14,2026-02-10,3,880
Website design / redesign,WEB_DIGITAL,Quebec,Canada - Quebec,buy_44dd21348f3c0df39a93,Collège de Maisonneuve,3,2024-05-08,2026-02-09,3,642
Brochure / flyer / poster printing,PRINT_BROKERAGE,Belgium,BE,buy_e87dc3cbed7814ab88364e6b,Haute Ecole Léonard de Vinci,3,2024-05-30,2026-02-06,3,617
Website maintenance / content updates,WEB_DIGITAL,TED,DNK,buy_ccb634a88b3b7aa188bd,Metroselskabet I/S,3,2024-11-05,2026-02-06,3,458
Brochure / flyer / poster printing,PRINT_BROKERAGE,France,France,buy_b850653cde81014c699d,Union des Groupements d'Achats Publics,3,2023-11-23,2026-02-06,3,806
Brochure / flyer / poster printing,PRINT_BROKERAGE,France,France,buy_52806f3e1d38b684549e,SEMAE,3,2024-06-11,2026-02-05,2,604
Brochure / flyer / poster printing,PRINT_BROKERAGE,TenderNed,Netherlands,buy_49de1a67d09f409dd749,Gemeente Land van Cuijk,3,2023-10-04,2026-02-05,3,855
Document digitization / scanning,DATA_ADMIN,Germany,Germany,buy_9afc12fb9115ffbba073,Sächsische Landesbibliothek - Staats- und Universitätsbibliothek Dresden (SLUB),3,2023-11-01,2026-02-05,2,827
Brochure / flyer / poster printing,PRINT_BROKERAGE,Germany,Germany,buy_d4e4a9747cd18285622e,Mobil Krankenkasse,3,2025-06-20,2026-02-04,2,229
Voice-over / narration / audio editing,VIDEO_AUDIO,TED,BGR,buy_b63fd7ac83e5501cf324,ФОНД ЗАТВОРНО ДЕЛО ДП,3,2025-10-06,2026-02-03,2,120
Website design / redesign,WEB_DIGITAL,United Kingdom,United Kingdom,buy_50b2ab91b96fbc3e794c,CENTRE FOR PROCESS INNOVATION LIMITED,3,2025-09-16,2026-02-03,2,140
Website design / redesign,WEB_DIGITAL,United Kingdom,United Kingdom,buy_db0059e85d0a77e38c4e,Barnsley Metropolitan Borough Council,3,2024-02-07,2026-02-03,2,727
Signage / wayfinding / vinyl,PRINT_BROKERAGE,Belgium,BE,buy_43a3bd41d8860af3b3935e7c,in BW Association Intercommunale,3,2024-09-02,2026-02-02,3,518
Signage / wayfinding / vinyl,PRINT_BROKERAGE,Quebec,Canada - Quebec,buy_e7b9cc1a8e8cb1c1a4e5,Santé Québec Nord-de-l'Île-de-Montréal-Universitaire,3,2024-12-09,2026-02-02,3,420
Website design / redesign,WEB_DIGITAL,TenderNed,Netherlands,buy_d290297ab78778d44966,Gemeente Haarlem,3,2023-09-22,2026-02-01,3,863
Signage / wayfinding / vinyl,PRINT_BROKERAGE,France,France,buy_b16ac15eff95b889e4bc,Département des Hautes-Alpes,3,2023-09-22,2026-02-01,3,863
Small IT equipment supply,PROCUREMENT_BROKERAGE,United Kingdom,United Kingdom,buy_94cf45350efb4ba2f34b,CORNERSTONE ACADEMY TRUST,3,2024-04-09,2026-01-30,3,661
Graphic design / layout,CONTENT_DESIGN,Belgium,BE,buy_07ca2c0b8887b69bf6ea587f,Seneffe,3,2023-12-14,2026-01-29,2,777
Website design / redesign,WEB_DIGITAL,United Kingdom,United Kingdom,buy_7acc3925e2cc0755175e,Cambridgeshire County Council,3,2025-12-03,2026-01-29,2,57
Document digitization / scanning,DATA_ADMIN,Canada federal,Canada,buy_14490f0a586017c31f36,Canadian Radio-Television and Telecommunications Commission (CRTC),3,2025-06-03,2026-01-28,2,239
Translation / localization,LANGUAGE,Belgium,BE,buy_92c5cec7a4a6403ef37e9be3,Société Régionale du Logement de Herstal,3,2025-11-20,2026-01-26,2,67
Brochure / flyer / poster printing,PRINT_BROKERAGE,Ireland,Ireland,buy_5f9a4797bc2a12fd0bb7,The Department of Enterprise Tourism and Employment,3,2023-11-23,2026-01-26,3,795
AI chatbot / assistant,AUTOMATION_SOFTWARE,TED,CHE,buy_bacf2bcb45c828276231,Amt für Informatik und Organisation des Kantons Bern,3,2024-04-28,2026-01-24,3,636
Brochure / flyer / poster printing,PRINT_BROKERAGE,Belgium,BE,buy_77539446824587d79c4b7904,Gemeente Puurs-Sint-Amands,3,2024-02-08,2026-01-23,3,715
Brochure / flyer / poster printing,PRINT_BROKERAGE,United Kingdom,United Kingdom,buy_dccf1961f194649b717d,North Northamptonshire Council,3,2025-08-04,2026-01-21,2,170
Small IT equipment supply,PROCUREMENT_BROKERAGE,Ireland,Ireland,buy_a0a9bfef945ff952aa36,Technological University of the Shannon: Midlands Midwest (TUSMM),3,2025-05-02,2026-01-21,2,264
Signage / wayfinding / vinyl,PRINT_BROKERAGE,Belgium,BE,buy_e466b7da7e97e5b1351164d2,Le Home Ougréen SCRL,3,2025-04-07,2026-01-21,2,289
Brochure / flyer / poster printing,PRINT_BROKERAGE,France,France,buy_f94991b2b406698f2a45,Commune d'Hyères,3,2024-05-09,2026-01-17,3,618
Brochure / flyer / poster printing,PRINT_BROKERAGE,France,France,buy_e314f1b1c7c668a631e8,Ville de LAVAL,3,2023-10-21,2026-01-16,3,818
Brochure / flyer / poster printing,PRINT_BROKERAGE,France,France,buy_62fc9d2311ac1b5c0bb0,Mairie d'Herbignac,3,2024-01-17,2026-01-16,2,730
Digital marketing / SEO / campaigns,CONTENT_DESIGN,France,France,buy_cbf9e51f2cc6b17bd889,SEO - CSTA,3,2024-04-07,2026-01-16,3,649
Brochure / flyer / poster printing,PRINT_BROKERAGE,France,France,buy_c416dd62c9b65ba633bd,Commune de Noisy-le-Grand,3,2024-04-20,2026-01-15,2,635
Website design / redesign,WEB_DIGITAL,United Kingdom,United Kingdom,buy_105174066b7f07a62846,VisitBritain/VisitEngland,3,2023-09-07,2026-01-15,3,861
Brand identity / visual identity,CONTENT_DESIGN,Belgium,BE,buy_9cfe13803896ffd6114b6782,de branding waak vzw,3,2025-01-23,2026-01-14,2,356
Brochure / flyer / poster printing,PRINT_BROKERAGE,France,France,buy_4ca5101d968359a6d3e1,EPCC CITIA,3,2025-10-12,2026-01-14,2,94
Website design / redesign,WEB_DIGITAL,United Kingdom,United Kingdom,buy_c135e3d57e49e9b4cee8,Weston-super-Mare Town Council,3,2025-09-30,2026-01-09,2,101
Online forms / lightweight portals,WEB_DIGITAL,TED,GRC,buy_4a146729c87a7e501527,Υπουργείο Ψηφιακής Διακυβέρνησης /Ειδική Υπηρεσία Διαχείρισης Προγράμματος «Ψηφιακός Μετασχηματισμός» (ΕΥΔ Π ΨΗΜΕΤ),3,2024-06-07,2026-01-07,2,579
Signage / wayfinding / vinyl,PRINT_BROKERAGE,France,France,buy_0ebfbfb62a4dc00ffc46,SAINT-LOUIS Agglomération,3,2023-10-08,2026-01-07,3,822
Web hosting / domain / SSL,WEB_DIGITAL,TED,MLT,buy_49603fbd0efcf57ee39e,Ministry for the Agriculture Fisheries Food and Animal Rights,3,2024-04-05,2026-01-06,2,641
Document digitization / scanning,DATA_ADMIN,Germany,Germany,buy_d5829bf76aa3da08c23c,Universitätsklinikum Schleswig-Holstein AöR,3,2025-04-22,2026-01-05,2,258
Signage / wayfinding / vinyl,PRINT_BROKERAGE,United Kingdom,United Kingdom,buy_bafae7693d1c9087df4b,London Borough of Enfield,3,2025-10-24,2026-01-05,2,73
Graphic design / layout,CONTENT_DESIGN,Belgium,BE,buy_c98147cdc50e685700ae9837,Fleurus,3,2024-01-18,2025-12-30,2,712
Copywriting / editorial content,CONTENT_DESIGN,Belgium,BE,buy_1ceb4e24a83ce9e0df27c46e,Profondeville,3,2025-08-08,2025-12-30,1,144
Graphic design / layout,CONTENT_DESIGN,France,France,buy_97eadb1634db6ab94c90,Ville de Lyon,3,2023-12-21,2025-12-29,3,739
Website design / redesign,WEB_DIGITAL,TenderNed,Netherlands,buy_82e4028ec922d4c38c0e,Hogeschool Leiden,3,2023-09-07,2025-12-24,2,839
Brochure / flyer / poster printing,PRINT_BROKERAGE,Ireland,Ireland,buy_806e986549727dff1c7e,Institute of Public Administration,3,2024-07-26,2025-12-24,2,516
Website design / redesign,WEB_DIGITAL,Belgium,BE,buy_b56103a2373085c9514924f3,Maasmechelen,3,2024-10-07,2025-12-23,2,442
Signage / wayfinding / vinyl,PRINT_BROKERAGE,Belgium,BE,buy_0e52f3bdf7bd201e62cbc75d,Commune de Sprimont,3,2023-11-14,2025-12-22,2,769
Brochure / flyer / poster printing,PRINT_BROKERAGE,France,France,buy_6dc2fb13d841b562bc9c,UNIVERSITE BORDEAUX MONTAIGNE,3,2023-09-29,2025-12-20,2,813
Transcription / minutes,VIDEO_AUDIO,United Kingdom,United Kingdom,buy_928711fce6b81ac1ccfe,MEDICINES DISCOVERY CATAPULT LIMITED,3,2025-11-28,2025-12-19,1,21
Website design / redesign,WEB_DIGITAL,TED,TUR,buy_53002d927124a67f2ba9,Republic of Türkiye Istanbul Governorship İstanbul Project Coordination Unit,3,2024-07-17,2025-12-19,2,520
Small IT equipment supply,PROCUREMENT_BROKERAGE,Ireland,Ireland,buy_e039f5e765373cda4a95,Fáilte Ireland-National Tourism Development Authority,3,2024-04-16,2025-12-18,2,611
Translation / localization,LANGUAGE,TED,DNK,buy_ccb634a88b3b7aa188bd,Danmarks Tekniske Universitet - DTU,3,2025-04-16,2025-12-18,1,246
Brand identity / visual identity,CONTENT_DESIGN,Belgium,BE,buy_54dd4404e437ce302c0fad11,Loterie Nationale,3,2023-12-20,2025-12-18,2,729
Document digitization / scanning,DATA_ADMIN,TED,GRC,buy_4a146729c87a7e501527,"ΙΝΣΤΙΤΟΥΤΟ ΤΕΧΝΟΛΟΓΙΑΣ ΥΠΟΛΟΓΙΣΤΩΝ ΚΑΙ ΕΚΔΟΣΕΩΝ (ΙΤΥΕ) ""ΔΙΟΦΑΝΤΟΣ",3,2024-03-28,2025-12-18,2,630
Website design / redesign,WEB_DIGITAL,United Kingdom,United Kingdom,buy_9ffc45a73f9ede19ff3e,The Common Services Agency (more commonly known as NHS National Services Scotland) (NSS),3,2024-01-10,2025-12-18,2,708
Website maintenance / content updates,WEB_DIGITAL,Belgium,BE,buy_2a40620026a67dc99293f0da,BUREAU ECONOMIQUE DE LA PROVINCE DE NAMUR,3,2024-07-05,2025-12-17,2,530
Brochure / flyer / poster printing,PRINT_BROKERAGE,France,France,buy_1bdb3223afe15da3db5f,INST NAL RECHERCHES ARCHEOLOGIQUES PRE,3,2023-08-09,2025-12-17,2,861
Brochure / flyer / poster printing,PRINT_BROKERAGE,France,France,buy_3ff101ae41266fb6419c,CY CERGY PARIS UNIVERSITE,3,2025-06-12,2025-12-16,1,187
Website design / redesign,WEB_DIGITAL,Belgium,BE,buy_f6b600fccc8e050e35365012,Universiteit Hasselt,3,2024-04-11,2025-12-16,2,614
Website design / redesign,WEB_DIGITAL,United Kingdom,United Kingdom,buy_57897d52296f35314ac6,City of Bradford Metropolitan District Council,3,2023-08-24,2025-12-12,2,841
Document digitization / scanning,DATA_ADMIN,Germany,Germany,buy_3ef425cb27c9d7dc91e4,Landeshauptstadt Hannover - Fachbereich Personal und Organisation,3,2024-03-11,2025-12-12,2,641
Website maintenance / content updates,WEB_DIGITAL,TED,ESP,buy_262acb26bfbdf5a4121e,European Joint Undertaking for ITER and the Development of Fusion Energy (F4E),3,2023-12-18,2025-12-12,2,725
E-learning / training content,TRAINING,Belgium,BE,buy_6bcd7301e9a39a3117e59c59,Ecole d'administration publique,3,2024-02-01,2025-12-11,2,679
Brochure / flyer / poster printing,PRINT_BROKERAGE,France,France,buy_d43f790b447be4c34b7e,Département de l'Eure,3,2024-07-02,2025-12-10,2,526
Signage / wayfinding / vinyl,PRINT_BROKERAGE,France,France,buy_8e7cbc1eefcbf8fc48df,Ville d'Annecy,3,2025-11-06,2025-12-10,1,34
Document digitization / scanning,DATA_ADMIN,Quebec,Canada - Quebec,buy_c6c4f8fd98cdffdd3a77,Ministère de la Justice,3,2023-09-14,2025-12-10,3,818
Brochure / flyer / poster printing,PRINT_BROKERAGE,France,France,buy_1bd1ed27c00afb089b3a,NANTES UNIVERSITE,3,2025-01-22,2025-12-07,1,319
Signage / wayfinding / vinyl,PRINT_BROKERAGE,France,France,buy_74adfa23ddc62af30288,Mairie de Porto Vecchio,3,2025-02-13,2025-12-07,1,297
Website design / redesign,WEB_DIGITAL,United Kingdom,United Kingdom,buy_e03c9cb78e6740f1ae5e,Environment Agency,3,2025-06-26,2025-12-05,1,162
Signage / wayfinding / vinyl,PRINT_BROKERAGE,France,France,buy_2e2729eaaae996cc6f0f,Mairie de Marignane,3,2025-05-15,2025-12-05,1,204
Signage / wayfinding / vinyl,PRINT_BROKERAGE,Belgium,BE,buy_2fe18a703c282de1ff3410ea,Direction du Développement Stratégique,3,2023-12-04,2025-12-04,2,731
Document digitization / scanning,DATA_ADMIN,Germany,Germany,buy_20ae713aedd6983ff3e0,"AGL - Abwasser, Grün & Lüneburger Service GmbH",3,2024-12-14,2025-12-04,2,355
Document digitization / scanning,DATA_ADMIN,Germany,Germany,buy_8bb39287b6327ff12e6c,Staatl. Bauamt München 1,3,2024-01-03,2025-12-03,2,700
Brochure / flyer / poster printing,PRINT_BROKERAGE,Ireland,Ireland,buy_8adb92a904aa90596cb2,Cork City Council,3,2024-06-06,2025-12-02,2,544
Website design / redesign,WEB_DIGITAL,Ireland,Ireland,buy_68c4c3dfb2694c432062,Department of Housing Local Government and Heritage,3,2024-02-14,2025-12-02,2,657
Document digitization / scanning,DATA_ADMIN,Germany,Germany,buy_8873ca6136ac96cc269f,Stuttgarter Straßenbahnen AG,3,2023-12-04,2025-12-01,2,728
Small IT equipment supply,PROCUREMENT_BROKERAGE,France,France,buy_f0dddaf5b28fa8baec6f,Ville de Beaucaire (30),3,2024-12-05,2025-11-30,2,360
Copywriting / editorial content,CONTENT_DESIGN,Belgium,BE,buy_659bdc2101c66f14de3adf13,Genappe,3,2025-04-08,2025-11-28,1,234
Signage / wayfinding / vinyl,PRINT_BROKERAGE,France,France,buy_d2b5cffe73456234adc2,Ville De Montauban,3,2025-02-13,2025-11-27,1,287
Photography,VIDEO_AUDIO,Ireland,Ireland,buy_92363d3d8f2f018d6c52,Office of Public Works (OPW),3,2023-11-10,2025-11-26,3,747
Signage / wayfinding / vinyl,PRINT_BROKERAGE,Belgium,BE,buy_3544c61d37cb3fb836035709,Dinant Godinne St. Elizabeth University Hospital  - UCL - Namen,3,2024-04-23,2025-11-26,2,582
Brochure / flyer / poster printing,PRINT_BROKERAGE,France,France,buy_1822a5b9c6f97d581d4d,Commune de Cenon,3,2024-04-06,2025-11-25,2,598
Website design / redesign,WEB_DIGITAL,TenderNed,Netherlands,buy_728bf8fad3f176d67618,Gemeente Bodegraven - Reeuwijk,3,2025-07-21,2025-11-25,1,127
Brochure / flyer / poster printing,PRINT_BROKERAGE,Quebec,Canada - Quebec,buy_2a5bfbdf7022f571aa98,Société des établissements de plein air du Québec (Sépaq).,3,2023-10-30,2025-11-24,2,756
Signage / wayfinding / vinyl,PRINT_BROKERAGE,Belgium,BE,buy_e2a958212539735e7169569d,RADIO-TELEVISION BELGE DE LA COMMUNAUTE FRANCAISE,3,2023-08-30,2025-11-24,3,817
Brochure / flyer / poster printing,PRINT_BROKERAGE,Belgium,BE,buy_ffd26c4910ae9edd06b9ce12,Zonnebeke,3,2024-03-04,2025-11-21,2,627
Website design / redesign,WEB_DIGITAL,United Kingdom,United Kingdom,buy_6e44c1670fec24fdd829,Carmarthenshire County Council,3,2023-12-22,2025-11-21,3,700
Website design / redesign,WEB_DIGITAL,United Kingdom,United Kingdom,buy_1b28f6f177adf416cc85,Leicester City Council,3,2023-09-08,2025-11-18,2,802
Brochure / flyer / poster printing,PRINT_BROKERAGE,France,France,buy_43330b25ced277a4aca1,Ville de Drancy,3,2023-10-29,2025-11-18,2,751
Brochure / flyer / poster printing,PRINT_BROKERAGE,France,France,buy_51f13d841898d3129f1f,Commune d'Allonnes,3,2024-02-21,2025-11-17,2,635
Brochure / flyer / poster printing,PRINT_BROKERAGE,France,France,buy_334b2564b01d7eec90f8,Conseil départemental de la Haute-Garonne,3,2024-01-02,2025-11-16,2,684
Brochure / flyer / poster printing,PRINT_BROKERAGE,United Kingdom,United Kingdom,buy_613226fb06b5793bdfa6,Ashford Borough Council,3,2024-12-04,2025-11-14,2,345
Signage / wayfinding / vinyl,PRINT_BROKERAGE,France,France,buy_aa5e4e2335079babac08,CCI ROUEN METROPOLE,3,2023-09-20,2025-11-12,2,784
Website design / redesign,WEB_DIGITAL,United Kingdom,United Kingdom,buy_0dd2f267771bd139fd95,Medway Council,3,2023-11-06,2025-11-11,2,736
Signage / wayfinding / vinyl,PRINT_BROKERAGE,France,France,buy_2495f4eb405c4c3a6284,TaM - Transports de l'agglomération de Montpellier,3,2025-03-03,2025-11-09,1,251
Brochure / flyer / poster printing,PRINT_BROKERAGE,France,France,buy_29330d2bbd1b5348902c,Commune de La Crau,3,2023-09-08,2025-11-09,3,793
Website design / redesign,WEB_DIGITAL,France,France,buy_b79b7b37e1272a1345f0,Conseil départemental du Gard,3,2023-09-25,2025-11-08,2,775
Brochure / flyer / poster printing,PRINT_BROKERAGE,France,France,buy_9ae5e0e77492fc5dbb86,Commune d'Alfortville,3,2025-06-07,2025-11-07,1,153
Website design / redesign,WEB_DIGITAL,United Kingdom,United Kingdom,buy_59dd6f57d85c088fecda,THE LEASEHOLD ADVISORY SERVICE,3,2025-04-09,2025-11-07,1,212
Website design / redesign,WEB_DIGITAL,TED,HUN,buy_b01261b2534556cbe22a,Miniszterelnökség,3,2024-01-04,2025-11-06,2,672
Document digitization / scanning,DATA_ADMIN,Germany,Germany,buy_e97f156d840d87656548,Bundesministerium für Gesundheit,3,2025-02-25,2025-11-05,1,253
Data cleaning / deduplication,DATA_ADMIN,TenderNed,Netherlands,buy_e112869d677cade3d75a,TenneT TSO,3,2024-03-01,2025-11-05,2,614
Brochure / flyer / poster printing,PRINT_BROKERAGE,France,France,buy_d96a48f58a3235f0f879,Mairie de Bussy-Saint-Georges,3,2024-07-12,2025-11-04,2,480
Signage / wayfinding / vinyl,PRINT_BROKERAGE,France,France,buy_6542c7918e150b630bc1,Département des Hautes Pyrénées,3,2024-01-02,2025-11-04,2,672
Workflow automation / RPA,AUTOMATION_SOFTWARE,Belgium,BE,buy_2ab851dfc02ff2b75d9f7509,Agentschap voor Innoveren en Ondernemen,3,2024-10-01,2025-11-04,2,399
Promotional merchandise / branded items,PRINT_BROKERAGE,France,France,buy_9375c234261e144c5cae,Centre Hospitalier de Valenciennes,3,2025-06-06,2025-11-03,1,150
Document digitization / scanning,DATA_ADMIN,Germany,Germany,buy_c55006d5b4ef459ec5f9,Universitätsklinikum Mannheim GmbH,3,2024-07-30,2025-11-03,2,461
Brochure / flyer / poster printing,PRINT_BROKERAGE,France,France,buy_e42c12a133f643591207,Aix Marseille Université,3,2025-04-14,2025-11-02,1,202
Website maintenance / content updates,WEB_DIGITAL,France,France,buy_9e1917a0fa8fa59930c3,ETABLISSEMENT FRANCAIS DU SANG,3,2024-06-03,2025-10-31,2,515
Transcription / minutes,VIDEO_AUDIO,Ireland,Ireland,buy_0b65a6b4ce257fcfd126,Raidió Teilifís Éireann ( RTÉ ),3,2024-02-02,2025-10-31,2,637
Website design / redesign,WEB_DIGITAL,TenderNed,Netherlands,buy_46a7b7468c880f50267d,Alliander N.V.,3,2024-09-03,2025-10-30,2,422
Brochure / flyer / poster printing,PRINT_BROKERAGE,France,France,buy_bdec876f32dd405c163c,Caisse Primaire Centrale d'Assurance Maladie des Bouches du Rhône,3,2024-07-28,2025-10-30,2,459
Brochure / flyer / poster printing,PRINT_BROKERAGE,France,France,buy_8294ce6387fbc1c10ea5,Communauté d'agglomération Grand Paris Sud Seine Essonne Sénart,3,2024-06-15,2025-10-30,2,502
Website design / redesign,WEB_DIGITAL,Belgium,BE,buy_0914add12a0bf8ed20aadd7e,"Mobiliteit en Openbare Werken, Agentschap Wegen en Verkeer",3,2024-04-26,2025-10-29,2,551
Online forms / lightweight portals,WEB_DIGITAL,TED,POL,buy_cad8870f15cac7235fe0,2. Regionalna Baza Logistyczna,3,2023-12-28,2025-10-28,3,670
Copywriting / editorial content,CONTENT_DESIGN,Quebec,Canada - Quebec,buy_94bbb2527fc55747223a,Ville de Shawinigan,3,2024-07-03,2025-10-27,2,481
Transcription / minutes,VIDEO_AUDIO,TenderNed,Netherlands,buy_2bfce3b511ad3d2bb2ee,Gemeente Venlo,3,2023-09-07,2025-10-25,3,779
Brochure / flyer / poster printing,PRINT_BROKERAGE,France,France,buy_3a2a42e37f8537fd8af0,Département du Doubs,3,2023-12-13,2025-10-25,3,682
Brochure / flyer / poster printing,PRINT_BROKERAGE,France,France,buy_22cca2303a1363e39f14,Mairie de Thiais,3,2024-03-22,2025-10-23,2,580
Brochure / flyer / poster printing,PRINT_BROKERAGE,France,France,buy_84e85bc04ac4c5ea9dac,Etablissement Public Territorial ? Grand-Orly Seine Bièvre,3,2024-01-03,2025-10-23,2,659
Document digitization / scanning,DATA_ADMIN,Germany,Germany,buy_27bb3bed9364a3dd900f,"Bundesagentur für Arbeit (BA), vertreten durch den Vorstand, hier vertreten durch die Leitung des Geschäftsbereiches Einkauf im BA-Service-Haus",3,2024-02-13,2025-10-23,2,618
Signage / wayfinding / vinyl,PRINT_BROKERAGE,Belgium,BE,buy_e82aba66ca53dcf431619491,CRP Les Marronniers,3,2024-03-06,2025-10-23,2,596
Document digitization / scanning,DATA_ADMIN,Germany,Germany,buy_6b810b6227032bbf2603,Lausitzer und Mitteldeutsche Bergbau-Verwaltungsgesellschaft mbH,3,2024-01-26,2025-10-23,2,636
Brand identity / visual identity,CONTENT_DESIGN,Belgium,BE,buy_81899e3a5589a32b4007c79d,VITO,3,2024-06-03,2025-10-20,2,504
Document digitization / scanning,DATA_ADMIN,Germany,Germany,buy_9b166604a3070f379f0d,Ministerium für Kultur und Wissenschaft des Landes Nordrhein-Westfalen,3,2023-12-04,2025-10-20,3,686
Brochure / flyer / poster printing,PRINT_BROKERAGE,France,France,buy_b8f4c16696c580388e31,École Polytechnique,3,2023-09-28,2025-10-17,2,750
Brochure / flyer / poster printing,PRINT_BROKERAGE,Belgium,BE,buy_1f9a6ec487c2bab1f82cda18,KU Leuven,3,2024-07-23,2025-10-16,2,450
Brochure / flyer / poster printing,PRINT_BROKERAGE,Quebec,Canada - Quebec,buy_f8857d7e89ce4134d78e,Ville de Lévis.,3,2023-10-17,2025-10-16,3,730
Brochure / flyer / poster printing,PRINT_BROKERAGE,France,France,buy_fa2f9100344dc9fec61f,Mairie De Chaumont,3,2024-04-08,2025-10-16,2,556
Document digitization / scanning,DATA_ADMIN,TenderNed,Netherlands,buy_6716be78872e22d1ff09,"Ministerie van Defensie, Commando Landstrijdkrachten (MatlogCo)",3,2024-05-19,2025-10-15,2,514
Document digitization / scanning,DATA_ADMIN,Germany,Germany,buy_bca911866c7ab8a2efc1,"Senatsverwaltung für Bildung, Jugend und Familie",3,2024-01-17,2025-10-15,2,637
Transcription / minutes,VIDEO_AUDIO,Quebec,Canada - Quebec,buy_45ad8c776e529f8629e3,Centre intégré universitaire de santé et de services sociaux de la Mauricie-et-du-Centre-du-Québec (CIUSSS MCQ),3,2023-11-24,2025-10-14,3,690
Transcription / minutes,VIDEO_AUDIO,TenderNed,Netherlands,buy_43e61df954524284bf2c,UWV,3,2024-11-05,2025-10-13,2,342
Signage / wayfinding / vinyl,PRINT_BROKERAGE,France,France,buy_37e9dbd5cc14bf71e9a0,Département de la Drôme,3,2023-12-10,2025-10-12,3,672
Brochure / flyer / poster printing,PRINT_BROKERAGE,France,France,buy_47b9b5d5c2be8b27a158,Département de la Dordogne,3,2025-03-09,2025-10-11,1,216
Brochure / flyer / poster printing,PRINT_BROKERAGE,France,France,buy_3f365b5c23d00174152f,Ville de Levallois,3,2024-11-24,2025-10-09,2,319
Document digitization / scanning,DATA_ADMIN,Germany,Germany,buy_42359c407689150bc90c,Deutsche Nationalbibliothek - Bundesunmittelbare Anstalt des Öffentlichen Rechts,3,2024-07-09,2025-10-09,2,457
Small IT equipment supply,PROCUREMENT_BROKERAGE,TenderNed,Netherlands,buy_e36200fa8c17fb7b3a15,Enexis Netbeheer BV/Enexis Personeel BV,3,2024-06-14,2025-10-08,2,481
Transcription / minutes,VIDEO_AUDIO,Germany,Germany,buy_c3a316376d2bc22a778b,Dataport AöR,3,2023-12-15,2025-10-07,3,662
Small IT equipment supply,PROCUREMENT_BROKERAGE,Belgium,BE,buy_14f4c18ac0ccb0e2ab9a83c2,Gemeente Duffel,3,2023-11-21,2025-10-07,3,686
Document digitization / scanning,DATA_ADMIN,Germany,Germany,buy_cb1b3a858b8657c23e59,Handwerkskammer Karlsruhe,3,2024-07-09,2025-10-07,2,455
Document digitization / scanning,DATA_ADMIN,Germany,Germany,buy_12f444b08948ecd2c628,Bundesanstalt für Straßenwesen,3,2024-04-24,2025-10-07,2,531
Document digitization / scanning,DATA_ADMIN,Belgium,BE,buy_3544c61d37cb3fb836035709,Dinant Godinne St. Elizabeth University Hospital  - UCL - Namen,3,2024-08-29,2025-10-06,2,403
Document digitization / scanning,DATA_ADMIN,Germany,Germany,buy_506efb405849bad64ce1,Universität Stuttgart,3,2023-12-12,2025-10-06,3,664
Web hosting / domain / SSL,WEB_DIGITAL,TenderNed,Netherlands,buy_19cfbdef31ea33c39da9,Politie,3,2024-04-19,2025-10-02,2,531
Signage / wayfinding / vinyl,PRINT_BROKERAGE,Belgium,BE,buy_4d8fb84e1116f240766a1241,Saint-Ghislain,3,2024-10-07,2025-10-01,2,359
Brochure / flyer / poster printing,PRINT_BROKERAGE,France,France,buy_30fae4b3b61e12904eac,Ville de Mandelieu-La Napoule (06),3,2024-05-07,2025-10-01,2,512
Document digitization / scanning,DATA_ADMIN,Germany,Germany,buy_61077d2c805d8bbf0e84,"Martin-Luther-Universität Halle-Wittenberg, Abteilung 4 - Bau, Liegenschaften und Gebäudemanagement",3,2025-06-18,2025-09-30,1,104
Small IT equipment supply,PROCUREMENT_BROKERAGE,TED,NOR,buy_40e5a92eb2ef8ee191bf,Helse Bergen HF,3,2024-03-11,2025-09-30,2,568
Brochure / flyer / poster printing,PRINT_BROKERAGE,France,France,buy_d3a6d52f826dec2817ec,UNIVERSITE D'ORLEANS,3,2023-10-29,2025-09-29,2,701
E-learning / training content,TRAINING,Belgium,BE,buy_a760f8aa9a3f91476b3e2329,Ecole Régionale d'Administration Publique asbl,3,2024-02-22,2025-09-29,2,585
Brochure / flyer / poster printing,PRINT_BROKERAGE,France,France,buy_05afaae4385b1b6aeb75,Ville d'Auray,3,2023-10-28,2025-09-28,3,701
Small IT equipment supply,PROCUREMENT_BROKERAGE,Belgium,BE,buy_8a67d04911e84e47266a10cc,Office Wallon de la formation professionnelle et de l'emploi,3,2023-10-30,2025-09-25,2,696
Signage / wayfinding / vinyl,PRINT_BROKERAGE,Belgium,BE,buy_afce6ed6147636d856bdafec,Hastière,3,2023-12-08,2025-09-24,3,656
Website design / redesign,WEB_DIGITAL,United Kingdom,United Kingdom,buy_cb8178b57b658a5c64f1,London Borough of Newham,3,2023-09-25,2025-09-24,3,730
Signage / wayfinding / vinyl,PRINT_BROKERAGE,Quebec,Canada - Quebec,buy_5748010f71b1b5862a92,CIUSSS du Nord-de-l'Île-de-Montréal,3,2024-04-19,2025-09-22,2,521
CMS development / migration,WEB_DIGITAL,TED,CHE,buy_bacf2bcb45c828276231,ETH Zürich Procurement & Export Services,3,2023-11-10,2025-09-19,3,679
Simple API / software integration,AUTOMATION_SOFTWARE,France,France,buy_aa7ed4758dcc59b64130,Communauté d'Agglomération de Dembéni-Mamoudzou (976),3,2024-06-11,2025-09-18,2,464
Website design / redesign,WEB_DIGITAL,TenderNed,Netherlands,buy_d868e1fcd37fe79bdb3a,Stichting ROC Midden Nederland,3,2023-12-08,2025-09-18,2,650
Brochure / flyer / poster printing,PRINT_BROKERAGE,France,France,buy_b3864c81a6a7a40d86d7,Departement De L'Allier,3,2024-07-07,2025-09-17,2,437
Digital marketing / SEO / campaigns,CONTENT_DESIGN,United Kingdom,United Kingdom,buy_a7afbf929d019edf3f0e,Driver and Vehicle Standards Agency,3,2025-05-13,2025-09-15,1,125
Document digitization / scanning,DATA_ADMIN,TenderNed,Netherlands,buy_440f4761fd49d22bc0eb,Stichting Autoriteit Financiële Markten,3,2025-02-13,2025-09-14,1,213
Brochure / flyer / poster printing,PRINT_BROKERAGE,France,France,buy_460a1b68c949ad9dbd45,Ville de Bègles,3,2023-11-08,2025-09-14,2,676
Online forms / lightweight portals,WEB_DIGITAL,TenderNed,Netherlands,buy_b6a1709b29104b3d40b9,Nederlandse Zorgautoriteit,3,2025-04-19,2025-09-12,1,146
Web hosting / domain / SSL,WEB_DIGITAL,Belgium,BE,buy_5eaab05ce2b206c91d856345,Intercommunale Leiedal,3,2023-11-20,2025-09-12,2,662
Brochure / flyer / poster printing,PRINT_BROKERAGE,Belgium,BE,buy_a88cd28b4ab5c10b3da6c7b6,SPW-O6.05.01 - Direction de l’Accompagnement et de la Sensibilisation,3,2024-02-02,2025-09-10,2,586
Signage / wayfinding / vinyl,PRINT_BROKERAGE,Belgium,BE,buy_b641f3a9433063a7d0bafc92,Vivalia,3,2024-04-26,2025-09-10,2,502
Signage / wayfinding / vinyl,PRINT_BROKERAGE,France,France,buy_460a1b68c949ad9dbd45,Ville de Bègles,3,2024-04-17,2025-09-10,2,511
Document digitization / scanning,DATA_ADMIN,Quebec,Canada - Quebec,buy_16b3dfc8e72e71ef74ec,Municipalité du Canton de Cleveland,3,2023-11-21,2025-09-10,3,659
Graphic design / layout,CONTENT_DESIGN,United Kingdom,United Kingdom,buy_db0059e85d0a77e38c4e,Barnsley Metropolitan Borough Council,3,2025-08-19,2025-09-08,1,20
Website design / redesign,WEB_DIGITAL,Belgium,BE,buy_f6579bfce4c6fcf6f2782d29,Provincie Vlaams-Brabant,3,2024-01-10,2025-09-08,2,607
Document digitization / scanning,DATA_ADMIN,France,France,buy_552888386a407e8accd7,Département des Hauts-de-Seine,3,2024-03-31,2025-09-07,2,525
Photography,VIDEO_AUDIO,Belgium,BE,buy_138f9c9bb4e63e1916c85bc2,"Agence Intercommunale de Développement de Tournai, d'Ath et des communes avoisinantes IDETA scrl",3,2024-10-14,2025-09-05,2,326
Brochure / flyer / poster printing,PRINT_BROKERAGE,TenderNed,Netherlands,buy_00580f91045620c3915e,Hogeschool Utrecht,3,2024-01-04,2025-09-04,2,609
Document digitization / scanning,DATA_ADMIN,Germany,Germany,buy_83d1a3d3099be5bb7277,Bundesanstalt für Immobilienaufgaben,3,2024-08-21,2025-09-04,2,379
Brochure / flyer / poster printing,PRINT_BROKERAGE,TenderNed,Netherlands,buy_736412e5303e35961549,Inkoop Uitvoeringscentrum Dienst Justitiële Inrichtingen (IUC DJI),3,2023-12-21,2025-09-04,2,623
Signage / wayfinding / vinyl,PRINT_BROKERAGE,Belgium,BE,buy_7752b62d496b76d98627e4ab,Nieuwpoort,3,2024-03-20,2025-09-03,2,532
Signage / wayfinding / vinyl,PRINT_BROKERAGE,United Kingdom,United Kingdom,buy_76d44b5ddaedc318d515,Natural History Museum,3,2023-08-04,2025-09-02,2,760
Website design / redesign,WEB_DIGITAL,TenderNed,Netherlands,buy_41c3c2c51dd9857711d6,Gemeente Barneveld,3,2023-10-24,2025-08-31,2,677
Document digitization / scanning,DATA_ADMIN,Germany,Germany,buy_e2f8ddd71435d2f903e7,"Landeshauptstadt Dresden, GB Wirtschaft, Digitales, Personal und Sicherheit, Haupt- und Personalamt",3,2023-11-14,2025-08-29,2,654
Small IT equipment supply,PROCUREMENT_BROKERAGE,TenderNed,Netherlands,buy_349102c26e14ca9b9846,Universiteit van Amsterdam,3,2025-04-27,2025-08-27,1,122
Online forms / lightweight portals,WEB_DIGITAL,Germany,Germany,buy_8b872c6d950210cc5569,BG-Phoenics GmbH,3,2025-08-15,2025-08-26,1,11
Brochure / flyer / poster printing,PRINT_BROKERAGE,Belgium,BE,buy_3ab0e6bafbb28d42704bb078,Fonds de la Recherche Scientifique - FNRS,3,2025-04-22,2025-08-26,1,126
Brochure / flyer / poster printing,PRINT_BROKERAGE,Quebec,Canada - Quebec,buy_45ad8c776e529f8629e3,Centre intégré universitaire de santé et de services sociaux de la Mauricie-et-du-Centre-du-Québec (CIUSSS MCQ),3,2023-08-17,2025-08-26,3,740
Document digitization / scanning,DATA_ADMIN,Germany,Germany,buy_acf94e9bbc56ed7471aa,Landkreis Unterallgäu,3,2024-05-16,2025-08-25,2,466
Brochure / flyer / poster printing,PRINT_BROKERAGE,Belgium,BE,buy_40648a705c4046b9d56b6934,Commission de gestion du Parc naturel de l'Ardenne méridionale,3,2025-08-20,2025-08-20,1,0
Document digitization / scanning,DATA_ADMIN,Germany,Germany,buy_fd62ac2beb5c3eb74911,Max-Planck-Gesellschaft zur Förderung der Wissenschaften e.V.,3,2025-07-01,2025-08-18,1,48
Document digitization / scanning,DATA_ADMIN,Germany,Germany,buy_f08875f84c0aa12b9efe,JEN Jülicher Entsorgungsgesellschaft für Nuklearanlagen mbH,3,2025-03-10,2025-08-15,1,158
Signage / wayfinding / vinyl,PRINT_BROKERAGE,France,France,buy_2420b6cd990b2b4d956d,Département de l'Ardèche,3,2023-12-22,2025-08-13,3,600
Document digitization / scanning,DATA_ADMIN,Canada federal,Canada,buy_6cccf1c8162482cf8b98,Shared Services Canada,3,2023-11-08,2025-08-13,3,644
Signage / wayfinding / vinyl,PRINT_BROKERAGE,Belgium,BE,buy_32e0f55446bdee208f44a39f,Libramont-Chevigny,3,2025-04-03,2025-08-11,1,130
Website design / redesign,WEB_DIGITAL,TenderNed,Netherlands,buy_5534c2d807b6ddd619d0,Brabant Water NV,3,2024-06-26,2025-08-10,2,410
Website design / redesign,WEB_DIGITAL,Belgium,BE,buy_411bf06c8f98e06cb1695b6e,VZW Vlaams Centrum voor Agro- en Visserijmarketing,3,2024-07-01,2025-08-08,2,403
Brochure / flyer / poster printing,PRINT_BROKERAGE,France,France,buy_81792523785fed8d7433,SGCD 35,3,2023-09-29,2025-08-05,3,676
Signage / wayfinding / vinyl,PRINT_BROKERAGE,TenderNed,Netherlands,buy_901cd171908d00c368f1,Waterschap Hunze en Aa's,3,2024-06-19,2025-08-05,2,412
Brochure / flyer / poster printing,PRINT_BROKERAGE,France,France,buy_c8ca8dadbeaa8fec6232,CD des A-M - Secrétariat Général,3,2024-12-28,2025-08-05,2,220
Signage / wayfinding / vinyl,PRINT_BROKERAGE,Quebec,Canada - Quebec,buy_005295782b8da808ca00,"Assemblée nationale-Direction des ressources financières, de l'approvisionnement et de la vérification",3,2025-01-27,2025-08-04,1,189
Document digitization / scanning,DATA_ADMIN,Germany,Germany,buy_0ad592ffb598c793587f,"Hessen Trade & Invest GmbH, Zentrale Beschaffung",3,2024-08-05,2025-08-04,2,364
Brochure / flyer / poster printing,PRINT_BROKERAGE,France,France,buy_0d37fe25568e33ef0f51,EPDAHAA,3,2023-08-10,2025-08-01,3,722
Website design / redesign,WEB_DIGITAL,United Kingdom,United Kingdom,buy_59be015b522fb73b8d74,THE OPEN UNIVERSITY,3,2025-03-31,2025-08-01,1,123
Brochure / flyer / poster printing,PRINT_BROKERAGE,France,France,buy_2626f113d8e90305b5d5,Département de la Vendée,3,2024-01-21,2025-08-01,2,558
Brochure / flyer / poster printing,PRINT_BROKERAGE,France,France,buy_c922861d26cf25f1055e,CAP Territoires (60),3,2024-08-24,2025-08-01,2,342
Transcription / minutes,VIDEO_AUDIO,Quebec,Canada - Quebec,buy_d259f7e21c5e6b7ecdac,Centre intégré de santé et de services sociaux (CISSS) des Laurentides,3,2024-10-23,2025-07-31,2,281
Website design / redesign,WEB_DIGITAL,France,France,buy_8e7cbc1eefcbf8fc48df,Ville d'Annecy,3,2023-11-22,2025-07-30,3,616
Signage / wayfinding / vinyl,PRINT_BROKERAGE,Belgium,BE,buy_b8f7c032ddef7f26b51c6323,Farciennes,3,2023-10-10,2025-07-30,3,659
Brochure / flyer / poster printing,PRINT_BROKERAGE,France,France,buy_c893d9c1daaa887c1577,Conseil départemental de l'Orne Secrétariat général Direction des Achats et de la logistique,3,2025-01-29,2025-07-29,1,181
Document digitization / scanning,DATA_ADMIN,Germany,Germany,buy_93c5d202959286ffa20a,Bayerisches Landesamt für Umwelt,3,2024-01-03,2025-07-29,2,573
Website design / redesign,WEB_DIGITAL,Quebec,Canada - Quebec,buy_ec71da37a46cd23c01f2,Ville de Granby,3,2024-05-31,2025-07-28,2,423
Small IT equipment supply,PROCUREMENT_BROKERAGE,TED,SRB,buy_2543216cad277a9e872c,Ministry for Public Investment– The Republic of Serbia,3,2024-09-02,2025-07-25,2,326
Brochure / flyer / poster printing,PRINT_BROKERAGE,Ireland,Ireland,buy_860d15b68965ace7f85c,The Office of Government Procurement,3,2024-05-17,2025-07-24,2,433
Copywriting / editorial content,CONTENT_DESIGN,Quebec,Canada - Quebec,buy_d74cee2e434241cc8e48,Santé Québec,3,2025-04-22,2025-07-24,1,93
Brochure / flyer / poster printing,PRINT_BROKERAGE,Ireland,Ireland,buy_345bec0c2fd7d534b800,SOLAS,3,2024-09-03,2025-07-23,2,323
Graphic design / layout,CONTENT_DESIGN,Quebec,Canada - Quebec,buy_ec71da37a46cd23c01f2,Ville de Granby,3,2023-12-11,2025-07-23,3,590
Document digitization / scanning,DATA_ADMIN,Germany,Germany,buy_618ce7ec10dce1915ea4,GLOBAL SECURITY-SECTOR-REFORM FOUNDATION GGMBH,3,2024-09-25,2025-07-23,2,301
Copywriting / editorial content,CONTENT_DESIGN,Belgium,BE,buy_b25d49d56e93a40292314b63,Direction Générale de la Sécurité Civile,3,2024-02-12,2025-07-23,2,527
Transcription / minutes,VIDEO_AUDIO,United Kingdom,United Kingdom,buy_9af42f5c960334a45414,Solihull Metropolitan Borough Council,3,2025-07-18,2025-07-23,1,5
E-learning / training content,TRAINING,Ireland,Ireland,buy_345bec0c2fd7d534b800,SOLAS,3,2023-11-29,2025-07-22,2,601
Brand identity / visual identity,CONTENT_DESIGN,Belgium,BE,buy_9a022c0576886e34d3dbacab,Ziekenhuisnetwerk Antwerpen,3,2023-11-13,2025-07-22,3,617
Small IT equipment supply,PROCUREMENT_BROKERAGE,TED,HRV,buy_bf2fcdabac3828c9c189,SPLITSKO-DALMATINSKA ŽUPANIJA,3,2024-07-23,2025-07-22,2,364
Brochure / flyer / poster printing,PRINT_BROKERAGE,France,France,buy_4815c82046b34984ab6a,Cté de Communes d'Erdre et Gesvres,3,2024-10-25,2025-07-20,2,268
Document digitization / scanning,DATA_ADMIN,Germany,Germany,buy_739bdfd561241f9a577e,Knappschaft Kliniken Solution GmbH,3,2024-08-14,2025-07-17,2,337
Labels / stickers / QR materials,PRINT_BROKERAGE,United Kingdom,United Kingdom,buy_ffd55b25fce4822da430,Lichfield District Council,3,2025-05-08,2025-07-17,1,70
Document digitization / scanning,DATA_ADMIN,Quebec,Canada - Quebec,buy_abb8ed450a4cbc7ef5d7,Centre intégré universitaire de santé et de services sociaux de l'Ouest-de-l'Île-de-Montréal,3,2023-10-17,2025-07-16,3,638
Document digitization / scanning,DATA_ADMIN,Germany,Germany,buy_b01c8deb7a071c2fd862,Stadt Nürnberg - Zentrale Dienste,3,2023-12-06,2025-07-16,2,588
Proofreading / editing,CONTENT_DESIGN,Quebec,Canada - Quebec,buy_a7925be7225e4eb8b6fe,Ministère des Finances,3,2025-06-19,2025-07-15,1,26
Signage / wayfinding / vinyl,PRINT_BROKERAGE,Quebec,Canada - Quebec,buy_4d6c19cd37181aec4e49,SQI-Direction immobilière Nord de Montréal,3,2024-09-24,2025-07-14,2,293
Graphic design / layout,CONTENT_DESIGN,France,France,buy_9b7e8e468abeec3940fe,Ville Belfort,3,2024-08-11,2025-07-12,2,335
Brochure / flyer / poster printing,PRINT_BROKERAGE,France,France,buy_7fd0633941c3fc91c1ee,Le Mans Métropole,3,2024-01-10,2025-07-12,2,549
Small IT equipment supply,PROCUREMENT_BROKERAGE,TED,ISL,buy_762b14c03b51c7f5e2fb,Ríkiskaup,3,2023-11-01,2025-07-11,3,618
Photography,VIDEO_AUDIO,Ireland,Ireland,buy_543d7790becdc4cd9d56,Atlantic Technological University,3,2023-09-02,2025-07-11,2,678
Brochure / flyer / poster printing,PRINT_BROKERAGE,France,France,buy_1f6e9cb53f85571ae618,HAUTS-DE-FRANCE TOURISME,3,2024-03-14,2025-07-10,2,483
Small IT equipment supply,PROCUREMENT_BROKERAGE,TED,EST,buy_e908f43d1dc8cf42dee7,Aktsiaselts Lääne-Tallinna Keskhaigla,3,2024-04-19,2025-07-10,2,447
Website design / redesign,WEB_DIGITAL,Germany,Germany,buy_cd6f9dd55f815eac341b,KfW Bankengruppe,3,2024-02-14,2025-07-08,2,510
Signage / wayfinding / vinyl,PRINT_BROKERAGE,Canada federal,Canada,buy_0607a8a09c35020b4e75,Department of Public Works and Government Services (PSPC),3,2024-05-10,2025-07-08,2,424
Website design / redesign,WEB_DIGITAL,France,France,buy_5dfb5d669b8e864a3911,Museum National d'Histoire Naturelle,3,2024-05-01,2025-07-07,2,432
Signage / wayfinding / vinyl,PRINT_BROKERAGE,Belgium,BE,buy_3d513305b37d5b011a0fbfd2,Centre Hospitalier Epicura,3,2024-01-21,2025-07-07,2,533
Brochure / flyer / poster printing,PRINT_BROKERAGE,France,France,buy_0cd6a637352500a8f147,COMSOPGN,3,2023-08-26,2025-07-05,3,679
Brochure / flyer / poster printing,PRINT_BROKERAGE,Ireland,Ireland,buy_776029063437768e428f,Dublin City Council,3,2024-05-06,2025-07-04,2,424
Brochure / flyer / poster printing,PRINT_BROKERAGE,France,France,buy_0a019b1dac91596e2ef7,ETABLISSEMENT PUBLIC DE SANTE,3,2024-06-18,2025-07-04,2,381
Document digitization / scanning,DATA_ADMIN,Germany,Germany,buy_a662c755a7b2d626916d,"Stadt Gelsenkirchen, 10/4.1 - Zentrale Beschaffungsstelle",3,2024-01-04,2025-07-03,2,546
Web hosting / domain / SSL,WEB_DIGITAL,TenderNed,Netherlands,buy_40a017634ef0eb584381,Gemeente Heemstede,3,2024-06-06,2025-07-03,2,392
Web hosting / domain / SSL,WEB_DIGITAL,TenderNed,Netherlands,buy_650b22473932b25525aa,SURF B.V.,3,2024-05-30,2025-07-03,2,399
Website design / redesign,WEB_DIGITAL,TenderNed,Netherlands,buy_f8e2764f63bc80d18208,Provincie Utrecht,3,2024-10-23,2025-07-02,2,252
Web hosting / domain / SSL,WEB_DIGITAL,TenderNed,Netherlands,buy_763e099b02f03ad1c232,"Gemeente Amsterdam, afdeling ICT",3,2024-06-28,2025-06-29,2,366
Brochure / flyer / poster printing,PRINT_BROKERAGE,France,France,buy_c6df29ab6d13c386f8c0,COMMUNE DE MEGEVE,3,2024-06-26,2025-06-27,2,366
Signage / wayfinding / vinyl,PRINT_BROKERAGE,Quebec,Canada - Quebec,buy_fdf22e4567af8c1ac13d,Centre de services scolaire des Découvreurs.,3,2023-09-05,2025-06-27,2,661
Brochure / flyer / poster printing,PRINT_BROKERAGE,France,France,buy_39472774884fda5fb2bd,Département de Maine-et-Loire,3,2025-04-17,2025-06-26,1,70
Website design / redesign,WEB_DIGITAL,TenderNed,Netherlands,buy_349102c26e14ca9b9846,Universiteit van Amsterdam,3,2024-05-02,2025-06-26,2,420
Signage / wayfinding / vinyl,PRINT_BROKERAGE,Belgium,BE,buy_87881b066f8b8867133d7439,Department for Transport Infrastructure,3,2023-08-08,2025-06-26,3,688
Promotional merchandise / branded items,PRINT_BROKERAGE,TED,NOR,buy_581df20f038735ed5497,SYKEHUSINNKJØP HF,3,2023-12-05,2025-06-25,2,568
Document digitization / scanning,DATA_ADMIN,Germany,Germany,buy_507bcf0306594a645b2c,"Immobilien Bremen, Eigenbetrieb der Stadtgemeinde Bremen",3,2025-04-15,2025-06-25,1,71
Brochure / flyer / poster printing,PRINT_BROKERAGE,France,France,buy_20b28d7b590c7cbfc7fa,Université Clermont Auvergne,3,2024-12-03,2025-06-25,2,204
Website design / redesign,WEB_DIGITAL,Germany,Germany,buy_8d9482e06a713c950a68,Bundesamt für Naturschutz,3,2024-07-08,2025-06-24,2,351
Signage / wayfinding / vinyl,PRINT_BROKERAGE,Belgium,BE,buy_762b3e74fd44b4d221ebb5c7,Vielsalm,3,2024-03-20,2025-06-20,2,457
Document digitization / scanning,DATA_ADMIN,TenderNed,Netherlands,buy_f8e2764f63bc80d18208,Provincie Utrecht,3,2023-12-20,2025-06-20,2,548
Website design / redesign,WEB_DIGITAL,United Kingdom,United Kingdom,buy_c5253c03950af10b9905,The National Archives,3,2023-10-31,2025-06-20,2,598
Brochure / flyer / poster printing,PRINT_BROKERAGE,Germany,Germany,buy_c1f7351c5526ecacca09,Presse- und Informationsamt der Bundesregierung,3,2024-02-15,2025-06-19,2,490
Website design / redesign,WEB_DIGITAL,France,France,buy_d50f745ece11c4385e8e,Bibliothèque publique d'information,3,2024-03-03,2025-06-19,2,473
Simple API / software integration,AUTOMATION_SOFTWARE,United Kingdom,United Kingdom,buy_8e6b6e022c997becdd3e,Home Office,3,2023-09-26,2025-06-19,2,632
Brochure / flyer / poster printing,PRINT_BROKERAGE,Belgium,BE,buy_e0cdee7ae0d7586f99eca260,Deerlijk,3,2023-11-14,2025-06-19,3,583
Website design / redesign,WEB_DIGITAL,Germany,Germany,buy_d9f02165df1c32addc0a,ARD ZDF Deutschlandradio Beitragsservice,3,2024-03-07,2025-06-18,2,468
Small IT equipment supply,PROCUREMENT_BROKERAGE,TenderNed,Netherlands,buy_703109ee3407fffc7538,Stichting voor Educatie en Beroepsonderwijs Zadkine,3,2024-12-05,2025-06-18,2,195
Digital marketing / SEO / campaigns,CONTENT_DESIGN,TED,ITA,buy_811f3d14bc58dffafbdd,FEDERAZIONE ITALIANA SCHERMA,3,2024-03-12,2025-06-17,2,462
Signage / wayfinding / vinyl,PRINT_BROKERAGE,France,France,buy_5f67f97680a6073dcbe2,Conseil Départemental d'Ille et Vilaine,3,2024-05-11,2025-06-17,2,402
Copywriting / editorial content,CONTENT_DESIGN,Belgium,BE,buy_91fbe8a3b5021de2afbde2ab,Direction des Etudes environnementales et paysagères,3,2024-10-23,2025-06-16,2,236
Digital marketing / SEO / campaigns,CONTENT_DESIGN,TED,PRT,buy_091d5eef279cbb542f9f,"Secretaria-Geral do Ministério do Trabalho, Solidariedade e Segurança Social",3,2024-08-07,2025-06-14,2,311
Online forms / lightweight portals,WEB_DIGITAL,TED,POL,buy_8a419ea0c511ed35f932,Poczta Polska S.A.,3,2024-06-20,2025-06-13,2,358
Direct mail / envelope / routing,PRINT_BROKERAGE,Canada federal,Canada,buy_a19d53cc25f83c792ad1,National Research Council of Canada (NRC),3,2025-06-13,2025-06-13,1,0
Signage / wayfinding / vinyl,PRINT_BROKERAGE,France,France,buy_fa72dfca0edbbfbf60ed,VILLE DE SAINT ANDRÉ,3,2024-10-12,2025-06-13,2,244
Copywriting / editorial content,CONTENT_DESIGN,TED,FIN,buy_b25d30d271157ab27322,Business Finland Oy/Ltd,3,2025-03-05,2025-06-10,1,97
Document digitization / scanning,DATA_ADMIN,France,France,buy_887d3f67d5d25d798f62,Conseil départemental Meurthe et Moselle,3,2024-10-31,2025-06-09,2,221
Document digitization / scanning,DATA_ADMIN,France,France,buy_38cda56bc617bb938f42,EPA-Shom,3,2024-03-27,2025-06-07,2,437
Small IT equipment supply,PROCUREMENT_BROKERAGE,Belgium,BE,buy_0fc8e882ef785f18926364aa,Office Central des Achats,3,2023-12-22,2025-06-06,3,532
Small IT equipment supply,PROCUREMENT_BROKERAGE,United Kingdom,United Kingdom,buy_666c84adabd6d62f109f,East Cambridgeshire District Council,3,2025-06-05,2025-06-06,1,1
Copywriting / editorial content,CONTENT_DESIGN,Belgium,BE,buy_8ae1c475cbfbc562573daf6a,Ciney,3,2024-06-14,2025-06-05,2,356
Signage / wayfinding / vinyl,PRINT_BROKERAGE,Belgium,BE,buy_f381be2cbd6950d3e2169946,Nassogne,3,2023-11-14,2025-06-05,3,569
Interpretation services,LANGUAGE,France,France,buy_e8c098c0efc747dd8af6,Bureau de Recherche en Géologie Minière (BRGM),3,2024-06-28,2025-06-04,2,341
Translation / localization,LANGUAGE,Belgium,BE,buy_d398272a40897f050b6c9e6d,Université Libre de Bruxelles,3,2023-11-09,2025-06-04,2,573
Brochure / flyer / poster printing,PRINT_BROKERAGE,Quebec,Canada - Quebec,buy_dacfddedbd3476306808,Société de Transport de l'Outaouais.,3,2023-10-30,2025-06-04,3,583
Signage / wayfinding / vinyl,PRINT_BROKERAGE,France,France,buy_eee82bc92f04d12ec8eb,Département des Côtes d'Armor,3,2024-08-11,2025-06-03,2,296
Web hosting / domain / SSL,WEB_DIGITAL,United Kingdom,United Kingdom,buy_5f950a090166e234f33c,Transport for Greater Manchester,3,2024-06-19,2025-05-30,2,345
Website design / redesign,WEB_DIGITAL,Belgium,BE,buy_876811305d538dfd4b065900,SPI(3p),3,2024-10-18,2025-05-28,2,222
Website design / redesign,WEB_DIGITAL,TenderNed,Netherlands,buy_b744df76333f0b608349,Waterschap Brabantse Delta,3,2025-04-18,2025-05-27,1,39
Document digitization / scanning,DATA_ADMIN,Quebec,Canada - Quebec,buy_5748010f71b1b5862a92,CIUSSS du Nord-de-l'Île-de-Montréal,3,2023-10-02,2025-05-26,3,602
Signage / wayfinding / vinyl,PRINT_BROKERAGE,France,France,buy_f71bb33b0d1bb58fe56a,DEPARTEMENT DU GERS,3,2024-02-29,2025-05-25,2,451
Signage / wayfinding / vinyl,PRINT_BROKERAGE,Belgium,BE,buy_1d7885ca0ed65dec425ae9ad,Ramillies,3,2023-08-23,2025-05-23,3,639
Proofreading / editing,CONTENT_DESIGN,Quebec,Canada - Quebec,buy_f05069f2e849f61de027,"Ministère de l'Immigration, de la Francisation et de l'Intégration",3,2024-02-28,2025-05-22,2,449
Transcription / minutes,VIDEO_AUDIO,Quebec,Canada - Quebec,buy_599a3ef6df17854068cb,Université du Québec à Montréal,3,2024-05-08,2025-05-21,2,378
Small IT equipment supply,PROCUREMENT_BROKERAGE,Quebec,Canada - Quebec,buy_dacfddedbd3476306808,Société de Transport de l'Outaouais.,3,2024-03-08,2025-05-15,2,433
Signage / wayfinding / vinyl,PRINT_BROKERAGE,France,France,buy_66341d3108a5b475e94b,CMAR PACA,3,2024-04-18,2025-05-15,2,392
Transcription / minutes,VIDEO_AUDIO,France,France,buy_02a7a8aefe14c3e69afc,REGION DES PAYS DE LA LOIRE,3,2024-07-13,2025-05-15,2,306
Brochure / flyer / poster printing,PRINT_BROKERAGE,France,France,buy_c7e239d548230356d440,École nationale des ponts et chaussées,3,2023-11-24,2025-05-15,3,538
Brochure / flyer / poster printing,PRINT_BROKERAGE,France,France,buy_e99ded991735aa2e7d3c,Commune de Thonon-les-Bains,3,2024-05-19,2025-05-15,2,361
Signage / wayfinding / vinyl,PRINT_BROKERAGE,Belgium,BE,buy_20cafb2d606910995011bc6c,Jurbise,3,2024-04-05,2025-05-15,2,405
Small IT equipment supply,PROCUREMENT_BROKERAGE,TenderNed,Netherlands,buy_26c146d5cb2e6273aad0,Bonaire Brandstof Terminals B.V.,3,2024-08-04,2025-05-13,2,282
Brochure / flyer / poster printing,PRINT_BROKERAGE,TenderNed,Netherlands,buy_082fe9c120e058a6ce54,ProRail B.V.,3,2024-01-16,2025-05-10,2,480
Interpretation services,LANGUAGE,France,France,buy_ec46bca65143ffec787f,CA du Pays Nord Martinique,3,2024-10-24,2025-05-07,2,195
Document digitization / scanning,DATA_ADMIN,Germany,Germany,buy_75f040e54050317f6350,Bundesamt für Strahlenschutz,3,2024-12-20,2025-05-07,2,138
Translation / localization,LANGUAGE,Quebec,Canada - Quebec,buy_7a4f20655226d7f5284d,Ville de Gatineau.,3,2024-09-19,2025-05-06,2,229
Website design / redesign,WEB_DIGITAL,France,France,buy_0938eba631d44737b42f,Mairie,3,2025-05-05,2025-05-05,1,0
Brochure / flyer / poster printing,PRINT_BROKERAGE,TenderNed,Netherlands,buy_c5bb6523132756a3cc1a,Stichting Openbaar Onderwijs aan de Amstel,3,2024-05-24,2025-05-04,2,345
Signage / wayfinding / vinyl,PRINT_BROKERAGE,France,France,buy_eaf1fed8134a1d035380,Commune de Cherbourg-en-Cotentin,3,2024-10-13,2025-05-03,2,202
Brochure / flyer / poster printing,PRINT_BROKERAGE,France,France,buy_60d889569352c56e652f,Ville de Conflans-Sainte-Honorine,3,2024-12-26,2025-05-03,2,128
Brochure / flyer / poster printing,PRINT_BROKERAGE,France,France,buy_63d0ea37f361a72f0ada,Semitan,3,2024-05-09,2025-05-03,2,359
Voice-over / narration / audio editing,VIDEO_AUDIO,TED,DNK,buy_ccb634a88b3b7aa188bd,Banedanmark,3,2024-08-05,2025-05-02,2,270
Social media content production,CONTENT_DESIGN,France,France,buy_20fd4ccbdb83a4e0c29a,Région Provence-Alpes-Côte d'Azur,3,2023-09-08,2025-05-02,3,602
Document digitization / scanning,DATA_ADMIN,France,France,buy_3ac7237f5fb36dd7a279,DEPARTEMENT DE LA HAUTE-SAVOIE,3,2025-04-19,2025-05-02,1,13
Brand identity / visual identity,CONTENT_DESIGN,Belgium,BE,buy_27d44996a73a5a7aeac32188,Vrije Universiteit Brussel (3P),3,2024-04-29,2025-04-30,2,366
Brochure / flyer / poster printing,PRINT_BROKERAGE,TenderNed,Netherlands,buy_b019b5fc00204a084940,Nederlandse Organisatie voor Wetenschappelijk Onderzoek,3,2024-04-12,2025-04-29,2,382
Brand identity / visual identity,CONTENT_DESIGN,TED,FIN,buy_b25d30d271157ab27322,Helsinki Partners Oy,3,2024-03-27,2025-04-25,2,394
Document digitization / scanning,DATA_ADMIN,France,France,buy_b68c1f442174becaf4a7,Conseil Départemental du Morbihan,3,2024-04-28,2025-04-25,2,362
Low-code / no-code implementation,AUTOMATION_SOFTWARE,TED,FIN,buy_21d608cefc7ad1917578,Pirkanmaan hyvinvointialue,3,2024-10-10,2025-04-24,2,196
Document digitization / scanning,DATA_ADMIN,TenderNed,Netherlands,buy_55847126054542d7c17c,Gemeente Midden-Groningen,3,2023-10-04,2025-04-23,2,567
Website design / redesign,WEB_DIGITAL,United Kingdom,United Kingdom,buy_b1c256454186b1984e54,The Education Training Collective,3,2024-11-22,2025-04-16,2,145
Office / presentation equipment supply,PROCUREMENT_BROKERAGE,United Kingdom,United Kingdom,buy_7b30fdf19dec6de6bfc6,Social Security Scotland,3,2025-01-22,2025-04-15,1,83
Illustration / infographics,CONTENT_DESIGN,Quebec,Canada - Quebec,buy_58a14b74d6ae2c25f910,"Ministère de l'Économie, de l'Innovation et de l'Énergie",3,2025-03-31,2025-04-14,1,14
Document digitization / scanning,DATA_ADMIN,Germany,Germany,buy_38bed35ca272da613793,Einkauf der Stadt Duisburg (10-31),3,2024-09-30,2025-04-11,2,193
Website design / redesign,WEB_DIGITAL,Germany,Germany,buy_8beb4e477b4e31d12ce5,Deutscher Wetterdienst,3,2024-02-22,2025-04-11,2,414
Translation / localization,LANGUAGE,Quebec,Canada - Quebec,buy_88e34d93855f04ccc9f1,Ville de Québec,3,2024-04-30,2025-04-10,2,345
Signage / wayfinding / vinyl,PRINT_BROKERAGE,Belgium,BE,buy_37b71e402d79cde9356a4346,Ville de Liège - Travaux - Direction de la Gestion de l'Espace public,3,2024-02-20,2025-04-04,2,409
Brochure / flyer / poster printing,PRINT_BROKERAGE,TenderNed,Netherlands,buy_e9ad474758cb092b6117,N.V. Nederlandse Gasunie,3,2024-03-21,2025-04-04,2,379
Document digitization / scanning,DATA_ADMIN,TenderNed,Netherlands,buy_e7c5a344575a7f98fca4,Stichting Connekt,3,2023-12-13,2025-04-03,2,477
Data cleaning / deduplication,DATA_ADMIN,TED,ITA,buy_811f3d14bc58dffafbdd,ESA-ESRIN,3,2025-03-21,2025-04-01,1,11
Document digitization / scanning,DATA_ADMIN,Quebec,Canada - Quebec,buy_d56f3034783dea163f10,Ville de Saint-Amable,3,2023-10-26,2025-03-31,3,522
Brochure / flyer / poster printing,PRINT_BROKERAGE,Quebec,Canada - Quebec,buy_def2613a2139047174b5,Ville de Boisbriand.,3,2024-10-28,2025-03-31,2,154
Labels / stickers / QR materials,PRINT_BROKERAGE,TED,DNK,buy_ccb634a88b3b7aa188bd,Udlændingestyrelsen,3,2024-04-16,2025-03-26,2,344
Web hosting / domain / SSL,WEB_DIGITAL,Ireland,Ireland,buy_776029063437768e428f,Dublin City Council,3,2024-11-22,2025-03-26,2,124
Copywriting / editorial content,CONTENT_DESIGN,Quebec,Canada - Quebec,buy_dcc817533b1e761c8827,Société de transport de Lévis,3,2023-12-05,2025-03-26,2,477
Brochure / flyer / poster printing,PRINT_BROKERAGE,Quebec,Canada - Quebec,buy_d9d35b48cfc804d6e01e,CHU de Québec-Université Laval,3,2024-10-25,2025-03-25,2,151
Document digitization / scanning,DATA_ADMIN,Germany,Germany,buy_4cfc42fe0d9e4325fabe,Stadt Horn-Bad Meinberg - Der Bürgermeister,3,2024-11-26,2025-03-25,2,119
Brochure / flyer / poster printing,PRINT_BROKERAGE,France,France,buy_dec468ce9f03035dc2c6,"Etablissement Public du Château, du Musée et domaine national de Versailles",3,2024-08-02,2025-03-25,2,235
Small IT equipment supply,PROCUREMENT_BROKERAGE,Canada federal,Canada,buy_d352f86cb29cd0b24c31,House of Commons,3,2024-03-14,2025-03-21,2,372
Document digitization / scanning,DATA_ADMIN,Germany,Germany,buy_653c4591cd59c97f606d,Handwerkskammer Südthüringen / BTZ Rohr,3,2024-03-21,2025-03-21,2,365
Document digitization / scanning,DATA_ADMIN,Germany,Germany,buy_4b172db56b21e61ffd85,Bundesministerium für Wirtschaft und Klimaschutz,3,2024-06-03,2025-03-21,2,291
Brochure / flyer / poster printing,PRINT_BROKERAGE,France,France,buy_cee572baae532b86475e,VILLE DE MONTELIMAR,3,2024-01-07,2025-03-19,2,437
Brochure / flyer / poster printing,PRINT_BROKERAGE,France,France,buy_817a65b8a388117514fd,ROANNAIS AGGLOMERATION,3,2023-09-27,2025-03-19,3,539
Brochure / flyer / poster printing,PRINT_BROKERAGE,TenderNed,Netherlands,buy_d462411c73d992aa3632,"Ministerie van Economische Zaken, Rijksdienst voor Ondernemend Nederland (RVO)",3,2024-04-09,2025-03-13,2,338
Brochure / flyer / poster printing,PRINT_BROKERAGE,France,France,buy_f2341afcaa4100ae9651,Région bretagne,3,2024-02-29,2025-03-12,2,377
Document digitization / scanning,DATA_ADMIN,Germany,Germany,buy_adb7e21d3e31a5294202,Hochschule Düsseldorf,3,2024-11-08,2025-03-11,2,123
Brochure / flyer / poster printing,PRINT_BROKERAGE,TenderNed,Netherlands,buy_20f3eef009abea8b4257,Technische Universiteit Delft,3,2024-04-24,2025-03-08,2,318
Brochure / flyer / poster printing,PRINT_BROKERAGE,Belgium,BE,buy_0fc7d7c2243a38073cd8b953,Nationaal Geografisch Instituut,3,2023-12-05,2025-03-06,3,457
Transcription / minutes,VIDEO_AUDIO,TenderNed,Netherlands,buy_3d218537f8e2c8f4bb9e,Gemeente Amsterdam,3,2023-11-24,2025-03-06,3,468
Brochure / flyer / poster printing,PRINT_BROKERAGE,France,France,buy_a4d7899ff6b05db1b930,Services généraux des administrations publiques,3,2024-06-18,2025-03-03,2,258
Small IT equipment supply,PROCUREMENT_BROKERAGE,Belgium,BE,buy_3544c61d37cb3fb836035709,Dinant Godinne St. Elizabeth University Hospital  - UCL - Namen,3,2023-11-29,2025-02-28,3,457
Brochure / flyer / poster printing,PRINT_BROKERAGE,Quebec,Canada - Quebec,buy_59f73c393d8199c14a0e,Ville de Repentigny.,3,2024-03-21,2025-02-24,2,340
Online forms / lightweight portals,WEB_DIGITAL,United Kingdom,United Kingdom,buy_869113e876e181c719d5,Govia Thameslink Railway Limited,3,2024-04-05,2025-02-21,2,322
Brochure / flyer / poster printing,PRINT_BROKERAGE,Ireland,Ireland,buy_0b4c77bd4c1c783c26e1,Public Appointments Service,3,2024-03-13,2025-02-20,2,344
Brochure / flyer / poster printing,PRINT_BROKERAGE,France,France,buy_f0528294d328b12c85c1,Commune de Saint-Denis,3,2024-05-03,2025-02-19,2,292
Signage / wayfinding / vinyl,PRINT_BROKERAGE,France,France,buy_ee5ebe64710ad9c7dde9,Communauté de communes Terres d'Argentan Interco,3,2024-01-24,2025-02-19,2,392
Signage / wayfinding / vinyl,PRINT_BROKERAGE,Quebec,Canada - Quebec,buy_5595c56213547996393c,Ville de Saint-Lin-Laurentides.,3,2024-06-07,2025-02-18,2,256
Signage / wayfinding / vinyl,PRINT_BROKERAGE,Belgium,BE,buy_2b781da82054c5ea1eac7194,Quévy,3,2024-10-11,2025-02-18,2,130
Website design / redesign,WEB_DIGITAL,United Kingdom,United Kingdom,buy_7ab94fc84284d9746c23,ScotRail Trains Limited,3,2024-03-01,2025-02-17,2,353
Brochure / flyer / poster printing,PRINT_BROKERAGE,France,France,buy_0938eba631d44737b42f,Mairie,3,2024-01-02,2025-02-14,2,409
Brochure / flyer / poster printing,PRINT_BROKERAGE,France,France,buy_347a52639e7c80ba6747,Ville de Fort-de-France,3,2024-05-03,2025-02-14,2,287
Website design / redesign,WEB_DIGITAL,Germany,Germany,buy_c2c4fc6ef55a1bf38408,DAK-Gesundheit,3,2024-06-26,2025-02-14,2,233
Brochure / flyer / poster printing,PRINT_BROKERAGE,Germany,Germany,buy_e99d235659c81d9d4fcc,Stadt Hagen -FB 15-,3,2024-06-27,2025-02-13,2,231
Document digitization / scanning,DATA_ADMIN,Germany,Germany,buy_6e7ff62c15ba66c4a39e,Bundesanstalt für Geowissenschaften und Rohstoffe,3,2023-11-15,2025-02-12,3,455
Website design / redesign,WEB_DIGITAL,Ireland,Ireland,buy_d0f5545980b17a4d066c,Kerry Education and Training Board,3,2024-07-24,2025-02-11,2,202
Signage / wayfinding / vinyl,PRINT_BROKERAGE,Belgium,BE,buy_245fbec5b2970e65acc6200a,Erezée,3,2024-09-26,2025-02-10,2,137
Transcription / minutes,VIDEO_AUDIO,France,France,buy_65c626b4001116e3b057,France terre d'asile - siège social,3,2024-09-26,2025-02-07,2,134
Website design / redesign,WEB_DIGITAL,Canada federal,Canada,buy_bc81ad738689aee21aae,National Defence Headquarters,3,2023-09-05,2025-02-07,3,521
Signage / wayfinding / vinyl,PRINT_BROKERAGE,France,France,buy_5807f791f3930877233e,Collectivite Territoriale De Guyane,3,2024-07-22,2025-02-06,2,199
Website design / redesign,WEB_DIGITAL,Canada federal,Canada,buy_ca2f0eb4ed6487a5b448,fed gov't,3,2024-09-13,2025-02-06,2,146
Brochure / flyer / poster printing,PRINT_BROKERAGE,TenderNed,Netherlands,buy_96d3d4d249edb5d8f9c2,Universitair Medisch Centrum Utrecht,3,2023-09-24,2025-02-05,3,500
Website design / redesign,WEB_DIGITAL,Canada federal,Canada,buy_cdf6a1543f1c5ac38443,Employment Social Development Canada (ESDC),3,2024-07-24,2025-02-04,2,195
Website design / redesign,WEB_DIGITAL,Germany,Germany,buy_c3dcaafce05870bfb8cc,Bundesministerium für Bildung und Forschung,3,2023-11-27,2025-01-31,3,431
Signage / wayfinding / vinyl,PRINT_BROKERAGE,France,France,buy_d4a6a99b0356ecfe66ac,Communauté d'Agglomération Coeur de Flandre,3,2024-10-16,2025-01-30,2,106
Signage / wayfinding / vinyl,PRINT_BROKERAGE,Quebec,Canada - Quebec,buy_de25312fd3d886d8d3dd,DGCGER (Ministère des transports),3,2023-11-15,2025-01-30,3,442
Brochure / flyer / poster printing,PRINT_BROKERAGE,Quebec,Canada - Quebec,buy_92af10a650e75721f1a3,Centre de services scolaire de la Pointe-de-l'Île,3,2024-02-28,2025-01-29,2,336
Simple API / software integration,AUTOMATION_SOFTWARE,Quebec,Canada - Quebec,buy_82d667c76c8f9bdb2754,Ville de Terrebonne,3,2024-05-08,2025-01-29,2,266
Signage / wayfinding / vinyl,PRINT_BROKERAGE,Quebec,Canada - Quebec,buy_01d88f3d23df38a7a232,Ville de Mascouche.,3,2024-03-19,2025-01-28,2,315
Brochure / flyer / poster printing,PRINT_BROKERAGE,France,France,buy_df693e44c086f08617c4,UNIVERSITE DE LORRAINE,3,2023-11-29,2025-01-24,3,422
Simple API / software integration,AUTOMATION_SOFTWARE,Quebec,Canada - Quebec,buy_b751bf32eac252b05ac4,SANTÉ QUÉBEC - Centre Hospitalier de l'Université de Montréal (CHUM),3,2024-09-04,2025-01-23,2,141
Website maintenance / content updates,WEB_DIGITAL,Quebec,Canada - Quebec,buy_7a4f20655226d7f5284d,Ville de Gatineau.,3,2023-08-14,2025-01-23,2,528
Transcription / minutes,VIDEO_AUDIO,Germany,Germany,buy_149a1b703383a313fa32,degewo AG,3,2024-07-04,2025-01-20,2,200
Brochure / flyer / poster printing,PRINT_BROKERAGE,France,France,buy_e8e5ed59dbc4f4263e90,EPT Plaine Commune,3,2024-02-14,2025-01-18,2,339
Website design / redesign,WEB_DIGITAL,France,France,buy_97eadb1634db6ab94c90,Ville de Lyon,3,2023-09-13,2025-01-14,2,489
Website design / redesign,WEB_DIGITAL,Belgium,BE,buy_9a022c0576886e34d3dbacab,Ziekenhuisnetwerk Antwerpen,3,2024-06-25,2025-01-02,2,191
Brochure / flyer / poster printing,PRINT_BROKERAGE,Ireland,Ireland,buy_cee9f753d5b7f4c291b7,Dublin City University,3,2023-11-17,2024-12-23,2,402
Brochure / flyer / poster printing,PRINT_BROKERAGE,TED,ISL,buy_762b14c03b51c7f5e2fb,Ríkiskaup,3,2024-02-12,2024-12-23,1,315
Brochure / flyer / poster printing,PRINT_BROKERAGE,France,France,buy_a08b1e0b9f4a07692f3d,COLMAR AGGLOMERATION,3,2024-08-03,2024-12-21,1,140
Website design / redesign,WEB_DIGITAL,TenderNed,Netherlands,buy_d4989ce7f7c24d2e016f,"Ministerie van Volksgezondheid, Welzijn en Sport",3,2024-03-21,2024-12-21,1,275
Document digitization / scanning,DATA_ADMIN,France,France,buy_8dc575d14826dbe3e732,DIRISI Brest,3,2024-07-28,2024-12-21,1,146
Signage / wayfinding / vinyl,PRINT_BROKERAGE,Quebec,Canada - Quebec,buy_472978277f5634a1b240,Centre de services scolaire de Montréal / BDA,3,2023-10-26,2024-12-18,2,419
Website design / redesign,WEB_DIGITAL,Canada federal,Canada,buy_a46277de134c3e648a22,National Capital Commission (NCC),3,2024-04-09,2024-12-18,1,253
Signage / wayfinding / vinyl,PRINT_BROKERAGE,Ireland,Ireland,buy_193a3ed6e05a334e2bbc,Bord na Móna PLC,3,2024-03-20,2024-12-18,1,273
Document digitization / scanning,DATA_ADMIN,Quebec,Canada - Quebec,buy_245d6e2e4184d7e57952,Ministère de la Sécurité publique,3,2024-05-08,2024-12-18,1,224
Document digitization / scanning,DATA_ADMIN,TED,DNK,buy_14ade932b50fca1a3b46,Glostrup Kommune,3,2024-06-20,2024-12-16,1,179
Brochure / flyer / poster printing,PRINT_BROKERAGE,France,France,buy_25f3990c375e23e6d625,GIE IMSA,3,2024-02-18,2024-12-13,1,299
Brochure / flyer / poster printing,PRINT_BROKERAGE,Canada federal,Canada,buy_747ccc7801537be7c22c,Public Prosecution Service of Canada,3,2024-01-10,2024-12-13,1,338
Signage / wayfinding / vinyl,PRINT_BROKERAGE,Belgium,BE,buy_b2bb3392d16d9c4190463be7,Sibelga,3,2024-08-21,2024-12-12,1,113
Brochure / flyer / poster printing,PRINT_BROKERAGE,France,France,buy_7b92e40af8d1d0fa4291,INSTITUT NATIONAL DE LA CONSOMMATION,3,2023-12-10,2024-12-12,2,368
Graphic design / layout,CONTENT_DESIGN,TED,ESP,buy_262acb26bfbdf5a4121e,CONSEJERÍA DE SOSTENIBILIDAD Y MEDIO AMBIENTE. SECRETARÍA GENERAL TÉCNICA,3,2024-06-17,2024-12-12,1,178
E-learning / training content,TRAINING,TED,FIN,buy_b25d30d271157ab27322,HAUS kehittämiskeskus Oy,3,2024-10-07,2024-12-12,1,66
Website design / redesign,WEB_DIGITAL,TED,BGR,buy_b63fd7ac83e5501cf324,МИНИСТЕРСТВО НА ВЪНШНИТЕ РАБОТИ,3,2024-07-03,2024-12-12,1,162
Small IT equipment supply,PROCUREMENT_BROKERAGE,Canada federal,Canada,buy_9629fcf017e259307499,Statistics Canada,3,2024-02-06,2024-12-11,1,309
Website design / redesign,WEB_DIGITAL,United Kingdom,United Kingdom,buy_330197805661b7187566,"Business Services Organisation, Procurement and Logistics Service",3,2024-09-09,2024-12-11,1,93
Document digitization / scanning,DATA_ADMIN,Quebec,Canada - Quebec,buy_ca1473ea05961c447dfa,Ville de Prévost.,3,2023-08-22,2024-12-11,2,477
Translation / localization,LANGUAGE,Belgium,BE,buy_cd9ec9738a386d6b1ea01c64,INASEP,3,2024-01-27,2024-12-09,1,317
Video production,VIDEO_AUDIO,Quebec,Canada - Quebec,buy_617ee8caa2eda396caf7,HEC Montréal,3,2024-01-24,2024-12-09,1,320
Brochure / flyer / poster printing,PRINT_BROKERAGE,France,France,buy_9e1917a0fa8fa59930c3,Etablissement Français du Sang,3,2023-10-27,2024-12-03,2,403
Brochure / flyer / poster printing,PRINT_BROKERAGE,France,France,buy_ee8caf1c3bc23baf6c05,Centre Hospitalier d'Argenteuil,3,2023-12-10,2024-12-01,2,357
Brochure / flyer / poster printing,PRINT_BROKERAGE,France,France,buy_552888386a407e8accd7,Département des Hauts-de-Seine,3,2024-07-18,2024-11-28,1,133
Website design / redesign,WEB_DIGITAL,United Kingdom,United Kingdom,buy_2c753d16e4d2124374ff,AWE PLC,3,2024-04-12,2024-11-27,1,229
Website design / redesign,WEB_DIGITAL,TenderNed,Netherlands,buy_4b7b1bd5ce2a234c4a45,"Ministerie van Onderwijs, Cultuur en Wetenschap",3,2024-07-17,2024-11-27,1,133
Copywriting / editorial content,CONTENT_DESIGN,Belgium,BE,buy_0e4517c30f63a78ccc0ec5e4,RCA LA LOUVIERE,3,2023-12-22,2024-11-25,2,339
Document digitization / scanning,DATA_ADMIN,Germany,Germany,buy_7f7ba892a2ed134d83fa,DB Fernverkehr AG (Bukr 13),3,2024-03-01,2024-11-22,1,266
Transcription / minutes,VIDEO_AUDIO,TenderNed,Netherlands,buy_ebb6da03c4f67c968877,gemeente Nijmegen,3,2023-09-03,2024-11-21,2,445
Brochure / flyer / poster printing,PRINT_BROKERAGE,Belgium,BE,buy_56a26102fc900cd1de1ffe85,Toerisme Limburg vzw,3,2023-12-20,2024-11-20,2,336
Document digitization / scanning,DATA_ADMIN,Germany,Germany,buy_392e1d3aa82b024451a6,"Universitätsklinikum Carl Gustav Carus Dresden an der Technischen Universität Dresden, AöR",3,2024-04-15,2024-11-18,1,217
Website design / redesign,WEB_DIGITAL,Ireland,Ireland,buy_860d15b68965ace7f85c,The Office of Government Procurement,3,2023-10-11,2024-11-15,2,401
Website design / redesign,WEB_DIGITAL,Germany,Germany,buy_3b7e111ae617e9371ca3,"Bundesministerium für Umwelt, Naturschutz, nukleare Sicherheit und Verbraucherschutz",3,2024-07-18,2024-11-14,1,119
Brochure / flyer / poster printing,PRINT_BROKERAGE,Quebec,Canada - Quebec,buy_82d667c76c8f9bdb2754,Ville de Terrebonne,3,2023-11-08,2024-11-11,2,369
Website design / redesign,WEB_DIGITAL,United Kingdom,United Kingdom,buy_db096f231b599db0d6d8,Staffordshire County Council,3,2023-11-21,2024-11-05,2,350
Signage / wayfinding / vinyl,PRINT_BROKERAGE,Quebec,Canada - Quebec,buy_67efe875086cd24268d3,Commission Scolaire English-Montreal,3,2023-12-13,2024-11-04,2,327
Website design / redesign,WEB_DIGITAL,United Kingdom,United Kingdom,buy_cca98cc69febcb69e9ca,Forestry and Land Scotland,3,2024-07-22,2024-11-04,1,105
Brochure / flyer / poster printing,PRINT_BROKERAGE,Germany,Germany,buy_5ad35fcf561772a53960,Stiftung Lesen,3,2023-11-17,2024-11-01,2,350
Transcription / minutes,VIDEO_AUDIO,TenderNed,Netherlands,buy_d2e9c24d200f3823d17a,Omgevingsdienst Brabant Noord,3,2023-10-04,2024-11-01,2,394
Transcription / minutes,VIDEO_AUDIO,Germany,Germany,buy_3862b91f8794de39b248,Hamburger Hochbahn AG,3,2024-01-16,2024-11-01,1,290
Brand identity / visual identity,CONTENT_DESIGN,TenderNed,Netherlands,buy_20f3eef009abea8b4257,Technische Universiteit Delft,3,2023-10-08,2024-11-01,2,390
Signage / wayfinding / vinyl,PRINT_BROKERAGE,Belgium,BE,buy_479e774335bc7e5daea110fa,Tournai,3,2024-01-08,2024-10-30,1,296
Brochure / flyer / poster printing,PRINT_BROKERAGE,France,France,buy_a2c1b86380c78e8d29ac,Métropole du Grand Paris,3,2024-02-16,2024-10-30,1,257
Interpretation services,LANGUAGE,France,France,buy_ab6183c44bcb46013a25,METROPOLE DE LYON,3,2023-09-14,2024-10-30,2,412
Brochure / flyer / poster printing,PRINT_BROKERAGE,France,France,buy_aba9ffa66a6fadc13936,Ville de Clermont-Ferrand,3,2023-10-19,2024-10-30,2,377
Document digitization / scanning,DATA_ADMIN,Germany,Germany,buy_0287c433c82156bafdad,Sächsisches Staatsministerium für Soziales und Gesellschaftlichen Zusammenhalt,3,2023-11-20,2024-10-29,2,344
Transcription / minutes,VIDEO_AUDIO,Canada federal,Canada,buy_5bea7662ddb3bd75a668,Office of the Auditor General,3,2024-02-01,2024-10-28,1,270
Copywriting / editorial content,CONTENT_DESIGN,Belgium,BE,buy_87881b066f8b8867133d7439,Department for Transport Infrastructure,3,2024-04-02,2024-10-25,1,206
Signage / wayfinding / vinyl,PRINT_BROKERAGE,France,France,buy_0e7ecd3d0ea9189ed293,Centre des monuments nationaux,3,2024-06-25,2024-10-25,1,122
Brochure / flyer / poster printing,PRINT_BROKERAGE,TenderNed,Netherlands,buy_c2a07ba0cf8cd978fca0,WMD Drinkwater NV,3,2023-12-18,2024-10-25,2,312
Proofreading / editing,CONTENT_DESIGN,Quebec,Canada - Quebec,buy_75edb95bafb0b7774b08,Ministère de l'Éducation,3,2023-11-23,2024-10-24,2,336
Website design / redesign,WEB_DIGITAL,United Kingdom,United Kingdom,buy_bc7d8aae12f7c5ac4a7e,Department for Work and Pensions,3,2024-01-17,2024-10-24,1,281
Website design / redesign,WEB_DIGITAL,United Kingdom,United Kingdom,buy_0ecd938c1e87bfb0710e,Leeds City Council - PACS,3,2023-11-22,2024-10-22,2,335
Brochure / flyer / poster printing,PRINT_BROKERAGE,France,France,buy_4e87ee2a17eba6c40dfe,Communauté d'Agglomération de Poitiers (86),3,2024-03-15,2024-10-17,1,216
CMS development / migration,WEB_DIGITAL,Belgium,BE,buy_add16d6a99ce7d3dcd91fe23,District09,3,2024-04-15,2024-10-16,1,184
Interpretation services,LANGUAGE,France,France,buy_335ca99a69c9e4fa30ba,Conseil Départemental de la Mayenne,3,2024-09-16,2024-10-14,1,28
Copywriting / editorial content,CONTENT_DESIGN,France,France,buy_f90746cb899d5b717a7f,"Syndicat Mixte pour les Inondations, l'Aménagement et la Gestion de l'Eau (06)",3,2024-02-28,2024-10-13,1,228
Document digitization / scanning,DATA_ADMIN,Germany,Germany,buy_99be5d3c3d11dcece900,"Stadt Bielefeld - Amt für Organisation, IT und Zentrale Leistungen",3,2024-01-23,2024-10-11,1,262
Signage / wayfinding / vinyl,PRINT_BROKERAGE,Quebec,Canada - Quebec,buy_87eb86d10b83477c9209,Musée de la civilisation,3,2024-01-21,2024-10-11,1,264
Website design / redesign,WEB_DIGITAL,Germany,Germany,buy_ca86e82f24be961d8f9a,Deutscher Akademischer Austauschdienst e. V.,3,2024-05-06,2024-10-10,1,157
Brochure / flyer / poster printing,PRINT_BROKERAGE,France,France,buy_7e4f50d370b1305f26f7,Mairie de Maisons-Laffitte,3,2024-07-19,2024-10-10,1,83
Copywriting / editorial content,CONTENT_DESIGN,Belgium,BE,buy_b8f7c032ddef7f26b51c6323,Farciennes,3,2024-02-15,2024-10-09,1,237
Document digitization / scanning,DATA_ADMIN,Canada federal,Canada,buy_8706c7d48306a237cfa6,National Research Council Canada,3,2024-04-18,2024-10-09,1,174
Simple API / software integration,AUTOMATION_SOFTWARE,Quebec,Canada - Quebec,buy_d44a552850d1dfbc16e2,Ville de Trois-Rivières,3,2024-05-16,2024-10-04,1,141
Signage / wayfinding / vinyl,PRINT_BROKERAGE,France,France,buy_d296f1a4e9d3791eb95f,Conseil Départemental des Ardennes,3,2023-11-15,2024-10-01,2,321
Web hosting / domain / SSL,WEB_DIGITAL,TenderNed,Netherlands,buy_7a30392646ade66b300d,Stedin Groep Services B.V.,3,2024-04-13,2024-10-01,1,171
Brochure / flyer / poster printing,PRINT_BROKERAGE,Quebec,Canada - Quebec,buy_cfbb924a92faa405859d,Ville de Saint-Jérôme.,3,2024-04-23,2024-09-26,1,156
Document digitization / scanning,DATA_ADMIN,Germany,Germany,buy_5d269c93f6d3623ab6d4,Stadt Lüdenscheid,3,2024-03-07,2024-09-26,1,203
Small IT equipment supply,PROCUREMENT_BROKERAGE,TenderNed,Netherlands,buy_d462411c73d992aa3632,"Ministerie van Economische Zaken, Rijksdienst voor Ondernemend Nederland (RVO)",3,2023-08-10,2024-09-26,2,413
Website design / redesign,WEB_DIGITAL,United Kingdom,United Kingdom,buy_da1d69f1fdd8afd3eb06,Department of Health and Social Care,3,2023-12-05,2024-09-26,2,296
Transcription / minutes,VIDEO_AUDIO,Germany,Germany,buy_b1b57993f9d1ccbcbf0b,"Stadt Essen, Zentrales Vergabe- und Beschaffungsmanagement",3,2024-02-19,2024-09-25,1,219
Transcription / minutes,VIDEO_AUDIO,TenderNed,Netherlands,buy_00783d3104fdfee53830,Stichting NHL Stenden Hogeschool,3,2024-04-19,2024-09-20,1,154
Document digitization / scanning,DATA_ADMIN,TenderNed,Netherlands,buy_49de1a67d09f409dd749,Gemeente Land van Cuijk,3,2023-10-04,2024-09-20,2,352
Signage / wayfinding / vinyl,PRINT_BROKERAGE,Quebec,Canada - Quebec,buy_1c73228705220d63c267,Ville de Bécancour.,3,2024-06-14,2024-09-20,1,98
Document digitization / scanning,DATA_ADMIN,Germany,Germany,buy_6ff3cfd0e1387e3058f4,Deutsche Sporthochschule Köln,3,2024-06-06,2024-09-20,1,106
Signage / wayfinding / vinyl,PRINT_BROKERAGE,France,France,buy_f89363cfba4d6386c95e,Communauté d'Agglomération Vichy Communauté,3,2024-06-09,2024-09-19,1,102
Transcription / minutes,VIDEO_AUDIO,Belgium,BE,buy_43a3bd41d8860af3b3935e7c,in BW Association Intercommunale,3,2024-04-19,2024-09-16,1,150
Brochure / flyer / poster printing,PRINT_BROKERAGE,France,France,buy_fec027ad29eb9c9ef577,SDIS44,3,2024-05-19,2024-09-13,1,117
Brochure / flyer / poster printing,PRINT_BROKERAGE,Belgium,BE,buy_68b4348e13ada12556c6750f,Charleroi,3,2023-08-22,2024-09-11,2,386
Brochure / flyer / poster printing,PRINT_BROKERAGE,France,France,buy_a99a9703cc27c8a74890,Ville d'Alençon,3,2023-12-22,2024-09-10,2,263
Transcription / minutes,VIDEO_AUDIO,France,France,buy_4bab45d755d90cbea91d,Collectivité de Corse,3,2024-01-11,2024-09-07,1,240
Signage / wayfinding / vinyl,PRINT_BROKERAGE,France,France,buy_b6d37afefe9bda4f7774,Ville d'Asnières-sur-Seine,3,2023-12-10,2024-09-04,2,269
Video production,VIDEO_AUDIO,Quebec,Canada - Quebec,buy_96b794d02b99495ce5b6,Université Laval,3,2023-08-03,2024-09-04,2,398
Cataloguing / indexing / metadata,DATA_ADMIN,Quebec,Canada - Quebec,buy_dbe26133b9d35630f868,Université de Montréal.,3,2021-11-03,2024-08-30,2,1031
Document digitization / scanning,DATA_ADMIN,Germany,Germany,buy_727f39a19c4b34fa33aa,"Bundesministerium für Digitales und Verkehr, Zentralstelle für externe Leistungen, Servicestelle-Vergabe",3,2024-02-07,2024-08-23,1,198
Brochure / flyer / poster printing,PRINT_BROKERAGE,Quebec,Canada - Quebec,buy_a53a8a658a8e2f1e6978,"Société du Musée d'archéologie et d'histoire de Montréal, Pointe-à-Callière",3,2023-09-06,2024-08-22,2,351
Brochure / flyer / poster printing,PRINT_BROKERAGE,TenderNed,Netherlands,buy_19cfbdef31ea33c39da9,Politie,3,2023-10-13,2024-08-20,2,312
Brochure / flyer / poster printing,PRINT_BROKERAGE,Quebec,Canada - Quebec,buy_245d6e2e4184d7e57952,Ministère de la Sécurité publique,3,2023-11-06,2024-08-19,2,287
Document digitization / scanning,DATA_ADMIN,Quebec,Canada - Quebec,buy_082c940124cf872218b6,Bibliothèque et Archives nationales du Québec,3,2024-01-09,2024-08-16,1,220
Signage / wayfinding / vinyl,PRINT_BROKERAGE,Belgium,BE,buy_f7105b624ef056aca971cb10,skeyes,3,2023-08-22,2024-08-14,2,358
Transcription / minutes,VIDEO_AUDIO,Canada federal,Canada,buy_22a40e224f9adfd45769,Natural Resources Canada,3,2023-12-07,2024-08-13,2,250
Small IT equipment supply,PROCUREMENT_BROKERAGE,Ireland,Ireland,buy_9681a525fb36a17a6816,Donegal Education and Training Board,3,2023-08-16,2024-08-07,2,357
Website design / redesign,WEB_DIGITAL,Quebec,Canada - Quebec,buy_78dfd7b9f65fb65fb074,Université de Sherbrooke -Service des ressources financières- Section de l'approvisionnement,3,2024-04-18,2024-08-07,1,111
Copywriting / editorial content,CONTENT_DESIGN,Quebec,Canada - Quebec,buy_a88d36c76ab8675faa01,Ville de Montréal - Arrondissement de Mercier–Hochelaga-Maisonneuve,3,2024-06-26,2024-08-02,1,37
Website design / redesign,WEB_DIGITAL,Canada federal,Canada,buy_ba1dabfa5d37dbfb0d6f,Employment and Social Development Canada,3,2024-05-23,2024-08-02,1,71
Microsites / campaign landing pages,WEB_DIGITAL,TED,ESP,buy_262acb26bfbdf5a4121e,Sociedad Pública de Gestión y Promoción Turística y Cultural del Principado de Asturias S.A.U.,3,2024-06-20,2024-08-01,1,42
Document digitization / scanning,DATA_ADMIN,Germany,Germany,buy_3b7e111ae617e9371ca3,"Bundesministerium für Umwelt, Naturschutz, nukleare Sicherheit und Verbraucherschutz",3,2024-03-20,2024-07-30,1,132
Brochure / flyer / poster printing,PRINT_BROKERAGE,France,France,buy_787c5e9119d3b6bc6e2f,Commune de Sainte-Maxime,3,2024-03-19,2024-07-29,1,132
Brochure / flyer / poster printing,PRINT_BROKERAGE,TenderNed,Netherlands,buy_952ce065abf0b13fe41a,Gemeente Utrecht,3,2024-07-07,2024-07-28,1,21
Transcription / minutes,VIDEO_AUDIO,Quebec,Canada - Quebec,buy_245d6e2e4184d7e57952,Ministère de la Sécurité publique,3,2024-03-21,2024-07-26,1,127
Document digitization / scanning,DATA_ADMIN,Germany,Germany,buy_3c29de9b05d2ba401965,Handwerkskammer für Unterfranken,3,2024-05-04,2024-07-26,1,83
Document digitization / scanning,DATA_ADMIN,Germany,Germany,buy_c3ef62c59e0a04158bf8,"Universität Kassel, vertreten durch die Präsidentin",3,2024-04-18,2024-07-24,1,97
Website design / redesign,WEB_DIGITAL,Belgium,BE,buy_81899e3a5589a32b4007c79d,VITO,3,2024-04-18,2024-07-23,1,96
E-learning / training content,TRAINING,Germany,Germany,buy_2436201d07bb8091b96c,SIS - Schweriner IT- und Servicegesellschaft mbH,3,2023-12-18,2024-07-19,2,214
Brand identity / visual identity,CONTENT_DESIGN,Belgium,BE,buy_7a2917449f9ab0c7be7a3278,Sint-Trudo ziekenhuis,3,2024-01-21,2024-07-17,1,178
Transcription / minutes,VIDEO_AUDIO,Quebec,Canada - Quebec,buy_08b8bbed2ab8c30f000f,Cégep de Rosemont,3,2023-08-17,2024-07-16,2,334
Signage / wayfinding / vinyl,PRINT_BROKERAGE,Quebec,Canada - Quebec,buy_c8140fc7e740b299a837,"MTQ - Direction de la qualification des produits, de l'approvisionnement et des opérations contractuelles centralisées",3,2023-09-19,2024-07-11,2,296
Signage / wayfinding / vinyl,PRINT_BROKERAGE,Belgium,BE,buy_db7b595bdbbf81f2ff694130,Province de Namur - Service des marchés publics,3,2024-01-28,2024-07-08,1,162
Signage / wayfinding / vinyl,PRINT_BROKERAGE,France,France,buy_db066678ce647508b942,Communauté de communes de l'Oisans,3,2023-12-20,2024-07-05,2,198
Brochure / flyer / poster printing,PRINT_BROKERAGE,France,France,buy_bc74b93835a7416d2cff,RTM - Régie des Transports Métropolitains,3,2024-02-15,2024-07-04,1,140
Document digitization / scanning,DATA_ADMIN,Germany,Germany,buy_c8ea971c244924e34670,"Bundesrepublik Deutschland, vertreten durch das Beschaffungsamt des BMI",3,2023-11-09,2024-07-04,2,238
Document digitization / scanning,DATA_ADMIN,Germany,Germany,buy_fc0259687403b3ef65b0,SWM Services GmbH,3,2024-06-19,2024-07-03,1,14
Web hosting / domain / SSL,WEB_DIGITAL,Ireland,Ireland,buy_7267d75c9fadac09b12c,Met Eireann,3,2024-02-08,2024-07-03,1,146
Signage / wayfinding / vinyl,PRINT_BROKERAGE,France,France,buy_20fd4ccbdb83a4e0c29a,Région Provence Alpes Côte d'Azur,3,2023-08-24,2024-06-23,2,304
Website design / redesign,WEB_DIGITAL,Canada federal,Canada,buy_f4904499ce3b00a42ede,DGAEPM,3,2023-12-15,2024-06-18,2,186
Brochure / flyer / poster printing,PRINT_BROKERAGE,TenderNed,Netherlands,buy_a15cd0537073f5862cea,Centraal Bureau voor de Statistiek,3,2023-10-04,2024-06-18,2,258
Desk research / information collection,RESEARCH_ADMIN,Quebec,Canada - Quebec,buy_13413aabb8b20d9792d5,Ministère de l'Enseignement supérieur,3,2024-06-14,2024-06-17,1,3
Document digitization / scanning,DATA_ADMIN,France,France,buy_97eadb1634db6ab94c90,Ville de Lyon,3,2023-11-23,2024-06-17,2,207
Document digitization / scanning,DATA_ADMIN,Germany,Germany,buy_6119c2b6f0ae0a53bdaa,Caritas Gesundheit Berlin gGmbH,3,2024-03-06,2024-06-13,1,99
Website design / redesign,WEB_DIGITAL,TenderNed,Netherlands,buy_e774ffc54456e9c36ddd,Gemeente Maashorst,3,2024-03-08,2024-06-09,1,93
Brochure / flyer / poster printing,PRINT_BROKERAGE,Quebec,Canada - Quebec,buy_270fa00f05e04608e50a,Cégep Vanier College.,3,2024-01-09,2024-06-05,1,148
Brand identity / visual identity,CONTENT_DESIGN,Belgium,BE,buy_45f399b72ab307dfa33b78f3,Leuven,3,2023-12-20,2024-06-05,2,168
Document digitization / scanning,DATA_ADMIN,Germany,Germany,buy_0ac3863530851993be38,Deutsches Elektronen Synchrotron DESY,3,2024-02-19,2024-06-04,1,106
Brochure / flyer / poster printing,PRINT_BROKERAGE,France,France,buy_b9c3bf1f749435a0d5ce,ville de Bois d'Arcy,3,2023-10-22,2024-05-27,2,218
Small IT equipment supply,PROCUREMENT_BROKERAGE,TED,BA,buy_ff49d73680e2f9504079,"European Union, represented by the European Commission",3,2023-08-28,2024-05-24,2,270
Graphic design / layout,CONTENT_DESIGN,TED,ITA,buy_811f3d14bc58dffafbdd,COMUNE DI SCIACCA,3,2024-01-22,2024-05-23,1,122
Brochure / flyer / poster printing,PRINT_BROKERAGE,France,France,buy_350139377060895cfff7,Opéra de Dijon,3,2023-09-26,2024-05-22,2,239
Illustration / infographics,CONTENT_DESIGN,Quebec,Canada - Quebec,buy_82d667c76c8f9bdb2754,Ville de Terrebonne,3,2023-08-22,2024-05-21,2,273
Signage / wayfinding / vinyl,PRINT_BROKERAGE,France,France,buy_4bab45d755d90cbea91d,COLLECTIVITE DE CORSE,3,2023-12-08,2024-05-21,2,165
Transcription / minutes,VIDEO_AUDIO,TenderNed,Netherlands,buy_bd753b300c7d7f2e428e,Gemeente Alphen aan den Rijn,3,2023-11-22,2024-05-21,2,181
Brochure / flyer / poster printing,PRINT_BROKERAGE,France,France,buy_03ab2b675ce0aa2d6499,Département de la Réunion,3,2023-11-23,2024-05-19,2,178
Social media content production,CONTENT_DESIGN,France,France,buy_ab6183c44bcb46013a25,METROPOLE DE LYON,3,2023-08-23,2024-05-18,2,269
Document digitization / scanning,DATA_ADMIN,Quebec,Canada - Quebec,buy_2cb69fa86486c4b07aad,Santé Québec - Établissement CIUSSS de l’Est-de-l’Île-de-Montréal,3,2024-03-26,2024-05-17,1,52
Brochure / flyer / poster printing,PRINT_BROKERAGE,TenderNed,Netherlands,buy_ee5053c46f8ae45fe166,Meerinzicht,3,2023-09-14,2024-05-17,2,246
Document digitization / scanning,DATA_ADMIN,France,France,buy_f4eccf280e86b026a47d,GIP RESAH,3,2023-12-11,2024-05-12,2,153
Workflow automation / RPA,AUTOMATION_SOFTWARE,Quebec,Canada - Quebec,buy_20a0d3dbac1bd14a1349,Ministère de la Santé et des Services Sociaux,3,2023-10-10,2024-05-09,2,212
Brochure / flyer / poster printing,PRINT_BROKERAGE,Ireland,Ireland,buy_5b3c5586a0a82deb7c95,University College Cork,3,2023-10-11,2024-05-03,2,205
Document digitization / scanning,DATA_ADMIN,Germany,Germany,buy_47c1d12e635d5e62f258,Fraport AG,3,2024-03-08,2024-05-02,1,55
Brochure / flyer / poster printing,PRINT_BROKERAGE,Germany,Germany,buy_1df26f259dd38da920d2,Bundeszentrale für gesundheitliche Aufklärung (BZgA),3,2023-11-27,2024-05-02,2,157
Small IT equipment supply,PROCUREMENT_BROKERAGE,TenderNed,Netherlands,buy_545aaed4b9374e1ea0b5,Waterschap Rijn en IJssel,3,2024-01-31,2024-04-30,1,90
Signage / wayfinding / vinyl,PRINT_BROKERAGE,France,France,buy_0756458d9a7f097fb318,VILLE DE STRASBOURG,3,2023-10-26,2024-04-26,2,183
Brochure / flyer / poster printing,PRINT_BROKERAGE,France,France,buy_2ab630db05f8e6b4c293,CCI Eure-et-Loir,3,2023-12-29,2024-04-23,2,116
Signage / wayfinding / vinyl,PRINT_BROKERAGE,Quebec,Canada - Quebec,buy_0303cbf5508d82bc18b3,Hydro-Québec.,3,2023-10-26,2024-04-22,2,179
Brochure / flyer / poster printing,PRINT_BROKERAGE,Belgium,BE,buy_a8efa99b047b8252522250dc,visit.brussels,3,2023-10-12,2024-04-22,2,193
Brochure / flyer / poster printing,PRINT_BROKERAGE,France,France,buy_daa60d4d8e034b8b6a62,Musée du quai Branly-Jacques Chirac,3,2023-09-21,2024-04-21,2,213
Signage / wayfinding / vinyl,PRINT_BROKERAGE,France,France,buy_81955eb4a088c0a155ec,Guingamp-Paimpol Agglomération,3,2023-08-09,2024-04-18,2,253
Web hosting / domain / SSL,WEB_DIGITAL,TED,CZ,buy_c4a930e67a7a96fc998a,Den Europæiske Unions Agentur for Rumprogrammet (EUSPA),3,2023-09-07,2024-04-18,2,224
Document digitization / scanning,DATA_ADMIN,TenderNed,Netherlands,buy_6a52b0a82189d174d3ae,Gemeente Haarlemmermeer,3,2023-10-04,2024-04-18,2,197
Website design / redesign,WEB_DIGITAL,TenderNed,Netherlands,buy_e3ae013927ca8d03e5ad,NS Groep N.V.,3,2023-11-03,2024-04-09,2,158
Transcription / minutes,VIDEO_AUDIO,TenderNed,Netherlands,buy_b5a06db4c135e9afe12f,BIJ12 namens IPO,3,2023-12-20,2024-04-03,2,105
Website design / redesign,WEB_DIGITAL,United Kingdom,United Kingdom,buy_59f90063b6c65f65e39b,Paradigm Housing Group,3,2024-01-24,2024-03-28,1,64
Photography,VIDEO_AUDIO,United Kingdom,United Kingdom,buy_e29102a81e3b52b13cea,Leeds Beckett University,3,2023-10-20,2024-03-27,2,159
Brand identity / visual identity,CONTENT_DESIGN,Belgium,BE,buy_8bbe7cfa9f26645a4997cf6f,Provincie Limburg,3,2023-11-10,2024-03-25,2,136
Brochure / flyer / poster printing,PRINT_BROKERAGE,France,France,buy_51b644f9b0975b55ceaf,Communauté d'Agglomération de Lens-Liévin,3,2024-02-23,2024-03-22,1,28
Document digitization / scanning,DATA_ADMIN,Quebec,Canada - Quebec,buy_69b4b0c5801f73def668,Société de l'assurance automobile du Québec .,3,2024-01-05,2024-03-21,1,76
Brochure / flyer / poster printing,PRINT_BROKERAGE,Germany,Germany,buy_cd4c5e653802b8146616,Postbeamtenkrankenkasse,3,2023-12-07,2024-03-20,2,104
Signage / wayfinding / vinyl,PRINT_BROKERAGE,Belgium,BE,buy_86bbb6bce27a4055214dbfb9,Commune de Thimister-Clermont,3,2023-12-22,2024-03-19,2,88
Transcription / minutes,VIDEO_AUDIO,Germany,Germany,buy_c159b7bde4c44e415759,Westdeutscher Rundfunk Köln,3,2023-10-27,2024-03-18,2,143
Copywriting / editorial content,CONTENT_DESIGN,France,France,buy_ab6183c44bcb46013a25,Métropole de Lyon,3,2023-09-14,2024-03-17,2,185
Photography,VIDEO_AUDIO,Canada federal,Canada,buy_22a40e224f9adfd45769,Natural Resources Canada,3,2024-02-05,2024-03-11,1,35
Website design / redesign,WEB_DIGITAL,TenderNed,Netherlands,buy_371229748ac066795bf8,Gemeente Leiden,3,2023-09-28,2024-03-09,2,163
Brochure / flyer / poster printing,PRINT_BROKERAGE,France,France,buy_5692751a69dd4bbd213c,OPH - Var Habitat,3,2023-10-22,2024-03-02,2,132
Brochure / flyer / poster printing,PRINT_BROKERAGE,Belgium,BE,buy_d3309de192d4b3eb6d214e3c,UMONS,3,2023-10-30,2024-02-26,2,119
Signage / wayfinding / vinyl,PRINT_BROKERAGE,Quebec,Canada - Quebec,buy_84fcb66aa0c318852217,Municipalité de Saint-Adolphe-d'Howard.,3,2024-02-21,2024-02-22,1,1
Document digitization / scanning,DATA_ADMIN,Germany,Germany,buy_b5e09976c39b194a37f3,Landesamt für Gesundheit und Lebensmittelsicherheit,3,2024-01-10,2024-02-22,1,43
Transcription / minutes,VIDEO_AUDIO,France,France,buy_946e0a58c4eb84ff6d0c,CENTRE PRIMO LEVI,3,2023-10-29,2024-02-18,2,112
Interpretation services,LANGUAGE,France,France,buy_0e7ecd3d0ea9189ed293,Centre des monuments nationaux,3,2023-12-18,2024-02-14,2,58
Copywriting / editorial content,CONTENT_DESIGN,France,France,buy_a5a48a2821716ae2b29f,Ville de Paris,3,2023-10-25,2024-02-09,2,107
Small IT equipment supply,PROCUREMENT_BROKERAGE,TED,CZ,buy_d32e5f9482c0152cdc76,Česká republika - Ministerstvo financí,3,2023-08-01,2024-01-26,2,178
Signage / wayfinding / vinyl,PRINT_BROKERAGE,Belgium,BE,buy_b40ee726ad97db480fc7ebdb,Société de Logements Publics de la Haute Ardenne,3,2024-01-26,2024-01-26,1,0
Brochure / flyer / poster printing,PRINT_BROKERAGE,Quebec,Canada - Quebec,buy_906400e89784d440c9fb,Ville de Montréal,3,2024-01-22,2024-01-22,1,0
Website design / redesign,WEB_DIGITAL,United Kingdom,United Kingdom,buy_ab77ab43cff5276eec66,Northern Trains Limited,3,2023-09-12,2024-01-22,2,132
Small IT equipment supply,PROCUREMENT_BROKERAGE,TED,CZ,buy_be8060675fe76063e007,Univerzita Jana Evangelisty Purkyně v Ústí nad Labem,3,2023-08-14,2024-01-19,2,158
Desk research / information collection,RESEARCH_ADMIN,Belgium,BE,buy_97305d89848155143af2b37a,SPF Sécurité sociale- DG Coordination des Politiques et Relations internationales,3,2023-12-01,2024-01-17,2,47
Website design / redesign,WEB_DIGITAL,United Kingdom,United Kingdom,buy_accd20282769a7bd5316,Welsh Government,3,2023-08-02,2024-01-15,2,166
Signage / wayfinding / vinyl,PRINT_BROKERAGE,Belgium,BE,buy_de1238916ba733d2678cdbb9,Infrabel - South-West,3,2023-11-10,2024-01-15,2,66
Small IT equipment supply,PROCUREMENT_BROKERAGE,TED,CZ,buy_a4797944d7f409aaa1dd,Česká zemědělská univerzita v Praze,3,2023-08-04,2024-01-12,2,161
Small IT equipment supply,PROCUREMENT_BROKERAGE,TED,IT,buy_8e7491562383326cc19e,Azienda Ospedaliero-Universitaria Città della Salute e della Scienza di Torino,3,2023-08-21,2024-01-12,2,144
Document digitization / scanning,DATA_ADMIN,TED,IT,buy_f5a1c4b54f03a48c1d67,Università di Pisa,3,2023-08-07,2024-01-12,2,158
Brochure / flyer / poster printing,PRINT_BROKERAGE,TED,BG,buy_795265f8e579ccd89dbe,Градски транспорт Добрич ЕООД,3,2023-09-22,2024-01-11,2,111
Small IT equipment supply,PROCUREMENT_BROKERAGE,TED,CZ,buy_22c9b44b6932534d4afa,Česká republika - Ministerstvo zemědělství,3,2023-09-15,2024-01-10,2,117
Small IT equipment supply,PROCUREMENT_BROKERAGE,TED,CZ,buy_6ff9ad44fdef891bf1c9,Národní úřad pro kybernetickou a informační bezpečnost,3,2023-09-29,2024-01-09,2,102
Brochure / flyer / poster printing,PRINT_BROKERAGE,TenderNed,Netherlands,buy_ffa78549501ed9d8e945,Gemeente Schagen,3,2023-11-02,2024-01-08,2,67
Brochure / flyer / poster printing,PRINT_BROKERAGE,France,France,buy_2339d2ea48dfb95d7eef,CARSAT Nord Picardie,3,2023-09-18,2023-12-27,1,100
Online forms / lightweight portals,WEB_DIGITAL,TED,PT,buy_c4716f7337ce9513a6fc,Autoridade Tributária e Aduaneira,3,2023-10-31,2023-12-26,1,56
Small IT equipment supply,PROCUREMENT_BROKERAGE,TED,MK,buy_f8955dfa0bbf550ccd3e,Agencyfor Electronic Communications,3,2023-10-23,2023-12-22,1,60
Brochure / flyer / poster printing,PRINT_BROKERAGE,TED,NO,buy_cf15efb61c01ff1e8ac0,NTNU,3,2023-10-06,2023-12-20,1,75
Small IT equipment supply,PROCUREMENT_BROKERAGE,TED,PL,buy_37c8d6831dd412546a9c,Województwo Kujawsko-Pomorskie,3,2023-09-04,2023-12-13,1,100
Online survey setup,RESEARCH_ADMIN,TenderNed,Netherlands,buy_650b22473932b25525aa,SURF B.V.,3,2023-11-08,2023-12-11,1,33
Transcription / minutes,VIDEO_AUDIO,TED,NO,buy_0775f893c8645c620250,Politiets fellestjenester,3,2023-08-25,2023-12-06,1,103
Brochure / flyer / poster printing,PRINT_BROKERAGE,TED,LU,buy_775862988f8eab5aa4e0,Administration des bâtiments publics,3,2023-09-15,2023-12-06,1,82
Brochure / flyer / poster printing,PRINT_BROKERAGE,TED,MLT,buy_f4182e46d4bc1c514543,Sectoral Procurement Directorate,3,2023-10-27,2023-11-30,1,34
Website design / redesign,WEB_DIGITAL,TED,NO,buy_3d84fe98c80396a30ff8,Miljødirektoratet,3,2023-10-31,2023-11-28,1,28
Brochure / flyer / poster printing,PRINT_BROKERAGE,TED,PT,buy_3cd0e9077e376ac67229,"SPMS - Serviços Partilhados do Ministério da Saúde, E. P. E.",3,2023-10-11,2023-11-24,1,44
Small IT equipment supply,PROCUREMENT_BROKERAGE,TED,RO,buy_1a91a46259f6fde59ecf,MUNICIPIUL DOROHOI,3,2023-11-17,2023-11-17,1,0
Website design / redesign,WEB_DIGITAL,Canada federal,Canada,buy_8aa9570c49232e7964eb,Regional Headquarters - Atlantic,3,2023-09-06,2023-11-15,1,70
Brochure / flyer / poster printing,PRINT_BROKERAGE,Quebec,Canada - Quebec,buy_7aada4060699278a5f52,Ville de Montréal - Service de la culture,3,2021-05-19,2023-11-15,2,910
Brochure / flyer / poster printing,PRINT_BROKERAGE,TenderNed,Netherlands,buy_6efc652d88cc3bdedea5,Christelijke Hogeschool Windesheim,3,2023-08-03,2023-11-15,1,104
Brochure / flyer / poster printing,PRINT_BROKERAGE,TED,RO,buy_93546504f4062b21ced1,SPITALUL JUDETEAN DE URGENTA BUZAU,3,2023-08-16,2023-11-14,1,90
Small IT equipment supply,PROCUREMENT_BROKERAGE,TED,PL,buy_27361e9d7a69dd0cb5e2,Uniwersytet im. Adama Mickiewicza w Poznaniu,3,2023-10-10,2023-11-13,1,34
Brochure / flyer / poster printing,PRINT_BROKERAGE,TED,RO,buy_d8b3f8aeb3ef71c3bb8f,Municipiul Iasi,3,2023-08-08,2023-11-10,1,94
Promotional merchandise / branded items,PRINT_BROKERAGE,France,France,buy_db076ace922a2a179d6c,Conseil Départemental de l AVEYRON,3,2023-08-28,2023-11-10,1,74
Website design / redesign,WEB_DIGITAL,Canada federal,Canada,buy_9201211285c681baacd0,The Correctional Service of Canada,3,2023-09-15,2023-11-06,1,52
Small IT equipment supply,PROCUREMENT_BROKERAGE,TED,PL,buy_b217fb2c27aee4ee3446,Uniwersytet Gdański,3,2023-08-16,2023-11-03,1,79
Small IT equipment supply,PROCUREMENT_BROKERAGE,TED,RO,buy_ee880ec44980778c0b38,UNIVERSITATEA TEHNICA DIN CLUJ NAPOCA,3,2023-08-04,2023-11-03,1,91
Copywriting / editorial content,CONTENT_DESIGN,Belgium,BE,buy_85e6f27d02f2e9c03afa116e,Direction de la Planification de la Mobilité,3,2023-08-04,2023-11-02,1,90
Small IT equipment supply,PROCUREMENT_BROKERAGE,TED,PL,buy_ca3bfe4b780a16c56821,Sieć Badawcza Łukasiewicz - Instytut Technik Innowacyjnych EMAG,3,2023-10-27,2023-10-31,1,4
Signage / wayfinding / vinyl,PRINT_BROKERAGE,Quebec,Canada - Quebec,buy_ca1ee2e1cbdf974ca4de,Casiloc inc,3,2023-09-19,2023-10-26,1,37
Transcription / minutes,VIDEO_AUDIO,TED,RO,buy_125da46378a5d53fc8fe,"Universitatea de Medicina si Farmacie ""Iuliu Hatieganu"" Cluj-Napoca",3,2023-08-01,2023-10-20,1,80
Online forms / lightweight portals,WEB_DIGITAL,TED,ES,buy_488f530816057a5e8df3,Consejería de Educación de la Junta de Castilla y León,3,2023-09-22,2023-10-20,1,28
Small IT equipment supply,PROCUREMENT_BROKERAGE,TED,HU,buy_d22c30aa90ac9ca8bc4e,Nemzeti Média- és Hírközlési Hatóság,3,2023-08-29,2023-10-17,1,49
Online forms / lightweight portals,WEB_DIGITAL,TED,NO,buy_6479f8b03bcfbd1b4171,Digitaliseringsdirektoratet,3,2023-08-11,2023-10-13,1,63
Brochure / flyer / poster printing,PRINT_BROKERAGE,TED,RO,buy_3eb7c674ca058165e7a6,SECTOR 3 (PRIMARIA SECTOR 3 BUCURESTI),3,2023-08-30,2023-10-13,1,44
Document digitization / scanning,DATA_ADMIN,TED,RO,buy_0443d5bb81fcac153186,"Ministerul Dezvoltării, Lucrărilor Publice și Administrației",3,2023-08-09,2023-10-13,1,65
Small IT equipment supply,PROCUREMENT_BROKERAGE,TED,PL,buy_aa06dd74c4e9bcbef0ba,ŚLĄSKI UNIWERSYTET MEDYCZNY W KATOWICACH,3,2023-08-14,2023-10-10,1,57
Small IT equipment supply,PROCUREMENT_BROKERAGE,TED,HU,buy_0a551006726999de762f,Nemzeti Közszolgálati Egyetem,3,2023-08-18,2023-10-09,1,52
Small IT equipment supply,PROCUREMENT_BROKERAGE,TED,PL,buy_ff4e2ab2890ec03f1f61,Górnośląskie Centrum Medyczne im. prof. Leszka Gieca Śląskiego Uniwersytetu Medycznego w Katowicach,3,2023-08-04,2023-10-06,1,63
Brochure / flyer / poster printing,PRINT_BROKERAGE,TED,RO,buy_93625e6dcd9e2a4fb65b,SECTOR 4 (PRIMARIA SECTORULUI 4 BUCURESTI),3,2023-08-02,2023-10-06,1,65
Small IT equipment supply,PROCUREMENT_BROKERAGE,TED,PL,buy_834ff8a259dcfa7c3d0f,Komenda Główna Policji,3,2023-08-14,2023-10-03,1,50
Small IT equipment supply,PROCUREMENT_BROKERAGE,TED,PL,buy_291d8e52ce31f8264295,Centrum Usług Informatycznych we Wrocławiu,3,2023-08-07,2023-09-27,1,51
Website design / redesign,WEB_DIGITAL,Canada federal,Canada,buy_39aa195ea05ba8c82500,"Group, PSPC",3,2023-08-10,2023-09-21,1,42
Small IT equipment supply,PROCUREMENT_BROKERAGE,TED,PL,buy_cc6a8cc2c30be7a1af4d,Uniwersytet Jana Długosza w Częstochowie,3,2023-08-08,2023-09-15,1,38
Brochure / flyer / poster printing,PRINT_BROKERAGE,TED,LV,buy_699d97ad6f5b44ba6f5a,Rīgas Stradiņa universitāte,3,2023-08-01,2023-09-15,1,45
Small IT equipment supply,PROCUREMENT_BROKERAGE,TED,PL,buy_1e2f1338add8c2a4f8ef,Samodzielny Publiczny Szpital Kliniczny nr 4 w Lublinie,3,2023-08-04,2023-09-11,1,38
