Niche,Macro_Category,Historical_Tender_ID,Title,Buyer_ID,Buyer_Name,Country,Warehouse_Source,Publication_Date,Deadline,Category,Subcategory,Currency,Official_Estimated_Value,Source_URL,Source_Reference
AI chatbot / assistant,AUTOMATION_SOFTWARE,ten_841088b103219fea421b,KI Chatbot,,,Germany,Germany,2026-07-29,2026-07-14,Automation / software,Software / automation,EUR,,,
AI chatbot / assistant,AUTOMATION_SOFTWARE,bel_74ff8b362afd73717fc5353e,"Services de développement de projets et de logiciels — API, SOA et UX/UI, chatbot et IA",buy_84460e4188188af2e16ee0d0,DIRECTION GÉNÉRALE SIMPLIFICATION & DIGITALISATION,BE,Belgium,2026-07-15,2026-09-16,,,,,https://www.publicprocurement.be/publication-workspaces/68ba25c6-604d-4dd9-833b-c05842fef206,
AI chatbot / assistant,AUTOMATION_SOFTWARE,ted_c2b73bb25d8dbc14d396,„AI Dokumentacja chatbot”,buy_e4d061caa68fce2f60e7,Samodzielny Publiczny Zakład Opieki Zdrowotnej Ministerstwa Spraw Wewnętrznych i Administracji w Białymstoku im. Mariana Zyndrama-Kościałkowskiego,POL,TED,2026-07-13,,Automation / software,IT services / software,,,,
AI chatbot / assistant,AUTOMATION_SOFTWARE,ted_62aa8b911d9c4a396406,Contrato de Servicios (CONTR 2026 0000253907),buy_841549a12d17237ad802,Servicio Andaluz de Salud. Servicios Centrales,ESP,TED,2026-07-10,2026-08-13,Automation / software,Software / automation,EUR,12917826.72,,
AI chatbot / assistant,AUTOMATION_SOFTWARE,ted_77e969a112b491d66b49,Tietopyyntö: AI-pohjainen asiointiapuri,buy_21d608cefc7ad1917578,HUS-yhtymä,FIN,TED,2026-07-05,,Automation / software,IT services / software,,,,
AI chatbot / assistant,AUTOMATION_SOFTWARE,ted_fd6278c78c7bb61c6814,Metsänhoidon suositusten digitaalisen järjestelmän ylläpito ja jatkokehitys,buy_b25d30d271157ab27322,Tapio Oy,FIN,TED,2026-07-02,2026-08-17,Automation / software,IT services / software,EUR,1500000.0,,
AI chatbot / assistant,AUTOMATION_SOFTWARE,ted_a59d94e540cabaeed6e7,Usługa centrum wsparcia CSIRE jako rozwiązanie docelowe.,buy_e4d061caa68fce2f60e7,Polskie Sieci Elektroenergetyczne S.A.,POL,TED,2026-06-29,2026-08-06,Other,UNKNOWN,,,,
AI chatbot / assistant,AUTOMATION_SOFTWARE,tn_994a9395a0730a0eae18,Europese aanbesteding Artificial Intelligence Chatbot (AI-chatbot),buy_420abc0eaa339a723072,Regisseur Studenten Reisrecht B.V.,Netherlands,TenderNed,2026-06-25,2026-11-20,Automation / software,IT services / software,UNKNOWN,,https://www.tenderned.nl/tenderned-tap/aankondigingen/430496,
AI chatbot / assistant,AUTOMATION_SOFTWARE,bel_fe4eeabcc147f2b9ab61278f,Implementatie persoonlijke AI-assistenten en chatbot voor gemeentelijke websites,buy_7f28e3971ebec0646728ec21,Haacht,BE,Belgium,2026-06-08,,,,,,https://www.publicprocurement.be/publication-workspaces/bc6767ac-70d4-4fe2-a53a-6d1908e172b3,
AI chatbot / assistant,AUTOMATION_SOFTWARE,ten_00e9b96c35ba715911f9,Chatbot,,,Germany,Germany,2026-06-03,2026-06-24,Automation / software,IT services / software,EUR,,,
AI chatbot / assistant,AUTOMATION_SOFTWARE,ted_c1e2afdacb321b6b1392,"„Zakup chmury na potrzeby kopii Baz danych, Integracja EDM z P1, Zakup chmury na potrzeby EDM i indeksowanie, AI Dokumentacja chatbot”",buy_e4d061caa68fce2f60e7,Samodzielny Publiczny Zakład Opieki Zdrowotnej Ministerstwa Spraw Wewnętrznych i Administracji w Białymstoku im. Mariana Zyndrama-Kościałkowskiego,POL,TED,2026-06-02,,Automation / software,IT services / software,,,,
AI chatbot / assistant,AUTOMATION_SOFTWARE,ted_fce1554b6827f1ebf807,Soporte experto de fabricante Stratio Generative AI Data Fabric,buy_262acb26bfbdf5a4121e,Entidad Pública Aragonesa de Servicios Telemáticos,ESP,TED,2026-05-26,,Automation / software,IT services / software,,,,
Animation / motion design,VIDEO_AUDIO,ted_8030f1b008d17dc0f2d2,Acuerdo Marco para la prestación de servicios de apoyo a la comunicación digital de Fundació Barcelona Mobile World Capital Foundation (A/F202611/S),buy_262acb26bfbdf5a4121e,Fundació Barcelona Mobile World Capital Foundation,ESP,TED,2026-07-22,2026-09-09,Creative / communications,Design / publishing,EUR,321000.0,,
Animation / motion design,VIDEO_AUDIO,ten_a2301897470c7a881fef,"Réalisation de prestations audiovisuelles, animation en motion design ou en flat design pour le compte de France Éducation international (FEI)",buy_6ad2b42f829b166ca10a,France Éducation international,France,France,2026-07-05,,Creative / communications,Design / publishing,EUR,,,
Animation / motion design,VIDEO_AUDIO,ten_28a1a368cf5d33749751,"REALISATION DE FILMS ET REPORTAGES , DE MOTION DESIGN POUR LES BESOINS DE LA CAISSE DES DEPOTS",buy_8d688fc6661ba3a52095,CAISSE DES DEPOTS,France,France,2026-04-26,2026-05-18,Other,Services,EUR,,,
Animation / motion design,VIDEO_AUDIO,ten_7042768e44b9b71a9553,Services de conception et de production de capsules vidéo en motion design,buy_9bf5fc70c0f0c9b3c1df,Vérificateur général du Québec,Canada - Quebec,Quebec,2026-04-22,2026-05-13,Creative / communications,Design / publishing,CAD,,,
Animation / motion design,VIDEO_AUDIO,ten_b717b81e08a620a8f967,Réalisation de prestations vidéo pour Tisséo Collectivités (vidéo et/ou en motion design),buy_6ca4735193904d6609d6,Tisséo Collectivités (Syndicat Mixte des Transports de l'Agglomération Toulousaine),France,France,2026-04-17,2026-05-27,Creative / communications,Design / publishing,EUR,,,
Animation / motion design,VIDEO_AUDIO,bel_9b6f3cac4985859405aa8852,Video's en animaties,buy_b2bb3392d16d9c4190463be7,Sibelga,BE,Belgium,2026-02-02,,,,,,https://www.publicprocurement.be/publication-workspaces/081abe13-47a9-4e5d-b0ff-e02fd55d7b96,
Animation / motion design,VIDEO_AUDIO,ten_8bee2dbf44ae2f8c0e76,Recrutement des formateurs externes en prestataires indépendants 2025-2026 en charge de la formation des stagiaires des 5 niveaux en audiovisuel création digitale jeu vidéo animation 2D animation 3D,buy_f8595de960b2e2fee518,INSTITUT DE L'IMAGE DE L'OCEAN INDIEN,France,France,2025-09-25,2025-10-20,Creative / communications,Design / publishing,EUR,,,
Animation / motion design,VIDEO_AUDIO,ten_390193771cc3c0696eeb,Conception et production d’animations en motion design,buy_69b4b0c5801f73def668,Société de l'assurance automobile du Québec .,Canada - Quebec,Quebec,2025-09-08,2025-10-14,Creative / communications,Design / publishing,CAD,,,
Animation / motion design,VIDEO_AUDIO,ten_7a24893eb48240b0f5cb,"Réalisation de captations, reportages vidéo et de films d'animation en motion design pour la Région Normandie",buy_11fe3b9fa2f09fbe6dc3,REGION NORMANDIE,France,France,2025-08-10,2025-06-11,Creative / communications,Design / publishing,EUR,,,
Animation / motion design,VIDEO_AUDIO,ten_58757937c6b0b9597a77,Réalisation de prestations audiovisuelles en motion design ou en flat design pour le compte de France Éducation international (FEI),buy_6ad2b42f829b166ca10a,France Education International,France,France,2025-07-09,2025-10-10,Creative / communications,Design / publishing,EUR,,,
Animation / motion design,VIDEO_AUDIO,ten_589549d66612cbc9ee50,La conception et la réalisation de films en motion design.-.,buy_871fb333004b57603461,Collectivité,France,France,2025-01-30,,Monitoring / research,Monitoring / analysis,EUR,,,
Animation / motion design,VIDEO_AUDIO,ten_15805bbf14ab048d0b75,Captation Vidéo / Motion design sur le continent africain,buy_2249dfdc5b43fad04106,Agence Française de Développement,France,France,2024-12-08,2024-08-30,Creative / communications,Design / publishing,EUR,,,
Annual report / publication layout,CONTENT_DESIGN,ten_5620c1507fe23230dcaf,Severn Trent Water Annual Report and Accounts,buy_3eaaaf2e26f52b974089,SEVERN TRENT WATER LIMITED,United Kingdom,United Kingdom,2026-07-29,2026-08-25,Creative / communications,Design / publishing,GBP,600000.0,,
Annual report / publication layout,CONTENT_DESIGN,ted_87881aa4762145caa4a2,"New Rjukan treatment facility, collaboration contract",buy_581df20f038735ed5497,Tinn kommune,NOR,TED,2026-06-12,,Other,UNKNOWN,,,,
Annual report / publication layout,CONTENT_DESIGN,ted_d6e162aa88b37743c23f,Training in alternative training arena - Østfold,buy_581df20f038735ed5497,"Anskaffelser i Akershus, Buskerud og Østfold KO",NOR,TED,2026-06-08,2026-07-03,Other,UNKNOWN,,,,
Annual report / publication layout,CONTENT_DESIGN,ten_aa6e8767cabc992f174c,Rapport annuel état infrastructures et intégration technologique,buy_94bbb2527fc55747223a,Ville de Shawinigan,Canada - Quebec,Quebec,2026-05-29,,Other,UNKNOWN,CAD,,,
Annual report / publication layout,CONTENT_DESIGN,ten_365c208d612e8f938e8a,"NRW Statutory Financial Audit of Annual Report and Accounts, IDD Accounts",buy_078068ab3d39eaeed570,Natural Resources Wales,United Kingdom,United Kingdom,2026-04-22,,Creative / communications,Design / publishing,GBP,,,
Annual report / publication layout,CONTENT_DESIGN,ted_aacb50794ff3434168b8,Framework agreement internal audit services - Helsedir,buy_581df20f038735ed5497,Norsk Helsenett SF,NOR,TED,2026-04-15,2026-05-19,Creative / communications,Design / publishing,NOK,40000000.0,,
Annual report / publication layout,CONTENT_DESIGN,ted_41f9779192702c15faa9,Framework agreement internal audit services,buy_581df20f038735ed5497,Norad – Direktoratet for utviklingssamarbeid,NOR,TED,2026-03-24,2026-04-23,Other,UNKNOWN,NOK,15000000.0,,
Annual report / publication layout,CONTENT_DESIGN,bel_1b2c89f3a5260446984a1a09,Support copywriting et infographie pour le rapport annuel de durabilité,buy_6b3f3d8c0601b4a006f6ec16,SNCB-Procurement,BE,Belgium,2026-02-23,,,,,,https://www.publicprocurement.be/publication-workspaces/dd266335-6c47-4718-86a9-8fb0b4ea51ee,
Annual report / publication layout,CONTENT_DESIGN,bel_57d02ed4d4806ad36c34a628,Photos,buy_b2bb3392d16d9c4190463be7,Sibelga,BE,Belgium,2026-02-02,,,,,,https://www.publicprocurement.be/publication-workspaces/ef1281af-8882-40a9-9885-9a4b4588a80e,
Annual report / publication layout,CONTENT_DESIGN,bel_1c5a174bfd6db9a44a98b011,"Conception, photographie, illustration et prépresse du rapport annuel",buy_04c059d20a2ee3d20bdbaffe,FSMA,BE,Belgium,2026-01-19,,,,,,https://www.publicprocurement.be/publication-workspaces/6d05e173-3e64-4ede-9ace-436e7cd214c9,
Annual report / publication layout,CONTENT_DESIGN,bel_9dc4b5d92cb014915c79f8a1,Impression et livraison du rapport annuel,buy_04c059d20a2ee3d20bdbaffe,FSMA,BE,Belgium,2025-12-11,,,,,,https://www.publicprocurement.be/publication-workspaces/26e5d08a-f608-4146-a93a-f9be9651cc76,
Annual report / publication layout,CONTENT_DESIGN,ten_fe8b2b06abec2173f29e,PS25278 - Re-commissioning & report design,buy_e55cc49c62224cdd58a2,UK Research and Innovation,United Kingdom,United Kingdom,2025-11-12,,Other,UNKNOWN,GBP,,,
Brand identity / visual identity,CONTENT_DESIGN,ted_d612beb79122efae2b85,"Achiziție servicii de marketing, branding și promovare pentru lansarea pe piață a platformei de mobilitate urbană RINO (ride-hailing / shared mobility) și a aplicațiilor mobile aferente",buy_56f10621e0007ccb73ca,PROPTECH INDUSTRY SRL,ROU,TED,2026-08-04,2026-09-08,Printing,Print / routing,RON,1245597.1,,
Brand identity / visual identity,CONTENT_DESIGN,bel_e5f41116f77e9d3f89a52743,RO Bibbalie altijd en zelfstandig,buy_e200b996fe0fe20c807e8ca0,AG Digipolis Antwerpen,BE,Belgium,2026-07-29,2026-08-20,,,,,https://www.publicprocurement.be/publication-workspaces/21aedbf7-761e-4de0-b165-02a14770f162,
Brand identity / visual identity,CONTENT_DESIGN,ten_8fc29ac574824c531cdd,Branding and Intellectual Property Rights Review,buy_b36c3c47ce15e437480b,The Mayor and Commonalty and Citizens of the City of London,United Kingdom,United Kingdom,2026-07-24,2026-08-19,Other,UNKNOWN,GBP,90000.0,,
Brand identity / visual identity,CONTENT_DESIGN,bel_34b5e766d01d3a932f95357f,Accompagnement à la mise en oeuvre du Plan Communal de Mobilité,buy_3502bdfe00c1e0a6a5f83522,Court-Saint-Etienne,BE,Belgium,2026-07-24,2026-08-03,,,,,https://www.publicprocurement.be/publication-workspaces/9e6f3585-ea15-41b7-b1c5-6ba21be91207,
Brand identity / visual identity,CONTENT_DESIGN,ten_eeabe0a6f7491f22b796,Refonte de l'identité visuelle et du territoire de marque du Domaine national de Chambord,buy_0ce337143fa0524c3887,Domaine national de Chambord,France,France,2026-07-21,2026-08-21,Creative / communications,Design / publishing,EUR,,,
Brand identity / visual identity,CONTENT_DESIGN,bel_82f4c596bc74fc9db5122671,"De jaarlijkse, geïntegreerde employer branding– en rekruteringscampagne via een multimediale aanpak (print, digitaal, radio en events), gericht op de promotie van FOD Financiën als aantrekkelijke werkgever op de Belgische arbeidsmarkt",buy_6e5defc06b84a0891cdd18fe,SPF FIN - Division Marchés Publics,BE,Belgium,2026-07-21,2026-09-17,,,,,https://www.publicprocurement.be/publication-workspaces/6286c92a-718f-4d6f-9122-c42a159bb3be,
Brand identity / visual identity,CONTENT_DESIGN,ten_85f3bfeb8f2ae466016f,Erarbeitung einer neuen Personalstrategie inkl. Employer Branding für die AVL GmbH,,,Germany,Germany,2026-07-20,2026-08-21,Other,UNKNOWN,EUR,,,
Brand identity / visual identity,CONTENT_DESIGN,bel_e3f6213ce2b4cab1479bdd94,aankoop van belettering dienstwagens en  het occasioneel aanbrengen,buy_6300cf013e82bead4dd4b001,Federatie van Wit-Gele Kruisverenigingen van Vlaanderen,BE,Belgium,2026-07-20,2026-07-27,,,,,https://www.publicprocurement.be/publication-workspaces/a1507e4f-e646-4b8f-ae3e-f142da11d4dd,
Brand identity / visual identity,CONTENT_DESIGN,ten_beb1a9a2c8d81932ee6a,REMPLACEMENT DE LA SIGNALETIQUE A L’AEROGARE selon la nouvelle charte graphique qui permettra d’améliorer l’orientation des passagers.,buy_e0dbac63da1cc95b894c,Aéroport de Bâle Mulhouse (68),France,France,2026-07-15,2026-09-15,Creative / communications,Design / publishing,EUR,,,
Brand identity / visual identity,CONTENT_DESIGN,bel_de5ca1e831fd94dc5bc39dce,Création d'une plateforme de marque,buy_876811305d538dfd4b065900,SPI(3p),BE,Belgium,2026-07-15,,,,,,https://www.publicprocurement.be/publication-workspaces/d629be2a-64cb-4ce9-8ef5-fa558931dfcc,
Brand identity / visual identity,CONTENT_DESIGN,bel_b0a32e09537841aff19f225b,Marketingpartner employer branding,buy_88ef80e80598716814efc560,North Sea Port Flanders nv van publiek recht,BE,Belgium,2026-07-14,,,,,,https://www.publicprocurement.be/publication-workspaces/fc075193-9eac-4853-878d-1e3c88dbe3eb,
Brand identity / visual identity,CONTENT_DESIGN,ten_cd37bc208c0cc6933133,Healthy Homes Branding and Communications,buy_21ed95af88729c37bce1,London Borough of Hammersmith and Fuham,United Kingdom,United Kingdom,2026-07-10,,Other,UNKNOWN,GBP,,,
Brochure / flyer / poster printing,PRINT_BROKERAGE,ted_070288e7fdcfafcba522,Nákup tiskového řešení pro Kancelář Senátu,buy_85fe87d2665464f38efa,Česká republika - Kancelář Senátu,CZE,TED,2026-08-12,2026-09-18,Printing,Print / routing,CZK,6770000.0,,
Brochure / flyer / poster printing,PRINT_BROKERAGE,ted_150029036bdb1c5ce94d,Provision of layout services,buy_811f3d14bc58dffafbdd,European Training Foundation (ETF),ITA,TED,2026-08-12,2026-09-21,Creative / communications,Design / publishing,EUR,180000.0,,
Brochure / flyer / poster printing,PRINT_BROKERAGE,ted_7f376aa64e052617c922,"Furnizare Medicamente – 2 – 2026 – DCI ‚,SEBELIPASE ALFA 2MG/ML’’",buy_56f10621e0007ccb73ca,Spitalul Clinic de Urgenta pentru Copii Cluj-Napoca,ROU,TED,2026-08-12,2026-09-11,Printing,Print / routing,RON,16224942.72,,
Brochure / flyer / poster printing,PRINT_BROKERAGE,ted_5c4f2be4932722296d0b,"Execuție lucrări pentru obiectivul „Creșterea eficienței energetice a clădirilor rezidențiale din Municipiul Lupeni, Blocul 16, strada Bărbăteni”, Cod SMIS 348078",buy_56f10621e0007ccb73ca,Municipiul Lupeni,ROU,TED,2026-08-11,2026-09-14,Printing,Print / routing,RON,5591384.23,,
Brochure / flyer / poster printing,PRINT_BROKERAGE,ted_f81db9d92e84820d64f5,"Framework agreement for periodicals, printed and electronic",buy_581df20f038735ed5497,UNIVERSITY OF INLAND NORWAY,NOR,TED,2026-08-10,2026-09-15,Printing,Print / routing,,,,
Brochure / flyer / poster printing,PRINT_BROKERAGE,ted_0f27bb99d6c9fa1cda28,Tonere și consumabile pentru imprimante pentru departamentele care nu au fost cuprinse in contractul de servicii de printare,buy_56f10621e0007ccb73ca,MUNICIPIUL ARAD,ROU,TED,2026-08-07,2026-09-11,Printing,Print / routing,RON,49586.77,,
Brochure / flyer / poster printing,PRINT_BROKERAGE,ted_59f860c5e27d9e65da27,Proiectare si Executie Lucrări pentru obiectivul de investiție “CONSTRUIRE PASAJ RUTIER CARTIER TRACTORUL-BDUL.GRIVIȚEI ȘI LEGĂTURI INTRE I.C. BRĂTIANU ȘI BDUL. GRIVIȚEI”,buy_56f10621e0007ccb73ca,MUNICIPIUL BRASOV,ROU,TED,2026-08-06,2026-09-10,Printing,Print / routing,RON,59270040.41,,
Brochure / flyer / poster printing,PRINT_BROKERAGE,ted_5bd3e2bced7b23ba03f4,"Execuție lucrări pentru obiectivul ”Eficientizare energetică clădiri rezidențiale în Municipiul Lupeni, Bloc F3, Strada Bucura” Cod SMIS 348068",buy_56f10621e0007ccb73ca,Municipiul Lupeni,ROU,TED,2026-08-06,2026-09-09,Printing,Print / routing,RON,3392320.49,,
Brochure / flyer / poster printing,PRINT_BROKERAGE,ted_853ac958d955b1a90f66,Kommunikationstjänster,buy_3d59e3bbb5e2f64301ba,Räddningstjänsten Östra Götaland,SWE,TED,2026-08-06,2026-09-11,Printing,Print / routing,SEK,4000000.0,,
Brochure / flyer / poster printing,PRINT_BROKERAGE,ted_3a2499b40f0edb777119,Stivuitoare și electrocare prin contractarea unei finanțări de tip leasing financiar,buy_56f10621e0007ccb73ca,NUCLEARELECTRICA SERV S.R.L.,ROU,TED,2026-08-05,2026-09-14,Printing,Print / routing,RON,572832.5,,
Brochure / flyer / poster printing,PRINT_BROKERAGE,ted_0a1ce554f7f1bc88db9d,"SPD2/2026/013 - FRAMEWORK CONTRACT FOR THE SUPPLY, DELIVERY AND INSTALLATION OF SEVENTY-TWO (72) LEASED ENERGY-EFFICIENT PRINTERS AND MULTIFUNCTION DEVICES, INCLUDING A FULL SERVICE AND MAINTENANCE AGREEMENT (FSMA), FOR IDENTITÀ",buy_49603fbd0efcf57ee39e,Sectoral Procurement Directorate,MLT,TED,2026-08-03,2026-09-07,Printing,Print / routing,EUR,385000.0,,
Brochure / flyer / poster printing,PRINT_BROKERAGE,ted_af316786c0afc55e96cd,"Mijloace de mobilitate terestră pentru proiectul „Efficient Management of CBRN Emergencies Caused by Natural Disaster (CBRN Guard) – ROMD00078” LOT nr. 1 - 1 cpl. ,,Autovehicul cu capacitatea de 17+1 locuri” LOT nr. 2 - 3 cpl. ,,Autovehicul de patrulare 8+1 locuri” LOT nr. 3 - 1 cpl. ,,Cvadriciclu - ATV”",buy_56f10621e0007ccb73ca,Unitatea Militara 0908 IASI,ROU,TED,2026-08-03,2026-09-07,Printing,Print / routing,RON,1296363.64,,
CMS development / migration,WEB_DIGITAL,ten_0694122ab6739115caf7,"New SAP Business Objects Licenses, Installation, Upgrade, Migration and Web Intelligence User Training and Ongoing Support",buy_0cb3669d89fe10d7c694,Epping Forest District Council,United Kingdom,United Kingdom,2026-07-30,,Other,UNKNOWN,GBP,,,
CMS development / migration,WEB_DIGITAL,ten_0700d409ec2d3cb171b1,Wartungsvertrag TYPO3 und Webserver,,,Germany,Germany,2026-07-30,,Automation / software,IT services / software,EUR,,,
CMS development / migration,WEB_DIGITAL,ten_3b29969fd798db2c5097,Component Content Management System (CCMS),buy_a19d53cc25f83c792ad1,National Research Council of Canada (NRC),Canada,Canada federal,2026-07-28,2026-08-12,Other,*Content management software,CAD,,,
CMS development / migration,WEB_DIGITAL,ted_939ae25cc288bc97f92f,"Servicio de conceptualización, diseño, programación, contenidos y mantenimiento técnico de webs de la Gerencia de Área",buy_262acb26bfbdf5a4121e,AYUNTAMIENTO DE BARCELONA,ESP,TED,2026-07-20,,Automation / software,IT services / software,EUR,440695.71,,
CMS development / migration,WEB_DIGITAL,ten_c4d1eefebd6246fdbd3e,Hébergement et tierce maintenance applicative des sites internet du Sénat sous TYPO3,buy_f3140314dfd5b71717e7,Sénat,France,France,2026-07-19,,Other,Services,EUR,,,
CMS development / migration,WEB_DIGITAL,ten_6b64d6e1a7d1051476b5,EU_1038 - SSJ Drupal Bureau2025-6,,,United Kingdom,United Kingdom,2026-07-09,,Other,UNKNOWN,GBP,,,
CMS development / migration,WEB_DIGITAL,ten_96dd0b2cc37bea837b47,Pflege und Weiterentwicklung TYPO3,,,Germany,Germany,2026-07-02,2026-08-31,Automation / software,IT services / software,EUR,,,
CMS development / migration,WEB_DIGITAL,ted_e77880f45ba3d46c0ebc,"Contrato de servicios de mantenimiento (preventivo y correctivo), soporte técnico, desarrollo evolutivo y formación para portales Drupal de la Universidad de Jaén.",buy_262acb26bfbdf5a4121e,Rectorado de la Universidad de Jaén,ESP,TED,2026-06-22,2026-07-22,Automation / software,IT services / software,EUR,224010.0,,
CMS development / migration,WEB_DIGITAL,ten_b6d69f4742b5fee43312,Konzeption und technische Implementierung eines Joomla!-basierten Intranets,,,Germany,Germany,2026-06-19,2026-07-09,Automation / software,IT services / software,EUR,,,
CMS development / migration,WEB_DIGITAL,ted_df5e97faea4e9afb4d08,"Oulun yliopisto, Drupal-julkaisujärjestelmän tukipalvelu-, ylläpito- ja jatkokehitystyö",buy_b25d30d271157ab27322,Oulun yliopisto,FIN,TED,2026-06-15,2026-08-21,Automation / software,IT services / software,,,,
CMS development / migration,WEB_DIGITAL,ted_2dd4417ba8fccab61ca8,Kampanjasivusto-julkaisualustan hankinta,buy_b25d30d271157ab27322,Vantaan kaupunki,FIN,TED,2026-06-08,2026-07-29,Automation / software,IT services / software,EUR,255000.0,,
CMS development / migration,WEB_DIGITAL,ten_009f55a9819c1e626299,Typo3 Entwickler/Systemspezialist (Senior Softwareentwickler),,,Germany,Germany,2026-06-08,2026-06-22,Automation / software,Software / automation,EUR,,,
Cataloguing / indexing / metadata,DATA_ADMIN,bel_3c750ec757e82243efb99b18,Location de copieurs multi-fonction et d'imprimantes pour l'administration communale,buy_1c77e4e9df8a14898ae51203,Verviers,BE,Belgium,2026-07-13,2026-08-24,,,,,https://www.publicprocurement.be/publication-workspaces/6d5785a4-1d97-4641-819e-54a02c2871f2,
Cataloguing / indexing / metadata,DATA_ADMIN,ten_729e69e6e8e9eb643950,"Prestations de catalogage dans le SUDOC pour la Direction de la Documentation, du Patrimoine et des Archives de l’Ecole Nationale des Ponts et Chaussées",buy_c7e239d548230356d440,Ecole Nationale des Ponts et Chaussées,France,France,2026-06-02,2026-02-03,Other,Services,EUR,,,
Cataloguing / indexing / metadata,DATA_ADMIN,ten_0eba120ff0637092b679,EUSST - Cataloguing,buy_9f97de04a4269610b8c0,Deutsches Zentrum für Luft- und Raumfahrt e.V. (DLR),Germany,Germany,2026-05-15,2026-07-02,Other,UNKNOWN,EUR,,,
Cataloguing / indexing / metadata,DATA_ADMIN,ten_148b232492009b675957,RI-GSI-26-01 – Catalogage des données géospatiales,buy_59f73c393d8199c14a0e,Ville de Repentigny.,Canada - Quebec,Quebec,2026-04-08,,Creative / communications,Design / publishing,CAD,,,
Cataloguing / indexing / metadata,DATA_ADMIN,ted_443c1fa8b0284ea6869f,S-train spare parts and maintenance agreement,buy_ccb634a88b3b7aa188bd,DSB,DNK,TED,2026-02-24,,Automation / software,Software / automation,DKK,175000000.0,,
Cataloguing / indexing / metadata,DATA_ADMIN,ted_2c838809b8be02da9f99,Business development Sigdal municipality,buy_581df20f038735ed5497,SIGDAL KOMMUNE,NOR,TED,2025-12-12,,Other,UNKNOWN,,,,
Cataloguing / indexing / metadata,DATA_ADMIN,ten_e81aa238e48e96579514,"Contract for Services for Cataloguing of historical records in the National Archives, Ireland",buy_7b4090da8bd378c8c15c,Department of Culture Communications Sport,Ireland,Ireland,2025-10-17,2025-11-24,Creative / communications,Design / publishing,EUR,112000.0,,
Cataloguing / indexing / metadata,DATA_ADMIN,ten_dd275c25b6591f8bc447,Catalogage des données du système d'information pour Saint-Lô Agglo,buy_43708a74e1a1e79937c2,Saint-Lô Agglo,France,France,2025-10-15,2025-11-19,Creative / communications,Design / publishing,EUR,,,
Cataloguing / indexing / metadata,DATA_ADMIN,ten_d9113234287b4e6a021e,"Acquisition, prestations et maintenance d'une solution de catalogage de données (métadonnées) et de services",buy_37e9dbd5cc14bf71e9a0,Département de la Drôme,France,France,2025-02-07,2025-07-30,Creative / communications,Design / publishing,EUR,,,
Cataloguing / indexing / metadata,DATA_ADMIN,ten_2c41e3924329be0a6581,"Catalogage d'ouvrages et traitement de métadonnées, pour la bibliothèque de l'Institut national d'histoire de l'art, Paris 2e arrondissement",buy_beec1435c46d0a326377,"Etablissement public à caractère scientifique, culturel et professionnel (EPSCP)",France,France,2024-12-11,2024-09-12,Other,Services,EUR,,,
Cataloguing / indexing / metadata,DATA_ADMIN,bel_1b01dd1b9cdd69fccf4370b9,Public service contract regarding the development and management of a system for central cataloguing for the Dutch-language public libraries in Flanders and Brussels.,buy_4ffb7cb9cf00c043b22c84e4,Cultuurconnect,BE,Belgium,2024-11-21,2024-12-02,,,,,https://www.publicprocurement.be/publication-workspaces/6290f831-589d-4e71-a5e3-64a5a01d916c,
Cataloguing / indexing / metadata,DATA_ADMIN,ted_8d05736950305a983f22,Prior information notice - Framework agreement for used furniture,buy_581df20f038735ed5497,Stavanger kommune,NOR,TED,2024-10-16,,Creative / communications,Design / publishing,NOK,10000000.0,,
Copywriting / editorial content,CONTENT_DESIGN,ten_4c11e7d3cebd2b2cfed5,Mission de conception et de rédaction du magazine municipal,buy_2a6fd8b450e9078aa617,Mairie de Saint Mandé,France,France,2026-07-30,2026-04-09,Other,Services,EUR,,,
Copywriting / editorial content,CONTENT_DESIGN,bel_bace669955bc8ffe3179dd79,Marché portant sur des services de gardiennage pour Wallonie Bruxelles International (WBI) et l’Agence wallonne à l’Exportation et aux Investissements étrangers (AWEX),buy_e3dda26f709cb24a74ad5952,Wallonie Bruxelles International,BE,Belgium,2026-07-29,2026-09-02,,,,,https://www.publicprocurement.be/publication-workspaces/4ae2fcb3-a250-4025-b4a4-16214755436b,
Copywriting / editorial content,CONTENT_DESIGN,bel_69ae79e14072b31c140a51c6,Bureau d'études HVAC,buy_c0c17e331f95af0575418823,Partena-Mutualité Libre,BE,Belgium,2026-07-28,,,,,,https://www.publicprocurement.be/publication-workspaces/cc043960-8900-4f7e-9d07-88a0b5e6c232,
Copywriting / editorial content,CONTENT_DESIGN,ten_2f712c13e20b3035e57f,"LiCENCE SIMDUT, RÉDACTION FICHE DE DONNÉES DE SÉCURITÉ",buy_0f17c913b920601f772b,Santé Québec Estrie - Centre hospitalier universitaire de Sherbrooke,Canada - Quebec,Quebec,2026-07-28,,Automation / software,Software / automation,CAD,,,
Copywriting / editorial content,CONTENT_DESIGN,ten_31d6f2a8d1b6005885c0,Acquisition d'un logiciel pour la rédaction d'appel d'offres,buy_0f05bffd7657fb3d8f43,Ville de Matane,Canada - Quebec,Quebec,2026-07-28,,Automation / software,Software / automation,CAD,,,
Copywriting / editorial content,CONTENT_DESIGN,ten_7ab09e10e3cf3808bb33,Assistance pour la rédaction d’un dossier de demande d’autorisation environnementale pour la construction et l’exploitation d’une subdivision supplémentaire S6,buy_c7ea59706b5ca87e0c9f,SYVADE de la Guadeloupe (971),France,France,2026-07-28,2026-08-21,Monitoring / research,Monitoring / analysis,EUR,,,
Copywriting / editorial content,CONTENT_DESIGN,ten_83ded772611a10a22ef1,Marché d'assistance réalisation du Programme Pluriannuel d'Intervention de l'EPFL de Martinique Lot n°1-Mission d'assistance à l'élaboration et rédaction du PPI Lot n°2-Création graphique-impression,buy_35aeb1643cc51307bda4,EPFL de la Martinique,France,France,2026-07-27,2026-08-31,Creative / communications,Design / publishing,EUR,,,
Copywriting / editorial content,CONTENT_DESIGN,ten_5e45b4327f6c8dbe002b,Marché public de services d'assistance à la rédaction d'un dossier de consultation des entreprises et l'analyse des offres pour un marché public du système d'information de gestion des relations av...,buy_7570f023742d9325fa8d,FGDR (Fonds de garantie des dépôts et de Résolution),France,France,2026-07-26,2026-11-09,Other,Services,EUR,,,
Copywriting / editorial content,CONTENT_DESIGN,ten_c5e5ac7a3ecbebb0b46a,"Prestations graphiques, vidéos, podcasts, impression et rédaction",buy_1c647b3e8a7ffc2e5a2b,OPCO 2i - Direction de la Communication et Du Marketing,France,France,2026-07-26,2026-07-09,Creative / communications,Design / publishing,EUR,,,
Copywriting / editorial content,CONTENT_DESIGN,bel_31c62ef71ef8301421b4a619,DESIGNATION D'UN GEOMETRE-EXPERT A CHARLEROI,buy_7f3f2e3c7065fe85aa4776cc,La Sambrienne,BE,Belgium,2026-07-24,2026-08-13,,,,,https://www.publicprocurement.be/publication-workspaces/ca08070e-09b2-4803-ad8a-2464e5c0f1cd,
Copywriting / editorial content,CONTENT_DESIGN,bel_df1becb83f40f927cf7244c6,Désignation d'un réviseur d'entreprises en qualité de commissaire,buy_7de5d2b46cffefe551f6ac80,Alpha 5000 ASBL,BE,Belgium,2026-07-24,,,,,,https://www.publicprocurement.be/publication-workspaces/02af2924-a4b1-4aba-8564-4ba7cf05ed69,
Copywriting / editorial content,CONTENT_DESIGN,ten_77872dd834d4efd063e7,CSP26660 - Video Production & Editorial Services,buy_e55cc49c62224cdd58a2,UK Research and Innovation,United Kingdom,United Kingdom,2026-07-24,,Other,UNKNOWN,GBP,,,
Data cleaning / deduplication,DATA_ADMIN,ted_7212a0b4998a6daabeee,ImageXpress HCS.AI Advanced System,buy_ccb634a88b3b7aa188bd,Aalborg Universitet,DNK,TED,2026-07-08,,Automation / software,Software / automation,,,,
Data cleaning / deduplication,DATA_ADMIN,ted_b93b4f2c6ff7fd6ea2a6,PacBio Revio System,buy_ccb634a88b3b7aa188bd,Aalborg Universitet,DNK,TED,2026-07-08,,Other,UNKNOWN,,,,
Data cleaning / deduplication,DATA_ADMIN,ten_e3e5639a426009bceb4b,Data Quality Tool,buy_2277fec5b623f48cbfd3,PLYMOUTH COMMUNITY HOMES LIMITED,United Kingdom,United Kingdom,2026-07-08,,Automation / software,IT services / software,GBP,,,
Data cleaning / deduplication,DATA_ADMIN,ted_86739a3239f5a5ae97c6,"OHD/260934 Support to a point prevalence survey of healthcare-associated infections and antimicrobial use in long-term care facilities, including data validation and analysis",buy_3d59e3bbb5e2f64301ba,European Centre for Disease Prevention and Control,SWE,TED,2026-06-29,,Other,UNKNOWN,EUR,400000.0,,
Data cleaning / deduplication,DATA_ADMIN,ten_5ab84e84c8aceadbcea6,Final Effluent Continuous Monitoring Data Quality Project,buy_e03c9cb78e6740f1ae5e,Environment Agency,United Kingdom,United Kingdom,2026-06-05,2026-06-26,Other,UNKNOWN,GBP,35000.0,,
Data cleaning / deduplication,DATA_ADMIN,ted_3cb6cfad390cb0b4a501,26/00154 Procurement of a Pipetting robot (FHI),buy_40e5a92eb2ef8ee191bf,Folkehelseinstituttet,NOR,TED,2026-05-18,2026-06-19,Automation / software,Software / automation,NOK,4500000.0,,
Data cleaning / deduplication,DATA_ADMIN,ten_a5c4d7fca1e9bfc452b9,Specialist Consultant for Data Validation and Critical Friend Resource,buy_082853885953f5a53c33,Thurrock Council,United Kingdom,United Kingdom,2026-05-07,,Other,UNKNOWN,GBP,,,
Data cleaning / deduplication,DATA_ADMIN,ted_666c1ad5178430a7f768,1105601 UiO Life Sciences user equipment. K930.29.01 Sequentator,buy_581df20f038735ed5497,STATSBYGG,NOR,TED,2026-04-14,,Creative / communications,Design / publishing,,,,
Data cleaning / deduplication,DATA_ADMIN,tn_3c2d6afc420adc40dc1b,Marktconsultatie: Weigh in Motion,buy_945758940ee2c6a9c05e,Rijkswaterstaat Centrale Informatievoorziening,Netherlands,TenderNed,2026-03-30,2026-06-30,Automation / software,Software / automation,UNKNOWN,,https://www.tenderned.nl/tenderned-tap/aankondigingen/417983,
Data cleaning / deduplication,DATA_ADMIN,ted_b653e1a8f2dbf46ce281,Affiliation of drammensregionens brannvesen IKS to the existing contract with Framsikt AS,buy_581df20f038735ed5497,DRAMMEN KOMMUNE,NOR,TED,2026-03-27,,Automation / software,IT services / software,,,,
Data cleaning / deduplication,DATA_ADMIN,ted_b1b79e34bea31f8c6ddb,1105601 UiO Life Sciences user equipment. K931.04.03 MALDI-TOF,buy_581df20f038735ed5497,STATSBYGG,NOR,TED,2026-03-13,,Automation / software,Software / automation,,,,
Data cleaning / deduplication,DATA_ADMIN,ted_5d8f8450c7a625394665,EEA/CCE/26/009 - Provision of support for ensuring data quality and handling of dataflows for Energy Community reporting,buy_ccb634a88b3b7aa188bd,European Environment Agency (EEA),DNK,TED,2026-03-03,,Automation / software,IT services / software,,,,
Data entry / back-office processing,DATA_ADMIN,ted_1a3f7de2ab6c9f07cc9a,"Servizio di data entry, di scansione e di supporto nel procedimento sanzionatorio delle viola-zioni alle norme del Codice della Strada, Leggi e Regolamenti Comunali, Servizio Recupero Volontario e Coattivo Entrate Sanzionatorie, nonch&#233; nel procedimento inerente il Contenzioso relativo ai Ricorsi al Giudice di Pace ed al Prefetto occorrenti a Roma Capitale",buy_811f3d14bc58dffafbdd,ROMA CAPITALE,ITA,TED,2026-07-30,,Automation / software,IT services / software,EUR,4386000.0,,
Data entry / back-office processing,DATA_ADMIN,ted_54df2bc1ab0d56b379df,ACCORDO QUADRO AI SENSI DEGLI ARTT. 59 E 71 DEL D.LGS. 36/2023 S.M.I. PER L’AFFIDAMENTO DEL SERVIZIO DI SUPPORTO LEGALE ALLA RISCOSSIONE COATTIVA COMPRENSIVO DELL’ATTIVITÀ DI DATA ENTRY (G 060/2025),buy_811f3d14bc58dffafbdd,Soris S.p.A.,ITA,TED,2026-07-17,,Other,UNKNOWN,EUR,983500.0,,
Data entry / back-office processing,DATA_ADMIN,ten_d65ba16aa407632917e5,Services professionnels pour la saisie de données dans Column Case,buy_70a84999ec1cf9a0ed80,Ville de Montréal - Bureau de l'inspecteur général,Canada - Quebec,Quebec,2026-07-07,,Document / data,Digitization / OCR,CAD,,,
Data entry / back-office processing,DATA_ADMIN,ted_7e4299275b82826e6d62,"SERVIZIO DI GESTIONE DEL PROCEDIMENTO SANZIONATORIO AMMINISTRATIVO ALLE NORME DEL CODICE DELLA STRADA E DI OGNI ALTRA NORMATIVA NAZIONALE E LOCALE DI COMPETENZA DELLA POLIZIA LOCALE E SERVIZI DI DATA ENTRY, STAMPA FORNITURA DI SOFTWARE E MODULISTICA.",buy_811f3d14bc58dffafbdd,Comune di Ferrara - Servizio Appalti e Contratti,ITA,TED,2026-07-06,,Automation / software,Software / automation,EUR,2656500.0,,
Data entry / back-office processing,DATA_ADMIN,ten_4b34eddbcbd2526d6749,Tree Surveying and Data Capture Services,buy_8d834a8c97fb5619f2d6,Connexus Homes Limited,United Kingdom,United Kingdom,2026-06-17,2026-07-13,Other,UNKNOWN,GBP,,,
Data entry / back-office processing,DATA_ADMIN,ted_ee2d0362bc092e406c68,Aosta - Data entry e postalizzazione,buy_811f3d14bc58dffafbdd,IN.VA. S.P.A.,ITA,TED,2026-06-16,2026-07-27,Automation / software,IT services / software,EUR,1104000.0,,
Data entry / back-office processing,DATA_ADMIN,ted_95c4bfc81699f70c5d91,"SERVIZIO DI GESTIONE DI TUTTE LE INFRAZIONI AL CODICE DELLA STRADA DI COMPETENZA DEL COMANDO DI POLIZIA LOCALE, INCLUSA L’ATTIVITÀ DI RISCOSSIONE COATTIVA DELLE SANZIONI NON PAGATE ENTRO I TERMINI DI LEGGE COMUNE DI ROCCA IMPERIALE (CS)",buy_811f3d14bc58dffafbdd,"CENTRALE UNICA DI COMMITTENZA DEI COMUNI ADERENTI DI CIVITA, SAN BASILE,FRASCINETO, CASSANO ALL'IONIO E TREBISACCE",ITA,TED,2026-06-01,,Automation / software,IT services / software,,,,
Data entry / back-office processing,DATA_ADMIN,bel_7445ba005a2a84788dbf5542,Software ‘electronic data capture’ klinisch onderzoek,buy_f6b600fccc8e050e35365012,Universiteit Hasselt,BE,Belgium,2026-05-21,2026-06-01,,,,,https://www.publicprocurement.be/publication-workspaces/52bd01cb-30a3-4c3e-b0bb-ed8ebd5aff97,
Data entry / back-office processing,DATA_ADMIN,ten_514fa8d34e5de3646057,EMIS_Primary Care Network Point of Care Data Capture Services_FY25/26,buy_80e14296282f5f5b135c,NHS England,United Kingdom,United Kingdom,2026-04-09,,Automation / software,IT services / software,GBP,,,
Data entry / back-office processing,DATA_ADMIN,ten_f8d36badf8e8399444b2,TPP_Primary Care Network Point of Care Data Capture Services_FY25/26,buy_80e14296282f5f5b135c,NHS England,United Kingdom,United Kingdom,2026-04-09,,Automation / software,IT services / software,GBP,,,
Data entry / back-office processing,DATA_ADMIN,ted_c717c829b6fdab1ed9ec,"AFFIDAMENTO DEL SERVIZIO DI GESTIONE DELLE FASI DI DATA ENTRY, STAMPA, NOTIFICAZIONE E RENDICONTAZIONE DEI VERBALI DI ACCERTAMENTO PER ILLECITI AMMINISTRATIVI DI COMPETENZA DEL COMANDO P.L. DI GROSSETO",buy_811f3d14bc58dffafbdd,"COMUNE DI GROSSETO - Settore Polizia Municipale e Sicurezza - Servizio Comando – Servizio Polizia stradale, sicurezza e mobilità – Servizio Protezione Civile – Servizio Mobilità, traffico e TPL – Servizio Ciclo dei rifiuti",ITA,TED,2026-04-02,,Automation / software,IT services / software,EUR,2053270.0,,
Data entry / back-office processing,DATA_ADMIN,ted_cb9f318166f843975bf7,Multi beam echo sounder,buy_581df20f038735ed5497,NTNU,NOR,TED,2026-03-20,2026-04-22,Other,UNKNOWN,,,,
Desk research / information collection,RESEARCH_ADMIN,ted_2b41c5b98334741860df,Badanie samorządów Małopolski Zachodniej w zakresie przygotowania do procesu transformacji oraz napotykanych barier,buy_e4d061caa68fce2f60e7,Województwo Małopolskie,POL,TED,2026-07-23,,Other,UNKNOWN,,,,
Desk research / information collection,RESEARCH_ADMIN,ted_1c68f5fd7861e9f0cc35,"Przeprowadzenie ewaluacji ex-ante projektu strategii rozwoju województwa małopolskiego do 2035 r., stanowiącej aktualizację Strategii Rozwoju Województwa „Małopolska 2030”",buy_e4d061caa68fce2f60e7,Województwo Małopolskie,POL,TED,2026-07-14,,Other,UNKNOWN,,,,
Desk research / information collection,RESEARCH_ADMIN,ted_da920fbed5f0ab0e43ce,Badanie potencjału zawodowego i kompetencyjnego pracowników branży górniczej,buy_e4d061caa68fce2f60e7,Województwo Małopolskie,POL,TED,2026-07-01,,Other,UNKNOWN,,,,
Desk research / information collection,RESEARCH_ADMIN,ten_70882c65491f7d941f46,National Framework Agreement for Provision of Biomedical and Clinical Research Support,buy_498892c5e28658403a28,COUNTESS OF CHESTER HOSPITAL NHS FOUNDATION TRUST,United Kingdom,United Kingdom,2026-06-19,2026-07-28,Other,UNKNOWN,GBP,10000000.0,,
Desk research / information collection,RESEARCH_ADMIN,ted_c47d3460240f6ac555aa,Realizacja badania marki Małopolska 2026,buy_e4d061caa68fce2f60e7,Województwo Małopolskie,POL,TED,2026-06-16,2026-07-02,Other,UNKNOWN,PLN,108090.65,,
Desk research / information collection,RESEARCH_ADMIN,tn_f7f9f97d59a80813e012,Enterprise Service Management (ESM) Platform,buy_865273a42908d9588dea,Technische Universiteit Eindhoven,Netherlands,TenderNed,2026-05-31,2026-08-12,Automation / software,Software / automation,UNKNOWN,,https://www.tenderned.nl/tenderned-tap/aankondigingen/426970,
Desk research / information collection,RESEARCH_ADMIN,ted_8f47de12861194bde77d,Badanie marki Małopolska 2026,buy_e4d061caa68fce2f60e7,Województwo Małopolskie,POL,TED,2026-04-22,,Other,UNKNOWN,,,,
Desk research / information collection,RESEARCH_ADMIN,ted_8ab5f7637f1a05cb36d3,"76996 RH OSS VO research support, Water vapour sterilisers (2 pcs).",buy_581df20f038735ed5497,Oslo Universitetssykehus HF (hovedenhet),NOR,TED,2026-03-03,2026-04-06,Other,UNKNOWN,,,,
Desk research / information collection,RESEARCH_ADMIN,ten_6d1c264df0ce5c20cdee,Traffic Data Collection Services,buy_40d2804c635303e211d5,Cumberland Council,United Kingdom,United Kingdom,2026-01-06,2026-02-06,Other,UNKNOWN,GBP,125000.0,,
Desk research / information collection,RESEARCH_ADMIN,ten_d8b330ec3db4a0f1302f,"Data Collection Services (Re procurement of the Bank of England's Electronic Data System, BEEDS)",buy_0a1b1dcd9acb345cccf4,BANK OF ENGLAND,United Kingdom,United Kingdom,2025-12-09,,Other,UNKNOWN,GBP,20000000.0,,
Desk research / information collection,RESEARCH_ADMIN,ted_7b4eb52fbe103f4d17bb,Technical Assistance for Enhancement of the Institutional Capacity of TENMAK and Creation of an EU-Türkiye Stakeholders’ Platform to Foster the Dialogue on the Recovery of Secondary Critical Raw Materials for Energy Technologies,buy_53002d927124a67f2ba9,Government of Turkey,TUR,TED,2025-11-13,,Creative / communications,Design / publishing,EUR,2700000.0,,
Desk research / information collection,RESEARCH_ADMIN,ten_dbf4b09e2e13bbe0c0ad,Partnership Agreement for Academic Links and Research Support to East Sussex County Council Public Health Team,buy_1b30d3555fd8147edc22,East Sussex County Council,United Kingdom,United Kingdom,2025-11-04,,Other,UNKNOWN,GBP,,,
Digital marketing / SEO / campaigns,CONTENT_DESIGN,ted_b7e1635539109d79443f,Tejido óseo humano,buy_262acb26bfbdf5a4121e,Centro de Gestion Integrada y Proyectos Corporativos,ESP,TED,2026-08-06,2026-09-14,Other,UNKNOWN,EUR,2812505.28,,
Digital marketing / SEO / campaigns,CONTENT_DESIGN,bel_ddaaf5ddc55ce93518291a91,MARCHÉ PUBLIC DE SERVICES DE FORMATION EN DÉVELOPPEMENT COMMERCIAL ET MARKETING DIGITAL,buy_33ea909ccbae089c1ec538d9,Institut bruxellois francophone pour la Formation professionnelle,BE,Belgium,2026-07-24,2026-09-17,,,,,https://www.publicprocurement.be/publication-workspaces/a11ebd55-2706-476d-a0ab-601717ec6f36,
Digital marketing / SEO / campaigns,CONTENT_DESIGN,ted_f01b0aa2afcd8efec33e,"Proiectare, execuție lucrări și asistenţă tehnică din partea proiectantului pentru obiectivul de investitii: Reabilitarea, modernizarea, extinderea și dotarea Clubului Sportiv Municipal Onești - Strada Perchiului nr.3, municipiul Onești, județul Bacău – 14454",buy_56f10621e0007ccb73ca,COMPANIA NATIONALA DE INVESTITII SA,ROU,TED,2026-07-24,2026-09-08,Other,UNKNOWN,RON,79987790.33,,
Digital marketing / SEO / campaigns,CONTENT_DESIGN,ten_c9c9827afb5a8630970b,Google Ads Direct Advertising Services,buy_85d1535b3acceb77418e,Transport for Wales Rail Limited (Utility Buyer),United Kingdom,United Kingdom,2026-07-23,,Other,UNKNOWN,GBP,,,
Digital marketing / SEO / campaigns,CONTENT_DESIGN,ten_fdf6c62e00689467b2d9,Transport routier en citernes de produits pétroliers au profit du service de l’énergie opérationnelle (SEO) en France métropolitaine et en Corse.,buy_c8d784137af534e86ae8,Plate-forme affrètement et transport,France,France,2026-07-22,,Other,Services,EUR,,,
Digital marketing / SEO / campaigns,CONTENT_DESIGN,ten_4ea9fb3373ed3bf96138,Digital Marketing Solution for the Recruitment of Foster Carers,buy_a1eb375bcee7dcc0f984,Hartlepool Borough Council,United Kingdom,United Kingdom,2026-07-21,,Other,UNKNOWN,GBP,,,
Digital marketing / SEO / campaigns,CONTENT_DESIGN,ten_74afb43075874abee307,Référencement Naturel / SEO (Search Engine Optimization),buy_7135d0c0582956e9687a,Université Concordia,Canada - Quebec,Quebec,2026-07-14,,Other,UNKNOWN,CAD,,,
Digital marketing / SEO / campaigns,CONTENT_DESIGN,bel_db0320588e1e9df4d7af5c19,"Conception, production audiovisuelle et accompagnement en marketing digital de WorldSkills Belgium 2026-2027",buy_dbb4134cb99e61acf90f009d,WorldSkills Belgium,BE,Belgium,2026-07-10,2026-08-17,,,,,https://www.publicprocurement.be/publication-workspaces/a8f8b399-15dc-42b1-9d87-acef5ef7b4ad,
Digital marketing / SEO / campaigns,CONTENT_DESIGN,ten_ebefa57e1fdb2e5e92df,Foster4 Digital Marketing,buy_d2a7a1883855ebc5224c,Warrington Borough Council,United Kingdom,United Kingdom,2026-07-10,2026-08-10,Other,UNKNOWN,GBP,,,
Digital marketing / SEO / campaigns,CONTENT_DESIGN,ted_4fb17bd9959caef2bc56,"Servicios de una agencia de alta especialización y experiencia demostrable en consultoría de SEO avanzado, optimización para motores generativos (GEO), medios pagados (SEM y PPC) y analítica web predictiva.",buy_262acb26bfbdf5a4121e,Gerencia de la Fundació Visit València de la Comunitat Valenciana,ESP,TED,2026-07-09,2026-08-10,Automation / software,IT services / software,EUR,540000.0,,
Digital marketing / SEO / campaigns,CONTENT_DESIGN,ten_879f939cffb0b4793d36,Partner to improve visibility across SEO and AI/GEO,buy_ff1487b3b19224046467,University of Staffordshire,United Kingdom,United Kingdom,2026-07-09,,Other,UNKNOWN,GBP,,,
Digital marketing / SEO / campaigns,CONTENT_DESIGN,ten_b4ecbf68e51b803071b9,Digital Marketing,buy_c37d3451037dd7573a40,Hull College,United Kingdom,United Kingdom,2026-07-08,2026-08-03,Other,UNKNOWN,GBP,,,
Direct mail / envelope / routing,PRINT_BROKERAGE,ten_4eeca5fffd472d328cc1,2026 Transactional Print and Postal Distribution,buy_ad598eef028a1c3cc7cf,ANGLIAN WATER SERVICES LIMITED,United Kingdom,United Kingdom,2026-07-28,,Creative / communications,Design / publishing,GBP,4000000.0,,
Direct mail / envelope / routing,PRINT_BROKERAGE,ten_12d7652f5bdeb8f7852f,Mailing Service,buy_dbec9899718dbe49c39a,VIA EAST MIDLANDS LIMITED,United Kingdom,United Kingdom,2026-07-27,,Creative / communications,Design / publishing,GBP,,,
Direct mail / envelope / routing,PRINT_BROKERAGE,ten_30367f1a2144498c082b,"Provision of Print, Mail Fulfilment and Document Consolidation Services for Council Tax, Business Rate and Benefits Communications",buy_ef4b020bfa5d9abb1f7d,Caerphilly County Borough Council,United Kingdom,United Kingdom,2026-07-24,,Creative / communications,Design / publishing,GBP,280000.0,,
Direct mail / envelope / routing,PRINT_BROKERAGE,ten_6abc9610150793c5183e,"Marché d'édition, mise sous pli, expédition et affranchissement des courriers sortants de l'ANGDM",buy_6583d960249e33442e6d,ANGDM,France,France,2026-07-21,,Creative / communications,Design / publishing,EUR,,,
Direct mail / envelope / routing,PRINT_BROKERAGE,ten_74e851c93bc25b565cc6,"Marché de service relatif à l'édition, mise sous pli, affranchissement et mise en poste des factures et courriers de la régie des Eaux Gessiennes, ainsi que la gestion des plis non distribués.",buy_9b3c4ccf8530e372f37d,Régie des Eaux Gessiennes,France,France,2026-06-30,2026-08-24,Creative / communications,Design / publishing,EUR,,,
Direct mail / envelope / routing,PRINT_BROKERAGE,bel_68092aa981fb7859d57bd81c,"Licences Type ""Microsoft Teams Phone Standard"" destinées à la Commune d'Eghezée et au CPAS - Marché conjoint",buy_c5b4e5035ad0f2aab01a9abf,Eghezée,BE,Belgium,2026-05-15,,,,,,https://www.publicprocurement.be/publication-workspaces/9683ac21-8deb-49e0-8844-37852b164080,
Direct mail / envelope / routing,PRINT_BROKERAGE,bel_36c2e29a69bb4abad6886c43,Ultimate VCS,buy_f7105b624ef056aca971cb10,skeyes,BE,Belgium,2026-05-13,,,,,,https://www.publicprocurement.be/publication-workspaces/ce5f9fcd-3247-46e8-96bb-d780177b069e,
Direct mail / envelope / routing,PRINT_BROKERAGE,ten_36f2746c77a95d3cfc03,Mail Fulfilment Services,buy_97fa7c6e50c9a7ebdeb6,Hull City Council,United Kingdom,United Kingdom,2026-05-07,2026-06-08,Other,UNKNOWN,GBP,150000.0,,
Direct mail / envelope / routing,PRINT_BROKERAGE,ten_0c58b32b67ebe0053fbc,SU18(26) Provision of Direct Mail,buy_b04590f9372366e89ad2,Swansea University,United Kingdom,United Kingdom,2026-04-16,2026-05-07,Other,UNKNOWN,GBP,405000.0,,
Direct mail / envelope / routing,PRINT_BROKERAGE,ten_01999ecae6dcc7486347,Prestations de mise sous pli manuelle et routage postal de documents 'papier' de communication pour le Département de L'Essonne,buy_e66310429bab5c33e8e4,Conseil Départemental de l'Essonne,France,France,2026-04-13,2026-06-05,Creative / communications,Design / publishing,EUR,,,
Direct mail / envelope / routing,PRINT_BROKERAGE,ten_cae837246ef31643bbf6,"Edition, mise sous pli, affranchissement et mise en poste des courriers",buy_2d56b371820b2061b9e6,Syndicat Mixte de Gestion de l'Eau et de l'Assainissement de Guadeloupe,France,France,2026-04-07,2026-06-08,Creative / communications,Design / publishing,EUR,,,
Direct mail / envelope / routing,PRINT_BROKERAGE,ten_07df48c5c20d820cbcc3,Distribution et la mise sous pli occasionnelle des supports de communication,buy_dc93413930baa3318298,EPT Grand Paris Grand Est,France,France,2026-04-02,2026-04-03,Creative / communications,Design / publishing,EUR,,,
Document digitization / scanning,DATA_ADMIN,ted_92e7b64ab117f7382a00,"Kommende udbud af drift, vedligeholdelse, videreudvikling, forvaltning og support til MitID-løsningen",buy_ccb634a88b3b7aa188bd,Digitaliseringsstyrelsen,DNK,TED,2026-08-10,,Document / data,Digitization / OCR,,,,
Document digitization / scanning,DATA_ADMIN,ted_49352cce18e2bf4de3dc,Fourniture de solutions et services de Business Intelligence (BI),buy_eeed8814d806fe8dfbe5,Société Nationale de Crédit et d'Investissement (SNCI),LUX,TED,2026-08-09,2026-09-14,Document / data,Digitization / OCR,,,,
Document digitization / scanning,DATA_ADMIN,ted_344931964a23bd1aa0be,DG – Analýza vyšetření bioptických vzorků transplantovaných orgánů II.,buy_85fe87d2665464f38efa,Institut klinické a experimentální medicíny,CZE,TED,2026-08-07,2026-09-08,Document / data,Digitization / OCR,CZK,39200000.0,,
Document digitization / scanning,DATA_ADMIN,ted_b194b3d9cd968835e7f4,"Servicii de mentenanță, asistență tehnică și dezvoltare software pentru aplicațiile din cadrul proiectelor POCA ”Simplificarea administrativă si reducerea birocrației prin implementarea de măsuri de digitizare în municipiul Botoșani, cod MvSMIS 2014+128790. cod SIPOCA 644” si ”Eficiență și performanță în administrația publică locală a Municipiului Botoșani”, cod SMIS 135796, cod SIPOCA 830”",buy_56f10621e0007ccb73ca,MUNICIPIUL BOTOSANI,ROU,TED,2026-08-07,2026-09-14,Document / data,Digitization / OCR,RON,2860000.0,,
Document digitization / scanning,DATA_ADMIN,ted_bad41e7e15336945db7c,"Kommende udbud af drift, vedligeholdelse, videreudvikling, forvaltning og support til MitID-løsningen",buy_ccb634a88b3b7aa188bd,Digitaliseringsstyrelsen,DNK,TED,2026-08-07,,Document / data,Digitization / OCR,,,,
Document digitization / scanning,DATA_ADMIN,ted_1f27980e16408621f48a,Keflavík Airport Unified Security Checkpoint Solution,buy_762b14c03b51c7f5e2fb,Isavia ohf.,ISL,TED,2026-08-05,,Document / data,Digitization / OCR,,,,
Document digitization / scanning,DATA_ADMIN,ted_fecf05a73e91c6eede32,Markedsundersøkelse (RFI) for anskaffelse en felles datakatalog i Statens vegvesen,buy_581df20f038735ed5497,Statens vegvesen,NOR,TED,2026-08-05,,Document / data,Digitization / OCR,NOK,0.0,,
Document digitization / scanning,DATA_ADMIN,ted_10f781fa2abc71a39f79,Contract related to the acquisition of 2 microscopes: A widefield epifluorescence and a laser scanning confocal microscopy system for advanced biological imaging applications,buy_eeed8814d806fe8dfbe5,Luxembourg Institute of Health,LUX,TED,2026-08-03,2026-09-16,Document / data,Digitization / OCR,,,,
Document digitization / scanning,DATA_ADMIN,ted_936e6bef1d852eb2a4e0,"Servicii de prelucrare arhivistica a documentelor create la nivelul Primăriei Municipiului Brasov, digitizare si depozitare - ACORD CADRU - 48 luni",buy_56f10621e0007ccb73ca,MUNICIPIUL BRASOV,ROU,TED,2026-08-03,2026-09-07,Document / data,Digitization / OCR,RON,20666596.71,,
Document digitization / scanning,DATA_ADMIN,ted_d30c06d9871a252eba1d,Furnizare sistem de imagistica medicala,buy_56f10621e0007ccb73ca,CENTRUL MEDICAL DE DIAGNOSTIC SI TRATAMENT AMBULATOR,ROU,TED,2026-08-01,2026-09-01,Document / data,Digitization / OCR,RON,3628000.0,,
Document digitization / scanning,DATA_ADMIN,ted_5ff8b0e389f50b7208cc,Markterkundung „Digitalisierung von Systemteilnehmerprüfungen“ der VKS Verpackungskoordinierungsstelle gGmbH,buy_c172f858ec0f5e3e3add,VKS Verpackungskoordinierungsstelle gemeinnützige Gesellschaft mbH,AUT,TED,2026-07-31,,Document / data,Digitization / OCR,,,,
Document digitization / scanning,DATA_ADMIN,ted_f9fa585e70e0532ee719,EURES Training Programme,buy_1d23b7f2c5b14fb8634c,European Labour Authority (ELA),SVK,TED,2026-07-31,2026-09-16,Document / data,Digitization / OCR,EUR,9800000.0,,
E-learning / training content,TRAINING,ted_5620cbf9654a6d0d3889,«eLearning Cybersicherheit»,buy_bacf2bcb45c828276231,"Kanton Zürich, Finanzdirektion, Amt für Informatik",CHE,TED,2026-08-10,,Automation / software,IT services / software,,,,
E-learning / training content,TRAINING,ten_ba0ef85f9a43aef3cfa1,E-Learning Software,buy_d7ab485999004c7f6946,Torridge District Council,United Kingdom,United Kingdom,2026-07-29,,Other,UNKNOWN,GBP,,,
E-learning / training content,TRAINING,ted_578eb6daa7fcda7a4e14,ACHIZIȚIA UNUI SISTEM INTEGRAT DE MONITOARE PACIENȚI ȘI DEZVOLTARE SOFTWARE: CLINIC-EDUCAȚIONAL,buy_56f10621e0007ccb73ca,"SPITALUL CLINIC DE URGENTA PENTRU COPII ,,Maria Sklodowska Curie""",ROU,TED,2026-07-28,2026-08-31,Automation / software,Software / automation,RON,3036431.0,,
E-learning / training content,TRAINING,ten_9e115e899def70c711eb,Erweiterung e-learning Plattform,buy_5a493b9ef4c36457006f,Stadt Mönchengladbach,Germany,Germany,2026-07-28,,Automation / software,Software / automation,EUR,,,
E-learning / training content,TRAINING,ted_fddc1bfb91a0b44c9e19,[DAG] Aquisição de Serviços de Manutenção Corretiva e Evolutiva da Plataforma de E-Learning da SPMS (20260284),buy_091d5eef279cbb542f9f,"Serviços Partilhados do Ministério da Saúde, EPE",PRT,TED,2026-07-25,2026-08-21,Automation / software,IT services / software,EUR,180000.0,,
E-learning / training content,TRAINING,ten_901f77d932e4a2aafffb,E-learning for the Pathways to Planning Surveying strand,buy_4a2aabd490a37ee2dcc1,Improvement and Development Agency for Local Government (IDeA),United Kingdom,United Kingdom,2026-07-24,2026-08-10,Other,UNKNOWN,GBP,25000.0,,
E-learning / training content,TRAINING,ten_9756492b2691c6b77809,E-Learning (Grundkenntnisse im Sozialversicherungswesen für Quereinsteiger bei der IKK),,,Germany,Germany,2026-07-24,,Other,UNKNOWN,EUR,,,
E-learning / training content,TRAINING,ten_b092d5b23c88d989dc99,con_31845 Stronger Practice CPD Learning Management System,buy_19b96ee5c1e17ccda105,Department for Education,United Kingdom,United Kingdom,2026-07-23,,Other,E-learning services,GBP,,,
E-learning / training content,TRAINING,ten_f4a0c78b77db0e92c9fa,Optimierungsmaßnahmen des bestehenden E-Learning Tools „UNESCO-Stätten der Lausitz“,,,Germany,Germany,2026-07-22,2026-08-21,Creative / communications,Design / publishing,EUR,,,
E-learning / training content,TRAINING,ten_f9531c296295d55a40f8,Request for Information - Digital Learning Platform,buy_4f5b6403196c3bb275a2,Scottish Government,United Kingdom,United Kingdom,2026-07-20,,Other,E-learning services,GBP,,,
E-learning / training content,TRAINING,ted_8f9842d56e6f52ed2d4b,"Servicio de impartición del programa formativo de Microsoft 365 y Copilot para los/las empleados/as de la Empresa Malagueña de Transportes, S.A.M., en modalidad eLearning.",buy_262acb26bfbdf5a4121e,Gerencia de la Empresa Malagueña de Transportes S.A.M.,ESP,TED,2026-07-15,,Other,UNKNOWN,,,,
E-learning / training content,TRAINING,ten_77a17a29ac02a7439026,"Conception d'une formation en e-learning dédiée au tutorat, développement et maintenance de la plateforme de formation à destination des tuteurs et maîtres d'apprentissage des entreprises rattachées à",buy_27cbb954a37aec2f8db6,OPCO MOBILITES,France,France,2026-07-14,2026-08-09,Other,Services,EUR,,,
Event audiovisual / livestream,EVENT_MEDIA,ten_279bbc598ce6f99f2d9d,RV Livestream Stadtratssitzungen der Landeshauptstadt Dresden,,,Germany,Germany,2026-07-08,2026-07-29,Creative / communications,Design / publishing,EUR,,,
Event audiovisual / livestream,EVENT_MEDIA,bel_59a435ec788af695b494e372,WEBINAR AND HYBRID EVENT SOFTWARE,buy_be32635e6a2c08f2d2eb7930,Center voor Cyberveiligheid Belgie,BE,Belgium,2026-04-08,2026-05-08,,,,,https://www.publicprocurement.be/publication-workspaces/76d0dfaf-f841-41fc-b9b3-0967d0af0039,
Event audiovisual / livestream,EVENT_MEDIA,ten_1b28ff4b8e5d4b96298a,Rahmenvereinbarung Livestream der Vollversammlungen des Münchner Stadtrats,,,Germany,Germany,2026-02-27,2026-03-25,Other,UNKNOWN,EUR,,,
Event audiovisual / livestream,EVENT_MEDIA,tn_a43548e5e4bc2833d393,Marktconsultatie Nieuwe Sporthallen Zuid (NSHZ),buy_7139e4425bf2a434774b,"Gemeente Amsterdam, Ingenieursbureau",Netherlands,TenderNed,2026-02-23,,Other,UNKNOWN,UNKNOWN,,https://www.tenderned.nl/tenderned-tap/aankondigingen/419417,
Event audiovisual / livestream,EVENT_MEDIA,tn_992214e10a57777395cc,AV-middelen Commissiekamers en Raadszaal Dordthuis,buy_8395d90e57e94649db28,Gemeente Dordrecht | Bedrijfsvoering Drechtsteden,Netherlands,TenderNed,2026-01-18,2026-04-07,Automation / software,Software / automation,UNKNOWN,,https://www.tenderned.nl/tenderned-tap/aankondigingen/418071,
Event audiovisual / livestream,EVENT_MEDIA,bel_ec324d0b16cf5ce9bd501af4,Livestream gemeente- en OCMW-raadzittingen lokaal bestuur Ronse,buy_82c1495539a19ff540b7dbba,Ronse,BE,Belgium,2025-12-19,,,,,,https://www.publicprocurement.be/publication-workspaces/1a804277-ea0a-42bd-b8ab-e20e0eec5857,
Event audiovisual / livestream,EVENT_MEDIA,ten_95c8a6ef71823dd2b1ef,Barrierefreier Livestream des Landtags Nordrhein-Westfalen und Videos-on-Demand,buy_86534015ec389ddb99f1,Der Präsident des Landtags Nordrhein-Westfalen,Germany,Germany,2025-12-16,2026-01-27,Creative / communications,Design / publishing,EUR,,,
Event audiovisual / livestream,EVENT_MEDIA,ted_51d900efeab2c038cdb2,Eventprodukter och dess hantering,buy_3d59e3bbb5e2f64301ba,AB Svenska Spel,SWE,TED,2025-11-11,2025-12-15,Other,UNKNOWN,SEK,4000000.0,,
Event audiovisual / livestream,EVENT_MEDIA,ten_bd239387f7dd13f10fa8,Livestream Ratssitzungen,,,Germany,Germany,2025-10-23,2025-11-06,Automation / software,IT services / software,EUR,,,
Event audiovisual / livestream,EVENT_MEDIA,ted_4b722f3d4f853651d3ff,Webcast and Technical assistance - qualification,buy_581df20f038735ed5497,NORGES BANK,NOR,TED,2025-10-21,,Other,UNKNOWN,NOK,55000000.0,,
Event audiovisual / livestream,EVENT_MEDIA,ten_0ef06233d4c8bc736425,EU-Vergabe WEBCAST,buy_042d52e185e463c394d3,"DB Systel GmbH (Bukr 2B, 44)",Germany,Germany,2025-10-08,,Automation / software,Software / automation,EUR,,,
Event audiovisual / livestream,EVENT_MEDIA,ten_751f45f37aa4f90d3136,Livestream der Stadtverordnetenversammlungen 2026,,,Germany,Germany,2025-09-26,2025-10-21,Other,UNKNOWN,EUR,,,
Graphic design / layout,CONTENT_DESIGN,ted_a862dd16e48173ef5f49,"Szczepionka błoniczo-tężcowo-krztuścowa (DTP), do szczepień obowiązkowych dzieci do 2 roku życia oraz na rezerwę określoną w rozporządzeniu epidemicznym. Części: 1-3; znak postępowania: ZZP.ZP.411.125.2026",buy_293363763c9d1a4b758f,MINISTERSTWO ZDROWIA,POL,TED,2026-08-04,2026-08-19,Other,UNKNOWN,,,,
Graphic design / layout,CONTENT_DESIGN,ted_5aaf3484da57967296de,RFP 250045-1 - ACCORD-CADRE POUR LA LOCATION ET MAINTENANCE DE MATERIEL DE REPROGRAPHIE,buy_eeed8814d806fe8dfbe5,UNIVERSITE DU LUXEMBOURG,LUX,TED,2026-07-31,2026-08-12,Other,UNKNOWN,,,,
Graphic design / layout,CONTENT_DESIGN,ten_8646acb7285ab3af4c51,"2026-SA0145 - Rédaction, conception graphique et mise en page du Magazine Institutionnel Moselle Infos et de ses suppléments",buy_c239dab8f3f83a73d6f5,Département de la Moselle,France,France,2026-07-23,2026-09-23,Creative / communications,Design / publishing,EUR,,,
Graphic design / layout,CONTENT_DESIGN,ten_a79936d195f7e23800e0,"Call of From WRAP FRA086- (Creative Services, Lot 1-Graphic Design & Artworking): Rescue Me, Recycle Content",buy_d3047bdbe075028a9d13,Waste & Resources Action Programme,United Kingdom,United Kingdom,2026-07-21,,Creative / communications,Design / publishing,GBP,,,
Graphic design / layout,CONTENT_DESIGN,ten_6e3666d529864390229f,"Agencement scénographique, graphisme, éclairage et audiovisuel dans le cadre de l'exposition "" Une fascinante civilisation chinoise. Trésors de Sanxingdui et Jinsha """,buy_11e0f04f16db32f50e5b,Musée National Arts Asiatiques Guimet,France,France,2026-07-20,2026-08-26,Creative / communications,Design / publishing,EUR,,,
Graphic design / layout,CONTENT_DESIGN,bel_0c511447f559b5449aff7571,Marché 2026-36 - Missions de graphisme pour la Ville de Malmedy - Année 2026 à 2030,buy_fb4184ef50323b6be3bf4f97,Malmedy,BE,Belgium,2026-07-17,,,,,,https://www.publicprocurement.be/publication-workspaces/63e46b3c-c321-46ed-a4c5-052674a880de,
Graphic design / layout,CONTENT_DESIGN,ted_668f940911080cf51293,RFP 260009 - TENDER FOR A FRAMEWORK AGREEMENT PROCEDURE – MEDIA SOURCING PROVIDER,buy_eeed8814d806fe8dfbe5,UNIVERSITE DU LUXEMBOURG,LUX,TED,2026-07-16,2026-08-31,Creative / communications,Design / publishing,,,,
Graphic design / layout,CONTENT_DESIGN,ten_5b9abb4f8d0e5997c910,"Contrat à exécution sur demande – Graphisme, impression, affichage et signalétique",buy_8c8f2234ba49513b2352,Commission de la capitale nationale du Québec .,Canada - Quebec,Quebec,2026-07-14,,Creative / communications,Design / publishing,CAD,,,
Graphic design / layout,CONTENT_DESIGN,ted_4608ffb8a0f3f44ca945,Výtvarne-priestorové riešenie expozície „Starý národ – Mladý štát“,buy_73db5c7f5f9933800fa8,Správa rezortných zariadení Ministerstva kultúry Slovenskej republiky,SVK,TED,2026-07-06,2026-08-11,Creative / communications,Design / publishing,,,,
Graphic design / layout,CONTENT_DESIGN,ten_876a3dd09e123f5b0856,"La conception graphique pour le service des Éditions de l’ENSAPLV : la mise en page, la révision et la conception graphique de maquettes, ainsi que le suivi de la fabrication d’ouvrages d’architecture",buy_cfc136f303cf22b4b224,ENSA-PLV,France,France,2026-07-04,2026-11-05,Creative / communications,Design / publishing,EUR,,,
Graphic design / layout,CONTENT_DESIGN,ted_e023c4271b49ee4ee255,Mise en page et Impression du journal N+,buy_bacf2bcb45c828276231,Ville de Neuchâtel - Service de la communication,CHE,TED,2026-07-03,2026-08-17,Other,UNKNOWN,,,,
Graphic design / layout,CONTENT_DESIGN,ten_7bd55a3c2349e973139b,"Prestations de réalisation de supports et d'éléments de communication : rédaction, graphisme, audiovisuelle",buy_8e46dbeffbad0f3cc181,INSERM,France,France,2026-06-30,,Creative / communications,Design / publishing,EUR,,,
Illustration / infographics,CONTENT_DESIGN,ten_d3f08b76cb860ab187af,"Renouvellement des licences Adobe (Creative Cloud, Illustrator et Photoshop)",buy_20a0d3dbac1bd14a1349,Ministère de la Santé et des Services sociaux,Canada - Quebec,Quebec,2026-07-08,2026-08-24,Automation / software,Software / automation,CAD,,,
Illustration / infographics,CONTENT_DESIGN,ten_5d8c8d3b157c32252c9a,Tablette graphique XPPEN Illustration,buy_ade897df12735935e342,Cégep de Lévis,Canada - Quebec,Quebec,2026-06-25,,Creative / communications,Design / publishing,CAD,,,
Illustration / infographics,CONTENT_DESIGN,ten_3477a7d44cde35219a77,Service d'infographie pour les projets pédagogiques et didactiques,buy_f05069f2e849f61de027,"Ministère de l'Immigration, de la Francisation et de l'Intégration",Canada - Quebec,Quebec,2026-06-19,,Creative / communications,Design / publishing,CAD,,,
Illustration / infographics,CONTENT_DESIGN,ten_a4fe495ce53e1abb072b,Accompagnement à la conception et à la réalisation d’applications de visualisation de données géographiques pour l’observatoire de la santé (projet SynopseViz),buy_47a241f84cbd0f1a7a1c,Nantes Métropole,France,France,2026-06-17,2026-05-08,Creative / communications,Design / publishing,EUR,,,
Illustration / infographics,CONTENT_DESIGN,ten_742dab5c4779132dfdca,Regionalmanagement: Illustration des Landkreis-Regen-Wimmelbuchs,,,Germany,Germany,2026-06-10,,Other,UNKNOWN,EUR,,,
Illustration / infographics,CONTENT_DESIGN,ten_ee9aa57b7b84c1eb1a3b,Infographie et enseignes de noms de rue,buy_211fbdcef39f0f853ae0,Ville de Thetford Mines.,Canada - Quebec,Quebec,2026-06-03,2026-06-17,Other,UNKNOWN,CAD,,,
Illustration / infographics,CONTENT_DESIGN,ten_e4152611fafda5f66621,WRAP Framework FRA081 Call Off: Development of Infographic Materials- (Lot 3 - Local Authority Waste and Recycling Communications),buy_d3047bdbe075028a9d13,Waste & Resources Action Programme,United Kingdom,United Kingdom,2026-05-28,,Other,UNKNOWN,GBP,,,
Illustration / infographics,CONTENT_DESIGN,ted_f7f739cdd9d46f02d6a4,FHWien der WKW - Magazin M!LK,buy_c7ab4ab8247a3b11524d,FHW Fachhochschul-Studiengänge Betriebs- und Forschungseinrichtungen der Wiener Wirtschaft GmbH,AUT,TED,2026-05-04,2026-06-05,Other,UNKNOWN,EUR,388800.0,,
Illustration / infographics,CONTENT_DESIGN,ten_ab3a6ed69f7d6e314958,Historic England Specialist Illustration Framework (UID 198),buy_d430c5f540fa87d268fd,Historic England,United Kingdom,United Kingdom,2026-04-22,,Other,UNKNOWN,GBP,,,
Illustration / infographics,CONTENT_DESIGN,tn_418b8d6866c0659b9614,(startend) stedenbouwkundig adviseur (met oog voor landschap en groen).,buy_fee5580f2433595ccbce,Gemeente Westerkwartier,Netherlands,TenderNed,2026-04-16,,Creative / communications,Design / publishing,UNKNOWN,,https://www.tenderned.nl/tenderned-tap/aankondigingen/421406,
Illustration / infographics,CONTENT_DESIGN,tn_00b1cb0ed652187b466a,Relaunched University of Galway - Polling & Survey Tools,buy_650b22473932b25525aa,SURF B.V.,Netherlands,TenderNed,2026-04-09,,Creative / communications,Design / publishing,EUR,354048.7,https://www.tenderned.nl/tenderned-tap/aankondigingen/419099,
Illustration / infographics,CONTENT_DESIGN,ted_2f73f0043c132fedb557,"Renovación del suministro del derecho de uso de licencias de ADOBE ACROBAT PRO y de ADOBE CREATIVE CLOUD en la Universitat Politècnica de València, dentro del acuerdo CRUE-ADOBE, por precios unitarios",buy_262acb26bfbdf5a4121e,Rectorado de la Universitat Politècnica de València,ESP,TED,2026-03-30,2026-05-05,Automation / software,Software / automation,EUR,494712.0,,
Interpretation services,LANGUAGE,ted_fc4710564f7894969de3,Tolk- och översättningstjänster,buy_3d59e3bbb5e2f64301ba,Östra Göinge kommun,SWE,TED,2026-08-08,2026-09-07,Other,UNKNOWN,SEK,12000000.0,,
Interpretation services,LANGUAGE,bel_4a446a3e4d0a46288550a491,Cahier spécial des charges relatif à un accord-cadre pour des services d'interprétation simultanée,buy_9d12604cc2829dcae5fcba5c,FOD Sociale Zekerheid - Communicatie,BE,Belgium,2026-07-31,2026-09-01,,,,,https://www.publicprocurement.be/publication-workspaces/a5aca487-b7dc-4319-b8a0-5634bb92a176,
Interpretation services,LANGUAGE,ten_462663d46387537d8860,"Prélèvements de sédiments sur le réseau de la DTBS, analyses physico-chimiques et interprétation des résultats 2026-2030",buy_1877cbd5ba245d3914a9,VNF DTBS,France,France,2026-07-28,2026-09-14,Other,Services,EUR,,,
Interpretation services,LANGUAGE,ten_852960faf76817e2852a,Travaux de construction d'un centre d'interprétation dédié à Michel de Montaigne,buy_a457cd8347fbf14f8b46,Communauté de communes Castillon-Pujols,France,France,2026-07-21,2026-09-18,Other,Travaux,EUR,,,
Interpretation services,LANGUAGE,bel_350e36605327d3675fb66bfe,"Marché de services visant à l’approfondissement de données relatives aux déchets de l’Enquête intégrée « environnement » (REIWa), pour le secteur de la transformation alimentaire",buy_ec8800ee767d610e9f8ea088,Direction des infrastructures de gestion et de la politique des déchets,BE,Belgium,2026-07-07,2026-09-14,,,,,https://www.publicprocurement.be/publication-workspaces/7e663abe-e95c-4c2c-a962-a33d204b0c22,
Interpretation services,LANGUAGE,bel_f4658673da1e91fd972d6a9f,Marché de services pour la réalisation de mesures géophysiques sur les voies hydrauliques de la Région wallonne,buy_3d27241ea77cc154cfcfb431,Direction de la Gestion hydrologique,BE,Belgium,2026-07-06,2026-08-25,,,,,https://www.publicprocurement.be/publication-workspaces/c297692a-9ae2-4952-89d8-a9ac2c2cf943,
Interpretation services,LANGUAGE,ten_6f2c8407a9b81119c327,"Création, réalisation, fourniture et pose de signalétique réglementaire, d'information, d'orientation et d'interprétation sur le Grand Site de France Les Deux-Caps",buy_70039b6739d90654a59d,Conseil Départemental du Pas-de-Calais,France,France,2026-07-05,2026-06-15,Other,Fournitures,EUR,,,
Interpretation services,LANGUAGE,ten_a2c334bf4cc6238858fb,études de faisabilité et de programmation pour la rénovation de l'espace Saint-Jacques et la création du Centre d'Interprétation de l'Architecture et du Patrimoine (Ciap) de Saint-,buy_48be0cb7228908e34f9c,Ville de Saint-Quentin,France,France,2026-07-05,2026-08-06,Monitoring / research,Monitoring / analysis,EUR,,,
Interpretation services,LANGUAGE,ted_174157d17db40449f941,N01.13 MP-170018 - Upn. Bardonnex-Bernex - Labo investigations EK - chaussée (ID 12002),buy_bacf2bcb45c828276231,"Office fédéral des routes OFROU, Division Infrastructure routière Ouest, filiale Estavayer-le-Lac",CHE,TED,2026-07-03,2026-08-25,Other,UNKNOWN,,,,
Interpretation services,LANGUAGE,ted_2a34e7276d4792a199c8,N01.13 MP-170018 - Upn. Bardonnex-Bernex - Labo investigations EK - béton (ID 11662),buy_bacf2bcb45c828276231,"Office fédéral des routes OFROU, Division Infrastructure routière Ouest, filiale Estavayer-le-Lac",CHE,TED,2026-07-03,2026-08-25,Other,UNKNOWN,,,,
Interpretation services,LANGUAGE,bel_04f2b58590c191423456425f,Fourniture de services d'abonnements dosimétriques (tous cursus confondus HE et IIP),buy_676f354ee5f6184629230c9d,Ilya Prigogine ASBL,BE,Belgium,2026-07-02,,,,,,https://www.publicprocurement.be/publication-workspaces/b3bf253d-5869-4188-9047-f63f8b6a1b3b,
Interpretation services,LANGUAGE,bel_54576d271a0abf35ee27eeda,Construction d'un hangar et locaux pour le service travaux de la commune de Walhain,buy_29262b9929baa8579aaff6e5,Walhain,BE,Belgium,2026-06-16,2026-06-26,,,,,https://www.publicprocurement.be/publication-workspaces/e79d050d-8cca-41b5-9870-b6a4f749b4c1,
Labels / stickers / QR materials,PRINT_BROKERAGE,ted_0a45c05ad6d85910d9a9,Nájom imunohistochemického automatu na 5 rokov s IHC reagenciami.,buy_73db5c7f5f9933800fa8,"Národný ústav tuberkulózy, pľúcnych chorôb a hrudníkovej chirurgie Vyšné Hágy",SVK,TED,2026-08-10,2026-09-14,Automation / software,Software / automation,,,,
Labels / stickers / QR materials,PRINT_BROKERAGE,bel_1fc65f6b3b0111000ce1be23,"Fournitures achat-vente d'énergie électrique, vente de certificats verts et de labels de garantie d'origine",buy_1167dbc05c5edb845dae2433,Intercommunale de Traitement des Déchets ménagers Liégeois,BE,Belgium,2026-07-23,2026-09-14,,,,,https://www.publicprocurement.be/publication-workspaces/a8240d0b-ff9d-4827-8c34-db423c405188,
Labels / stickers / QR materials,PRINT_BROKERAGE,ted_a59dc530da25c6090c28,"Supply, Delivery and Installation of Inventory Management System (IMS) and Hardware Equipment",buy_e6145608dbbffad60592,Ministry of Health,GRD,TED,2026-07-21,2026-08-07,Document / data,Digitization / OCR,USD,1560000.0,,
Labels / stickers / QR materials,PRINT_BROKERAGE,ten_00f05bcbf178ca129968,Syringe Labels & Consumables,buy_d4f1b1b18059634d3549,The Shrewsbury and Telford Hospital NHS Trust,United Kingdom,United Kingdom,2026-07-09,,Other,UNKNOWN,GBP,,,
Labels / stickers / QR materials,PRINT_BROKERAGE,ten_24295b8930b9979e9e8d,RFID-Etiketten,,,Germany,Germany,2026-07-06,,Other,UNKNOWN,EUR,,,
Labels / stickers / QR materials,PRINT_BROKERAGE,ted_f9ea77aaa301e43bbcad,Request for information: Oligos and probes for PCR and qPCR,buy_21d608cefc7ad1917578,HUS Group,FIN,TED,2026-07-03,,Creative / communications,Design / publishing,,,,
Labels / stickers / QR materials,PRINT_BROKERAGE,ted_a4165352357eafdf2cfe,"Consumables, offices and cleaning, Framework agreement.",buy_581df20f038735ed5497,Trondheim kommune,NOR,TED,2026-07-02,2026-08-31,Automation / software,Software / automation,NOK,178000000.0,,
Labels / stickers / QR materials,PRINT_BROKERAGE,bel_cad02ac294a8ce6742eb1852,"Herselt, wijk Roteinde en wijk Binnenblok: aanstellen bureau voor opmaak stedenbouwkundige studie",buy_26ea5305ad4f0cff51ca5ef6,Geelse Huisvesting C.V.B.A.,BE,Belgium,2026-06-25,,,,,,https://www.publicprocurement.be/publication-workspaces/a9ebdbd1-7a0c-44e2-9f83-96d56c4e2be6,
Labels / stickers / QR materials,PRINT_BROKERAGE,ten_556db3f696660d3288cf,"Expression of Interest for the Supply of Hackney Carriage / Private Hire Plates, Stickers and Fixings through a direct fulfilment service only.",buy_57897d52296f35314ac6,City of Bradford Metropolitan District Council,United Kingdom,United Kingdom,2026-06-24,,Other,UNKNOWN,GBP,,,
Labels / stickers / QR materials,PRINT_BROKERAGE,ted_6bd765947b5f2b1969c1,2026-3063 Framework agreement for the production and delivery of signs.,buy_581df20f038735ed5497,STATSBYGG,NOR,TED,2026-06-17,2026-08-07,Other,UNKNOWN,,,,
Labels / stickers / QR materials,PRINT_BROKERAGE,bel_2a9fa8d3555bbac29044057a,"Punctuele aankoop van labelprinters, inclusief een starterskit aan etiketten en linten voor verschillende diensten van de Medische Component van Defensie.",buy_a802af8a9441d9fd09252b9f,HMRA,BE,Belgium,2026-06-12,,,,,,https://www.publicprocurement.be/publication-workspaces/965be0bb-77bc-44b6-a83a-6d21dba00608,
Labels / stickers / QR materials,PRINT_BROKERAGE,ten_877d41d85e04e0d216e2,Irradiation indicator labels,buy_a16359c7476d58372668,NHS Blood and Transplant,United Kingdom,United Kingdom,2026-06-11,,Other,UNKNOWN,GBP,581970.0,,
Low-code / no-code implementation,AUTOMATION_SOFTWARE,ted_ee6c6c824fe00011a5c5,"Rozbudowa (upgrade) posiadanej Platformy low-code Webcon BPS - dostawa licencji tworzących kompletne środowisko dla deweloperów, jak i użytkowników platformy low-code wraz ze wsparciem technicznym i aktualizacjami na potrzeby realizacji Projektu pn. „Ignatianum: Edukacja przyszłości – wsparcie i innowacje dla studentów”",buy_e4d061caa68fce2f60e7,Uniwersytet Ignatianum w Krakowie,POL,TED,2026-07-24,2026-08-24,Automation / software,Software / automation,,,,
Low-code / no-code implementation,AUTOMATION_SOFTWARE,ted_6c6eea5c371d8d30946c,"Suministro Del Software De La Plataforma De Automatización De Procesos Y Desarrollo De Aplicaciones Con Poca Programación (Low Code) Para La Gerencia De Informática De La Seguridad Social Y El Ministerio De Inclusión, Seguridad Social Y Migraciones (Ministerio De Inclusión, Seguridad Social Y Migraciones-Gerencia De Informatica De La Seguridad Social)",buy_262acb26bfbdf5a4121e,Dirección General de Racionalización y Centralización de la Contratación-Junta de Contratación Centralizada,ESP,TED,2026-07-23,,Automation / software,Software / automation,,,,
Low-code / no-code implementation,AUTOMATION_SOFTWARE,bel_25d8d8f142ecd406048b3501,"e-Market 867 - Senior SharePoint, Power Automate, Power Apps expert",buy_ad79eddac5d342679ead4dd7,Infrabel - Goods & Services,BE,Belgium,2026-07-14,,,,,,https://www.publicprocurement.be/publication-workspaces/c7080735-1413-45f8-82ab-2a2e50d2e15c,
Low-code / no-code implementation,AUTOMATION_SOFTWARE,ted_da6dc0c210bd2df00df3,Servicio de Gestión de los portales web municipales e incorporación de contenidos web sobre la plataforma SharePoint,buy_841549a12d17237ad802,Fundación BiscayTIK - Fundación BiscayTIK,ESP,TED,2026-07-02,2026-07-17,Automation / software,IT services / software,EUR,2468700.0,,
Low-code / no-code implementation,AUTOMATION_SOFTWARE,bel_33102149b33040e947aea8a6,Aankoop document generatie tool voor Dynamics 365 en Microsoft power apps,buy_e3eb92f35a9060868d7d3a6f,"SPF Economie, PME, Classes moyennes et Energie",BE,Belgium,2026-06-26,2026-07-16,,,,,https://www.publicprocurement.be/publication-workspaces/90bafdec-afb9-4241-90c5-3efd0f794948,
Low-code / no-code implementation,AUTOMATION_SOFTWARE,ten_5b44bc8d38b9e4a25f4a,Low Code Development Platform,buy_5500623f0fb119fbd6af,London Borough of Croydon,United Kingdom,United Kingdom,2026-06-22,,Automation / software,Software / automation,GBP,,,
Low-code / no-code implementation,AUTOMATION_SOFTWARE,ten_df5e025d82938c8bdaaf,Beschaffung von Lizenzen für eine Low-Code-Plattform,,,Germany,Germany,2026-06-22,2026-06-30,Automation / software,Software / automation,EUR,,,
Low-code / no-code implementation,AUTOMATION_SOFTWARE,tn_c6003068b60e54167e98,Mendix ontwikkelcapaciteit,buy_63c63d059e5067021600,HTM Personenvervoer N.V.,Netherlands,TenderNed,2026-06-20,,Automation / software,Software / automation,UNKNOWN,,https://www.tenderned.nl/tenderned-tap/aankondigingen/429832,
Low-code / no-code implementation,AUTOMATION_SOFTWARE,ted_203ef3f722b6ff784182,Licenciamento da plataforma de desenvolvimento aplicacional Low Code - Outsystems,buy_091d5eef279cbb542f9f,Direção Regional das Comunicações e da Transição Digital,PRT,TED,2026-06-19,,Automation / software,IT services / software,EUR,1128000.0,,
Low-code / no-code implementation,AUTOMATION_SOFTWARE,ten_0a0aaf43023972c43006,No-Code user-centred GenAIOps Platform,buy_a057a823a1c0d8a688de,The Police and Crime Commissioner for Surrey,United Kingdom,United Kingdom,2026-06-19,,Automation / software,IT services / software,GBP,,,
Low-code / no-code implementation,AUTOMATION_SOFTWARE,bel_b39d41d5095a86d05ec4522a,Integration platform as a service (iPaaS) oplossing met aanvullende diensten,buy_34c8d7708cb9339950804622,vzw Stijn,BE,Belgium,2026-06-15,2026-07-14,,,,,https://www.publicprocurement.be/publication-workspaces/e5edcfbe-ceec-4f8a-9261-bb565a49f4b1,
Low-code / no-code implementation,AUTOMATION_SOFTWARE,ten_bfb34e9b4332ab633a23,Low-code/Power Platforms,buy_8e6b6e022c997becdd3e,Home Office,United Kingdom,United Kingdom,2026-06-08,,Automation / software,Software / automation,GBP,18000000.0,,
Microsites / campaign landing pages,WEB_DIGITAL,ten_562ccf2a043fae43107b,"Creative, Design and Microsite Services",buy_3db11dbc5b32979f2af7,Clarion Housing Group,United Kingdom,United Kingdom,2026-01-19,,Other,UNKNOWN,GBP,,,
Microsites / campaign landing pages,WEB_DIGITAL,bel_50da00ea2ced1fbba3d2c0ec,NEWSLETTER SERVICE - LA MISE À DISPOSITION DES INSTITUTIONS FÉDÉRALES D’UN OUTIL D’EMAILING EN SaaS,buy_84460e4188188af2e16ee0d0,DIRECTION GÉNÉRALE SIMPLIFICATION & DIGITALISATION,BE,Belgium,2025-04-18,,,,,,https://www.publicprocurement.be/publication-workspaces/a2863a89-a000-49e8-b2cb-b3794017ff69,
Microsites / campaign landing pages,WEB_DIGITAL,ted_c1f3eba2cf45c0667a47,Partnerství při sérii akcí Pro moderní Česko 2024 a 2025,buy_85fe87d2665464f38efa,Státní fond životního prostředí České republiky,CZE,TED,2024-11-18,,Creative / communications,Design / publishing,CZK,7900000.0,,
Microsites / campaign landing pages,WEB_DIGITAL,ted_aba4830615a9556281e8,„Opracowanie strategii komunikacji i koncepcji kreatywnej kampanii społecznej na temat cyberbezpieczeństwa oraz produkcja materiałów do emisji w mediach”,buy_e4d061caa68fce2f60e7,Naukowa i Akademicka Sieć Komputerowa - Państwowy Instytut Badawczy,POL,TED,2024-09-11,2024-10-14,Other,UNKNOWN,,,,
Microsites / campaign landing pages,WEB_DIGITAL,ten_3d6b345c247fda9a7b46,Vier Rahmenverträge für die Online-Redaktion für die Microsite und weitere Online-Kanäle der SKEW,buy_64debda2864433211d8a,Engagement Global gGmbH,Germany,Germany,2024-09-03,2024-10-16,Creative / communications,Design / publishing,EUR,,,
Microsites / campaign landing pages,WEB_DIGITAL,ted_a4d195e3550ec2dbd5c7,"Servicio para el desarrollo de un plan de posicionamiento, branding y marketing digital del Corredor de Ecoturismo de la España Verde dentro del programa ""Experiencias Turismo España""",buy_262acb26bfbdf5a4121e,Sociedad Pública de Gestión y Promoción Turística y Cultural del Principado de Asturias S.A.U.,ESP,TED,2024-08-01,2024-09-02,Creative / communications,Design / publishing,EUR,317876.0,,
Microsites / campaign landing pages,WEB_DIGITAL,ted_31c6203034c5562b2d63,Prevádzka a správa microsite a mobilnej aplikácie pre Národnú linku na pomoc deťom v ohrození VIAC AKO NI(c)K v rámci NP Prevencia a eliminácia násilia a sociálneho vylúčenia prostredníctvom národných liniek pomoci,buy_73db5c7f5f9933800fa8,"Ministerstvo práce, sociálnych vecí a rodiny Slovenskej republiky",SVK,TED,2024-07-22,2024-08-23,Automation / software,IT services / software,,,,
Microsites / campaign landing pages,WEB_DIGITAL,ted_7f20950caf985fbb53fd,"Servicio para el desarrollo de un plan de posicionamiento, branding y marketing digital del Corredor de Ecoturismo de la España Verde dentro del programa ""Experiencias Turismo España",buy_262acb26bfbdf5a4121e,Sociedad Pública de Gestión y Promoción Turística y Cultural del Principado de Asturias S.A.U.,ESP,TED,2024-07-08,,Creative / communications,Design / publishing,EUR,317876.0,,
Microsites / campaign landing pages,WEB_DIGITAL,ted_d770c4e23d39b767d1b4,"Servicio de desarrollo de acciones de marketing del programa ""Experiencias Turismo España: Corredor de Ecoturismo de la España Verde""",buy_262acb26bfbdf5a4121e,Sociedad Pública de Gestión y Promoción Turística y Cultural del Principado de Asturias S.A.U.,ESP,TED,2024-06-20,,Creative / communications,Design / publishing,,,,
Microsites / campaign landing pages,WEB_DIGITAL,ted_c62dc5d0db4d03cbeb54,Kutsu markkinavuoropuheluun: Tietokatalogin hankinta,buy_21d608cefc7ad1917578,Väylävirasto,FIN,TED,2024-03-22,,Other,UNKNOWN,,,,
Microsites / campaign landing pages,WEB_DIGITAL,ten_34dcd38475ede24e5a4d,Conception marque employeur et d'un microsite carrière,buy_69b4b0c5801f73def668,Société de l'assurance automobile du Québec .,Canada - Quebec,Quebec,2023-09-14,,Creative / communications,Design / publishing,CAD,,,
Microsites / campaign landing pages,WEB_DIGITAL,ted_f0b3663d8fa2269bae83,Marketingové služby - kreativní agentura pro digitální marketingovou komunikaci,buy_2195b19eb5f75c5a8b51,"Česká pošta, s.p.",CZ,TED,2023-08-04,,Printing,Print / routing,CZK,10000000.0,https://ted.europa.eu/udl?uri=TED:NOTICE:473927-2023:TEXT:CS:HTML,
Newsletter / magazine production,PRINT_BROKERAGE,ted_62891af9676d338170bd,"Contratación de servicios de diseño y elaboración de contenidos de la revista digital ""Cultura Castilla y León"", las agendas de programación cultural de los centros autonómicos MEH, MUSAC, Museo Etnográfico de Castilla y León, Museo de la Siderurgia y la Minería de Castilla y León y Palacio Quintanar y el boletín de información cultural (newsletter) ""Cultura Castilla y León"".",buy_262acb26bfbdf5a4121e,Fundación Siglo para el Turismo y las Artes de Castilla y León,ESP,TED,2026-08-07,2026-09-07,Other,UNKNOWN,EUR,250000.0,,
Newsletter / magazine production,PRINT_BROKERAGE,ten_a56144bd714b360ed828,e-Newsletter Solution,buy_bae3d602818206600a82,The North Yorkshire Council,United Kingdom,United Kingdom,2026-07-08,,Other,UNKNOWN,GBP,39000.0,,
Newsletter / magazine production,PRINT_BROKERAGE,ten_27e9e6421bdb1b8ef8a6,Newsletter-Tool für interne und externe Stellen-Newsletter sowie für die externe digitale Kommunikation der Landeshauptstadt Stuttgart,,,Germany,Germany,2026-07-03,,Creative / communications,Design / publishing,EUR,,,
Newsletter / magazine production,PRINT_BROKERAGE,ten_41600e6848d348556e09,Regulatorische Newsletter Pharma für den Zielmarkt China/ Regulatory Newsletter Pharma for the Target Market China,,,Germany,Germany,2026-05-20,2026-06-10,Other,UNKNOWN,EUR,,,
Newsletter / magazine production,PRINT_BROKERAGE,ted_9e87212ea9c70d903ba4,"Bando di Gara per la selezione, mediante Procedura Competitiva Aperta, di un “Organismo di esecuzione"" REG 1144/2014 Call 2024“CLEMENTINE Protected Geographical Indication from Europe (CLEMENTINE PGI)”",buy_811f3d14bc58dffafbdd,CONSORZIO DI TUTELA IGP CLEMENTINE DEL GOLFO DI TARANTO,ITA,TED,2026-03-24,2026-04-10,Creative / communications,Design / publishing,EUR,439126.0,,
Newsletter / magazine production,PRINT_BROKERAGE,bel_e974ef75b7dcbd1e3bef0d04,"Overheidsopdracht voor diensten betreffende de verdeling in de brievenbussen van Elsene van het gemeenteblad, allerlei folders, brochures en andere informatiedragers.",buy_175322734a7b0aed3973339d,Elsene,BE,Belgium,2026-03-16,,,,,,https://www.publicprocurement.be/publication-workspaces/e77a024e-4a80-4456-9fea-dded09836bc3,
Newsletter / magazine production,PRINT_BROKERAGE,ten_a9ce6e76f83070086956,Newsletter 2026,buy_9a75f720aa987dfc6667,Max-Planck-Gesellschaft z.F.d.W. Generalverwaltung; handelnd für die Max Planck Information and Technology (MaxIT),Germany,Germany,2026-02-27,2026-03-31,Automation / software,Software / automation,EUR,,,
Newsletter / magazine production,PRINT_BROKERAGE,ten_9a022f61d7b6f97c3955,Framework for The Distribution of Sunderland Newsletter,buy_30f6dc1dec28e0c91ef0,Sunderland City Council,United Kingdom,United Kingdom,2026-02-10,,Other,UNKNOWN,GBP,,,
Newsletter / magazine production,PRINT_BROKERAGE,ten_f9b8ab70cfe2582f16a8,Newsletter-Tool für interne und externe Stellen-Newsletter der Landeshauptstadt Stuttgart,,,Germany,Germany,2026-01-29,2026-02-16,Automation / software,IT services / software,EUR,,,
Newsletter / magazine production,PRINT_BROKERAGE,ted_0515abd936a3bb240d58,(25226) 201 Newsletter Tool,buy_bacf2bcb45c828276231,Bundesamt für Bauten und Logistik BBL,CHE,TED,2026-01-20,2026-03-02,Automation / software,Software / automation,,,,
Newsletter / magazine production,PRINT_BROKERAGE,ten_b441b6364a90c8e84daa,Rahmenvereinbarung Newsletter,,,Germany,Germany,2025-12-09,2025-12-23,Other,UNKNOWN,EUR,,,
Newsletter / magazine production,PRINT_BROKERAGE,ten_acb53e10c0a020b15c6f,HE newsletter tool - UID 129,buy_d430c5f540fa87d268fd,Historic England,United Kingdom,United Kingdom,2025-10-17,,Other,UNKNOWN,GBP,,,
Office / presentation equipment supply,PROCUREMENT_BROKERAGE,ten_6072ecdf4db6cf6bc404,"ID 6542563 - NIO - EONI - Provision of a Transportation Service for the Collection, Delivery & Return of Electoral Office Equipment & Materials",buy_f8c06ef062b79b916b8e,Electoral Office for Northern Ireland,United Kingdom,United Kingdom,2026-07-28,2026-09-03,Other,UNKNOWN,GBP,1200000.0,,
Office / presentation equipment supply,PROCUREMENT_BROKERAGE,bel_995af634c9fc96494b8dd92c,Raamovereenkomst “Home office equipment”,buy_9526dc39c0f319036dc0eb4f,TUC RAIL nv,BE,Belgium,2026-07-09,,,,,,https://www.publicprocurement.be/publication-workspaces/0d42d8be-ee80-4229-90bb-b7f15e79b9ca,
Office / presentation equipment supply,PROCUREMENT_BROKERAGE,bel_8b90d03f0c10e537187282e5,Leveren en installeren van een projector en accessoires in de theaterzaal Casino Koksijde,buy_cd47a9eba898e3926b8abfea,Koksijde,BE,Belgium,2026-07-07,,,,,,https://www.publicprocurement.be/publication-workspaces/f61936fb-30f9-44b8-a03b-716aa6cc4d21,
Office / presentation equipment supply,PROCUREMENT_BROKERAGE,ted_8ca3c7b7b0ff6a4fc5a5,"Market dialogue: PCs, user equipment and Teams Rooms systems",buy_403f89d96e8f2557467f,Troms Fylkeskommune,NOR,TED,2026-06-23,,Other,UNKNOWN,,,,
Office / presentation equipment supply,PROCUREMENT_BROKERAGE,bel_724cf6b27145891a03f5ae5c,"Aankoop, levering, installatie en onderhoud van een professionele projector",buy_5d27f2b720780e7317f10a44,Tervuren,BE,Belgium,2026-06-11,2026-06-23,,,,,https://www.publicprocurement.be/publication-workspaces/e1a1a6d3-7deb-42cd-8bbc-6702765ee93f,
Office / presentation equipment supply,PROCUREMENT_BROKERAGE,ten_a6f05c8bdd325c228541,Amazon Business - Public Sector Digital Marketplace,buy_fe237724276ebeab3d2f,Dudley Metropolitan Borough Council,United Kingdom,United Kingdom,2026-05-08,,Other,Various office equipment and supplies,GBP,,,
Office / presentation equipment supply,PROCUREMENT_BROKERAGE,ten_930074dc38dbca4fbc31,273_27 Document Presentation Equipment and Office Machines,buy_d21e776de3138c090695,"Leicestershire County Council, trading as ESPO",United Kingdom,United Kingdom,2026-05-07,,Other,UNKNOWN,GBP,,,
Office / presentation equipment supply,PROCUREMENT_BROKERAGE,ten_7e840252dbed0d0dc1b4,Office Equipment and associated Services,buy_6f8e1322666426ee088f,West Yorkshire Fire and Rescue Authority,United Kingdom,United Kingdom,2026-04-30,,Other,UNKNOWN,GBP,,,
Office / presentation equipment supply,PROCUREMENT_BROKERAGE,ten_ee591be6348e366f8c52,Exhibition Epson projector and Lens,buy_6b86e5314bca0fc52fb2,British Library Board,United Kingdom,United Kingdom,2026-04-22,,Other,UNKNOWN,GBP,,,
Office / presentation equipment supply,PROCUREMENT_BROKERAGE,ten_32a971c76e4367e2d3fa,W3935-25P027 Rental Trailers,buy_0607a8a09c35020b4e75,Department of Public Works and Government Services (PSPC),Canada,Canada federal,2026-04-01,2026-04-29,Other,*Construction sheds and trailers *Transport container rental services *Office equipment rental or leasing services,CAD,,,
Office / presentation equipment supply,PROCUREMENT_BROKERAGE,ten_e7ece0e16d5b626b8182,"Single-Party Framework Agreement for the collection, transport, storage, installation, servicing and repair, decommissioning and disposal of Assistive Technology Equipment and related services",buy_e1a964ea369a0716644b,Pobal,Ireland,Ireland,2026-03-30,2026-04-29,Other,"Repair, maintenance and associated services related to personal computers, office equipment, telecommunications and audio-visual equipment.",EUR,120000.0,,
Office / presentation equipment supply,PROCUREMENT_BROKERAGE,ten_efd801cd9c856bde15fb,"Single-Party Framework Agreement for the collection, transport, storage, installation, servicing and repair, decommissioning and disposal of Specialised Equipment and related services",buy_e1a964ea369a0716644b,Pobal,Ireland,Ireland,2026-03-30,2026-04-29,Other,"Repair, maintenance and associated services related to personal computers, office equipment, telecommunications and audio-visual equipment.",EUR,1300000.0,,
Online forms / lightweight portals,WEB_DIGITAL,ted_440d01b72c51690e66ee,Entrusting the performance of the public utility service of urban and suburban scheduled passenger transport in the City of Valjevo through a public-private partnership with concession elements,buy_2543216cad277a9e872c,City of Valjevo,SRB,TED,2026-08-11,2026-10-05,Other,UNKNOWN,RSD,2974186256.53,,
Online forms / lightweight portals,WEB_DIGITAL,ted_b200960cc141f5473663,(ProVia-ID 146731) Semmering-Basistunnel; Oberleitungsanlage - Montage,buy_001cc06b96d8f5cfe636,ÖBB-Infrastruktur AG,AUT,TED,2026-08-11,,Other,UNKNOWN,,,,
Online forms / lightweight portals,WEB_DIGITAL,ted_08682f7154e4ee90cd1c,Market Dialogue notice: Kymenlaakso Rescue Department – DIGIMARIS Project_Oil Spill Response Unmanned Surface Vessel (USV) for Coastal Operations,buy_b25d30d271157ab27322,Kymenlaakson hyvinvointialue,FIN,TED,2026-08-07,,Creative / communications,Design / publishing,,,,
Online forms / lightweight portals,WEB_DIGITAL,ted_eca10d3a9b26f8989a07,"L191, Stadttunnel Feldkirch – Nebenbaulose Portal Tisis und Portal Tosters, externe ÖBA und BauK",buy_6bd8c1a0a9e7253f59d2,Land Vorarlberg,AUT,TED,2026-08-07,2026-09-08,Other,UNKNOWN,,,,
Online forms / lightweight portals,WEB_DIGITAL,ted_8acba00e1aa214e861fe,"AMT-2026-0113- Servicio de evolución, mantenimiento y soporte técnico especializado del portal de autoservicio AxudoT y de otras herramientas complementarias al HelpDesk de la Xunta de Galicia",buy_262acb26bfbdf5a4121e,Agencia para la Modernización Tecnológica de Galicia,ESP,TED,2026-08-06,2026-09-14,Automation / software,Software / automation,EUR,468720.0,,
Online forms / lightweight portals,WEB_DIGITAL,ted_c6410f1e87986107e77d,"Intention notice - STATdx licences, electronic reference systems, learning platforms and decision support radiology, Helse Nord.",buy_581df20f038735ed5497,SYKEHUSINNKJØP HF,NOR,TED,2026-08-06,,Automation / software,Software / automation,,,,
Online forms / lightweight portals,WEB_DIGITAL,ted_dcacef38aaf179821fa3,REQUEST FOR INFORMATION: Flow cytometry antibodies and reagents,buy_21d608cefc7ad1917578,HUS-yhtymä,FIN,TED,2026-08-06,,Other,UNKNOWN,,,,
Online forms / lightweight portals,WEB_DIGITAL,ted_700eb96d55805c2cc60b,"Lot 1- Servicii de proiectare, reabilitare si autorizare pod rulant 50/12,5 tf din CHE Pascani; Lot 2- Servicii de proiectare, reabilitare si autorizare electropalane 5tf deplasabile pe grinda fixa (2 bucati) CHE Pascani; Lot 3- Servicii de proiectare, reabilitare si autorizare macara portal Smax=12,5/2x10 tf CHE Pascani;",buy_56f10621e0007ccb73ca,SPEEH HIDROELECTRICA SA,ROU,TED,2026-08-05,2026-09-08,Other,UNKNOWN,RON,3000000.0,,
Online forms / lightweight portals,WEB_DIGITAL,ted_4b6e5d529838667639a2,Ny mobil vikarmskran till Mälarhamnar i Västerås,buy_3d59e3bbb5e2f64301ba,Mälarhamnar AB,SWE,TED,2026-08-04,2026-09-09,Other,UNKNOWN,SEK,22000000.0,,
Online forms / lightweight portals,WEB_DIGITAL,ted_be22bc4e3082c1f25f65,Modernizacja portalu korporacyjnego Urzędu Miasta Katowice,buy_e4d061caa68fce2f60e7,Miasto Katowice,POL,TED,2026-08-03,2026-08-31,Automation / software,IT services / software,,,,
Online forms / lightweight portals,WEB_DIGITAL,ted_2444ea49b0b182915cc6,Maintenance of the Service Portal,buy_5ed803fae1f670fc4749,Ministry of Digital Transformation of North Macedonia,MKD,TED,2026-08-02,2026-08-28,Automation / software,IT services / software,,,,
Online forms / lightweight portals,WEB_DIGITAL,ted_136114b679813cc2dfd1,"Servicii de dezvoltare și implementare a Sistemului Informatic Integrat inclusiv software de bază și instruire utilizatori” în cadrul proiectului ”Date și Informații Statistice Tehnologizate de Interes Național pentru Cunoaștere și Transparență” (DISTINCT), COD SMIS 343122",buy_56f10621e0007ccb73ca,INSTITUTUL NATIONAL DE STATISTICA,ROU,TED,2026-07-31,2026-09-01,Automation / software,Software / automation,RON,67200000.0,,
Online survey setup,RESEARCH_ADMIN,ted_95b4c75ed8d5aa8d1196,Baltica-2 Survey Support Services,buy_e4d061caa68fce2f60e7,Elektrownia Wiatrowa Baltica – 2 SP. Z o.o.,POL,TED,2026-08-10,,Automation / software,Software / automation,,,,
Online survey setup,RESEARCH_ADMIN,ten_5ae4f8ec3be04b90bbbe,0990 - Qualtrics CX organisational survey platform,buy_b6eefac4c35572ebaeef,Ongo Homes Limited,United Kingdom,United Kingdom,2026-07-22,,Other,UNKNOWN,GBP,,,
Online survey setup,RESEARCH_ADMIN,ted_f915ed5bb8f4a5644eae,Survey Tool - Softwaretool für Umfragen mit sensiblen Daten,buy_bacf2bcb45c828276231,Switch,CHE,TED,2026-07-10,2026-08-27,Automation / software,Software / automation,,,,
Online survey setup,RESEARCH_ADMIN,ten_a2c4b2b659a26a98fa22,Employee Engagement Survey Platform,buy_fd29c77d6f97109906b9,Together Housing Association Limited,United Kingdom,United Kingdom,2026-07-07,,Other,UNKNOWN,GBP,,,
Online survey setup,RESEARCH_ADMIN,ten_19cda9a3d0717af9c598,Public consultation platform,buy_7b35c2b8fd525b1a5654,General Optical Council,United Kingdom,United Kingdom,2026-06-17,2026-07-22,Other,UNKNOWN,GBP,48000.0,,
Online survey setup,RESEARCH_ADMIN,ten_fcf35a29cac111a23f24,Video Consultation Platform,buy_b456108b0a747b2474fd,Cardiff and Vale University Health Board,United Kingdom,United Kingdom,2026-05-22,2026-06-22,Other,UNKNOWN,GBP,712500.0,,
Online survey setup,RESEARCH_ADMIN,ten_2fca51b117b478d10d58,Transactional Satisfaction Survey Platform,buy_525a55cd0349e6ee6464,Plus Dane Housing Limited,United Kingdom,United Kingdom,2026-04-09,,Other,UNKNOWN,GBP,,,
Online survey setup,RESEARCH_ADMIN,ten_0daeec613bede103e018,Provision of an Online People Engagement Survey Platform,buy_c8b2ccffcda23900b51d,National Oceanography Centre,United Kingdom,United Kingdom,2026-02-20,,Other,UNKNOWN,GBP,,,
Online survey setup,RESEARCH_ADMIN,bel_3ad025ec822d1c2571298195,Raamovereenkomst voor gebruik van een digitale survey tool voor het opstellen en uitvoeren van enquêtes en bevragingen (periode voor 4 jaar: 2026-2029),buy_7cae7db950719a7691522643,Westtoer apb,BE,Belgium,2026-02-12,,,,,,https://www.publicprocurement.be/publication-workspaces/a0e7a962-0866-49d6-8c76-8c07f5f6b2f0,
Online survey setup,RESEARCH_ADMIN,ten_c804bb067cb8451385a7,Questback Essentials Survey Platform,buy_ac54c8264db5a256a32a,SOMERSET NHS FOUNDATION TRUST,United Kingdom,United Kingdom,2026-02-10,,Other,UNKNOWN,GBP,,,
Online survey setup,RESEARCH_ADMIN,ten_977fda6c1e70fe0a15d4,UKRI - 5672 IUK Business Growth - GetFeedback Survey Tool,buy_080697350037fb530071,UK Research & Innovation (UKRI),United Kingdom,United Kingdom,2026-02-06,,Other,UNKNOWN,GBP,,,
Online survey setup,RESEARCH_ADMIN,ten_b4864614e61af3af578b,RFP - Hosted Online Survey Solution,buy_324ffdc1776a47cb0501,Privy Council Office (PCO),Canada,Canada federal,2025-12-17,2026-01-12,Other,*Software,CAD,,,
Photography,VIDEO_AUDIO,ten_9ef7125e2320df79f8a9,"Mission d'organisation du Deauville Sport Images Festival, dédié à la photographie sportive",buy_0798e778694bfe2721cb,COMMUNE DE DEAUVILLE,France,France,2026-07-26,2026-07-09,Other,Services,EUR,,,
Photography,VIDEO_AUDIO,ten_fc163ab1464cdd6b7a2c,WSFT - Corporate - Asset Register Photography,buy_eb57f5c4076477db68d5,West Suffolk NHS Foundation Trust,United Kingdom,United Kingdom,2026-07-09,,Other,UNKNOWN,GBP,,,
Photography,VIDEO_AUDIO,ten_39455b2d9aeccca17cd1,Autorisation d'occupation temporaire (AOT) du domaine public portant sur les prestations de photographie de nouveau-nés lors du séjour à la maternité des Centres Hospitaliers de Versailles et...,buy_36d3a21825e7fa84697a,Centre Hospitalier de Versailles,France,France,2026-07-01,2026-09-02,Other,Services,EUR,,,
Photography,VIDEO_AUDIO,ten_8a6ff231ed2420a6b4f0,Photography Services Framework,buy_3f4764571e724ad9940d,North East Combined Authority,United Kingdom,United Kingdom,2026-06-16,2026-07-01,Other,UNKNOWN,GBP,99000.0,,
Photography,VIDEO_AUDIO,bel_ad5e16a41d8024f8874ac9e2,Conclusion d'un contrat-cadre pour des services de photographie sur demande,buy_e3eb92f35a9060868d7d3a6f,"SPF Economie, PME, Classes moyennes et Energie",BE,Belgium,2026-06-08,2026-06-29,,,,,https://www.publicprocurement.be/publication-workspaces/0233a80a-3a99-41f2-88d5-0763bcd67cac,
Photography,VIDEO_AUDIO,bel_50b30bb7b9744723c52c20f1,"Overheidsopdracht voor diensten met het doel het jaarlijks onderhoud, gedurende 36 maanden, van de fotostudio's van de ""Ecole de Photographie et de Techniques Visuelles Agnès Varda"" van het departement Openbaar onderwijs",buy_643ab6ad8933a7a63d2616c5,Ville de Bruxelles - Achats & Facilities,BE,Belgium,2026-06-05,,,,,,https://www.publicprocurement.be/publication-workspaces/93fafcb7-e695-48ba-8356-701ebabc1088,
Photography,VIDEO_AUDIO,ten_0b31561806ba3cf0c736,"W6898-260799 Aerial Imagery Collection and Processing - Gagetown, NB",buy_0607a8a09c35020b4e75,Department of Public Works and Government Services (PSPC),Canada,Canada federal,2026-06-03,2026-06-25,Other,*Aerial photography services,CAD,,,
Photography,VIDEO_AUDIO,ten_5b3e63eda18557111b39,The Royal Parks Half Marathon Photography & Videography 2026 & 2027,buy_d0456cf118132ff8b5f9,The Royal Parks Limited,United Kingdom,United Kingdom,2026-05-28,,Other,UNKNOWN,GBP,,,
Photography,VIDEO_AUDIO,ten_6c16c52ec9eed27e0235,Clinical Photography Camera Kits,buy_ee2b4583e7998bd7d112,Gloucestershire Hospitals NHS Foundation Trust,United Kingdom,United Kingdom,2026-05-26,,Other,UNKNOWN,GBP,,,
Photography,VIDEO_AUDIO,bel_d4b2f0978372d065b8bbf7eb,Remplacement des chaudière et du groupe de froid,buy_f4d3aff814ef57067ef79887,Direction des Infrastructures culturelles,BE,Belgium,2026-05-11,2026-06-05,,,,,https://www.publicprocurement.be/publication-workspaces/be91df07-3932-4d3c-99c5-c464f021d33d,
Photography,VIDEO_AUDIO,ten_115355328dcc59aaee23,Acquisition d'appareils Nikon pour le département de photographie,buy_f7cc417ffde68a33db75,Centre de services scolaire du Chemin-du-Roy,Canada - Quebec,Quebec,2026-05-05,,Creative / communications,Design / publishing,CAD,,,
Photography,VIDEO_AUDIO,ten_cbad64bf4c0e9d0fe3ab,Photography and Videography Services - Qatar,buy_2da6bd0a729eb81d504b,British Council,United Kingdom,United Kingdom,2026-04-29,2026-05-30,Other,UNKNOWN,GBP,104166.0,,
Presentation / template design,CONTENT_DESIGN,ted_0616b17d6178ba69917f,Świadczenie usługi serwisu informacyjnego Bloomberg poprzez uzyskanie dostępu do dwóch stanowisk platformy informacyjnej Bloomberg Terminal,buy_e4d061caa68fce2f60e7,BANKOWY FUNDUSZ GWARANCYJNY,POL,TED,2026-08-07,,Automation / software,Software / automation,,,,
Presentation / template design,CONTENT_DESIGN,ted_f40ac434b033b106751b,MS Office koolitus,buy_e908f43d1dc8cf42dee7,Eesti Töötukassa,EST,TED,2026-06-15,2026-07-07,Other,UNKNOWN,EUR,54720.0,,
Presentation / template design,CONTENT_DESIGN,ted_501e1416cff1554a9c93,Calculatoare All-in-one,buy_913b0f6de46122300a4a,Serviciul Fiscal de Stat,MDA,TED,2026-05-20,2026-06-17,Creative / communications,Design / publishing,,,,
Presentation / template design,CONTENT_DESIGN,ted_6b1a1d4b9ee4237bcc94,Anunț de Intentie privind Achizitionare Calculatoare All-in-one,buy_913b0f6de46122300a4a,Serviciul Fiscal de Stat,MDA,TED,2026-05-19,,Creative / communications,Design / publishing,,,,
Presentation / template design,CONTENT_DESIGN,bel_8da1a2d7287848e2b0137a26,Installation et location d'un logiciel de systèmes d'information géographique (SIG) et de gestion de l'occupation du domaine public (GODP) pour le Service travaux,buy_6abc0cf5b2027a476ac7532d,Chastre,BE,Belgium,2026-04-20,,,,,,https://www.publicprocurement.be/publication-workspaces/1b1ae68c-cae3-4657-8ee3-d905c36edf94,
Presentation / template design,CONTENT_DESIGN,ted_2e10b8da48323bd35a5d,"Prior information notice, Case handling system for collection (Collection) 2026.",buy_581df20f038735ed5497,Bergen kommune - Innkjøp konsern,NOR,TED,2026-04-17,,Creative / communications,Design / publishing,,,,
Presentation / template design,CONTENT_DESIGN,ted_8dd092363fd2ace5fbe6,Suomen ruokamaakuvan konseptointi ja toteutus,buy_b25d30d271157ab27322,Maa- ja metsätalousministeriö,FIN,TED,2026-04-02,,Creative / communications,Design / publishing,,,,
Presentation / template design,CONTENT_DESIGN,ted_445e1d43bf5f7027d1ae,MS Office koolitus,buy_e908f43d1dc8cf42dee7,Eesti Töötukassa,EST,TED,2026-02-20,2026-03-12,Other,UNKNOWN,EUR,248400.0,,
Presentation / template design,CONTENT_DESIGN,ted_b87efaab144d1752b330,Media monitoring service for Central Baltic Programme 2021-2027,buy_b25d30d271157ab27322,Regional Council of Southwest Finland,FIN,TED,2025-12-01,2026-01-07,Creative / communications,Design / publishing,,,,
Presentation / template design,CONTENT_DESIGN,ted_b4d416a59d9d2fff7c4d,"MS Office koolitus Rakvere, Valga ja Võru linnas",buy_e908f43d1dc8cf42dee7,Eesti Töötukassa,EST,TED,2025-11-24,2025-12-17,Other,UNKNOWN,EUR,54000.0,,
Presentation / template design,CONTENT_DESIGN,ted_bdbb6c2b20350cc903c4,Arbejde med forankring af bæredygtighed i Kolding Kommune,buy_ccb634a88b3b7aa188bd,Kolding kommune,DNK,TED,2025-11-14,,Creative / communications,Design / publishing,,,,
Presentation / template design,CONTENT_DESIGN,bel_9bf86887ba9f6c0fb3a73562,"Overheidsopdracht van diensten houdende de beschrijving, classificatie en weging van functies en het formuleren van een loonbeleid en het uitwerken van een functionerings- en of evaluatiebeleid",buy_579f33d7b262c0176d08bee1,Vlaams Woningfonds bv,BE,Belgium,2025-11-07,,,,,,https://www.publicprocurement.be/publication-workspaces/9674e22a-6eca-4afe-8bff-050ea5f59eb2,
Promotional merchandise / branded items,PRINT_BROKERAGE,ten_e7e289aad413c4d945b7,FOURNITURE D’OBJETS PUBLICITAIRES PERSONNALISES POUR LE RESEAU CCI HAUTS-DE-FRANCE,buy_a6441eb272dc1e46c86d,CHAMBRE DE COMMERCE ET D'INDUSTRIE DE REGION HAUTS-DE-FRANCE,France,France,2026-07-30,,Other,Fournitures,EUR,,,
Promotional merchandise / branded items,PRINT_BROKERAGE,ten_0e1ae8ad0ff50f2c7244,OS Promotional Merchandise Services,buy_05dd0b67041398fa731e,ORDNANCE SURVEY LIMITED,United Kingdom,United Kingdom,2026-07-29,,Other,UNKNOWN,GBP,,,
Promotional merchandise / branded items,PRINT_BROKERAGE,ted_c69689f8331ce0fbf848,Provision of EUAA Branded Merchandise and Operational Clothing,buy_49603fbd0efcf57ee39e,European Union Agency for Asylum,MLT,TED,2026-07-22,2026-09-07,Other,UNKNOWN,EUR,4800000.0,,
Promotional merchandise / branded items,PRINT_BROKERAGE,ten_2073435dee755339fa02,"260038 Branded Clothing, Merchandise and Promotional Goods",buy_40008bd6ccccd4660be6,Queen's University Belfast,United Kingdom,United Kingdom,2026-07-09,2026-08-05,Other,UNKNOWN,GBP,2833333.0,,
Promotional merchandise / branded items,PRINT_BROKERAGE,ten_be5dd0c5fb6e3e094494,FOURNITURE DE GOODIES,buy_500a455b713634b0d80e,CPAM DES ALPES MARITIMES,France,France,2026-06-21,2026-12-31,Other,Fournitures,EUR,,,
Promotional merchandise / branded items,PRINT_BROKERAGE,ten_3bcdbf65198f6b7024a7,Objets promotionnels - Goodies,buy_06844a1eee89f7aad3c1,Université Evry Paris Saclay,France,France,2026-06-20,2026-07-20,Other,Fournitures,EUR,,,
Promotional merchandise / branded items,PRINT_BROKERAGE,ted_96797c4943c241d31165,Merchandise og gaveartikler til Aalborg Universitet,buy_ccb634a88b3b7aa188bd,Aalborg Universitet,DNK,TED,2026-06-09,2026-07-20,Other,UNKNOWN,DKK,8400000.0,,
Promotional merchandise / branded items,PRINT_BROKERAGE,ten_a5791e9769be8abcc40b,Fourniture d'objets publicitaires pour le Département du Territoire de Belfort,buy_42ce38cd23483c7200b5,DEPARTEMENT DU TERRITOIRE DE BELFORT,France,France,2026-05-22,2026-06-22,Other,Fournitures,EUR,,,
Promotional merchandise / branded items,PRINT_BROKERAGE,ten_e989f85c7bc2dfecf194,Rahmenvereinbarung zur Lieferleistung von Merchandise-Artikeln,,,Germany,Germany,2026-05-22,,Automation / software,Software / automation,EUR,,,
Promotional merchandise / branded items,PRINT_BROKERAGE,ten_af49db84b67b0a640669,Fourniture d'objets publicitaires et de communication (3 LOTS),buy_d11a44b1a10d19d7b3c3,Commune de Rueil-Malmaison,France,France,2026-05-15,2026-06-26,Creative / communications,Design / publishing,EUR,,,
Promotional merchandise / branded items,PRINT_BROKERAGE,ten_db514aab47386875af4e,Prestations de street marketing (distribution de documents et de goodies de main à main) et dépôt en points relais hors presse en Île-de-France,buy_e5514c35ced7679f108b,Région Île-de-France,France,France,2026-05-15,2026-06-15,Creative / communications,Design / publishing,EUR,,,
Promotional merchandise / branded items,PRINT_BROKERAGE,ted_1bef8de0851ceb278c75,Supply of Frontex branded items,buy_e4d061caa68fce2f60e7,European Border and Coast Guard Agency (FRONTEX),POL,TED,2026-05-08,2026-06-26,Other,UNKNOWN,EUR,700000.0,,
Proofreading / editing,CONTENT_DESIGN,ted_9b7875059892b7f26f12,"Procurement of services for professional editing, prepress preparation, and publication in the Catalogue of Approved Textbooks of approved textbooks for secondary vocational education that are approved for use in the language of instruction or textbooks that are not subject to translation, as well as translation from Macedonian into Albanian and Turkish of textbooks for secondary vocational educat",buy_5ed803fae1f670fc4749,Ministry of Education and Science,MKD,TED,2026-08-07,2026-09-09,Language,Translation / transcription,,,,
Proofreading / editing,CONTENT_DESIGN,ten_dd6ce4f3c7c5982916dc,Lektorat der Zeitschrift „Natur und Landschaft“,,,Germany,Germany,2026-07-28,2026-08-25,Language,Translation / transcription,EUR,,,
Proofreading / editing,CONTENT_DESIGN,ten_0b35d04677c8342f90b2,CSP26679 - Neuron proofreading,buy_e55cc49c62224cdd58a2,UK Research and Innovation,United Kingdom,United Kingdom,2026-07-21,,Language,Translation / transcription,GBP,,,
Proofreading / editing,CONTENT_DESIGN,ten_637abbe9d7c98518a341,"Lektorat von Museumstexten, Gedenkstätte Hadamar",,,Germany,Germany,2026-07-17,2026-08-11,Language,Translation / transcription,EUR,,,
Proofreading / editing,CONTENT_DESIGN,ten_1803b1864b485f93029e,Services relecture d'examens radiologiques,buy_22070916a2334d37e1ed,CISSS Montérégie-Ouest,Canada - Quebec,Quebec,2026-07-15,,Language,Translation / transcription,CAD,,,
Proofreading / editing,CONTENT_DESIGN,ten_014e70af5e1c2444a536,Lektorat und Gestaltung des 12. Kinder- und Jugendberichtes für das Land Nordrhein-Westfalen,,,Germany,Germany,2026-07-09,,Language,Translation / transcription,EUR,,,
Proofreading / editing,CONTENT_DESIGN,ten_7b14a82d0455e0ad5c0b,Werbeagentur (Agentur für Mediengestaltung) für Layout – Druck – Lektorat – Übersetzungen und teilweise Texterstellungen,buy_9ab5c7900aa344cadd07,Regensburg Tourismus GmbH,Germany,Germany,2026-07-01,2026-09-01,Language,Translation / transcription,EUR,,,
Proofreading / editing,CONTENT_DESIGN,ted_bf28dc2c729688f73a50,"Language services - clear language, text preparation and automatic translation.",buy_581df20f038735ed5497,Norges vassdrags- og energidirektorat (NVE),NOR,TED,2026-06-03,2026-08-20,Language,Translation / transcription,NOK,13000000.0,,
Proofreading / editing,CONTENT_DESIGN,ten_4f8e09d56abe97c89fd2,"Lektorat, Korrektorat und Satz der Fachhefte",,,Germany,Germany,2026-05-12,,Language,Translation / transcription,EUR,,,
Proofreading / editing,CONTENT_DESIGN,ten_a6e8ee4cf2c9d7605f1b,Services de traduction et de révision linguistique,buy_e6ada229116b627c58b4,Ministère de l'Emploi et de la Solidarité sociale,Canada - Quebec,Quebec,2026-05-04,,Language,Translation / transcription,CAD,,,
Proofreading / editing,CONTENT_DESIGN,ten_d919758aadaea3b267e4,10000073-Proofreading and editing of GIZ central project evaluations,buy_14b5c2e3da752bbbc886,Deutsche Gesellschaft für Internationale Zusammenarbeit (GIZ) GmbH,Germany,Germany,2026-05-04,2026-06-05,Monitoring / research,Monitoring / analysis,EUR,,,
Proofreading / editing,CONTENT_DESIGN,ten_5fa54b1d9ff7aa177057,"Traduction, révision et relecture de documents",buy_062d1e11c1cb2b1ea054,Université Grenoble Alpes,France,France,2026-04-25,,Language,Translation / transcription,EUR,,,
Signage / wayfinding / vinyl,PRINT_BROKERAGE,ten_191d9365508302ac6fcc,Fourniture et livraison de panneaux routiers et leurs supports et de mobiliers urbains divers,buy_e06c7d1c02dfd6cf2b37,Ville de Bobigny,France,France,2026-07-31,2026-10-09,Other,Fournitures,EUR,,,
Signage / wayfinding / vinyl,PRINT_BROKERAGE,ten_360b10c2cf094a59aebd,Accord-cadre à bons de commande pour la conception graphique des supports de communication et des éléments de signalétique pour le musée des impressionnismes Giverny,buy_defd7d46a2faa5157ed6,Musée des Impressionnismes Giverny,France,France,2026-07-31,2026-07-09,Creative / communications,Design / publishing,EUR,,,
Signage / wayfinding / vinyl,PRINT_BROKERAGE,ten_65ad6b1e3c4f9ef94788,Services professionnels en ingénierie- Rénovation des colonnes et des panneaux de béton- École des métiers spécialisés,buy_82d5e7910dee7e19196b,Centre de services scolaire de Laval.,Canada - Quebec,Quebec,2026-07-31,,Other,UNKNOWN,CAD,,,
Signage / wayfinding / vinyl,PRINT_BROKERAGE,bel_ebb7ac7c369220be114626e3,Signalétique de l'Espace Cognaut - 3,buy_5f53802579f2da702ad50533,Vresse-sur-Semois,BE,Belgium,2026-07-30,2026-08-24,,,,,https://www.publicprocurement.be/publication-workspaces/0801a9fa-9e5b-4508-8e7c-b4eaabc6e6b4,
Signage / wayfinding / vinyl,PRINT_BROKERAGE,ten_399d3c5d8311f14d04ff,"Fourniture, installation, entretien et maintenance de panneaux d'information lumineux",buy_6f32614e9784668805a4,VILLE DE BRUMATH,France,France,2026-07-30,2026-07-09,Creative / communications,Design / publishing,EUR,,,
Signage / wayfinding / vinyl,PRINT_BROKERAGE,ten_43ccc97235a66ccdaa79,Prestations d’évolution du logiciel de gestion des poses et retraits des panneaux publicitaires RosaLog Planning et services associés,buy_acaa00b302d54a3ff5f1,EFS ILE-DE-FRANCE,France,France,2026-07-30,,Automation / software,Software / automation,EUR,,,
Signage / wayfinding / vinyl,PRINT_BROKERAGE,ten_50b336516f931bae679b,Conception de panneaux signalétiques – Place des Bâtisseurs,buy_ab5384f9c2feb3fbe5e5,Ville de Lac-Mégantic.,Canada - Quebec,Quebec,2026-07-30,,Other,UNKNOWN,CAD,,,
Signage / wayfinding / vinyl,PRINT_BROKERAGE,ten_698eedb0c4e204197a4b,"Maintenance Et Fourniture D'Extincteurs Et Mise A Jour Des Plans D'Intervention, D'Evacuation Et Pose De La Signaletique",buy_fc307295a7463aa35caa,Ville de Trappes,France,France,2026-07-30,,Other,Services,EUR,,,
Signage / wayfinding / vinyl,PRINT_BROKERAGE,ten_a6b1e7ffe0804943ce7d,Services professionnels ingénieur civil - structure Rénovation des panneaux de béton et colonnes extérieures – Étude environnementale - École des métiers spécialisés,buy_82d5e7910dee7e19196b,Centre de services scolaire de Laval.,Canada - Quebec,Quebec,2026-07-30,,Monitoring / research,Monitoring / analysis,CAD,,,
Signage / wayfinding / vinyl,PRINT_BROKERAGE,ten_b6e7dddb27942ef9a21a,Installation de panneaux photovoltaïques en ombrière sur l'aire de covoiturage située sur la commune de Rocbaron,buy_a54d89edbb36a61ca607,Territoire D'Energie Var,France,France,2026-07-30,2026-08-25,Other,Travaux,EUR,,,
Signage / wayfinding / vinyl,PRINT_BROKERAGE,ten_c3be0ff3941c3aa49c8b,"Réalisation, livraison et pose d'éléments de signalétique intérieure et extérieure au profit des services du Premier ministre (Île-de-France)",buy_73e9d4da438fee3c3d6c,D.S.A.F,France,France,2026-07-29,2026-07-09,Other,Fournitures,EUR,,,
Signage / wayfinding / vinyl,PRINT_BROKERAGE,ten_2c5814487d8ba526346b,Travaux de construction d’un groupe scolaire à Mainvilliers (Relance du lot n°8 : Revêtements de sols et murs durs - Revêtements de sols souples – Peinture - Signalétique),buy_2c17e6b09318879c62fc,Ville de Mainvilliers (28),France,France,2026-07-28,2026-07-09,Other,Travaux,EUR,,,
Simple API / software integration,AUTOMATION_SOFTWARE,ted_1531a4843c15023e71d6,ΡΙΚ 22/2026 FHD TV Production Studio I and II,buy_36fedc0c3fdde8d00aea,Ραδιοφωνικό Ίδρυμα Κύπρου,CYP,TED,2026-08-07,2026-09-23,Other,UNKNOWN,EUR,1700000.0,,
Simple API / software integration,AUTOMATION_SOFTWARE,ted_29a716bd13cbb38564d6,Betriebsführung der Data Integration Plattform Services,buy_001cc06b96d8f5cfe636,.,AUT,TED,2026-07-29,,Automation / software,IT services / software,,,,
Simple API / software integration,AUTOMATION_SOFTWARE,ted_8ff39d61dcd626aa523a,Market Dialogue on Three Core Processes for Future Market System at Energinet,buy_ccb634a88b3b7aa188bd,Energinet Gastransmission A/S,DNK,TED,2026-07-17,,Automation / software,Software / automation,,,,
Simple API / software integration,AUTOMATION_SOFTWARE,ted_8850cf40e37bbd08e522,Úpravy NIS pro účely standardizace zdravotnické dokumentace a interoperability,buy_85fe87d2665464f38efa,"Nemocnice Jihlava, příspěvková organizace",CZE,TED,2026-07-15,,Automation / software,IT services / software,CZK,3721470.0,,
Simple API / software integration,AUTOMATION_SOFTWARE,ted_ef7e972e64f6cb6ef8f1,"Call for Proposals, Feasibility on national open-access risk platform",buy_255227f41a104edd68db,Superintendencia General de Seguros,CRI,TED,2026-07-14,2026-08-28,Automation / software,Software / automation,,,,
Simple API / software integration,AUTOMATION_SOFTWARE,ted_af9ed54f74a81f98fb52,eHealth – Psychiatrická léčebna Petrohrad,buy_6f79629fe8c07370e0e8,"Psychiatrická léčebna Petrohrad, příspěvková organizace",CZE,TED,2026-07-10,2026-08-14,Automation / software,IT services / software,CZK,5158000.0,,
Simple API / software integration,AUTOMATION_SOFTWARE,ten_577fb7836b905f35f0ea,Healthcare Data Sharing and Interoperability Platform,buy_eb57f5c4076477db68d5,West Suffolk NHS Foundation Trust,United Kingdom,United Kingdom,2026-07-10,,Other,UNKNOWN,GBP,,,
Simple API / software integration,AUTOMATION_SOFTWARE,ted_7e2eb07cf456828f57cd,"EHEALTH V NEMOCNICÍCH SKUPINY NEMOCNICE PLZEŇSKÉHO KRAJE – DODÁVKA NIS, ESB A INTEGRACÍ",buy_6f79629fe8c07370e0e8,"Klatovská nemocnice, a.s.",CZE,TED,2026-07-09,,Automation / software,Software / automation,CZK,143000000.0,,
Simple API / software integration,AUTOMATION_SOFTWARE,ten_3afed96371eb68d00b70,Intégration points de contrôle système de traitement de l'eau potable de Colombourg,buy_1f8ade8194afaf4368b5,Centre de services scolaire du Lac-Abitibi,Canada - Quebec,Quebec,2026-07-09,,Other,UNKNOWN,CAD,,,
Simple API / software integration,AUTOMATION_SOFTWARE,ted_c873d114af5d102ec555,DVD/261012 - Monitoring of excess mortality across Europe for timely assessment of the impact of communicable diseases and public health threats,buy_3d59e3bbb5e2f64301ba,European Centre for Disease Prevention and Control,SWE,TED,2026-07-07,2026-09-14,Creative / communications,Design / publishing,EUR,1700000.0,,
Simple API / software integration,AUTOMATION_SOFTWARE,ten_039eb4b7cf8d7baf4bc0,VeriSight Pro 3D Intracardiac Echocardiography (ICE) Catheters and System Integration,buy_c529e19e648e13b8bc3a,NOTTINGHAM UNIVERSITY HOSPITALS NHS TRUST,United Kingdom,United Kingdom,2026-07-07,,Other,UNKNOWN,GBP,,,
Simple API / software integration,AUTOMATION_SOFTWARE,ten_ea9116af57c340b45fea,Remplacement de portes et intégration d'un système de contrôle d’accès - Garage municipal Léon-Taillon,buy_4ad294973272e3365cf9,Ville de Saint-Basile-le-Grand.,Canada - Quebec,Quebec,2026-07-06,2026-08-10,Other,UNKNOWN,CAD,,,
Small IT equipment supply,PROCUREMENT_BROKERAGE,ted_f571607f414d89497fac,Dostawa sprzętu komputerowego,buy_e4d061caa68fce2f60e7,Górnośląskie Centrum Medyczne im. prof. Leszka Gieca Śląskiego Uniwersytetu Medycznego w Katowicach,POL,TED,2026-08-13,2026-08-28,Other,UNKNOWN,,,,
Small IT equipment supply,PROCUREMENT_BROKERAGE,ted_fd9e0f920acc0f2d8865,"Zakup i dostawa sprzętu komputerowego, oprogramowań oraz monitorów interaktywnych",buy_e4d061caa68fce2f60e7,Powiat Opoczyński reprezentowany przez Zarząd Powiatu Opoczyńskiego,POL,TED,2026-08-13,2026-09-18,Other,UNKNOWN,,,,
Small IT equipment supply,PROCUREMENT_BROKERAGE,ted_0f5b560d44ecaaf56759,"Dostawa komputerów, monitorów i drukarek dla Instytutu Informatyki WEiTI PW",buy_8a419ea0c511ed35f932,Politechnika Warszawska,POL,TED,2026-08-12,2026-09-14,Other,UNKNOWN,,,,
Small IT equipment supply,PROCUREMENT_BROKERAGE,ted_3d3c000f9e7f0ec54f12,Dostawa sprzętu komputerowego dla Urzędu Pracy m.st. Warszawy 2026,buy_e4d061caa68fce2f60e7,Urząd Pracy m.st. Warszawy,POL,TED,2026-08-12,2026-09-17,Other,UNKNOWN,,,,
Small IT equipment supply,PROCUREMENT_BROKERAGE,ted_c4f3a0a6205c1e13de28,Dostawa sprzętu informatycznego i oprogramowania w podziale na pakiety w Miejskim Centrum Medycznym im. dr. Karola Jonschera w Łodzi,buy_e4d061caa68fce2f60e7,Miejskie Centrum Medyczne im. dr. Karola Jonschera w Łodzi,POL,TED,2026-08-12,2026-08-28,Automation / software,Software / automation,,,,
Small IT equipment supply,PROCUREMENT_BROKERAGE,ted_e6f121f9edf31b936094,Platforma integrata de monitorizare a datelor medicale,buy_56f10621e0007ccb73ca,"Universitatea de Medicina, Farmacie, Stiinte si Tehnologie "" George Emil Palade"" din Targu Mures",ROU,TED,2026-08-12,2026-09-14,Automation / software,Software / automation,RON,10140000.0,,
Small IT equipment supply,PROCUREMENT_BROKERAGE,ted_19d1d27c2b3b8d73f413,"Zakup wyposażenia ICT dla pracowni informatyki w ZS 5 w ramach projektu ""Profesjonalne Pracownie 4 w Jastrzębiu-Zdroju",buy_e4d061caa68fce2f60e7,Miasto Jastrzębie-Zdrój,POL,TED,2026-08-11,2026-09-10,Other,UNKNOWN,PLN,139315.63,,
Small IT equipment supply,PROCUREMENT_BROKERAGE,ted_2e2c5f61e1fe5aecce0e,"Zakup robota chirurgicznego wraz z zestawem narzędzi, dostosowaniem i doposażeniem sali operacyjnej i centralnej sterylizatorni dla Miejskiego Szpitala Zespolonego w Częstochowie",buy_e4d061caa68fce2f60e7,SP ZOZ Miejski Szpital Zespolony,POL,TED,2026-08-11,2026-09-17,Other,UNKNOWN,,,,
Small IT equipment supply,PROCUREMENT_BROKERAGE,ted_7babd5c1508451b4fc05,Zakup laptopów dla Centrum e-Zdrowia.,buy_e4d061caa68fce2f60e7,Centrum e-Zdrowia,POL,TED,2026-08-11,2026-10-05,Other,UNKNOWN,,,,
Small IT equipment supply,PROCUREMENT_BROKERAGE,ted_ec3849b3c8724e1dd7b4,Echipamente IT/birotică pentru management proiect,buy_56f10621e0007ccb73ca,UNIVERSITATEA TEHNICA DIN CLUJ NAPOCA,ROU,TED,2026-08-11,2026-09-15,Other,UNKNOWN,RON,189810.79,,
Small IT equipment supply,PROCUREMENT_BROKERAGE,ted_f88bf1f4ab2f1365ded4,IT equipment and software licenses for support for AI systems,buy_5ed803fae1f670fc4749,Government of the Republic of North Macedonia General Secretariat,MKD,TED,2026-08-11,2026-09-09,Automation / software,Software / automation,,,,
Small IT equipment supply,PROCUREMENT_BROKERAGE,ted_ffa04ae12eb24e314fd9,PC és Notebook beszerzés 5651,buy_b01261b2534556cbe22a,Pécsi Tudományegyetem,HUN,TED,2026-08-11,,Other,UNKNOWN,,,,
Social media content production,CONTENT_DESIGN,ted_0da80fc70df8f97290b2,Promocja wizerunku Miasta Poznania w ramach organizowanego w dniach 13-15 sierpnia 2026 w Parku Cytadela w Poznaniu festiwalu BitterSweet,buy_e4d061caa68fce2f60e7,Miasto Poznań - Urząd Miasta Poznania,POL,TED,2026-07-28,,Creative / communications,Design / publishing,PLN,975609.76,,
Social media content production,CONTENT_DESIGN,bel_c097fba0d4dd023398161446,Abonnement à un outil de monitoring des réseaux sociaux,buy_ae8bac0977e943a4481e4c61,FEDASIL_Agence fédérale pour l'accueil des demandeurs d'asile,BE,Belgium,2026-07-27,2026-08-26,,,,,https://www.publicprocurement.be/publication-workspaces/9a2a6801-6d00-4fe4-a2a2-5edee84ac2fe,
Social media content production,CONTENT_DESIGN,ted_5fc7d34655923cddaf4a,Kompleksowa realizacja kampanii promującej Mapę potencjału OZE z kalkulatorem doboru instalacji,buy_e4d061caa68fce2f60e7,Województwo Małopolskie,POL,TED,2026-07-27,2026-08-12,Other,UNKNOWN,PLN,209500.0,,
Social media content production,CONTENT_DESIGN,ten_2aadb3b9e600cb49a754,"Service de gestion du web (réseaux sociaux, YouTube, Google Ads, etc)",buy_bcac01eb373a14d92fec,Cégep régional de Lanaudière,Canada - Quebec,Quebec,2026-07-22,,Creative / communications,Design / publishing,CAD,,,
Social media content production,CONTENT_DESIGN,ten_908c1ada9acaed38692a,Outil de gestion des réseaux sociaux et d’un programme ambassadeurs,buy_8d688fc6661ba3a52095,Caisse des dépots,France,France,2026-07-17,2026-01-09,Other,Fournitures,EUR,,,
Social media content production,CONTENT_DESIGN,ten_360a18afe78e35977cc9,Animation des réseaux sociaux,buy_90e4aec476c6f5634320,Comite Regional Tourisme Paca,France,France,2026-07-16,,Creative / communications,Design / publishing,EUR,,,
Social media content production,CONTENT_DESIGN,ted_40f10a3da93d2fd57f3a,Udbud vedrørende Levering af contentydelser til SoMe,buy_ccb634a88b3b7aa188bd,DSB,DNK,TED,2026-07-13,,Creative / communications,Design / publishing,,,,
Social media content production,CONTENT_DESIGN,ten_3eb6df36704ff4b70f14,Request for Proposal - Government of Canada Social Media Management Service (SMMS) -,buy_0607a8a09c35020b4e75,Department of Public Works and Government Services (PSPC),Canada,Canada federal,2026-07-10,2026-08-20,Automation / software,Software / automation,CAD,,,
Social media content production,CONTENT_DESIGN,ten_9ca2bca2c2cd41489f00,"Services d'audit et d'analyses sur le rayonnement de la CNESST dans les réseaux sociaux, les médias traditionnels et numériques",buy_db626064622f416b3c08,"Commission des normes, de l'équité, de la santé et de la sécurité du travail",Canada - Quebec,Quebec,2026-07-09,,Creative / communications,Design / publishing,CAD,,,
Social media content production,CONTENT_DESIGN,ted_5ab610b230ac34bdc1a7,"“Комуникационни услуги за информиране, включване и ангажиране на заинтересованите страни по проект “Зелен ринг София”, съобразно одобрената комуникационна стратегия на проекта”",buy_b63fd7ac83e5501cf324,СТОЛИЧНА ОБЩИНА,BGR,TED,2026-07-06,2026-08-10,Other,UNKNOWN,EUR,55000.0,,
Social media content production,CONTENT_DESIGN,ten_c538f50c72cbe5d329f4,"Captation, réalisation et retransmission sur Internet et réseaux sociaux des sessions du Conseil Départemental de la Côte-d'Or",buy_8a439e61043f7974cbf5,Conseil Départemental de Côte d'Or (21),France,France,2026-07-01,2026-05-02,Creative / communications,Design / publishing,EUR,,,
Social media content production,CONTENT_DESIGN,bel_61229764b79dc1ab5a5fdc41,Raamovereenkomst voor diensten met als doel de aanwijzing van dienstverleners die gespecialiseerd zijn in het maken van marketing- en promotievideo’s en -films,buy_071d53c31ffb2e838bef2935,Ondernemen.brucity,BE,Belgium,2026-06-30,,,,,,https://www.publicprocurement.be/publication-workspaces/eff3a791-64da-4d94-8499-9e2cc579db76,
Subtitles / captions,VIDEO_AUDIO,tn_de3c635a616cb65b413c,Audiovisuele dienstverlening Mediacentrum Defensie,buy_e8f7854e2d202bf82b1a,"Ministerie van Defensie, Defensie Ondersteuningscommando (DOSCO)",Netherlands,TenderNed,2026-04-04,2026-05-27,Creative / communications,Design / publishing,UNKNOWN,,https://www.tenderned.nl/tenderned-tap/aankondigingen/418719,
Subtitles / captions,VIDEO_AUDIO,ted_ba10bd06e1d73517294a,"Procurement of content development, production and dissemination of innovation policy and finance topics for Africa Europe Digital Innovation Bridge (AEDIB 2.0) project.",buy_b25d30d271157ab27322,HAUS kehittämiskeskus Oy / Finnish Institute of Public Management,FIN,TED,2026-02-19,2026-03-20,Creative / communications,Design / publishing,EUR,200000.0,,
Subtitles / captions,VIDEO_AUDIO,ted_62b75123bd48be8582a0,NRK 2026/152 RFI - Live captioning software,buy_581df20f038735ed5497,Norsk Rikskringkasting AS (NRK),NOR,TED,2026-02-13,,Automation / software,Software / automation,NOK,0.0,,
Subtitles / captions,VIDEO_AUDIO,tn_1f621c1a69d608f55113,Marktconsultatie Digitale Productie Omgeving Ondertitelingssoftware,buy_27a6f9336fa13cc33027,NPO,Netherlands,TenderNed,2026-01-17,,Automation / software,Software / automation,UNKNOWN,,https://www.tenderned.nl/tenderned-tap/aankondigingen/408438,
Subtitles / captions,VIDEO_AUDIO,bel_ac83a7ffb7ea2d6a3640bee8,Geautomatiseerde live ondertiteling,buy_e72a64ca678e03d7cfbfe4c2,De Vlaamse Radio en Televisieomroep,BE,Belgium,2025-10-14,,,,,,https://www.publicprocurement.be/publication-workspaces/7a5308ca-18ad-4c15-8eca-472645be42d0,
Subtitles / captions,VIDEO_AUDIO,ten_2c0483a8bd924b9d9b4d,RV Untertitel DCP,,,Germany,Germany,2025-09-08,2025-10-15,Language,Translation / transcription,EUR,,,
Subtitles / captions,VIDEO_AUDIO,bel_97ad745310b889d9d715f403,Ontwikkelen en realiseren immersieve beleving in KOERS. Museum van de wielersport,buy_12ff6c6721ecb2c5beaf1c0b,Roeselare,BE,Belgium,2025-07-14,,,,,,https://www.publicprocurement.be/publication-workspaces/eb9e7ca7-bbc7-4e8e-87e3-b1eeac89dcc2,
Subtitles / captions,VIDEO_AUDIO,ten_c938148affb6b2412293,Dual-language Captioning of MFL Video Lessons,buy_f80d97f2103d5cccc159,OAK NATIONAL ACADEMY LIMITED,United Kingdom,United Kingdom,2025-05-08,,Language,Translation / transcription,GBP,,,
Subtitles / captions,VIDEO_AUDIO,bel_b6057cc2b6c9fd6ff0246e62,Raamovereenkomst creatie filmpjes en video’s BBEPP,buy_2b230f7f4d5a728a843d06fa,Bio Base Europe Pilot Plant vzw,BE,Belgium,2025-04-30,2025-05-13,,,,,https://www.publicprocurement.be/publication-workspaces/b2574883-660a-42a9-aeee-7360ea75c640,
Subtitles / captions,VIDEO_AUDIO,bel_6575cf7fc4a5ae50b33e911c,Raamovereenkomst creatie filmpjes en video’s BBEPP,buy_2b230f7f4d5a728a843d06fa,Bio Base Europe Pilot Plant vzw,BE,Belgium,2025-01-15,2025-02-07,,,,,https://www.publicprocurement.be/publication-workspaces/befa3028-07b4-4d1d-ad4c-a3a21bee4dcc,
Subtitles / captions,VIDEO_AUDIO,ten_da1416385f4b45c63382,provision of professional real-time captioning and digital content captioning services in English and French and professional simultaneous translation (TS) services – from English to French and from French to English – provided by a real person on an as-n,buy_cb5fb01fa200f8f50ee3,Accessibility Standard Canada,Canada,Canada federal,2024-12-17,2025-01-21,Language,Translation / transcription,CAD,,,
Subtitles / captions,VIDEO_AUDIO,tn_96296a8ca8582a1c0342,Marktconsultatie Uitzendklaar digitaal en aankoopfaciliteiten NPO,buy_27a6f9336fa13cc33027,NPO,Netherlands,TenderNed,2024-11-16,,Creative / communications,Design / publishing,UNKNOWN,,https://www.tenderned.nl/tenderned-tap/aankondigingen/357469,
Survey data processing / coding,DATA_ADMIN,ted_b9efc42ce801d64ae296,Survey Data Collection - India,buy_3d59e3bbb5e2f64301ba,Göteborgs universitet,SWE,TED,2026-07-20,2026-08-20,Other,UNKNOWN,SEK,2500000.0,,
Survey data processing / coding,DATA_ADMIN,ted_555cc57df0e2b8eed7e5,New methodologies to assess inequality,buy_811f3d14bc58dffafbdd,"European Commission, DG JRC - Joint Research Centre",ITA,TED,2026-05-05,2026-06-08,Other,UNKNOWN,EUR,1100000.0,,
Survey data processing / coding,DATA_ADMIN,ted_eb3b3751739389dc44d5,New methodologies to assess inequality,buy_811f3d14bc58dffafbdd,"European Commission, DG JRC - Joint Research Centre",ITA,TED,2026-03-17,,Other,UNKNOWN,EUR,1100000.0,,
Survey data processing / coding,DATA_ADMIN,ted_6c3aee90208a9223ed53,New methodologies to asses inequality,buy_811f3d14bc58dffafbdd,"European Commission, DG JRC - Joint Research Centre",ITA,TED,2026-01-23,,Other,UNKNOWN,EUR,1000000.0,,
Survey data processing / coding,DATA_ADMIN,ten_e89ac016f9c051f13994,Capture of National Harvest Survey Data FY 26/27 – FY 30/31,buy_dff50038c8bdca161850,Department of the Environment (ECCC ),Canada,Canada federal,2025-11-21,2026-01-13,Other,*Environmental monitoring *Data analytics process as a service,CAD,,,
Survey data processing / coding,DATA_ADMIN,ten_d84393f8ce132f11d4ad,Not-for-profit Salary Survey Data,buy_d3047bdbe075028a9d13,Waste & Resources Action Programme,United Kingdom,United Kingdom,2025-09-30,,Other,UNKNOWN,GBP,,,
Survey data processing / coding,DATA_ADMIN,ten_782a6afb88479e227c50,Wales & Western Trainbourne Survey Data,buy_4b63fbbae36e11a6d6b2,NETWORK RAIL INFRASTRUCTURE LIMITED,United Kingdom,United Kingdom,2025-03-27,,Other,UNKNOWN,GBP,5500000.0,,
Survey data processing / coding,DATA_ADMIN,ted_03d98ef354f6c02c1b3f,Submarine Cable project consultancies DPS,buy_ccb634a88b3b7aa188bd,NORDUnet,DNK,TED,2025-03-13,,Creative / communications,Design / publishing,EUR,1000000.0,,
Survey data processing / coding,DATA_ADMIN,ten_674f6728ed45ede915b5,Réalisation d'enquêtes en ligne et traitement des données inhérentes à la satisfaction des patients de l'Assistance Publique - Hôpitaux de Paris,buy_df3afa7a8e3a55184beb,Assistance Publique - Hôpitaux de Paris,France,France,2024-10-18,2024-11-20,Other,Services,EUR,,,
Survey data processing / coding,DATA_ADMIN,ted_7818ece757087db75c21,Survey Experiments on Police Misconduct and Oversight in Germany,buy_ccb634a88b3b7aa188bd,Aalborg Universitet,DNK,TED,2024-05-31,2024-06-12,Other,UNKNOWN,,,,
Survey data processing / coding,DATA_ADMIN,ted_00d97323c5caf1f0e46d,"Survey on gender gaps in unpaid care, individual and social activities (CARE) – 2nd wave",buy_3878737b0bf9117c77ed,European Institute for Gender Equality,LTU,TED,2024-02-01,2024-03-25,Monitoring / research,Monitoring / analysis,EUR,320000.0,,
Transcription / minutes,VIDEO_AUDIO,ted_7eca0b645d64d44a9fda,"Concurso de anteproyectos, con intervención de jurado, para la implantación del Jardín Botánico de Palma",buy_262acb26bfbdf5a4121e,Junta de Gobierno del Ayuntamiento de Palma de Mallorca,ESP,TED,2026-08-12,2026-11-16,Language,Translation / transcription,,,,
Transcription / minutes,VIDEO_AUDIO,ted_495447b1bf6c8b8a2ba7,"Contrato de servicios para la redacción del proyecto integrado de obras y actividades, la dirección facultativa de las obras de rehabilitación y la coordinación de seguridad y salud de la antigua base militar de telecomunicaciones de S'Enclusa como equipamiento público insular.",buy_262acb26bfbdf5a4121e,Consejo Ejecutivo del Consell Insular de Menorca (CIM),ESP,TED,2026-08-10,2026-09-09,Language,Translation / transcription,EUR,455000.0,,
Transcription / minutes,VIDEO_AUDIO,ted_573e8f43076f91f0b4d1,Provision of Interpretation and/or Cultural Mediation Services for the EUAA in Greece and Cyprus,buy_49603fbd0efcf57ee39e,European Union Agency for Asylum (EUAA),MLT,TED,2026-08-10,,Language,Translation / transcription,,,,
Transcription / minutes,VIDEO_AUDIO,ted_bfd61c4a151f5344a9e8,Celebración de un espectáculo artístico de gran formato con una dirección artística y un hilo conductor de la cabalgata de Reyes del día 5 de enero de los años 2027 y 2028 en Narón,buy_262acb26bfbdf5a4121e,Alcaldía del Ayuntamiento de Narón,ESP,TED,2026-08-10,2026-09-09,Language,Translation / transcription,EUR,363636.36,,
Transcription / minutes,VIDEO_AUDIO,ted_eeee4fe97491c53b1e62,Provision of Interpretation and/or Cultural Mediation Services for the EUAA in Greece and Cyprus,buy_49603fbd0efcf57ee39e,European Union Agency for Asylum (EUAA),MLT,TED,2026-08-10,,Language,Translation / transcription,,,,
Transcription / minutes,VIDEO_AUDIO,ted_f8c3eac62e3984e12cbd,Framework agreement for consultancy services within government accounting.,buy_581df20f038735ed5497,Direktoratet for forvaltning og økonomistyring (DFØ),NOR,TED,2026-08-10,2026-09-08,Language,Translation / transcription,NOK,4000000.0,,
Transcription / minutes,VIDEO_AUDIO,ted_0307b2115aa0bd2312d9,Udzielanie świadczeń zdrowotnych z zakresu interpretacji obrazu angio – TK naczyń wieńcowych w Zakładzie Diagnostyki Obrazowej.,buy_e4d061caa68fce2f60e7,Górnośląskie Centrum Medyczne im. prof. Leszka Gieca Śląskiego Uniwersytetu Medycznego w Katowicach,POL,TED,2026-08-06,,Language,Translation / transcription,,,,
Transcription / minutes,VIDEO_AUDIO,ted_9596968395b1ea6c3f51,"Servicios de redacción de los Proyectos Básico y de Ejecución, así como la Dirección Facultativa y la Coordinación de la Seguridad y Salud de las obras para la implantación de un Centro de Educación Financiera, un Centro de Formación y un Centro de Interpretación en la Quinta de Torre Arias en Madrid.",buy_262acb26bfbdf5a4121e,Banco de España,ESP,TED,2026-08-06,2026-09-30,Language,Translation / transcription,EUR,2433726.91,,
Transcription / minutes,VIDEO_AUDIO,ted_8021c4704d71d35f6a7c,TR-CL-07 - Reabilitarea si extinderea sistemelor de alimentare cu apa si canalizare in aglomerarea Rosiorii de Vede,buy_56f10621e0007ccb73ca,SC APA SERV SA,ROU,TED,2026-08-04,2026-09-15,Language,Translation / transcription,RON,94084888.0,,
Transcription / minutes,VIDEO_AUDIO,ted_2aae9ddf05c5fb82b869,"Aquisição de serviços e equipamentos para desenvolvimento, implementação e dinamização do Centro de Interpretação do Vidro - CIV",buy_091d5eef279cbb542f9f,Município de Oliveira de Azeméis,PRT,TED,2026-08-01,2026-08-29,Language,Translation / transcription,EUR,1320093.03,,
Transcription / minutes,VIDEO_AUDIO,ted_06a38b64941854acd0e9,Contrato de servicios de atención al visitante en los distintos museos y espacios expositivos municipales,buy_262acb26bfbdf5a4121e,Junta de Gobierno del Ayuntamiento de Almería,ESP,TED,2026-07-31,,Language,Translation / transcription,,,,
Transcription / minutes,VIDEO_AUDIO,ted_88a4bdb71d3629913ddb,"Provision of technical and scientific support for activities related to EU antimicrobial resistance (AMR) monitoring, including the preparation of annual EU Summary Reports on AMR and other AMR outputs",buy_811f3d14bc58dffafbdd,European Food Safety Authority,ITA,TED,2026-07-31,2026-10-01,Language,Translation / transcription,EUR,600000.0,,
Translation / localization,LANGUAGE,ted_a1d98bac036ee04116d4,In-country Support Services – Southern and Eastern Mediterranean,buy_811f3d14bc58dffafbdd,European Training Foundation (ETF),ITA,TED,2026-08-10,2026-09-24,Other,UNKNOWN,EUR,700000.0,,
Translation / localization,LANGUAGE,ten_93467d73d59fe5b97b86,SYSTÈMES DE LOCALISATION DE LÉSIONS MAMMAIRES CANCÉREUSES,buy_57e722d2707640a275ef,Centre intégré de santé et de services sociaux de la Montérégie-Est,Canada - Quebec,Quebec,2026-07-30,2026-09-02,Other,UNKNOWN,CAD,,,
Translation / localization,LANGUAGE,ten_ca20f3a3dc03f3ebbfbc,Speech and Language Services,buy_f02f0498fe3ae5c42d41,Halton Borough Council,United Kingdom,United Kingdom,2026-07-29,,Other,UNKNOWN,GBP,,,
Translation / localization,LANGUAGE,bel_fc661accb6ae5f1cf5bee61f,La fourniture et l’installation d’une caméra hyperspectrale dans le domaine Vis-SWIR,buy_10184e3f6b47645a1fca153e,Université de Liège (3P),BE,Belgium,2026-07-27,,,,,,https://www.publicprocurement.be/publication-workspaces/49ef10d2-4525-4f95-837a-cfbb955c62d1,
Translation / localization,LANGUAGE,ten_545d771d37ffa1b96c83,"MARCHE ACCORD-CADRE DE PRESTATIONS DE DÉTECTION, LOCALISATION, GEOREFERENCEMENT ET MARQUAGE-PIQUETAGE DES RÉSEAUX DANS L'EMPRISE DE LA CONCESSION AÉROPORTUAIRE GUADELOUPE MARYSE CONDE",buy_4a9d071a713cfdf5e578,Société Aéroportuaire Guadeloupe Pôle Caraibes (SAGPC),France,France,2026-07-22,2026-08-21,Other,Services,EUR,,,
Translation / localization,LANGUAGE,ten_1d98f0c283c9aa1a8b8c,"Prestations d'investigations complémentaires, de localisation et de marquage/piquetage sur le territoire de Perpignan Méditerranée Métropole Communauté Urbaine",buy_9588c8e60f64f6ad967c,Perpignan Méditerranée Métropole Communauté Urbaine,France,France,2026-07-17,2026-09-15,Other,Services,EUR,,,
Translation / localization,LANGUAGE,bel_22231c5d58f024a0942a0683,Marché de services pour la réalisation de missions d’interprétariat en langues étrangères et en langue des signes ainsi que de missions de traduction,buy_8a67d04911e84e47266a10cc,Office Wallon de la formation professionnelle et de l'emploi,BE,Belgium,2026-07-17,2026-08-31,,,,,https://www.publicprocurement.be/publication-workspaces/fb1e7c86-9849-4f0b-bcef-a6c20f5f1c17,
Translation / localization,LANGUAGE,ten_e366f26ce8c7089ff560,Speech and Language Services,buy_f02f0498fe3ae5c42d41,Halton Borough Council,United Kingdom,United Kingdom,2026-07-14,,Other,UNKNOWN,GBP,,,
Translation / localization,LANGUAGE,ten_862c9cab07cac0c84e6c,Speech and Language Services,buy_f02f0498fe3ae5c42d41,Halton Borough Council,United Kingdom,United Kingdom,2026-07-14,,Other,UNKNOWN,GBP,,,
Translation / localization,LANGUAGE,ten_27819b2c4a4e4225a901,Speech and Language Services,buy_f02f0498fe3ae5c42d41,Halton Borough Council,United Kingdom,United Kingdom,2026-07-14,,Other,UNKNOWN,GBP,,,
Translation / localization,LANGUAGE,bel_90addef18cbae7133e75266c,Berges de la Vesdre - Elaboration de 2 dossiers de permis pour stockage de matériaux,buy_876811305d538dfd4b065900,SPI(3p),BE,Belgium,2026-07-08,,,,,,https://www.publicprocurement.be/publication-workspaces/ee9c8181-e579-4e15-8603-0fcaa12841e6,
Translation / localization,LANGUAGE,ted_a91a2e71595466c0deb3,Super-resolution microscopy,buy_f00f9660aac04202b7b4,Umeå universitet,SWE,TED,2026-06-29,,Creative / communications,Design / publishing,,,,
Video editing / post-production,VIDEO_AUDIO,ten_18319df089172ed4b40f,COLOUR GRADING WORKSTATIONS FOR VIDEO EDITING,buy_7135d0c0582956e9687a,Université Concordia,Canada - Quebec,Quebec,2026-07-27,,Other,UNKNOWN,CAD,,,
Video editing / post-production,VIDEO_AUDIO,ten_017b3dc55d1971662b74,Mandat de montage vidéo sur plusieurs projets,buy_151cc0939a93ae201a8a,Ville de Salaberry-de-Valleyfield,Canada - Quebec,Quebec,2026-07-22,,Creative / communications,Design / publishing,CAD,,,
Video editing / post-production,VIDEO_AUDIO,ten_e109b79186da5d607e74,"Service de photographie, de tournage et de montage vidéo sur demande",buy_ec71da37a46cd23c01f2,Ville de Granby,Canada - Quebec,Quebec,2026-07-09,,Creative / communications,Design / publishing,CAD,,,
Video editing / post-production,VIDEO_AUDIO,ted_cba686947892b7bb7b88,"Prestations de conception, réalisation et post-production de contenus vidéo",buy_bacf2bcb45c828276231,Centrale d'achats et d’ingénierie biomédicale des hôpitaux universitaires Vaud-Genève (CAIB),CHE,TED,2026-05-19,2026-07-01,Creative / communications,Design / publishing,,,,
Video editing / post-production,VIDEO_AUDIO,ted_8d08f3ec54065686822c,NRK 2026-192 Procurement of Production Asset Management (PAM) solution (Stage 1),buy_581df20f038735ed5497,Norsk rikskringkasting AS,NOR,TED,2026-05-06,,Other,UNKNOWN,NOK,62500000.0,,
Video editing / post-production,VIDEO_AUDIO,ten_7cdeceecafcf9c410c6f,"Web série - Contenu multiformat, création, production et post-production",buy_dbe26133b9d35630f868,Université de Montréal,Canada - Quebec,Quebec,2026-04-30,,Creative / communications,Design / publishing,CAD,,,
Video editing / post-production,VIDEO_AUDIO,ten_03e92bc9bb4c9e3e657a,Captation édition montage vidéo,buy_d6c47019ba84b5d2fa75,Inria,France,France,2026-03-16,2026-02-04,Creative / communications,Design / publishing,EUR,,,
Video editing / post-production,VIDEO_AUDIO,ten_7566e3226d96c90c3aff,Système de gestion informatique centralisée des données issues d’une chaine de post production d’images et de sons et réalisations des prestations associées.,buy_2d86ba437afa7cea49fd,Centre national du cinéma et de l’image animée,France,France,2025-12-21,2026-02-16,Other,Fournitures,EUR,,,
Video editing / post-production,VIDEO_AUDIO,ted_08064f56e52987df7fcf,Prestations Photo et Vidéo @EPFL,buy_bacf2bcb45c828276231,EPFL - Service des Achats,CHE,TED,2025-11-28,2026-01-16,Other,UNKNOWN,,,,
Video editing / post-production,VIDEO_AUDIO,ten_235817320f4f3fbd2d7d,"Accord cadre à bons de commande pour des prestations de signalétique, de balisage et de reportage et montage vidéo - Galerie Comédie",buy_2495f4eb405c4c3a6284,Tam - Transports de l'agglomération de Montpellier,France,France,2025-11-04,2025-12-05,Creative / communications,Design / publishing,EUR,,,
Video editing / post-production,VIDEO_AUDIO,ted_d78ad3340de03c1f89e2,AUDIOVISUAL AND PHOTOGRAPHIC SERVICES,buy_262acb26bfbdf5a4121e,The European Joint Undertaking for ITER and the Development of Fusion Energy ('Fusion for Energy'),ESP,TED,2025-10-06,2025-11-13,Creative / communications,Design / publishing,EUR,360000.0,,
Video editing / post-production,VIDEO_AUDIO,ten_c445fdbaaffb8bd6ae05,Post Production Services RFI 2025,buy_6970630ee00e5cc21e18,BBC (British Broadcasting Corporation),United Kingdom,United Kingdom,2025-09-26,,Other,UNKNOWN,GBP,,,
Video production,VIDEO_AUDIO,ted_4308e54da2455faec693,"Framework agreement, Communication and Marketing Services.",buy_581df20f038735ed5497,Sandnes kommune,NOR,TED,2026-07-28,2026-09-11,Creative / communications,Design / publishing,NOK,4800000.0,,
Video production,VIDEO_AUDIO,ten_b8d49c66cb48e885dbc3,"Prestation de captation vidéo, de production audiovisuelle, de post production et de réalisation de supports vidéos",buy_d2b5cffe73456234adc2,VILLE DE MONTAUBAN,France,France,2026-07-25,2026-08-25,Creative / communications,Design / publishing,EUR,,,
Video production,VIDEO_AUDIO,ten_bbc4587648f0f16d6a93,Video Production Services - Greater Manchester Lung Cancer Screening,buy_01026ea7384f69c26499,The Christie NHS Foundation Trust,United Kingdom,United Kingdom,2026-06-16,,Other,UNKNOWN,GBP,,,
Video production,VIDEO_AUDIO,ten_ea293caf84217ea95ed4,SP Production vidéo,buy_e1ee82c92601a3099b38,Société des traversiers du Québec,Canada - Quebec,Quebec,2026-06-16,,Creative / communications,Design / publishing,CAD,,,
Video production,VIDEO_AUDIO,ten_154fb630dd9373e4b4f8,"Production audiovisuelle et multimédia - Le présent marché a pour objet la conception, la préparation, la réalisation, le tournage, le montage et la livraison de six émissions audiovisuelles.",buy_669f619227ca115e9e2a,Communauté de Communes du Pays de Fayence (83),France,France,2026-05-29,2026-06-19,Creative / communications,Design / publishing,EUR,,,
Video production,VIDEO_AUDIO,ten_f0f9fc7d071aefbabd7f,Services de production vidéo,buy_dbe26133b9d35630f868,Université de Montréal,Canada - Quebec,Quebec,2026-05-22,,Creative / communications,Design / publishing,CAD,,,
Video production,VIDEO_AUDIO,ten_5a7486e190c9e66b374f,STA-26013 Provision of Filming and Video Production Services for Graduation,buy_71845849901258507449,Royal Holloway and Bedford New College,United Kingdom,United Kingdom,2026-05-07,,Other,UNKNOWN,GBP,,,
Video production,VIDEO_AUDIO,ten_027926b6b6e536b35ce3,"Production audiovisuelle dans la cadre du concours ""Tournez-vous vers l'excellence""",buy_e63032d49ab46002f74e,La Financière agricole du Québec,Canada - Quebec,Quebec,2026-05-06,,Creative / communications,Design / publishing,CAD,,,
Video production,VIDEO_AUDIO,ten_2ef2709271719e26cb57,Création et production audiovisuelle - INTEMPORELLE,buy_f7abde903a34c0306044,Musée national des beaux arts du Québec,Canada - Quebec,Quebec,2026-05-05,,Creative / communications,Design / publishing,CAD,,,
Video production,VIDEO_AUDIO,ten_e84d010310ba21a4673f,Prestations de conception et de production audiovisuelle pour la communication du Département de Saône-et-Loire,buy_6e4aa00f154def0b7e74,Département de Saône-et-Loire,France,France,2026-04-30,2026-05-29,Creative / communications,Design / publishing,EUR,,,
Video production,VIDEO_AUDIO,ten_d4da0488adb49277b429,Service de production vidéo,buy_f88ac596f1f76787b214,Le Collège Montmorency,Canada - Quebec,Quebec,2026-04-20,,Creative / communications,Design / publishing,CAD,,,
Video production,VIDEO_AUDIO,ten_b803bc0147c07d634147,Video Production for Trailblazer/ CTW programmes,buy_b36c3c47ce15e437480b,The Mayor and Commonalty and Citizens of the City of London,United Kingdom,United Kingdom,2026-04-14,,Other,UNKNOWN,GBP,,,
Voice-over / narration / audio editing,VIDEO_AUDIO,bel_77fb378f69d007f42aec994e,"Raamovereenkomst voor de aankoop, implementatie, indienststelling en ondersteuning van een mobiele communicatiestructuur ter vervanging van DECT-telefonie",buy_44a75a255836ae3cab21ff30,Universitaire Ziekenhuizen Leuven,BE,Belgium,2026-07-22,2026-08-31,,,,,https://www.publicprocurement.be/publication-workspaces/12847c17-16e3-4b04-8170-f45f1b8360d4,
Voice-over / narration / audio editing,VIDEO_AUDIO,ten_483c5642e450dc152d1a,Umstellung der Telekommunikationsanlage auf Voice over IP (VoIP),buy_0d056861dd63c4187e9a,"Freistaat Thüringen, vertreten durch den Thüringer Landtag",Germany,Germany,2026-07-09,2026-08-20,Creative / communications,Design / publishing,EUR,503000.0,,
Voice-over / narration / audio editing,VIDEO_AUDIO,ten_29900eb6d5f28c5368da,Voice Over Internet Protocol (VOIP) & Local Area Network (LAN) Replacement,buy_6f8e1322666426ee088f,West Yorkshire Fire and Rescue Authority,United Kingdom,United Kingdom,2026-06-26,,Creative / communications,Design / publishing,GBP,,,
Voice-over / narration / audio editing,VIDEO_AUDIO,ten_15badd4d34544499fda1,26-0127_v2 - Voice over Internet Protocol (VoIP) Telephony Services,buy_14490f0a586017c31f36,Canadian Radio-Television and Telecommunications Commission (CRTC),Canada,Canada federal,2026-05-04,2026-05-15,Other,*Telecommunication Services *Telephone Support Service *Network voice service,CAD,,,
Voice-over / narration / audio editing,VIDEO_AUDIO,ten_8d81a818a3b39058c5ae,26-0127 - Voice over Internet Protocol (VoIP) Telephony Services,buy_14490f0a586017c31f36,Canadian Radio-Television and Telecommunications Commission (CRTC),Canada,Canada federal,2026-04-16,2026-04-24,Other,*Telecommunication Services *Telephone Support Service *Network voice service,CAD,,,
Voice-over / narration / audio editing,VIDEO_AUDIO,ted_46ac94a63a6b9b105c7d,Servicii de mentenanță și taxa anuala de licență ”OMDA Emergency” (Support and Annual License Fee),buy_913b0f6de46122300a4a,Serviciului național unic pentru apelurile de urgență 112,MDA,TED,2026-04-02,,Automation / software,Software / automation,MDL,4950000.0,,
Voice-over / narration / audio editing,VIDEO_AUDIO,bel_c09a83b53d311589ceea0709,AANKOOP EN ONDERHOUD VAN VOICE OVER IP-LICENTIES EN AANKOOP VAN TELEFOONMATERIAAL,buy_40f4abea788d29c257b04da7,Solidaris - union nationale des mutualités socialistes,BE,Belgium,2026-02-12,2026-03-16,,,,,https://www.publicprocurement.be/publication-workspaces/3172a604-64b9-4821-aebb-880626adf300,
Voice-over / narration / audio editing,VIDEO_AUDIO,ted_d56f54041d2ab102599f,"""Предоставяне, поддръжка, управление на качеството и сигурността на услуги за провеждане на разговори от местата за лишаване от свобода""",buy_b63fd7ac83e5501cf324,ФОНД ЗАТВОРНО ДЕЛО ДП,BGR,TED,2026-02-03,2026-03-09,Other,UNKNOWN,EUR,10737129.51,,
Voice-over / narration / audio editing,VIDEO_AUDIO,tn_d8d2465db55b5cb14450,Europese aanbesteding videoproductie,buy_919564f4b463bd57a6c8,Nederlandse Organisatie voor toegepast-natuurwetenschappelijk onderzoek TNO,Netherlands,TenderNed,2026-01-29,2026-09-09,Creative / communications,Design / publishing,UNKNOWN,,https://www.tenderned.nl/tenderned-tap/aankondigingen/409985,
Voice-over / narration / audio editing,VIDEO_AUDIO,ten_098c5d84ccd651d1cf81,Podcast production,buy_e1de8a5c81ddf8559d48,GENOMICS ENGLAND LIMITED,United Kingdom,United Kingdom,2026-01-21,,Other,UNKNOWN,GBP,,,
Voice-over / narration / audio editing,VIDEO_AUDIO,ted_eb0399f072df5af3058f,"BKP 336.1 ICT (Netzwerk, Telefonie, Pflegeruf & Multimedia) Pflegerufsystem & Telekommunikation",buy_bacf2bcb45c828276231,Stiftung Rosenpark Gersau (Jung Meyerhans AG),CHE,TED,2026-01-10,2026-02-19,Other,UNKNOWN,,,,
Voice-over / narration / audio editing,VIDEO_AUDIO,ted_6ab253c4ab04a090fa64,Podcast Services,buy_581df20f038735ed5497,NORGES BANK,NOR,TED,2025-12-08,2026-01-16,Other,UNKNOWN,NOK,10000000.0,,
Web accessibility remediation,WEB_DIGITAL,bel_4d3b44a1f8e4fc5654e32b84,Raamovereenkomst voor een WCAG Audit Partner,buy_e200b996fe0fe20c807e8ca0,AG Digipolis Antwerpen,BE,Belgium,2026-07-15,,,,,,https://www.publicprocurement.be/publication-workspaces/189b17fe-094d-4e70-b0b8-ab903cacd08d,
Web accessibility remediation,WEB_DIGITAL,ten_78b8e4f1791a826feaf6,"Réalisation de prestations de formation sur les thèmes : « développement et méthodologies, outillage de gestion de projet, assistance, environnement Microsoft et accessibilité numérique »",buy_98967f36fb5b3605d96d,"Ministère de l’éducation nationale, de l’enseignement supérieur et de la recherche et le ministère des sports, de la jeunesse et de la vie associative",France,France,2026-06-24,,Other,Services,EUR,,,
Web accessibility remediation,WEB_DIGITAL,ted_21560954c991211948d0,"Achiziționarea unei platforme software de tip eLearning (platformă educațională integrată), inclusiv serviciile de implementare, configurare, instruire și mentenanță aferente pentru proiectul “ Infrastructură și resurse tehnologice digitale pentru un mediu școlar, incluziv, sigur și performant pentru Colegiul Național Decebal Deva”, cod SMIS 357241",buy_56f10621e0007ccb73ca,Municipiul Deva,ROU,TED,2026-06-23,2026-07-28,Automation / software,Software / automation,RON,2364217.5,,
Web accessibility remediation,WEB_DIGITAL,ted_02e1da8e2dd3c7e2d405,"Rozwój e-usług, e-zasobów publicznych i cyberbezpieczeństwa w Mieście Konin",buy_e4d061caa68fce2f60e7,Zarząd Dróg Miejskich w Koninie,POL,TED,2026-06-22,2026-07-24,Automation / software,IT services / software,,,,
Web accessibility remediation,WEB_DIGITAL,ten_70a57add980b3771a570,Accessibilité numérique et conformité au Référentiel général d'amélioration de l'accessibilité (Rgaa) : prestations d'audit et d'accompagnement,buy_464fca0804a7b9761aea,Communauté d'agglomération Pays Basque,France,France,2026-05-29,2026-03-07,Creative / communications,Design / publishing,EUR,,,
Web accessibility remediation,WEB_DIGITAL,ted_1d68f522811b056056df,Zakup i dostawa aparatu RTG w ramach projektu pn. „Doposażenie WSzZ w Kielcach w sprzęt medyczny do diagnostyki i leczenia pacjentów z chorobami onkologicznymi” dla Zakładu Diagnostyki Obrazowej,buy_e4d061caa68fce2f60e7,Wojewódzki Szpital Zespolony w Kielcach,POL,TED,2026-05-22,2026-06-08,Other,UNKNOWN,,,,
Web accessibility remediation,WEB_DIGITAL,ted_9b94a2a4a4dabd805e51,Dostawa i rozbudowa infrastruktury teleinformatycznej oraz systemów informatycznych w Centrum Pulmonologii i Torakochirurgii w Bystrej (powtórna procedura w zakresie 7 pakietów),buy_e4d061caa68fce2f60e7,Centrum Pulmonologii i Torakochirurgii w Bystrej,POL,TED,2026-05-18,2026-06-03,Automation / software,IT services / software,,,,
Web accessibility remediation,WEB_DIGITAL,ted_928948966a64e471a82c,"Usługi redakcji językowej, korekty oraz rewizji, składu (DTP) oraz opracowania graficznego publikacji i materiałów wydawniczych",buy_e4d061caa68fce2f60e7,Instytut Badań Edukacyjnych - Państwowy Instytut Badawczy,POL,TED,2026-05-06,2026-06-08,Other,UNKNOWN,PLN,711555.56,,
Web accessibility remediation,WEB_DIGITAL,ted_14d8f2fd3f797501ccee,"Dostawa, instalacja oraz uruchomienie rozwiązań teletechnicznych i aplikacyjnych w ramach realizacji projektu pn. „Wzrost poziomu dojrzałości cyfrowej SPZOZ w Wieluniu”.",buy_e4d061caa68fce2f60e7,Samodzielny Publiczny Zakład Opieki Zdrowotnej w Wieluniu,POL,TED,2026-05-06,2026-05-22,Automation / software,IT services / software,,,,
Web accessibility remediation,WEB_DIGITAL,ted_1a56c4c5b654ba3acc7b,"Dostawa, instalacja oraz uruchomienie rozwiązań teletechnicznych i aplikacyjnych w ramach realizacji projektu pn. „Wzrost poziomu dojrzałości cyfrowej SPZOZ w Wieluniu”.",buy_e4d061caa68fce2f60e7,Samodzielny Publiczny Zakład Opieki Zdrowotnej w Wieluniu,POL,TED,2026-04-14,2026-04-29,Automation / software,IT services / software,,,,
Web accessibility remediation,WEB_DIGITAL,ted_daea6af24564e9f75665,"Dostawa licencji systemów i urządzeń informatycznych, infrastruktury serwerowej i bezpieczeństwa danych w celu przyspieszenia procesów transformacji cyfrowej oraz rozwoju e-usług w Centrum Pulmonologii i Torakochirurgii w Bystrej (powtórna procedura w zakresie 3 Pakietów)",buy_e4d061caa68fce2f60e7,Centrum Pulmonologii i Torakochirurgii w Bystrej,POL,TED,2026-03-31,2026-04-16,Automation / software,IT services / software,,,,
Web accessibility remediation,WEB_DIGITAL,ted_0d7b9deaf2fc10dee86d,"Invitation to market dialogue: Administrative system for nurseries, schools and before-and-after-school care.",buy_581df20f038735ed5497,Enebakk Kommune,NOR,TED,2026-03-25,,Creative / communications,Design / publishing,,,,
Web hosting / domain / SSL,WEB_DIGITAL,ted_8c7c16392163722f53d6,SAP üzemeltetés-/fejlesztéstámogatási szolg. 2026,buy_b01261b2534556cbe22a,BKV Vasúti Járműjavító Szolgáltató Korlátolt Felelősségű Társaság,HUN,TED,2026-08-07,2026-08-31,Automation / software,Software / automation,,,,
Web hosting / domain / SSL,WEB_DIGITAL,ted_c55ed1b547bcaed3327d,"ENSOC Hosting Site ES ICT Infrastructure (Computing, Storage, Networking, Cybersecurity)",buy_a3d097a66a045f0f6e8d,"European Cybersecurity Industrial, Technology and Research Competence Centre",ROU,TED,2026-08-07,,Creative / communications,Design / publishing,EUR,4000000.0,,
Web hosting / domain / SSL,WEB_DIGITAL,ten_a70b880fd5545da25ce7,"SunSystems and QA Archive Solution - Consulting Services, Professional Services, Hosting Services",buy_3fe53810d3f7f95c57cb,The Riverside Group Limited,United Kingdom,United Kingdom,2026-07-31,,Other,UNKNOWN,GBP,,,
Web hosting / domain / SSL,WEB_DIGITAL,ten_dbb061c339e45b69aeb1,Dashboard Analytics Hosting and Licences,buy_c56218e15837cbb203ff,QE Facilities Ltd,United Kingdom,United Kingdom,2026-07-29,,Automation / software,Software / automation,GBP,,,
Web hosting / domain / SSL,WEB_DIGITAL,ten_8a3bed65e13133e203e7,"TRO - Bugle, Datasys - The Log, Accounts Services and Hosting",buy_a4841d27528824cbb11f,LONDON NORTH EASTERN RAILWAY LIMITED,United Kingdom,United Kingdom,2026-07-28,,Other,UNKNOWN,GBP,,,
Web hosting / domain / SSL,WEB_DIGITAL,ten_a56e77e80b0b16069728,"Accounting Software Supply & Support, Inc. hosting environment",buy_a44253f631f7d88c3c8d,Wilton Park,United Kingdom,United Kingdom,2026-07-28,,Other,UNKNOWN,GBP,,,
Web hosting / domain / SSL,WEB_DIGITAL,bel_255a841e23312774a2595058,Implementatie en ter beschikking stellen van een LMS (Learning Management System) gedurende 4 jaar,buy_954deb533b85e9f5dda7f5fb,Provincie Antwerpen,BE,Belgium,2026-07-27,2026-07-31,,,,,https://www.publicprocurement.be/publication-workspaces/6682cfbb-fee7-4328-928b-38d8eedc3a31,
Web hosting / domain / SSL,WEB_DIGITAL,ten_4b9ab91fde2d951cfd4a,Webinar and video hosting platform,buy_b1fd1f3fd7dc34ef3f3e,Financial Conduct Authority,United Kingdom,United Kingdom,2026-07-27,,Other,UNKNOWN,GBP,,,
Web hosting / domain / SSL,WEB_DIGITAL,ted_6e1fa4f4dc14a1e1bcea,(25218) 525 Learning Management System – Next Generation,buy_bacf2bcb45c828276231,Bundesamt für Bauten und Logistik BBL,CHE,TED,2026-07-24,2026-09-07,Creative / communications,Design / publishing,,,,
Web hosting / domain / SSL,WEB_DIGITAL,ten_e1d881fa1d572ccf45f1,VCloud Estate Migration and Managed Hosting Service,buy_06a8ea704dbb57101278,RAILWAY HOUSING ASSOCIATION AND BENEFIT FUND,United Kingdom,United Kingdom,2026-07-24,,Other,UNKNOWN,GBP,,,
Web hosting / domain / SSL,WEB_DIGITAL,ted_5936e54ceb3acacf0ca2,"Acquisition, delivery, installation and hardware and software maintenance of MeluXina-Q quantum computer for EuroHPC Joint Undertaking.",buy_eeed8814d806fe8dfbe5,European High-Performance Computing Joint Undertaking,LUX,TED,2026-07-22,2026-09-01,Automation / software,Software / automation,EUR,11950000.0,,
Web hosting / domain / SSL,WEB_DIGITAL,ted_fbfb8a6f025b30b31408,Gemeinde Vaz/Obervaz: Ersatz Gemeindesoftware,buy_bacf2bcb45c828276231,Gemeinde Vaz/Obervaz (PUBLICS),CHE,TED,2026-07-22,,Automation / software,Software / automation,,,,
Website design / redesign,WEB_DIGITAL,ted_16bab1bee7762d7095d3,Market displays with a Content Management solution in trains.,buy_581df20f038735ed5497,Vygruppen AS,NOR,TED,2026-08-11,,Web,Website / CMS,,,,
Website design / redesign,WEB_DIGITAL,ted_47094dc7c768fc72d42a,Operación y mantenimiento de la red de contenidos,buy_262acb26bfbdf5a4121e,Instituto Municipal de Mercados de Barcelona,ESP,TED,2026-08-10,2026-09-15,Web,Website / CMS,EUR,246149.28,,
Website design / redesign,WEB_DIGITAL,ted_e0da19031082742316d0,Servicii de elaborarea planuri de management si de informare si publicitate in cadrul proiectului COD SMIS 137338,buy_56f10621e0007ccb73ca,Agentia Nationala pentru Arii Naturale Protejate,ROU,TED,2026-08-10,,Creative / communications,Design / publishing,RON,18064875.0,,
Website design / redesign,WEB_DIGITAL,ted_6f65c0531fb06209dbeb,"Zaprojektowanie, wykonanie i wdrożenie systemu informatycznego „Narratio"" Cyfrowe Repozytorium Historii Mówionej”",buy_e4d061caa68fce2f60e7,Muzeum Historii Polski w Warszawie,POL,TED,2026-08-07,2026-09-10,Web,Website / CMS,PLN,3781586.38,,
Website design / redesign,WEB_DIGITAL,ted_dc9dcb105e065a35ad10,Vývoj front-endu webových prezentací v CMS Diego a dalších ad-hoc webů ČRo,buy_85fe87d2665464f38efa,ČESKÝ ROZHLAS,CZE,TED,2026-08-07,,Web,Website / CMS,CZK,8000000.0,,
Website design / redesign,WEB_DIGITAL,ted_6ce9219899c710320986,"Fornitura delle licenze della piattaforma CMS FlexCMP utilizzata per i siti web istituzionali Ismea e la relativa assistenza e manutenzione correttiva, adeguativa ed evolutiva",buy_811f3d14bc58dffafbdd,ISMEA - Istituto di Servizi per il Mercato Agricolo e Alimentare,ITA,TED,2026-08-06,,Web,Website / CMS,,,,
Website design / redesign,WEB_DIGITAL,ted_9752dd640b6518c01bc9,"Usługa utrzymania, zarządzania, wsparcia i serwisu Systemu telefonii IP oraz świadczenie usług telekomunikacyjnych dla Zakładu Ubezpieczeń Społecznych",buy_e4d061caa68fce2f60e7,Zakład Ubezpieczeń Społecznych,POL,TED,2026-08-06,2026-08-25,Web,Website / CMS,,,,
Website design / redesign,WEB_DIGITAL,ted_c90e2e24684f9715cace,Supply of Software and Hardware for Prevention of Money Laundering and Terrorist Financing (AMLS),buy_001cc06b96d8f5cfe636,International Centre for Migration Policy Development (ICMPD),AUT,TED,2026-08-05,,Web,Website / CMS,GBP,0.0,,
Website design / redesign,WEB_DIGITAL,ted_21d4982e016466a16c0d,GÖG: ABC-Trainings,buy_1ee1d81c56525c5c1bf1,Gesundheit Österreich GmbH,AUT,TED,2026-08-04,,Web,Website / CMS,,,,
Website design / redesign,WEB_DIGITAL,ted_c7dabe128315bf0477f8,Implementación y Mantenimiento del CMS y Sitio Web Noticias,buy_262acb26bfbdf5a4121e,"Sociedad Andaluza para el Desarrollo de las Telecomunicaciones, S.A.",ESP,TED,2026-08-04,2026-08-20,Web,Website / CMS,EUR,291426.4,,
Website design / redesign,WEB_DIGITAL,ted_84f438ae9313ace9d02b,Marine-Type Electro-Optical Camera Systems,buy_001cc06b96d8f5cfe636,International Centre for Migration Policy Development,AUT,TED,2026-07-31,2026-09-14,Web,Website / CMS,GBP,0.0,,
Website design / redesign,WEB_DIGITAL,ten_1b1529b098b86b8f4923,"Entwicklung, Betrieb, Support und Hosting der Websites",buy_e3a9d1616b49f482f149,Heinrich Böll Stiftung e.V.,Germany,Germany,2026-07-31,2026-09-08,Web,Website / CMS,EUR,,,
Website maintenance / content updates,WEB_DIGITAL,ten_9a3bb462057b8728059a,maintenance contract main site WithingtonCCTV/Access control/alarms,buy_01026ea7384f69c26499,The Christie NHS Foundation Trust,United Kingdom,United Kingdom,2026-07-27,,Other,UNKNOWN,GBP,,,
Website maintenance / content updates,WEB_DIGITAL,ten_453c4510de9f7a595b90,T137 - Maintenance of Electronic Site Security System,buy_9953d13d5a44a2c4e0b5,NORTHERN IRELAND WATER LIMITED,United Kingdom,United Kingdom,2026-07-22,,Other,UNKNOWN,GBP,,,
Website maintenance / content updates,WEB_DIGITAL,ten_6efdc2d79b8a6e0a020d,Contrat de serv.: maintenance visite PM service RUIS Laval Scanner microscope Nanozoomer,buy_d9d35b48cfc804d6e01e,CHU de Québec-Université Laval,Canada - Quebec,Quebec,2026-07-10,,Other,UNKNOWN,CAD,,,
Website maintenance / content updates,WEB_DIGITAL,bel_ff84710f6466ac8923c384d1,Fournitures de 20 Laptops + 15 Dockingstations + Autopilot,buy_876811305d538dfd4b065900,SPI(3p),BE,Belgium,2026-07-08,,,,,,https://www.publicprocurement.be/publication-workspaces/aaa21e01-6acf-421f-920e-0c1ca645e991,
Website maintenance / content updates,WEB_DIGITAL,ten_1c38eccca806560abbd9,Grounds Maintenance - Leatherhead Site,buy_a057a823a1c0d8a688de,The Police and Crime Commissioner for Surrey,United Kingdom,United Kingdom,2026-07-01,,Other,UNKNOWN,GBP,,,
Website maintenance / content updates,WEB_DIGITAL,ted_740f4041ab18fc3d4e2b,Installations d’automatisme du bâtiment (AdB),buy_bacf2bcb45c828276231,Centrale d'achats et d'ingénierie biomédicale Vaud-Genève (CAIB),CHE,TED,2026-06-30,2026-09-21,Automation / software,Software / automation,,,,
Website maintenance / content updates,WEB_DIGITAL,ted_0618ea882a9862ab8628,"SPR/265839 - Data management, analysis and visualisation support, and information management",buy_3d59e3bbb5e2f64301ba,European Centre for Disease Prevention and Control,SWE,TED,2026-06-26,2026-08-07,Creative / communications,Design / publishing,EUR,13660240.0,,
Website maintenance / content updates,WEB_DIGITAL,ten_1878d3319fe9448feb15,"L'accord-cadre a pour objet la conception-création et réalisation de dispositifs hors médias (supports print, web et numériques) pour la Caisse nationale de solidarité pour l’autonomie (CNSA).",buy_2b8dfc91f9dc313fec50,C N S A,France,France,2026-06-24,2026-07-31,Creative / communications,Design / publishing,EUR,,,
Website maintenance / content updates,WEB_DIGITAL,ted_6a0286af7cf960526f8d,VMWARE 2027-2031,buy_85fe87d2665464f38efa,"Letiště Praha, a. s.",CZE,TED,2026-06-22,2026-07-27,Automation / software,IT services / software,CZK,39000000.0,,
Website maintenance / content updates,WEB_DIGITAL,ted_2d3f3c3c58be6bb4a398,Services de mise en place et de gestion de l'Écosystème web Cible de la Ville de Dudelange,buy_eeed8814d806fe8dfbe5,Administration communale de la Ville de Dudelange,LUX,TED,2026-06-11,,Automation / software,IT services / software,,,,
Website maintenance / content updates,WEB_DIGITAL,ten_10299cb031ae39fedb17,Fourniture de matériel pour les Equipes Régionales de Maintenance du site OUEST,buy_71ae3195a04f7a55fc8d,Région Occitanie,France,France,2026-06-05,2026-08-06,Other,Fournitures,EUR,,,
Website maintenance / content updates,WEB_DIGITAL,ten_cab3c864f0ed31b419b1,GMCA 1920 Consultancy Support for off site BNG market,buy_91efe2074fd1f619664c,Greater Manchester Combined Authority,United Kingdom,United Kingdom,2026-05-27,,Other,UNKNOWN,GBP,,,
Workflow automation / RPA,AUTOMATION_SOFTWARE,ted_4d448a8cb4cfa11b4073,"PR/00172/2026 - Prestação de Serviços de Manutenção, Suporte e Evolução da Solução BPM-RPA",buy_091d5eef279cbb542f9f,"Agência para a Gestão do Sistema Educativo, IP",PRT,TED,2026-08-08,,Automation / software,IT services / software,EUR,250000.0,,
Workflow automation / RPA,AUTOMATION_SOFTWARE,ted_e2068dea906fb0fa060b,BNM 2026. évi őszi vetőmag beszerzése,buy_b01261b2534556cbe22a,Bábolna Nemzeti Ménesbirtok,HUN,TED,2026-07-31,2026-08-31,Other,UNKNOWN,,,,
Workflow automation / RPA,AUTOMATION_SOFTWARE,ten_27ec6c44ce8a4070f913,Entente achat de services RPA Le Languedoc,buy_22070916a2334d37e1ed,CISSS Montérégie-Ouest,Canada - Quebec,Quebec,2026-07-31,,Other,UNKNOWN,CAD,,,
Workflow automation / RPA,AUTOMATION_SOFTWARE,ted_5612b88b02b6dba3db4e,Achiziția de servicii de implementare software RPA - Robotic Process Automation şi AI,buy_56f10621e0007ccb73ca,Municipiul Blaj,ROU,TED,2026-07-30,2026-08-31,Automation / software,Software / automation,RON,1875496.11,,
Workflow automation / RPA,AUTOMATION_SOFTWARE,ten_2eb1ac95adcdae9da64b,Entente achat de services RPA Résidence Le Salaberry,buy_22070916a2334d37e1ed,CISSS Montérégie-Ouest,Canada - Quebec,Quebec,2026-07-30,,Other,UNKNOWN,CAD,,,
Workflow automation / RPA,AUTOMATION_SOFTWARE,ten_4311cbe96cce0bca3349,Entente achat de services RPA Le Languedoc,buy_22070916a2334d37e1ed,CISSS Montérégie-Ouest,Canada - Quebec,Quebec,2026-07-30,,Other,UNKNOWN,CAD,,,
Workflow automation / RPA,AUTOMATION_SOFTWARE,ten_fba744da68636f5b0c0f,Entente achat de services RPA Résidence Château Romanoffe,buy_22070916a2334d37e1ed,CISSS Montérégie-Ouest,Canada - Quebec,Quebec,2026-07-30,,Other,UNKNOWN,CAD,,,
Workflow automation / RPA,AUTOMATION_SOFTWARE,ted_3011975d4258fb912ace,SEZ – Ochranné čerpání podzemních vod - kontaminační mrak č. 11 společnosti ORLEN Unipetrol a.s. Litvínov,buy_85fe87d2665464f38efa,Ministerstvo financí,CZE,TED,2026-07-28,2026-09-04,Monitoring / research,Monitoring / analysis,,,,
Workflow automation / RPA,AUTOMATION_SOFTWARE,ten_576ea03ff351a119a8f9,Entente achat de services RPA Chez Karen,buy_22070916a2334d37e1ed,CISSS Montérégie-Ouest,Canada - Quebec,Quebec,2026-07-28,,Other,UNKNOWN,CAD,,,
Workflow automation / RPA,AUTOMATION_SOFTWARE,ten_7d4672a0350f451e7828,Entente achat de services RPA La Belle Rose,buy_22070916a2334d37e1ed,CISSS Montérégie-Ouest,Canada - Quebec,Quebec,2026-07-28,,Other,UNKNOWN,CAD,,,
Workflow automation / RPA,AUTOMATION_SOFTWARE,ten_7f00634b9d85f73a228d,Entente achat de services RPA La Belle Rose,buy_22070916a2334d37e1ed,CISSS Montérégie-Ouest,Canada - Quebec,Quebec,2026-07-28,,Other,UNKNOWN,CAD,,,
Workflow automation / RPA,AUTOMATION_SOFTWARE,ten_8e24fc6772288af6d9ef,Entente achat de services SAD RPA Résidence La Belle Rose,buy_22070916a2334d37e1ed,CISSS Montérégie-Ouest,Canada - Quebec,Quebec,2026-07-28,,Other,UNKNOWN,CAD,,,
