Category,Subcategory,Tender_Count,Unique_Buyers,Source_Count,Country_Count,Median_Lean_Fit,Recent_12m_Share_Pct,Volume_Pct,Buyer_Breadth_Pct,Source_Breadth_Pct,Recency_Pct,Lean_Pct,Open_World_Score,Specificity
Other,UNKNOWN,1518210,58668,8,274,20.0,33.021387028144986,100.0,100.0,99.49664429530202,78.35570469798657,99.32885906040269,96.53523489932886,GENERIC
Automation / software,Software / automation,83702,10218,8,90,74.0,32.37915461996129,99.49664429530202,99.32885906040269,99.49664429530202,77.51677852348993,99.83221476510067,96.23657718120805,SPECIFIC
Automation / software,IT services / software,70353,7214,5,76,60.0,33.27932000056856,99.16107382550335,98.8255033557047,99.32885906040269,78.52348993288591,99.49664429530202,96.08892617449665,SPECIFIC
Creative / communications,Design / publishing,50842,10158,8,169,82.0,29.469729750993274,98.8255033557047,99.16107382550335,99.49664429530202,70.9731543624161,100.0,95.0738255033557,SPECIFIC
Monitoring / research,Monitoring / analysis,35815,9649,8,104,70.0,28.306575457210663,98.65771812080537,98.99328859060402,99.49664429530202,67.78523489932886,99.66442953020133,94.43959731543625,SPECIFIC
Other,School meals.,1264,1049,1,1,15.0,92.48417721518987,97.48322147651007,98.48993288590604,0.0,99.83221476510067,0.16778523489932887,63.00000000000001,SPECIFIC
UNKNOWN,UNKNOWN,100037,4401,1,1,,34.57120865279846,99.66442953020133,98.65771812080537,0.0,81.54362416107382,0.0,60.84563758389261,GENERIC
Other,General-practitioner services,900,105,1,1,15.0,45.44444444444444,96.97986577181209,92.11409395973155,0.0,92.78523489932886,0.16778523489932887,60.40436241610739,SPECIFIC
Other,Health services,5526,571,1,1,15.0,32.13897937024973,98.48993288590604,98.15436241610739,0.0,76.51006711409396,0.16778523489932887,59.69966442953021,SPECIFIC
Other,Services,115535,21930,1,1,15.0,28.46669840308132,99.83221476510067,99.83221476510067,0.0,68.12080536912751,0.16778523489932887,59.172818791946305,GENERIC
Other,Hospital and related services,305,89,1,1,15.0,42.62295081967213,94.29530201342283,90.77181208053692,0.0,91.2751677852349,0.16778523489932887,59.15771812080538,SPECIFIC
Other,Fournitures,53756,11367,1,1,15.0,28.149415879157676,98.99328859060402,99.49664429530202,0.0,67.61744966442953,0.16778523489932887,58.79697986577181,GENERIC
Other,Travaux,72257,16585,1,1,15.0,27.587638567889616,99.32885906040269,99.66442953020133,0.0,65.26845637583892,0.16778523489932887,58.57214765100671,GENERIC
Other,Pathology services,210,72,1,1,15.0,53.80952380952381,90.77181208053692,87.75167785234899,0.0,97.48322147651007,0.16778523489932887,58.47315436241611,SPECIFIC
Other,Pharmacy services,328,68,1,1,15.0,43.292682926829265,94.63087248322147,86.74496644295301,0.0,91.94630872483222,0.16778523489932887,58.46308724832215,SPECIFIC
Other,Architectural and related services.,334,132,1,1,15.0,33.532934131736525,94.79865771812081,94.12751677852349,0.0,80.36912751677853,0.16778523489932887,58.39597315436243,SPECIFIC
Other,Dental practice and related services,216,78,1,1,15.0,45.83333333333333,91.44295302013423,88.59060402684564,0.0,93.28859060402685,0.16778523489932887,58.209731543624166,SPECIFIC
Other,School-meal services.,114,109,1,1,15.0,51.75438596491229,84.8993288590604,92.78523489932886,0.0,96.47651006711409,0.16778523489932887,57.84395973154362,SPECIFIC
Other,Public road transport services,271,60,1,1,15.0,46.86346863468634,93.28859060402685,83.89261744966443,0.0,94.12751677852349,0.16778523489932887,57.800335570469805,SPECIFIC
Other,Medical imaging services,159,76,1,1,15.0,42.138364779874216,90.1006711409396,88.42281879194631,0.0,90.43624161073825,0.16778523489932887,57.38255033557048,SPECIFIC
Other,Community health services,924,207,1,1,15.0,27.92207792207792,97.14765100671141,96.30872483221476,0.0,66.10738255033557,0.16778523489932887,57.37080536912752,SPECIFIC
Other,Psychiatrist or psychologist services,216,73,1,1,15.0,38.88888888888889,91.44295302013423,87.91946308724832,0.0,87.58389261744966,0.16778523489932887,57.20637583892618,SPECIFIC
Other,Construction work.,1477,375,1,1,15.0,25.59241706161137,97.6510067114094,97.48322147651007,0.0,60.23489932885906,0.16778523489932887,56.88422818791946,SPECIFIC
Other,*Office furniture,233,63,1,1,15.0,38.197424892703864,92.28187919463086,85.57046979865773,0.0,86.74496644295301,0.16778523489932887,56.79026845637584,SPECIFIC
Other,"Architectural, construction, engineering and inspection services",423,212,1,1,15.0,26.004728132387704,96.14093959731544,96.47651006711409,0.0,61.07382550335571,0.16778523489932887,56.38087248322148,SPECIFIC
Other,"Architectural, construction, engineering and inspection services.",648,183,1,1,15.0,26.543209876543212,96.47651006711409,95.46979865771812,0.0,61.241610738255034,0.16778523489932887,56.2751677852349,SPECIFIC
Other,Education and training services.,352,119,1,1,15.0,27.84090909090909,95.13422818791946,93.45637583892618,0.0,65.93959731543623,0.16778523489932887,56.17449664429531,SPECIFIC
Other,Financial consultancy services.,337,67,1,1,15.0,29.673590504451035,94.96644295302013,86.57718120805369,0.0,72.48322147651007,0.16778523489932887,55.59731543624161,SPECIFIC
Other,Building construction work.,366,178,1,1,15.0,24.316939890710383,95.63758389261746,95.30201342281879,0.0,57.71812080536913,0.16778523489932887,55.483221476510074,SPECIFIC
Other,Rehabilitation services,214,83,1,1,15.0,29.906542056074763,91.2751677852349,89.42953020134227,0.0,72.81879194630872,0.16778523489932887,55.27852348993288,SPECIFIC
Other,Hospital services,160,61,1,1,15.0,34.375,90.26845637583892,84.56375838926175,0.0,81.04026845637584,0.16778523489932887,55.169463087248324,SPECIFIC
Other,Transport services (excl. Waste transport),5103,157,1,1,15.0,22.202625906329608,98.3221476510067,94.79865771812081,0.0,49.16107382550335,0.16778523489932887,54.81375838926174,SPECIFIC
Other,Miscellaneous health services,676,108,1,1,15.0,23.37278106508876,96.64429530201343,92.4496644295302,0.0,53.355704697986575,0.16778523489932887,54.47315436241611,SPECIFIC
Other,Research and development services and related consultancy services.,150,84,1,1,15.0,28.666666666666668,88.9261744966443,89.59731543624162,0.0,69.29530201342283,0.16778523489932887,54.1526845637584,SPECIFIC
Other,Legal services,249,186,1,1,15.0,23.293172690763054,92.78523489932886,95.63758389261746,0.0,52.85234899328859,0.16778523489932887,54.05704697986577,SPECIFIC
Other,Legal services.,158,60,1,1,15.0,30.37974683544304,89.93288590604027,83.89261744966443,0.0,73.65771812080537,0.16778523489932887,53.823825503355714,SPECIFIC
Other,Construction consultancy services,117,86,1,1,15.0,29.059829059829063,85.40268456375838,90.1006711409396,0.0,70.13422818791946,0.16778523489932887,53.437919463087255,SPECIFIC
Other,Electrical installation work.,125,89,1,1,15.0,28.000000000000004,86.74496644295301,90.77181208053692,0.0,66.2751677852349,0.16778523489932887,53.369127516778526,SPECIFIC
Other,Ambulance services,83,57,1,1,15.0,45.78313253012048,78.52348993288591,82.38255033557047,0.0,93.12080536912751,0.16778523489932887,53.330536912751676,SPECIFIC
Other,Construction work,1565,658,1,1,15.0,15.399361022364216,97.81879194630872,98.3221476510067,0.0,34.395973154362416,0.16778523489932887,53.238255033557046,SPECIFIC
Other,Building construction work,354,194,1,1,15.0,18.361581920903955,95.46979865771812,96.14093959731544,0.0,40.604026845637584,0.16778523489932887,53.055369127516784,SPECIFIC
Other,Medical specialist services,108,47,1,1,15.0,39.81481481481482,84.06040268456377,76.1744966442953,0.0,88.9261744966443,0.16778523489932887,52.83053691275168,SPECIFIC
Other,Civil engineering consultancy services.,217,101,1,1,15.0,23.04147465437788,91.77852348993288,91.61073825503355,0.0,52.013422818791945,0.16778523489932887,52.7734899328859,SPECIFIC
Other,Motor vehicles.,105,66,1,1,15.0,30.476190476190478,83.7248322147651,86.40939597315436,0.0,73.99328859060402,0.16778523489932887,52.751677852349,SPECIFIC
Other,*Laboratory and scientific equipment,403,41,1,1,15.0,29.776674937965257,95.80536912751678,71.64429530201343,0.0,72.6510067114094,0.16778523489932887,52.56375838926175,SPECIFIC
Other,Medical practice services,90,43,1,1,15.0,53.333333333333336,80.36912751677853,73.15436241610739,0.0,97.31543624161074,0.16778523489932887,52.4278523489933,SPECIFIC
Other,Repair and maintenance services,894,414,1,1,15.0,13.758389261744966,96.81208053691275,97.81879194630872,0.0,28.691275167785236,0.16778523489932887,52.0,SPECIFIC
Other,Personnel-training services.,79,56,1,1,15.0,39.24050632911392,77.01342281879194,81.54362416107382,0.0,87.91946308724832,0.16778523489932887,51.95805369127517,SPECIFIC
Other,Works for complete or part construction and civil engineering work.,119,63,1,1,15.0,27.73109243697479,85.73825503355704,85.57046979865773,0.0,65.43624161073825,0.16778523489932887,51.827181208053695,SPECIFIC
Other,Construction project management services,79,55,1,1,15.0,39.24050632911392,77.01342281879194,80.70469798657717,0.0,87.91946308724832,0.16778523489932887,51.77348993288591,SPECIFIC
Other,Health and social work services,3170,517,1,1,15.0,12.681388012618298,98.15436241610739,97.98657718120806,0.0,24.496644295302016,0.16778523489932887,51.77013422818793,SPECIFIC
Other,*Audit services,98,53,1,1,15.0,32.6530612244898,82.38255033557047,79.69798657718121,0.0,78.02013422818791,0.16778523489932887,51.516778523489926,SPECIFIC
Other,Business and management consultancy and related services,174,117,1,1,15.0,18.96551724137931,90.60402684563759,93.28859060402685,0.0,42.11409395973154,0.16778523489932887,51.34060402684565,SPECIFIC
Other,Medical equipments,136,56,1,1,15.0,27.205882352941174,87.58389261744966,81.54362416107382,0.0,63.42281879194631,0.16778523489932887,51.13758389261745,SPECIFIC
Other,Cleaning services.,149,60,1,1,15.0,24.832214765100673,88.42281879194631,83.89261744966443,0.0,58.38926174496645,0.16778523489932887,51.1258389261745,SPECIFIC
Other,Recruitment services,221,167,1,1,15.0,15.837104072398189,91.94630872483222,95.13422818791946,0.0,35.23489932885906,0.16778523489932887,51.077181208053695,SPECIFIC
Other,Training services,153,108,1,1,15.0,17.647058823529413,89.42953020134227,92.4496644295302,0.0,39.261744966442954,0.16778523489932887,50.41107382550335,SPECIFIC
Other,*Information technology consultation services,149,49,1,1,15.0,26.845637583892618,88.42281879194631,78.02013422818791,0.0,62.08053691275168,0.16778523489932887,50.38758389261746,SPECIFIC
Other,Business and management consultancy services,115,81,1,1,15.0,22.608695652173914,85.23489932885906,89.09395973154362,0.0,50.671140939597315,0.16778523489932887,50.251677852349,SPECIFIC
Other,ENT or audiologist services,114,42,1,1,15.0,31.57894736842105,84.8993288590604,72.31543624161074,0.0,75.67114093959731,0.16778523489932887,50.21979865771812,SPECIFIC
Other,Optician services,143,31,1,1,15.0,37.76223776223776,87.91946308724832,61.07382550335571,0.0,86.0738255033557,0.16778523489932887,50.122483221476514,SPECIFIC
Other,Psychiatric hospital services,101,31,1,1,15.0,48.51485148514851,82.71812080536914,61.07382550335571,0.0,95.30201342281879,0.16778523489932887,50.1023489932886,SPECIFIC
Other,Medical consumables,137,44,1,1,15.0,27.73722627737226,87.75167785234899,74.49664429530202,0.0,65.60402684563759,0.16778523489932887,49.959731543624166,SPECIFIC
Other,"Sewage, refuse, cleaning and environmental services",210,156,1,1,15.0,14.285714285714285,90.77181208053692,94.63087248322147,0.0,30.536912751677853,0.16778523489932887,49.944630872483216,SPECIFIC
Other,Cleaning services,273,217,1,1,15.0,11.72161172161172,93.45637583892618,96.81208053691275,0.0,22.483221476510067,0.16778523489932887,49.941275167785236,SPECIFIC
Other,Refuse and waste related services,353,222,1,1,15.0,10.198300283286118,95.30201342281879,96.97986577181209,0.0,18.79194630872483,0.16778523489932887,49.922818791946305,SPECIFIC
Other,Taxi services,123,93,1,1,15.0,19.51219512195122,86.24161073825503,91.10738255033557,0.0,43.12080536912752,0.16778523489932887,49.83389261744966,SPECIFIC
Other,Education and training services,1166,358,1,1,15.0,8.49056603773585,97.31543624161074,97.31543624161074,0.0,12.583892617449665,0.16778523489932887,49.60906040268457,SPECIFIC
Other,Dermatology services,75,38,1,1,15.0,46.666666666666664,74.83221476510067,69.46308724832215,0.0,93.79194630872483,0.16778523489932887,49.59228187919464,SPECIFIC
Other,Repair and maintenance services of building installations,149,112,1,1,15.0,15.436241610738255,88.42281879194631,92.9530201342282,0.0,34.56375838926174,0.16778523489932887,49.54530201342282,SPECIFIC
Other,Auditing services,123,104,1,1,15.0,17.88617886178862,86.24161073825503,91.94630872483222,0.0,39.93288590604027,0.16778523489932887,49.54026845637585,SPECIFIC
Other,Social work services with accommodation,147,78,1,1,15.0,18.367346938775512,88.25503355704699,88.59060402684564,0.0,40.77181208053691,0.16778523489932887,49.47147651006712,SPECIFIC
Other,Residential nursing care services,121,30,1,1,15.0,38.84297520661157,86.0738255033557,59.395973154362416,0.0,87.41610738255034,0.16778523489932887,49.45637583892618,SPECIFIC
Other,"Other community, social and personal services",287,159,1,1,15.0,10.801393728222997,93.79194630872483,94.96644295302013,0.0,20.302013422818792,0.16778523489932887,49.29865771812081,SPECIFIC
Other,Grounds maintenance services,241,186,1,1,15.0,11.20331950207469,92.61744966442953,95.63758389261746,0.0,21.308724832214764,0.16778523489932887,49.280201342281885,SPECIFIC
Other,Supply services of personnel including temporary staff,101,81,1,1,15.0,21.782178217821784,82.71812080536914,89.09395973154362,0.0,48.65771812080537,0.16778523489932887,49.27013422818793,SPECIFIC
Other,Insurance services,268,216,1,1,15.0,10.074626865671641,93.12080536912751,96.64429530201343,0.0,18.456375838926174,0.16778523489932887,49.20973154362416,SPECIFIC
Other,Surgical hospital services,102,31,1,1,15.0,39.21568627450981,83.05369127516778,61.07382550335571,0.0,87.75167785234899,0.16778523489932887,49.06040268456376,SPECIFIC
Other,Building consultancy services,71,61,1,1,15.0,29.577464788732392,72.31543624161074,84.56375838926175,0.0,71.47651006711409,0.16778523489932887,48.88758389261746,SPECIFIC
Other,Catering services,150,121,1,1,15.0,13.333333333333334,88.9261744966443,93.95973154362416,0.0,27.348993288590606,0.16778523489932887,48.820469798657726,SPECIFIC
Other,Medical practice and related services,103,47,1,1,15.0,27.184466019417474,83.38926174496645,76.1744966442953,0.0,63.25503355704698,0.16778523489932887,48.79865771812081,SPECIFIC
Other,*Business and corporate management consultation services,72,43,1,1,15.0,37.5,73.15436241610739,73.15436241610739,0.0,85.57046979865773,0.16778523489932887,48.71812080536914,SPECIFIC
Other,Training services.,73,52,1,1,15.0,30.136986301369863,74.16107382550335,79.36241610738254,0.0,73.48993288590604,0.16778523489932887,48.54362416107383,SPECIFIC
Other,"Laboratory, optical and precision equipments (excl. glasses)",302,88,1,1,15.0,10.927152317880795,94.12751677852349,90.43624161073825,0.0,20.80536912751678,0.16778523489932887,48.468120805369125,SPECIFIC
Other,Business and management consultancy and related services.,93,54,1,1,15.0,24.731182795698924,81.3758389261745,80.53691275167785,0.0,58.22147651006711,0.16778523489932887,48.459731543624166,SPECIFIC
Other,Security services,255,192,1,1,15.0,9.019607843137255,92.9530201342282,95.9731543624161,0.0,13.087248322147651,0.16778523489932887,48.211409395973156,SPECIFIC
Other,Financial and insurance services,154,120,1,1,15.0,11.688311688311687,89.59731543624162,93.79194630872483,0.0,22.31543624161074,0.16778523489932887,48.20973154362416,SPECIFIC
Other,School catering services,420,376,1,1,15.0,3.0952380952380953,95.9731543624161,97.6510067114094,0.0,4.194630872483222,0.16778523489932887,48.06208053691275,SPECIFIC
Other,Ophthalmologist services,96,41,1,1,15.0,28.125,82.0469798657718,71.64429530201343,0.0,67.28187919463086,0.16778523489932887,48.04362416107383,SPECIFIC
Other,"Laboratory, optical and precision equipments (excl. glasses).",238,29,1,1,15.0,28.57142857142857,92.4496644295302,57.88590604026845,0.0,68.28859060402685,0.16778523489932887,47.9765100671141,SPECIFIC
Other,Consultative engineering and construction services.,92,46,1,1,15.0,27.173913043478258,80.53691275167785,76.00671140939598,0.0,63.08724832214765,0.16778523489932887,47.966442953020135,SPECIFIC
Other,Facilities management services,134,103,1,1,15.0,13.432835820895523,87.24832214765101,91.77852348993288,0.0,27.85234899328859,0.16778523489932887,47.963087248322154,SPECIFIC
Other,Recruitment services.,79,57,1,1,15.0,25.31645569620253,77.01342281879194,82.38255033557047,0.0,59.89932885906041,0.16778523489932887,47.93959731543624,SPECIFIC
Other,Engineering services.,143,58,1,1,15.0,17.482517482517483,87.91946308724832,83.05369127516778,0.0,39.09395973154363,0.16778523489932887,47.91107382550335,SPECIFIC
Other,School cleaning services,289,257,1,1,15.0,4.844290657439446,93.95973154362416,97.14765100671141,0.0,7.2147651006711415,0.16778523489932887,47.86073825503356,SPECIFIC
Other,Social work and related services,2502,138,1,1,15.0,1.518784972022382,97.98657718120806,94.29530201342283,0.0,2.8523489932885906,0.16778523489932887,47.666107382550344,SPECIFIC
Other,*Temporary personnel services,315,21,1,1,15.0,42.22222222222222,94.46308724832215,38.758389261744966,0.0,90.60402684563759,0.16778523489932887,47.65939597315437,SPECIFIC
Other,Lift-maintenance services,104,94,1,1,15.0,14.423076923076922,83.55704697986577,91.2751677852349,0.0,32.38255033557047,0.16778523489932887,47.53523489932886,SPECIFIC
Other,Residential health facilities services,68,33,1,1,15.0,44.11764705882353,71.47651006711409,64.76510067114094,0.0,92.28187919463086,0.16778523489932887,47.4261744966443,SPECIFIC
Other,Repair and maintenance services.,110,48,1,1,15.0,22.727272727272727,84.39597315436241,76.6778523489933,0.0,50.83892617449665,0.16778523489932887,47.31879194630873,SPECIFIC
Other,Research and development services and related consultancy services,284,119,1,1,15.0,6.690140845070422,93.6241610738255,93.45637583892618,0.0,9.563758389261745,0.16778523489932887,47.31040268456376,SPECIFIC
Other,Quantity surveying services.,74,48,1,1,15.0,28.37837837837838,74.66442953020133,76.6778523489933,0.0,67.9530201342282,0.16778523489932887,47.25838926174497,SPECIFIC
Other,Architectural design services.,64,39,1,1,15.0,35.9375,69.63087248322147,70.13422818791946,0.0,83.89261744966443,0.16778523489932887,46.850671140939596,SPECIFIC
Other,Motor vehicles,80,53,1,1,15.0,23.75,77.85234899328859,79.69798657718121,0.0,54.36241610738255,0.16778523489932887,46.74496644295302,SPECIFIC
Other,Road transport services,97,69,1,1,15.0,15.463917525773196,82.21476510067114,87.24832214765101,0.0,34.73154362416108,0.16778523489932887,46.63926174496645,SPECIFIC
Other,Advertising and marketing services,125,105,1,1,15.0,10.4,86.74496644295301,92.11409395973155,0.0,19.29530201342282,0.16778523489932887,46.617449664429536,SPECIFIC
Other,Services provided by medical laboratories,95,27,1,1,15.0,34.73684210526316,81.71140939597315,54.86577181208053,0.0,81.71140939597315,0.16778523489932887,46.4261744966443,SPECIFIC
Other,*Cleaning and janitorial services,119,28,1,1,15.0,29.411764705882355,85.73825503355704,57.04697986577181,0.0,70.63758389261746,0.16778523489932887,46.33221476510067,SPECIFIC
Other,Building and facilities management services,154,115,1,1,15.0,7.792207792207792,89.59731543624162,93.12080536912751,0.0,10.570469798657719,0.16778523489932887,46.300335570469805,SPECIFIC
Other,"Food, beverages, tobacco and related products",135,94,1,1,15.0,9.62962962962963,87.41610738255034,91.2751677852349,0.0,16.610738255033556,0.16778523489932887,46.211409395973156,SPECIFIC
Other,Advertising and marketing services.,87,48,1,1,15.0,22.988505747126435,79.36241610738254,76.6778523489933,0.0,51.84563758389261,0.16778523489932887,46.11073825503356,SPECIFIC
Other,Telecommunications services,88,56,1,1,15.0,19.318181818181817,79.86577181208054,81.54362416107382,0.0,42.95302013422819,0.16778523489932887,45.98322147651007,SPECIFIC
Other,Playground equipment.,77,37,1,1,15.0,28.57142857142857,75.50335570469798,68.95973154362416,0.0,68.28859060402685,0.16778523489932887,45.83724832214765,SPECIFIC
Other,Works for complete or part construction and civil engineering work,112,87,1,1,15.0,10.714285714285714,84.73154362416108,90.26845637583892,0.0,19.798657718120804,0.16778523489932887,45.74328859060403,SPECIFIC
Other,Construction work for multi-dwelling buildings and individual houses,123,74,1,1,15.0,10.569105691056912,86.24161073825503,88.25503355704699,0.0,19.630872483221477,0.16778523489932887,45.68288590604027,SPECIFIC
Other,Laboratory services,81,62,1,1,15.0,17.28395061728395,78.02013422818791,85.23489932885906,0.0,38.25503355704698,0.16778523489932887,45.59228187919463,SPECIFIC
Other,Asbestos removal services,75,64,1,1,15.0,18.666666666666668,74.83221476510067,85.90604026845638,0.0,41.946308724832214,0.16778523489932887,45.432885906040276,SPECIFIC
Other,Refurbishment work,110,88,1,1,15.0,10.0,84.39597315436241,90.43624161073825,0.0,17.28187919463087,0.16778523489932887,45.31208053691275,SPECIFIC
Other,Primary school construction work.,66,61,1,1,15.0,22.727272727272727,70.46979865771812,84.56375838926175,0.0,50.83892617449665,0.16778523489932887,45.29362416107383,SPECIFIC
Other,Event services,132,84,1,1,15.0,9.090909090909092,87.08053691275168,89.59731543624162,0.0,13.25503355704698,0.16778523489932887,45.24832214765101,SPECIFIC
Other,Building materials,55,39,1,1,15.0,34.54545454545455,64.76510067114094,70.13422818791946,0.0,81.3758389261745,0.16778523489932887,45.15939597315437,SPECIFIC
Other,Public relations services.,67,48,1,1,15.0,25.37313432835821,71.14093959731544,76.6778523489933,0.0,60.06711409395973,0.16778523489932887,45.124161073825505,SPECIFIC
Other,"Petroleum products, fuel, electricity and other sources of energy",117,80,1,1,15.0,9.401709401709402,85.40268456375838,88.9261744966443,0.0,15.268456375838927,0.16778523489932887,44.94966442953021,SPECIFIC
Other,*Electronic hardware and component parts and accessories,77,36,1,1,15.0,27.27272727272727,75.50335570469798,68.12080536912751,0.0,63.59060402684564,0.16778523489932887,44.947986577181204,SPECIFIC
Other,School books.,151,143,1,1,15.0,0.0,89.26174496644296,94.46308724832215,0.0,0.0,0.16778523489932887,44.919463087248324,SPECIFIC
Other,Environmental services,92,68,1,1,15.0,13.043478260869565,80.53691275167785,86.74496644295301,0.0,25.503355704697988,0.16778523489932887,44.691275167785236,SPECIFIC
Other,Site preparation work.,57,35,1,1,15.0,33.33333333333333,66.44295302013423,66.94630872483222,0.0,78.69127516778524,0.16778523489932887,44.508389261744966,SPECIFIC
Other,Repair and maintenance services of medical equipment,54,35,1,1,15.0,35.18518518518518,63.758389261744966,66.94630872483222,0.0,82.88590604026845,0.16778523489932887,44.41275167785235,SPECIFIC
Other,Energy and related services,102,73,1,1,15.0,9.803921568627452,83.05369127516778,87.91946308724832,0.0,17.114093959731544,0.16778523489932887,44.37080536912752,SPECIFIC
Other,"Agricultural, forestry, horticultural, aquacultural and apicultural services",95,84,1,1,15.0,9.473684210526317,81.71140939597315,89.59731543624162,0.0,15.436241610738255,0.16778523489932887,44.1258389261745,SPECIFIC
Other,Real estate services,85,70,1,1,15.0,11.76470588235294,79.0268456375839,87.58389261744966,0.0,22.651006711409398,0.16778523489932887,44.04026845637584,SPECIFIC
Other,Canteen and catering services.,83,53,1,1,15.0,15.66265060240964,78.52348993288591,79.69798657718121,0.0,35.06711409395973,0.16778523489932887,44.03187919463087,SPECIFIC
Other,Architectural and related services,89,68,1,1,15.0,11.235955056179774,80.03355704697987,86.74496644295301,0.0,21.476510067114095,0.16778523489932887,43.95134228187919,SPECIFIC
Other,Landscaping work.,55,34,1,1,15.0,32.72727272727273,64.76510067114094,65.77181208053692,0.0,78.18791946308725,0.16778523489932887,43.72147651006712,SPECIFIC
Other,Pharmaceutical products,232,42,1,1,15.0,10.344827586206897,92.11409395973155,72.31543624161074,0.0,18.959731543624162,0.16778523489932887,43.661073825503365,SPECIFIC
Other,Electricity,78,59,1,1,15.0,14.102564102564102,76.51006711409396,83.7248322147651,0.0,30.201342281879196,0.16778523489932887,43.64429530201342,SPECIFIC
Other,Cleaning and sanitation services,68,56,1,1,15.0,19.11764705882353,71.47651006711409,81.54362416107382,0.0,42.4496644295302,0.16778523489932887,43.642617449664435,SPECIFIC
Other,Financial consultancy services,56,45,1,1,15.0,26.785714285714285,65.77181208053692,75.16778523489933,0.0,61.91275167785235,0.16778523489932887,43.61912751677853,SPECIFIC
Other,Energy-efficiency consultancy services,79,55,1,1,15.0,15.18987341772152,77.01342281879194,80.70469798657717,0.0,33.22147651006711,0.16778523489932887,43.56879194630873,SPECIFIC
Other,*Project management,56,30,1,1,15.0,35.714285714285715,65.77181208053692,59.395973154362416,0.0,83.55704697986577,0.16778523489932887,43.395973154362416,SPECIFIC
Other,"Medical equipments, pharmaceuticals and personal care products",213,55,1,1,15.0,4.225352112676056,91.10738255033557,80.70469798657717,0.0,6.208053691275168,0.16778523489932887,43.32214765100671,SPECIFIC
Other,Medical hospital services,85,20,1,1,15.0,45.88235294117647,79.0268456375839,35.90604026845637,0.0,93.6241610738255,0.16778523489932887,43.31711409395974,SPECIFIC
Other,Hire of passenger transport vehicles with driver,614,48,1,1,15.0,1.1400651465798046,96.30872483221476,76.6778523489933,0.0,2.684563758389262,0.16778523489932887,43.31208053691276,SPECIFIC
Other,"Electrical machinery, apparatus, equipment and consumables; Lighting.",57,37,1,1,15.0,28.07017543859649,66.44295302013423,68.95973154362416,0.0,67.11409395973155,0.16778523489932887,43.21476510067114,SPECIFIC
Other,Waste and rubbish containers and bins,47,35,1,1,15.0,36.17021276595745,57.88590604026845,66.94630872483222,0.0,84.56375838926175,0.16778523489932887,43.078859060402685,SPECIFIC
Other,Refuse recycling services,78,55,1,1,15.0,14.102564102564102,76.51006711409396,80.70469798657717,0.0,30.201342281879196,0.16778523489932887,42.97986577181208,SPECIFIC
Other,Services provided by medical personnel,76,43,1,1,15.0,19.736842105263158,75.16778523489933,73.15436241610739,0.0,43.624161073825505,0.16778523489932887,42.96979865771812,SPECIFIC
Other,Electrical services,72,62,1,1,15.0,13.88888888888889,73.15436241610739,85.23489932885906,0.0,29.194630872483224,0.16778523489932887,42.91946308724833,SPECIFIC
Other,Repair and maintenance services of electrical and mechanical building installations,92,69,1,1,15.0,8.695652173913043,80.53691275167785,87.24832214765101,0.0,12.919463087248323,0.16778523489932887,42.914429530201346,SPECIFIC
Other,Refuse and waste related services.,47,30,1,1,15.0,46.808510638297875,57.88590604026845,59.395973154362416,0.0,93.95973154362416,0.16778523489932887,42.827181208053695,SPECIFIC
Other,Physiotherapy services,64,32,1,1,15.0,28.125,69.63087248322147,62.751677852349,0.0,67.28187919463086,0.16778523489932887,42.734899328859065,SPECIFIC
Other,Welfare services for children and young people,83,51,1,1,15.0,13.253012048192772,78.52348993288591,79.0268456375839,0.0,27.181208053691275,0.16778523489932887,42.7013422818792,SPECIFIC
Other,Building surveying services,52,44,1,1,15.0,26.923076923076923,62.41610738255034,74.49664429530202,0.0,62.248322147651,0.16778523489932887,42.61577181208054,SPECIFIC
Other,"Construction work for highways, roads",55,25,1,1,15.0,43.63636363636363,64.76510067114094,49.832214765100666,0.0,92.11409395973155,0.16778523489932887,42.303691275167786,SPECIFIC
Other,Electrical installation work,64,57,1,1,15.0,15.625,69.63087248322147,82.38255033557047,0.0,34.899328859060404,0.16778523489932887,42.196308724832214,SPECIFIC
Other,Transport services (excl. Waste transport).,70,32,1,1,15.0,24.285714285714285,71.81208053691275,62.751677852349,0.0,57.5503355704698,0.16778523489932887,41.86409395973155,SPECIFIC
Other,Counselling services,66,50,1,1,15.0,16.666666666666664,70.46979865771812,78.52348993288591,0.0,36.577181208053695,0.16778523489932887,41.8255033557047,SPECIFIC
Other,Construction work for multi-dwelling buildings and individual houses.,71,26,1,1,15.0,29.577464788732392,72.31543624161074,52.348993288590606,0.0,71.47651006711409,0.16778523489932887,41.800335570469805,SPECIFIC
Other,"Recreational, cultural and sporting services",79,57,1,1,15.0,10.126582278481013,77.01342281879194,82.38255033557047,0.0,18.624161073825505,0.16778523489932887,41.748322147651,SPECIFIC
Other,Advertising services,73,60,1,1,15.0,10.95890410958904,74.16107382550335,83.89261744966443,0.0,20.973154362416107,0.16778523489932887,41.66275167785235,SPECIFIC
Other,Roof works and other special trade construction works,58,45,1,1,15.0,20.689655172413794,66.94630872483222,75.16778523489933,0.0,45.469798657718115,0.16778523489932887,41.46979865771813,SPECIFIC
Other,Building installation work,77,65,1,1,15.0,9.090909090909092,75.50335570469798,86.0738255033557,0.0,13.25503355704698,0.16778523489932887,41.347315436241615,SPECIFIC
Other,*Software,67,19,1,1,15.0,52.23880597014925,71.14093959731544,34.060402684563755,0.0,96.81208053691275,0.16778523489932887,41.26006711409396,SPECIFIC
Other,Building-cleaning services,72,65,1,1,15.0,9.722222222222223,73.15436241610739,86.0738255033557,0.0,16.778523489932887,0.16778523489932887,41.24161073825504,SPECIFIC
Other,Environmental services.,72,19,1,1,15.0,41.66666666666667,73.15436241610739,34.060402684563755,0.0,90.1006711409396,0.16778523489932887,40.79697986577181,SPECIFIC
Other,Ground investigation work.,81,32,1,1,15.0,17.28395061728395,78.02013422818791,62.751677852349,0.0,38.25503355704698,0.16778523489932887,40.645973154362416,SPECIFIC
Other,Marketing services,77,61,1,1,15.0,7.792207792207792,75.50335570469798,84.56375838926175,0.0,10.570469798657719,0.16778523489932887,40.61241610738256,SPECIFIC
Other,Pest-control services,60,56,1,1,15.0,13.333333333333334,67.78523489932886,81.54362416107382,0.0,27.348993288590606,0.16778523489932887,40.38087248322148,SPECIFIC
Other,Health services.,89,22,1,1,15.0,26.96629213483146,80.03355704697987,41.61073825503356,0.0,62.751677852349,0.16778523489932887,40.213087248322154,SPECIFIC
Other,Architectural design services,65,48,1,1,15.0,13.846153846153847,70.13422818791946,76.6778523489933,0.0,29.026845637583893,0.16778523489932887,40.19630872483222,SPECIFIC
Other,Fire-prevention services,44,40,1,1,15.0,27.27272727272727,54.86577181208053,71.30872483221476,0.0,63.59060402684564,0.16778523489932887,40.07718120805369,SPECIFIC
Other,Guidance and counselling services,77,58,1,1,15.0,6.493506493506493,75.50335570469798,83.05369127516778,0.0,9.060402684563758,0.16778523489932887,40.053691275167786,SPECIFIC
Other,Provision of services to the community,82,53,1,1,15.0,6.097560975609756,78.35570469798657,79.69798657718121,0.0,8.557046979865772,0.16778523489932887,40.010067114093964,SPECIFIC
Other,*Computer services,57,33,1,1,15.0,22.807017543859647,66.44295302013423,64.76510067114094,0.0,51.67785234899329,0.16778523489932887,39.97651006711409,SPECIFIC
Other,Environmental engineering consultancy services.,60,33,1,1,15.0,21.666666666666668,67.78523489932886,64.76510067114094,0.0,47.98657718120805,0.16778523489932887,39.785234899328856,SPECIFIC
Other,Social work services,61,43,1,1,15.0,14.754098360655737,68.79194630872483,73.15436241610739,0.0,32.5503355704698,0.16778523489932887,39.58724832214766,SPECIFIC
Other,"Furniture (incl. office furniture), furnishings, domestic appliances (excl. lighting) and cleaning products.",50,35,1,1,15.0,24.0,60.738255033557046,66.94630872483222,0.0,55.87248322147651,0.16778523489932887,39.54530201342282,SPECIFIC
Other,Transport equipment and auxiliary products to transportation,70,51,1,1,15.0,10.0,71.81208053691275,79.0268456375839,0.0,17.28187919463087,0.16778523489932887,39.40436241610738,SPECIFIC
Other,Repair and maintenance services of central heating,63,58,1,1,15.0,9.523809523809524,69.29530201342283,83.05369127516778,0.0,15.604026845637584,0.16778523489932887,39.35906040268457,SPECIFIC
Other,"Office and computing machinery, equipment and supplies except furniture and software packages",60,39,1,1,15.0,16.666666666666664,67.78523489932886,70.13422818791946,0.0,36.577181208053695,0.16778523489932887,39.255033557046985,SPECIFIC
Other,Mechanical installations.,50,39,1,1,15.0,22.0,60.738255033557046,70.13422818791946,0.0,48.99328859060403,0.16778523489932887,39.214765100671144,SPECIFIC
Other,Canteen and catering services,60,53,1,1,15.0,11.666666666666666,67.78523489932886,79.69798657718121,0.0,22.14765100671141,0.16778523489932887,39.194630872483216,SPECIFIC
Other,Services provided by nurses,47,23,1,1,15.0,42.5531914893617,57.88590604026845,44.46308724832215,0.0,91.10738255033557,0.16778523489932887,39.11409395973155,SPECIFIC
Other,Cardiology services,47,24,1,1,15.0,38.297872340425535,57.88590604026845,47.31543624161073,0.0,86.91275167785236,0.16778523489932887,39.11241610738255,SPECIFIC
Other,Construction work for school buildings.,76,45,1,1,15.0,9.210526315789473,75.16778523489933,75.16778523489933,0.0,14.76510067114094,0.16778523489932887,39.08389261744967,SPECIFIC
Other,Research and development consultancy services,71,36,1,1,15.0,14.084507042253522,72.31543624161074,68.12080536912751,0.0,30.033557046979865,0.16778523489932887,39.053691275167786,SPECIFIC
Other,Quantity surveying services for civil engineering works.,65,55,1,1,15.0,9.230769230769232,70.13422818791946,80.70469798657717,0.0,14.93288590604027,0.16778523489932887,38.96812080536913,SPECIFIC
Other,Miscellaneous repair and maintenance services,56,44,1,1,15.0,14.285714285714285,65.77181208053692,74.49664429530202,0.0,30.536912751677853,0.16778523489932887,38.76510067114094,SPECIFIC
Other,Design consultancy services,46,36,1,1,15.0,23.91304347826087,56.87919463087249,68.12080536912751,0.0,55.70469798657718,0.16778523489932887,38.736577181208055,SPECIFIC
Other,*Valves,93,7,1,1,15.0,54.83870967741935,81.3758389261745,9.395973154362416,0.0,97.6510067114094,0.16778523489932887,38.72315436241611,SPECIFIC
Other,Health and safety services,49,41,1,1,15.0,20.408163265306122,59.73154362416108,71.64429530201343,0.0,45.13422818791946,0.16778523489932887,38.69630872483222,SPECIFIC
Other,Architectural services for buildings.,38,26,1,1,15.0,47.368421052631575,47.81879194630873,52.348993288590606,0.0,94.79865771812081,0.16778523489932887,38.68456375838927,SPECIFIC
Other,Repair and maintenance services of security equipment,55,50,1,1,15.0,12.727272727272727,64.76510067114094,78.52348993288591,0.0,24.664429530201343,0.16778523489932887,38.49832214765101,SPECIFIC
Other,Repair and maintenance services of electrical building installations,58,48,1,1,15.0,12.068965517241379,66.94630872483222,76.6778523489933,0.0,23.154362416107382,0.16778523489932887,38.454697986577195,SPECIFIC
Other,Construction structures and materials; auxiliary products to construction (excepts electric apparatus).,53,34,1,1,15.0,20.754716981132077,63.25503355704698,65.77181208053692,0.0,45.63758389261745,0.16778523489932887,38.43120805369128,SPECIFIC
Other,Repair and maintenance services of firefighting equipment,49,43,1,1,15.0,18.367346938775512,59.73154362416108,73.15436241610739,0.0,40.77181208053691,0.16778523489932887,38.37416107382551,SPECIFIC
Other,Quantity surveying services,40,35,1,1,15.0,27.500000000000004,51.34228187919463,66.94630872483222,0.0,64.76510067114094,0.16778523489932887,38.34228187919464,SPECIFIC
Other,Engineering works and construction works,70,58,1,1,15.0,2.857142857142857,71.81208053691275,83.05369127516778,0.0,3.691275167785235,0.16778523489932887,38.25167785234899,SPECIFIC
Other,In vitro fertilisation services,99,11,1,1,15.0,35.35353535353536,82.5503355704698,15.604026845637584,0.0,83.05369127516778,0.16778523489932887,38.216442953020135,SPECIFIC
Other,"Furniture (incl. office furniture), furnishings, domestic appliances (excl. lighting) and cleaning products",54,49,1,1,15.0,12.962962962962962,63.758389261744966,78.02013422818791,0.0,25.335570469798657,0.16778523489932887,38.216442953020135,SPECIFIC
Other,Housing services,71,47,1,1,15.0,8.450704225352112,72.31543624161074,76.1744966442953,0.0,12.416107382550337,0.16778523489932887,38.18288590604027,SPECIFIC
Other,Adult and other education services,72,52,1,1,15.0,4.166666666666666,73.15436241610739,79.36241610738254,0.0,5.704697986577181,0.16778523489932887,38.104026845637584,SPECIFIC
Other,"Office and computing machinery, equipment and supplies except furniture and software packages.",44,34,1,1,15.0,25.0,54.86577181208053,65.77181208053692,0.0,58.55704697986577,0.16778523489932887,38.104026845637584,SPECIFIC
Other,Travel management services,40,34,1,1,15.0,27.500000000000004,51.34228187919463,65.77181208053692,0.0,64.76510067114094,0.16778523489932887,38.08389261744967,SPECIFIC
Other,Research consultancy services.,37,30,1,1,15.0,35.13513513513514,46.14093959731543,59.395973154362416,0.0,82.5503355704698,0.16778523489932887,37.94463087248322,SPECIFIC
Other,Building installation work.,45,25,1,1,15.0,33.33333333333333,56.04026845637584,49.832214765100666,0.0,78.69127516778524,0.16778523489932887,37.93456375838927,SPECIFIC
Other,Banking services,45,38,1,1,15.0,22.22222222222222,56.04026845637584,69.46308724832215,0.0,49.328859060402685,0.16778523489932887,37.848993288590606,SPECIFIC
Other,Water distribution and related services,47,36,1,1,15.0,21.27659574468085,57.88590604026845,68.12080536912751,0.0,46.81208053691275,0.16778523489932887,37.6744966442953,SPECIFIC
Other,Event services.,72,31,1,1,15.0,13.88888888888889,73.15436241610739,61.07382550335571,0.0,29.194630872483224,0.16778523489932887,37.60402684563759,SPECIFIC
Other,*Architectural engineering,78,13,1,1,15.0,37.17948717948718,76.51006711409396,18.624161073825505,0.0,85.40268456375838,0.16778523489932887,37.602348993288594,SPECIFIC
Other,*Marine construction services,171,7,1,1,15.0,30.409356725146196,90.43624161073825,9.395973154362416,0.0,73.8255033557047,0.16778523489932887,37.59563758389262,SPECIFIC
Other,Technical inspection and testing services,61,49,1,1,15.0,8.19672131147541,68.79194630872483,78.02013422818791,0.0,11.74496644295302,0.16778523489932887,37.53691275167786,SPECIFIC
Other,*Marine craft systems and subassemblies,87,6,1,1,15.0,51.724137931034484,79.36241610738254,7.38255033557047,0.0,96.30872483221476,0.16778523489932887,37.53523489932886,SPECIFIC
Other,Energy and related services.,66,33,1,1,15.0,13.636363636363635,70.46979865771812,64.76510067114094,0.0,28.02013422818792,0.16778523489932887,37.51510067114094,SPECIFIC
Other,Electrical engineering installation works.,52,50,1,1,15.0,11.538461538461538,62.41610738255034,78.52348993288591,0.0,21.812080536912752,0.16778523489932887,37.43624161073826,SPECIFIC
Other,"Accounting, auditing and fiscal services.",41,34,1,1,15.0,24.390243902439025,52.51677852348994,65.77181208053692,0.0,57.88590604026845,0.16778523489932887,37.369127516778526,SPECIFIC
Other,"Sewage-, refuse-, cleaning-, and environmental services.",62,29,1,1,15.0,17.741935483870968,69.12751677852349,57.88590604026845,0.0,39.42953020134228,0.16778523489932887,37.350671140939596,SPECIFIC
Other,"Occupational clothing, special workwear and accessories",46,43,1,1,15.0,17.391304347826086,56.87919463087249,73.15436241610739,0.0,38.59060402684564,0.16778523489932887,37.2768456375839,SPECIFIC
Other,Building services consultancy services,39,28,1,1,15.0,30.76923076923077,49.832214765100666,57.04697986577181,0.0,74.16107382550335,0.16778523489932887,37.16610738255034,SPECIFIC
Other,Real estate services.,47,31,1,1,15.0,23.404255319148938,57.88590604026845,61.07382550335571,0.0,53.5234899328859,0.16778523489932887,37.13087248322148,SPECIFIC
Other,*ADP Software,105,1,1,1,15.0,50.476190476190474,83.7248322147651,0.0,0.0,96.14093959731544,0.16778523489932887,37.06375838926174,SPECIFIC
Other,Special-purpose road passenger-transport services,44,26,1,1,15.0,29.545454545454547,54.86577181208053,52.348993288590606,0.0,71.14093959731544,0.16778523489932887,37.038590604026844,SPECIFIC
Other,Hardware,36,30,1,1,15.0,33.33333333333333,44.63087248322148,59.395973154362416,0.0,78.69127516778524,0.16778523489932887,36.95805369127517,SPECIFIC
Other,Civil engineering consultancy services,49,43,1,1,15.0,14.285714285714285,59.73154362416108,73.15436241610739,0.0,30.536912751677853,0.16778523489932887,36.83892617449665,SPECIFIC
Other,Horticultural services,55,39,1,1,15.0,12.727272727272727,64.76510067114094,70.13422818791946,0.0,24.664429530201343,0.16778523489932887,36.65268456375839,SPECIFIC
Other,General management consultancy services,63,28,1,1,15.0,15.873015873015872,69.29530201342283,57.04697986577181,0.0,35.40268456375839,0.16778523489932887,36.60738255033558,SPECIFIC
Other,*Aircraft equipment,92,9,1,1,15.0,33.69565217391305,80.53691275167785,12.416107382550337,0.0,80.53691275167785,0.16778523489932887,36.59395973154363,SPECIFIC
Other,"Architectural, engineering and planning services.",47,29,1,1,15.0,23.404255319148938,57.88590604026845,57.88590604026845,0.0,53.5234899328859,0.16778523489932887,36.42953020134228,SPECIFIC
Other,Provision of services to the community.,58,23,1,1,15.0,24.137931034482758,66.94630872483222,44.46308724832215,0.0,56.54362416107382,0.16778523489932887,36.3758389261745,SPECIFIC
Other,Company health services,46,42,1,1,15.0,15.217391304347828,56.87919463087249,72.31543624161074,0.0,33.38926174496644,0.16778523489932887,36.31208053691275,SPECIFIC
Other,Social services,66,44,1,1,15.0,3.0303030303030303,70.46979865771812,74.49664429530202,0.0,3.859060402684564,0.16778523489932887,36.031879194630875,SPECIFIC
Other,Health and social work services.,52,23,1,1,15.0,26.923076923076923,62.41610738255034,44.46308724832215,0.0,62.248322147651,0.16778523489932887,36.00838926174497,SPECIFIC
Other,"Technical testing, analysis and consultancy services",51,42,1,1,15.0,11.76470588235294,61.57718120805369,72.31543624161074,0.0,22.651006711409398,0.16778523489932887,35.969798657718115,SPECIFIC
Other,*Military transport aircraft,77,3,1,1,15.0,55.84415584415584,75.50335570469798,3.3557046979865772,0.0,97.98657718120806,0.16778523489932887,35.85906040268456,SPECIFIC
Other,"Repair, maintenance and associated services of vehicles and related equipment",59,43,1,1,15.0,6.779661016949152,67.61744966442953,73.15436241610739,0.0,9.731543624161073,0.16778523489932887,35.84731543624161,SPECIFIC
Other,*Information Technology Service Delivery,39,23,1,1,15.0,35.8974358974359,49.832214765100666,44.46308724832215,0.0,83.7248322147651,0.16778523489932887,35.83221476510067,SPECIFIC
Other,Transport equipment and auxiliary products to transportation.,40,21,1,1,15.0,40.0,51.34228187919463,38.758389261744966,0.0,89.09395973154362,0.16778523489932887,35.79026845637584,SPECIFIC
Other,Legal advisory services,34,24,1,1,15.0,47.05882352941176,41.2751677852349,47.31543624161073,0.0,94.29530201342283,0.16778523489932887,35.734899328859065,SPECIFIC
Other,*Information technology IT management services,34,24,1,1,15.0,47.05882352941176,41.2751677852349,47.31543624161073,0.0,94.29530201342283,0.16778523489932887,35.734899328859065,SPECIFIC
Other,Family-planning services,34,23,1,1,15.0,52.94117647058824,41.2751677852349,44.46308724832215,0.0,97.14765100671141,0.16778523489932887,35.53523489932886,SPECIFIC
Other,Forestry services,51,22,1,1,15.0,27.450980392156865,61.57718120805369,41.61073825503356,0.0,64.59731543624162,0.16778523489932887,35.50671140939597,SPECIFIC
Other,*Lease and rental of property or building,55,12,1,1,15.0,47.27272727272727,64.76510067114094,17.114093959731544,0.0,94.63087248322147,0.16778523489932887,35.48322147651007,SPECIFIC
Other,*Snow removal services,58,14,1,1,15.0,36.206896551724135,66.94630872483222,20.63758389261745,0.0,84.8993288590604,0.16778523489932887,35.38758389261745,SPECIFIC
Other,Engineering services,49,40,1,1,15.0,12.244897959183673,59.73154362416108,71.30872483221476,0.0,23.48993288590604,0.16778523489932887,35.3758389261745,SPECIFIC
Other,Dental-practice services,51,26,1,1,15.0,21.568627450980394,61.57718120805369,52.348993288590606,0.0,47.48322147651007,0.16778523489932887,35.30201342281879,SPECIFIC
Other,Construction structures and materials; auxiliary products to construction (except electric apparatus),52,42,1,1,15.0,9.615384615384617,62.41610738255034,72.31543624161074,0.0,16.44295302013423,0.16778523489932887,35.26510067114094,SPECIFIC
Other,"Accommodation, building and window cleaning services",40,35,1,1,15.0,20.0,51.34228187919463,66.94630872483222,0.0,43.79194630872483,0.16778523489932887,35.196308724832214,SPECIFIC
Other,Cleaning products,39,32,1,1,15.0,23.076923076923077,49.832214765100666,62.751677852349,0.0,52.18120805369127,0.16778523489932887,35.124161073825505,SPECIFIC
Other,Sports facilities operation services,54,45,1,1,15.0,5.555555555555555,63.758389261744966,75.16778523489933,0.0,7.885906040268456,0.16778523489932887,34.97147651006711,SPECIFIC
Other,Health and safety services.,36,25,1,1,15.0,33.33333333333333,44.63087248322148,49.832214765100666,0.0,78.69127516778524,0.16778523489932887,34.854026845637584,SPECIFIC
Other,Internal audit services,49,48,1,1,15.0,8.16326530612245,59.73154362416108,76.6778523489933,0.0,11.577181208053691,0.16778523489932887,34.77013422818793,SPECIFIC
Other,*Forklifts,44,21,1,1,15.0,31.818181818181817,54.86577181208053,38.758389261744966,0.0,75.83892617449665,0.16778523489932887,34.75335570469799,SPECIFIC
Other,Subscription services,37,23,1,1,15.0,35.13513513513514,46.14093959731543,44.46308724832215,0.0,82.5503355704698,0.16778523489932887,34.65939597315436,SPECIFIC
Other,Mechanical and electrical engineering services,43,30,1,1,15.0,20.930232558139537,54.0268456375839,59.395973154362416,0.0,46.308724832214764,0.16778523489932887,34.63758389261745,SPECIFIC
Other,Medical equipments.,71,21,1,1,15.0,19.718309859154928,72.31543624161074,38.758389261744966,0.0,43.45637583892618,0.16778523489932887,34.60738255033558,SPECIFIC
Other,Property management services of real estate on a fee or contract basis,41,32,1,1,15.0,19.51219512195122,52.51677852348994,62.751677852349,0.0,43.12080536912752,0.16778523489932887,34.48993288590604,SPECIFIC
Other,Buildings of particular historical or architectural interest.,41,26,1,1,15.0,24.390243902439025,52.51677852348994,52.348993288590606,0.0,57.88590604026845,0.16778523489932887,34.41610738255034,SPECIFIC
Other,*Project monitoring and evaluation,39,23,1,1,15.0,30.76923076923077,49.832214765100666,44.46308724832215,0.0,74.16107382550335,0.16778523489932887,34.39765100671141,SPECIFIC
Other,Personnel and payroll services,42,38,1,1,15.0,14.285714285714285,53.5234899328859,69.46308724832215,0.0,30.536912751677853,0.16778523489932887,34.350671140939596,SPECIFIC
Other,"Feasibility study, advisory service, analysis.",34,26,1,1,15.0,32.35294117647059,41.2751677852349,52.348993288590606,0.0,77.3489932885906,0.16778523489932887,34.300335570469805,SPECIFIC
Other,Machine tools.,40,32,1,1,15.0,20.0,51.34228187919463,62.751677852349,0.0,43.79194630872483,0.16778523489932887,34.27348993288591,SPECIFIC
Other,"Fleet management, repair and maintenance services",44,37,1,1,15.0,13.636363636363635,54.86577181208053,68.95973154362416,0.0,28.02013422818792,0.16778523489932887,34.2248322147651,SPECIFIC
Other,Protective and safety clothing,38,36,1,1,15.0,18.421052631578945,47.81879194630873,68.12080536912751,0.0,41.10738255033557,0.16778523489932887,34.100671140939596,SPECIFIC
Other,Construction work for houses,43,26,1,1,15.0,23.25581395348837,54.0268456375839,52.348993288590606,0.0,52.68456375838926,0.16778523489932887,34.04362416107383,SPECIFIC
Other,"Clothing, footwear, luggage articles and accessories",51,45,1,1,15.0,3.9215686274509802,61.57718120805369,75.16778523489933,0.0,5.369127516778524,0.16778523489932887,34.00503355704698,SPECIFIC
Other,Closed-circuit television cameras.,35,20,1,1,15.0,48.57142857142857,43.12080536912752,35.90604026845637,0.0,95.46979865771812,0.16778523489932887,33.899328859060404,SPECIFIC
Other,*Professional engineering services,54,15,1,1,15.0,31.48148148148148,63.758389261744966,23.48993288590604,0.0,75.50335570469798,0.16778523489932887,33.74496644295302,SPECIFIC
Other,Industrial machinery.,36,23,1,1,15.0,33.33333333333333,44.63087248322148,44.46308724832215,0.0,78.69127516778524,0.16778523489932887,33.67281879194631,SPECIFIC
Other,Landscape gardening services,38,34,1,1,15.0,18.421052631578945,47.81879194630873,65.77181208053692,0.0,41.10738255033557,0.16778523489932887,33.58389261744967,SPECIFIC
Other,Survey services,45,33,1,1,15.0,13.333333333333334,56.04026845637584,64.76510067114094,0.0,27.348993288590606,0.16778523489932887,33.51845637583893,SPECIFIC
Other,Business and management consultancy services.,40,27,1,1,15.0,22.5,51.34228187919463,54.86577181208053,0.0,49.832214765100666,0.16778523489932887,33.44463087248322,SPECIFIC
Other,Commercial property management services,31,27,1,1,15.0,32.25806451612903,35.57046979865772,54.86577181208053,0.0,77.01342281879194,0.16778523489932887,33.263422818791945,SPECIFIC
Other,"Agricultural, farming, fishing, forestry and related products.",54,21,1,1,15.0,22.22222222222222,63.758389261744966,38.758389261744966,0.0,49.328859060402685,0.16778523489932887,33.17785234899329,SPECIFIC
Other,*Human resources consulting service,31,25,1,1,15.0,35.483870967741936,35.57046979865772,49.832214765100666,0.0,83.22147651006712,0.16778523489932887,33.08724832214765,SPECIFIC
Other,*Office or work chair,43,13,1,1,15.0,48.837209302325576,54.0268456375839,18.624161073825505,0.0,95.63758389261746,0.16778523489932887,33.06711409395974,SPECIFIC
Other,"Food, beverages, tobacco and related products.",46,24,1,1,15.0,21.73913043478261,56.87919463087249,47.31543624161073,0.0,48.15436241610738,0.16778523489932887,33.0268456375839,SPECIFIC
Other,Financial and insurance services.,39,24,1,1,15.0,25.64102564102564,49.832214765100666,47.31543624161073,0.0,60.40268456375839,0.16778523489932887,32.961409395973156,SPECIFIC
Other,Pre-school education services,45,21,1,1,15.0,26.666666666666668,56.04026845637584,38.758389261744966,0.0,61.40939597315436,0.16778523489932887,32.90604026845638,SPECIFIC
Other,Financial auditing services,37,35,1,1,15.0,16.216216216216218,46.14093959731543,66.94630872483222,0.0,36.241610738255034,0.16778523489932887,32.65939597315437,SPECIFIC
Other,Hire of buses and coaches with driver,36,30,1,1,15.0,22.22222222222222,44.63087248322148,59.395973154362416,0.0,49.328859060402685,0.16778523489932887,32.553691275167786,SPECIFIC
Other,Tree-maintenance services,46,41,1,1,15.0,6.521739130434782,56.87919463087249,71.64429530201343,0.0,9.228187919463087,0.16778523489932887,32.54026845637585,SPECIFIC
Other,Evaluation consultancy services,43,31,1,1,15.0,13.953488372093023,54.0268456375839,61.07382550335571,0.0,29.86577181208054,0.16778523489932887,32.54026845637584,SPECIFIC
Other,Social work services without accommodation,60,26,1,1,15.0,10.0,67.78523489932886,52.348993288590606,0.0,17.28187919463087,0.16778523489932887,32.44798657718121,SPECIFIC
Other,*Professional procurement services,36,24,1,1,15.0,27.77777777777778,44.63087248322148,47.31543624161073,0.0,65.77181208053692,0.16778523489932887,32.36241610738255,SPECIFIC
Other,Storage and warehousing services,39,27,1,1,15.0,20.51282051282051,49.832214765100666,54.86577181208053,0.0,45.302013422818796,0.16778523489932887,32.35738255033557,SPECIFIC
Other,Refuse disposal and treatment,50,39,1,1,15.0,2.0,60.738255033557046,70.13422818791946,0.0,3.1879194630872485,0.16778523489932887,32.34395973154363,SPECIFIC
Other,Courier services,44,39,1,1,15.0,9.090909090909092,54.86577181208053,70.13422818791946,0.0,13.25503355704698,0.16778523489932887,32.26845637583892,SPECIFIC
Other,Transport systems consultancy services,34,24,1,1,15.0,29.411764705882355,41.2751677852349,47.31543624161073,0.0,70.63758389261746,0.16778523489932887,32.18624161073826,SPECIFIC
Other,*Aerospace systems and components and equipment,48,6,1,1,15.0,50.0,59.395973154362416,7.38255033557047,0.0,95.80536912751678,0.16778523489932887,32.06879194630873,SPECIFIC
Other,"*Automatic Data Processing Equipment, System Configuration",87,1,1,1,15.0,28.735632183908045,79.36241610738254,0.0,0.0,69.46308724832215,0.16778523489932887,31.88422818791946,SPECIFIC
Other,Building services,38,29,1,1,15.0,18.421052631578945,47.81879194630873,57.88590604026845,0.0,41.10738255033557,0.16778523489932887,31.848993288590606,SPECIFIC
Other,*ADP Input-Output and Storage Devices,53,1,1,1,15.0,52.83018867924528,63.25503355704698,0.0,0.0,96.97986577181209,0.16778523489932887,31.66275167785235,SPECIFIC
Other,*Water transport vessel maintenance and repair services,56,2,1,1,15.0,39.285714285714285,65.77181208053692,2.348993288590604,0.0,88.25503355704699,0.16778523489932887,31.550335570469805,SPECIFIC
Other,Industrial machinery,54,32,1,1,15.0,1.8518518518518516,63.758389261744966,62.751677852349,0.0,3.0201342281879198,0.16778523489932887,31.51006711409396,SPECIFIC
Other,Relocation services,31,29,1,1,15.0,25.806451612903224,35.57046979865772,57.88590604026845,0.0,60.738255033557046,0.16778523489932887,31.48657718120805,SPECIFIC
Other,Home medical treatment services,43,14,1,1,15.0,34.883720930232556,54.0268456375839,20.63758389261745,0.0,82.0469798657718,0.16778523489932887,31.471476510067117,SPECIFIC
Other,Administrative healthcare services,41,26,1,1,15.0,17.073170731707318,52.51677852348994,52.348993288590606,0.0,37.58389261744966,0.16778523489932887,31.37080536912752,SPECIFIC
Other,Child daycare services,42,23,1,1,15.0,21.428571428571427,53.5234899328859,44.46308724832215,0.0,46.97986577181208,0.16778523489932887,31.31711409395973,SPECIFIC
Other,"Architectural, engineering and surveying services.",42,23,1,1,15.0,21.428571428571427,53.5234899328859,44.46308724832215,0.0,46.97986577181208,0.16778523489932887,31.31711409395973,SPECIFIC
Other,Public relations services,41,33,1,1,15.0,9.75609756097561,52.51677852348994,64.76510067114094,0.0,16.946308724832214,0.16778523489932887,31.006711409395976,SPECIFIC
Other,Storage and warehousing services.,39,17,1,1,15.0,30.76923076923077,49.832214765100666,28.859060402684566,0.0,74.16107382550335,0.16778523489932887,30.964765100671144,SPECIFIC
Other,Dog kennel services,38,32,1,1,15.0,13.157894736842104,47.81879194630873,62.751677852349,0.0,26.845637583892618,0.16778523489932887,30.780201342281885,SPECIFIC
Other,Specialist training services,47,31,1,1,15.0,6.382978723404255,57.88590604026845,61.07382550335571,0.0,8.89261744966443,0.16778523489932887,30.436241610738257,SPECIFIC
Other,"*LOCAL AREA NETWORKS, SYSTEMS AND COMPONENTS",48,1,1,1,15.0,47.91666666666667,59.395973154362416,0.0,0.0,95.13422818791946,0.16778523489932887,30.343959731543627,SPECIFIC
Other,Modular and portable buildings,36,29,1,1,15.0,16.666666666666664,44.63087248322148,57.88590604026845,0.0,36.577181208053695,0.16778523489932887,30.308724832214768,SPECIFIC
Other,Procurement consultancy services,34,25,1,1,15.0,23.52941176470588,41.2751677852349,49.832214765100666,0.0,53.85906040268457,0.16778523489932887,30.22315436241611,SPECIFIC
Other,Archaeological services.,35,17,1,1,15.0,34.285714285714285,43.12080536912752,28.859060402684566,0.0,80.87248322147651,0.16778523489932887,30.159395973154364,SPECIFIC
Other,Minibuses.,53,23,1,1,15.0,11.320754716981133,63.25503355704698,44.46308724832215,0.0,21.644295302013422,0.16778523489932887,30.144295302013425,SPECIFIC
Other,Laser printers.,28,25,1,1,15.0,32.142857142857146,28.02013422818792,49.832214765100666,0.0,76.6778523489933,0.16778523489932887,30.067114093959734,SPECIFIC
Other,"Musical instruments, sport goods, games, toys, handicraft, art materials and accessories.",33,25,1,1,15.0,24.242424242424242,38.92617449664429,49.832214765100666,0.0,57.04697986577181,0.16778523489932887,30.06711409395973,SPECIFIC
Other,Energy-management services,35,32,1,1,15.0,14.285714285714285,43.12080536912752,62.751677852349,0.0,30.536912751677853,0.16778523489932887,30.065436241610744,SPECIFIC
Other,Funeral and related services,40,38,1,1,15.0,2.5,51.34228187919463,69.46308724832215,0.0,3.523489932885906,0.16778523489932887,29.709731543624166,SPECIFIC
Other,Engineering design services,38,29,1,1,15.0,13.157894736842104,47.81879194630873,57.88590604026845,0.0,26.845637583892618,0.16778523489932887,29.709731543624162,SPECIFIC
Other,*Drugs and Pharmaceutical Products,47,5,1,1,15.0,36.17021276595745,57.88590604026845,5.704697986577181,0.0,84.56375838926175,0.16778523489932887,29.605704697986575,SPECIFIC
Other,Gas appliance maintenance services,36,30,1,1,15.0,13.88888888888889,44.63087248322148,59.395973154362416,0.0,29.194630872483224,0.16778523489932887,29.533557046979865,SPECIFIC
Other,Local area network.,50,10,1,1,15.0,28.000000000000004,60.738255033557046,14.261744966442953,0.0,66.2751677852349,0.16778523489932887,29.515100671140942,SPECIFIC
Other,*Real estate services,46,8,1,1,15.0,32.608695652173914,56.87919463087249,10.906040268456376,0.0,77.85234899328859,0.16778523489932887,29.471476510067117,SPECIFIC
Other,"Recreational, cultural and sporting services.",60,21,1,1,15.0,10.0,67.78523489932886,38.758389261744966,0.0,17.28187919463087,0.16778523489932887,29.45805369127517,SPECIFIC
Other,Furniture,37,32,1,1,15.0,10.81081081081081,46.14093959731543,62.751677852349,0.0,20.469798657718123,0.16778523489932887,29.370805369127517,SPECIFIC
Other,Call centre,37,32,1,1,15.0,10.81081081081081,46.14093959731543,62.751677852349,0.0,20.469798657718123,0.16778523489932887,29.370805369127517,SPECIFIC
Other,Business development consultancy services,39,27,1,1,15.0,12.82051282051282,49.832214765100666,54.86577181208053,0.0,25.0,0.16778523489932887,29.312080536912752,SPECIFIC
Other,Audio-visual equipment,38,31,1,1,15.0,10.526315789473683,47.81879194630873,61.07382550335571,0.0,19.463087248322147,0.16778523489932887,29.30369127516779,SPECIFIC
Other,Installation of doors and windows and related components,31,27,1,1,15.0,22.58064516129032,35.57046979865772,54.86577181208053,0.0,50.0,0.16778523489932887,29.211409395973156,SPECIFIC
Other,*Agricultural tractors,38,13,1,1,15.0,34.21052631578947,47.81879194630873,18.624161073825505,0.0,80.70469798657717,0.16778523489932887,29.1510067114094,SPECIFIC
Other,Structural engineering consultancy services,30,27,1,1,15.0,23.333333333333332,33.22147651006711,54.86577181208053,0.0,53.02013422818792,0.16778523489932887,29.030201342281877,SPECIFIC
Other,Technical analysis or consultancy services,33,23,1,1,15.0,24.242424242424242,38.92617449664429,44.46308724832215,0.0,57.04697986577181,0.16778523489932887,28.885906040268456,SPECIFIC
Other,Orthodontic services,34,9,1,1,15.0,70.58823529411765,41.2751677852349,12.416107382550337,0.0,99.32885906040269,0.16778523489932887,28.812080536912756,SPECIFIC
Other,Public utilities,38,34,1,1,15.0,5.263157894736842,47.81879194630873,65.77181208053692,0.0,7.550335570469799,0.16778523489932887,28.550335570469805,SPECIFIC
Other,Engineering works and construction works.,37,24,1,1,15.0,16.216216216216218,46.14093959731543,47.31543624161073,0.0,36.241610738255034,0.16778523489932887,28.340604026845636,SPECIFIC
Other,Laboratory services.,37,17,1,1,15.0,27.027027027027028,46.14093959731543,28.859060402684566,0.0,62.91946308724832,0.16778523489932887,28.28187919463087,SPECIFIC
Other,Community action programme,92,16,1,1,15.0,3.260869565217391,80.53691275167785,26.51006711409396,0.0,4.3624161073825505,0.16778523489932887,28.26845637583893,SPECIFIC
Other,Geographic information systems (GIS or equivalent).,27,20,1,1,15.0,40.74074074074074,25.503355704697988,35.90604026845637,0.0,89.42953020134227,0.16778523489932887,28.236577181208055,SPECIFIC
Other,"Construction, foundation and surface works for highways, roads",41,31,1,1,15.0,2.4390243902439024,52.51677852348994,61.07382550335571,0.0,3.3557046979865772,0.16778523489932887,28.15604026845638,SPECIFIC
Other,Gyneacologic or obstetric services,31,20,1,1,15.0,29.03225806451613,35.57046979865772,35.90604026845637,0.0,69.79865771812081,0.16778523489932887,28.010067114093964,SPECIFIC
Other,Lifting and handling equipment and parts.,31,16,1,1,15.0,35.483870967741936,35.57046979865772,26.51006711409396,0.0,83.22147651006712,0.16778523489932887,27.956375838926178,SPECIFIC
Other,Sports goods and equipment.,28,26,1,1,15.0,25.0,28.02013422818792,52.348993288590606,0.0,58.55704697986577,0.16778523489932887,27.902684563758392,SPECIFIC
Other,Outpatient care services,38,20,1,1,15.0,21.052631578947366,47.81879194630873,35.90604026845637,0.0,46.4765100671141,0.16778523489932887,27.81879194630873,SPECIFIC
Other,Surveillance and security systems and devices,31,29,1,1,15.0,16.129032258064516,35.57046979865772,57.88590604026845,0.0,35.90604026845637,0.16778523489932887,27.76174496644295,SPECIFIC
Other,*Vehicle rental,33,8,1,1,15.0,57.57575757575758,38.92617449664429,10.906040268456376,0.0,98.48993288590604,0.16778523489932887,27.719798657718123,SPECIFIC
Other,*Business administration services,33,21,1,1,15.0,24.242424242424242,38.92617449664429,38.758389261744966,0.0,57.04697986577181,0.16778523489932887,27.630872483221477,SPECIFIC
Other,*Furniture,31,19,1,1,15.0,29.03225806451613,35.57046979865772,34.060402684563755,0.0,69.79865771812081,0.16778523489932887,27.604026845637584,SPECIFIC
Other,*Measuring and observing and testing instruments,34,9,1,1,15.0,41.17647058823529,41.2751677852349,12.416107382550337,0.0,89.93288590604027,0.16778523489932887,27.402684563758392,SPECIFIC
Other,*Laboratory and Measuring and Observing and Testing Equipment,52,1,1,1,15.0,28.846153846153843,62.41610738255034,0.0,0.0,69.63087248322147,0.16778523489932887,27.333892617449667,SPECIFIC
Other,*Dredging services,49,4,1,1,15.0,28.57142857142857,59.73154362416108,4.194630872483222,0.0,68.28859060402685,0.16778523489932887,27.330536912751683,SPECIFIC
Other,Human resources management consultancy services,36,27,1,1,15.0,11.11111111111111,44.63087248322148,54.86577181208053,0.0,21.140939597315437,0.16778523489932887,27.328859060402685,SPECIFIC
Other,Human resources management consultancy services.,33,23,1,1,15.0,21.21212121212121,38.92617449664429,44.46308724832215,0.0,46.644295302013425,0.16778523489932887,27.325503355704697,SPECIFIC
Other,"*Training planning, facilitation and delivery services",28,17,1,1,15.0,39.285714285714285,28.02013422818792,28.859060402684566,0.0,88.25503355704699,0.16778523489932887,27.189597315436245,SPECIFIC
Other,Fire-prevention installation works,35,31,1,1,15.0,8.571428571428571,43.12080536912752,61.07382550335571,0.0,12.751677852348994,0.16778523489932887,27.028523489932887,SPECIFIC
Other,Advisory architectural services.,32,30,1,1,15.0,12.5,38.08724832214765,59.395973154362416,0.0,23.657718120805367,0.16778523489932887,26.936241610738254,SPECIFIC
Other,*Commercial marine craft,45,2,1,1,15.0,31.11111111111111,56.04026845637584,2.348993288590604,0.0,75.0,0.16778523489932887,26.934563758389267,SPECIFIC
Other,Lighting equipment and electric lamps.,27,22,1,1,15.0,29.629629629629626,25.503355704697988,41.61073825503356,0.0,71.81208053691275,0.16778523489932887,26.848993288590606,SPECIFIC
Other,Vehicle-fleet management services,24,23,1,1,15.0,37.5,15.268456375838927,44.46308724832215,0.0,85.57046979865773,0.16778523489932887,26.776845637583897,SPECIFIC
Other,Mobile telephones.,44,5,1,1,15.0,29.545454545454547,54.86577181208053,5.704697986577181,0.0,71.14093959731544,0.16778523489932887,26.776845637583893,SPECIFIC
Other,"Electrical machinery, apparatus, equipment and consumables; lighting",35,32,1,1,15.0,5.714285714285714,43.12080536912752,62.751677852349,0.0,8.053691275167784,0.16778523489932887,26.692953020134233,SPECIFIC
Other,*Heavy construction machinery and equipment,39,13,1,1,15.0,25.64102564102564,49.832214765100666,18.624161073825505,0.0,60.40268456375839,0.16778523489932887,26.649328859060404,SPECIFIC
Other,Foreign economic-aid-related services,108,6,1,1,15.0,9.25925925925926,84.06040268456377,7.38255033557047,0.0,15.100671140939598,0.16778523489932887,26.622483221476514,SPECIFIC
Other,*Fishery data collection or distribution,34,2,1,1,15.0,82.35294117647058,41.2751677852349,2.348993288590604,0.0,99.49664429530202,0.16778523489932887,26.622483221476514,SPECIFIC
Other,Television and audio-visual equipment.,28,19,1,1,15.0,32.142857142857146,28.02013422818792,34.060402684563755,0.0,76.6778523489933,0.16778523489932887,26.59731543624161,SPECIFIC
Other,Miscellaneous business and business-related services,30,25,1,1,15.0,20.0,33.22147651006711,49.832214765100666,0.0,43.79194630872483,0.16778523489932887,26.538590604026847,SPECIFIC
Other,Specialist vehicles,30,25,1,1,15.0,20.0,33.22147651006711,49.832214765100666,0.0,43.79194630872483,0.16778523489932887,26.538590604026847,SPECIFIC
Other,"Demolition, site preparation and clearance work.",31,22,1,1,15.0,22.58064516129032,35.57046979865772,41.61073825503356,0.0,50.0,0.16778523489932887,26.29530201342282,SPECIFIC
Other,*Construction equipment rental or leasing service,33,3,1,1,15.0,96.96969696969697,38.92617449664429,3.3557046979865772,0.0,100.0,0.16778523489932887,26.285234899328863,SPECIFIC
Other,Administration services,37,27,1,1,15.0,8.108108108108109,46.14093959731543,54.86577181208053,0.0,11.409395973154362,0.16778523489932887,26.27684563758389,SPECIFIC
Other,*Hotels and lodging and meeting facilities,37,7,1,1,15.0,32.432432432432435,46.14093959731543,9.395973154362416,0.0,77.68456375838926,0.16778523489932887,26.21476510067114,SPECIFIC
Other,*Chairs,26,17,1,1,15.0,42.30769230769231,22.31543624161074,28.859060402684566,0.0,90.77181208053692,0.16778523489932887,26.026845637583897,SPECIFIC
Other,Research consultancy services,31,28,1,1,15.0,12.903225806451612,35.57046979865772,57.04697986577181,0.0,25.16778523489933,0.16778523489932887,25.966442953020135,SPECIFIC
Other,Veterinary services,73,13,1,1,15.0,8.21917808219178,74.16107382550335,18.624161073825505,0.0,11.912751677852349,0.16778523489932887,25.944630872483224,SPECIFIC
Other,Accounting and auditing services,26,24,1,1,15.0,26.923076923076923,22.31543624161074,47.31543624161073,0.0,62.248322147651,0.16778523489932887,25.808724832214764,SPECIFIC
Other,Construction work for houses.,29,19,1,1,15.0,27.586206896551722,31.20805369127517,34.060402684563755,0.0,65.1006711409396,0.16778523489932887,25.721476510067113,SPECIFIC
Other,Prefabricated buildings.,26,21,1,1,15.0,30.76923076923077,22.31543624161074,38.758389261744966,0.0,74.16107382550335,0.16778523489932887,25.713087248322147,SPECIFIC
Other,Asbestos-removal work,33,26,1,1,15.0,12.121212121212121,38.92617449664429,52.348993288590606,0.0,23.322147651006713,0.16778523489932887,25.562080536912752,SPECIFIC
Other,*Management advisory services,29,16,1,1,15.0,31.03448275862069,31.20805369127517,26.51006711409396,0.0,74.83221476510067,0.16778523489932887,25.52013422818792,SPECIFIC
Other,Repair and maintenance services of boilers,25,24,1,1,15.0,28.000000000000004,18.959731543624162,47.31543624161073,0.0,66.2751677852349,0.16778523489932887,25.50671140939597,SPECIFIC
Other,*Electronic hardware and component parts and accessories *Electrical and electronic engineering,33,1,1,1,15.0,90.9090909090909,38.92617449664429,0.0,0.0,99.66442953020133,0.16778523489932887,25.496644295302012,SPECIFIC
Other,*Bridge construction and repair service,33,6,1,1,15.0,39.39393939393939,38.92617449664429,7.38255033557047,0.0,88.75838926174497,0.16778523489932887,25.48489932885906,SPECIFIC
Other,Highway maintenance work,26,17,1,1,15.0,38.46153846153847,22.31543624161074,28.859060402684566,0.0,87.08053691275168,0.16778523489932887,25.47315436241611,SPECIFIC
Other,Construction project management services.,38,17,1,1,15.0,18.421052631578945,47.81879194630873,28.859060402684566,0.0,41.10738255033557,0.16778523489932887,25.463087248322154,SPECIFIC
Other,Overhaul and refurbishment work,30,25,1,1,15.0,16.666666666666664,33.22147651006711,49.832214765100666,0.0,36.577181208053695,0.16778523489932887,25.456375838926178,SPECIFIC
Other,Security services.,35,22,1,1,15.0,14.285714285714285,43.12080536912752,41.61073825503356,0.0,30.536912751677853,0.16778523489932887,25.414429530201346,SPECIFIC
Other,Laboratory reagents,35,22,1,1,15.0,14.285714285714285,43.12080536912752,41.61073825503356,0.0,30.536912751677853,0.16778523489932887,25.414429530201346,SPECIFIC
Other,*Building and facility maintenance and repair services,35,8,1,1,15.0,31.428571428571427,43.12080536912752,10.906040268456376,0.0,75.33557046979867,0.16778523489932887,25.379194630872483,SPECIFIC
Other,*Application or technology research and development service,31,8,1,1,15.0,38.70967741935484,35.57046979865772,10.906040268456376,0.0,87.24832214765101,0.16778523489932887,25.127516778523493,SPECIFIC
Other,Auditing services.,29,25,1,1,15.0,17.24137931034483,31.20805369127517,49.832214765100666,0.0,37.75167785234899,0.16778523489932887,25.088926174496645,SPECIFIC
Other,Consultative engineering and construction services,29,25,1,1,15.0,17.24137931034483,31.20805369127517,49.832214765100666,0.0,37.75167785234899,0.16778523489932887,25.088926174496645,SPECIFIC
Other,Orthopaedic services,24,17,1,1,15.0,50.0,15.268456375838927,28.859060402684566,0.0,95.80536912751678,0.16778523489932887,24.879194630872487,SPECIFIC
Other,Installation services (except software),33,30,1,1,15.0,6.0606060606060606,38.92617449664429,59.395973154362416,0.0,8.389261744966444,0.16778523489932887,24.87248322147651,SPECIFIC
Other,*Commercial and office building renovation and repair service,27,10,1,1,15.0,55.55555555555556,25.503355704697988,14.261744966442953,0.0,97.81879194630872,0.16778523489932887,24.733221476510067,SPECIFIC
Other,*Aircraft oxygen equipment,51,4,1,1,15.0,21.568627450980394,61.57718120805369,4.194630872483222,0.0,47.48322147651007,0.16778523489932887,24.70805369127517,SPECIFIC
Other,*Pumps,29,5,1,1,15.0,62.06896551724138,31.20805369127517,5.704697986577181,0.0,98.8255033557047,0.16778523489932887,24.54194630872483,SPECIFIC
Other,Development consultancy services,28,25,1,1,15.0,17.857142857142858,28.02013422818792,49.832214765100666,0.0,39.59731543624161,0.16778523489932887,24.505033557046982,SPECIFIC
Other,"Financial consultancy, financial transaction processing and clearing-house services",25,25,1,1,15.0,24.0,18.959731543624162,49.832214765100666,0.0,55.87248322147651,0.16778523489932887,24.5,SPECIFIC
Other,*Human resources services,24,19,1,1,15.0,37.5,15.268456375838927,34.060402684563755,0.0,85.57046979865773,0.16778523489932887,24.48825503355705,SPECIFIC
Other,Paediatric services,29,19,1,1,15.0,24.137931034482758,31.20805369127517,34.060402684563755,0.0,56.54362416107382,0.16778523489932887,24.437919463087248,SPECIFIC
Other,Agricultural machinery.,34,15,1,1,15.0,23.52941176470588,41.2751677852349,23.48993288590604,0.0,53.85906040268457,0.16778523489932887,24.42785234899329,SPECIFIC
Other,*Motor vehicles,29,12,1,1,15.0,34.48275862068966,31.20805369127517,17.114093959731544,0.0,81.20805369127517,0.16778523489932887,24.409395973154364,SPECIFIC
Other,Environmental engineering consultancy services,35,26,1,1,15.0,5.714285714285714,43.12080536912752,52.348993288590606,0.0,8.053691275167784,0.16778523489932887,24.404362416107382,SPECIFIC
Other,Window-cleaning services,32,29,1,1,15.0,6.25,38.08724832214765,57.88590604026845,0.0,8.724832214765101,0.16778523489932887,24.364093959731544,SPECIFIC
Other,"Radio, television, communication, telecommunication and related equipment",29,26,1,1,15.0,13.793103448275861,31.20805369127517,52.348993288590606,0.0,28.859060402684566,0.16778523489932887,24.308724832214768,SPECIFIC
Other,Building completion work,26,24,1,1,15.0,23.076923076923077,22.31543624161074,47.31543624161073,0.0,52.18120805369127,0.16778523489932887,24.298657718120804,SPECIFIC
Other,Emergency lighting equipment.,28,11,1,1,15.0,39.285714285714285,28.02013422818792,15.604026845637584,0.0,88.25503355704699,0.16778523489932887,24.27348993288591,SPECIFIC
Other,"Radio, television, communication, telecommunication and related equipment.",27,17,1,1,15.0,29.629629629629626,25.503355704697988,28.859060402684566,0.0,71.81208053691275,0.16778523489932887,24.043624161073826,SPECIFIC
Other,Mains gas,28,24,1,1,15.0,17.857142857142858,28.02013422818792,47.31543624161073,0.0,39.59731543624161,0.16778523489932887,23.951342281879196,SPECIFIC
Other,Parking services,24,22,1,1,15.0,29.166666666666668,15.268456375838927,41.61073825503356,0.0,70.30201342281879,0.16778523489932887,23.859060402684566,SPECIFIC
Other,"Construction, foundation and surface works for highways, roads.",34,14,1,1,15.0,23.52941176470588,41.2751677852349,20.63758389261745,0.0,53.85906040268457,0.16778523489932887,23.8003355704698,SPECIFIC
Other,Marine survey services.,50,5,1,1,15.0,18.0,60.738255033557046,5.704697986577181,0.0,40.100671140939596,0.16778523489932887,23.706375838926174,SPECIFIC
Other,Construction work for sports facilities.,25,18,1,1,15.0,32.0,18.959731543624162,31.879194630872483,0.0,76.34228187919463,0.16778523489932887,23.620805369127517,SPECIFIC
Other,*Product and material trailers,30,9,1,1,15.0,33.33333333333333,33.22147651006711,12.416107382550337,0.0,78.69127516778524,0.16778523489932887,23.54194630872483,SPECIFIC
Other,"Accounting, auditing and fiscal services",33,25,1,1,15.0,9.090909090909092,38.92617449664429,49.832214765100666,0.0,13.25503355704698,0.16778523489932887,23.498322147651006,SPECIFIC
Other,*Data services,27,12,1,1,15.0,37.03703703703704,25.503355704697988,17.114093959731544,0.0,85.23489932885906,0.16778523489932887,23.47315436241611,SPECIFIC
Other,Blood analysis services,26,12,1,1,15.0,42.30769230769231,22.31543624161074,17.114093959731544,0.0,90.77181208053692,0.16778523489932887,23.44295302013423,SPECIFIC
Other,Solar energy.,33,20,1,1,15.0,15.151515151515152,38.92617449664429,35.90604026845637,0.0,33.053691275167786,0.16778523489932887,23.404362416107382,SPECIFIC
Other,Statutory audit services,29,27,1,1,15.0,10.344827586206897,31.20805369127517,54.86577181208053,0.0,18.959731543624162,0.16778523489932887,23.37751677852349,SPECIFIC
Other,Electric vehicles,25,23,1,1,15.0,24.0,18.959731543624162,44.46308724832215,0.0,55.87248322147651,0.16778523489932887,23.31879194630873,SPECIFIC
Other,*Nonresidential building construction services,32,6,1,1,15.0,31.25,38.08724832214765,7.38255033557047,0.0,75.16778523489933,0.16778523489932887,23.219798657718123,SPECIFIC
Other,Miscellaneous services,30,28,1,1,15.0,6.666666666666667,33.22147651006711,57.04697986577181,0.0,9.395973154362416,0.16778523489932887,22.966442953020135,SPECIFIC
Other,Railway and tramway locomotives and rolling stock and associated parts,32,12,1,1,15.0,25.0,38.08724832214765,17.114093959731544,0.0,58.55704697986577,0.16778523489932887,22.869127516778526,SPECIFIC
Other,Restaurant and food-serving services.,36,17,1,1,15.0,13.88888888888889,44.63087248322148,28.859060402684566,0.0,29.194630872483224,0.16778523489932887,22.81543624161074,SPECIFIC
Other,Parking enforcement services,33,27,1,1,15.0,0.0,38.92617449664429,54.86577181208053,0.0,0.0,0.16778523489932887,22.61744966442953,SPECIFIC
Other,Infrastructure works consultancy services,21,20,1,1,15.0,42.857142857142854,3.3557046979865772,35.90604026845637,0.0,91.44295302013423,0.16778523489932887,22.558724832214764,SPECIFIC
Other,Engineering design services for mechanical and electrical installations for buildings.,23,13,1,1,15.0,69.56521739130434,12.751677852348994,18.624161073825505,0.0,99.16107382550335,0.16778523489932887,22.451342281879192,SPECIFIC
Other,Special education services,27,22,1,1,15.0,18.51851851851852,25.503355704697988,41.61073825503356,0.0,41.77852348993289,0.16778523489932887,22.343959731543627,SPECIFIC
Other,*Vehicle maintenance and repair services,28,4,1,1,15.0,42.857142857142854,28.02013422818792,4.194630872483222,0.0,91.44295302013423,0.16778523489932887,22.241610738255034,SPECIFIC
Other,Networks,25,18,1,1,15.0,28.000000000000004,18.959731543624162,31.879194630872483,0.0,66.2751677852349,0.16778523489932887,22.11073825503356,SPECIFIC
Other,Payroll management services,28,26,1,1,15.0,10.714285714285714,28.02013422818792,52.348993288590606,0.0,19.798657718120804,0.16778523489932887,22.088926174496645,SPECIFIC
Other,Modular and portable buildings.,25,21,1,1,15.0,24.0,18.959731543624162,38.758389261744966,0.0,55.87248322147651,0.16778523489932887,22.063758389261743,SPECIFIC
Other,Geriatric services,27,5,1,1,15.0,44.44444444444444,25.503355704697988,5.704697986577181,0.0,92.4496644295302,0.16778523489932887,22.04530201342282,SPECIFIC
Other,Fuels,30,24,1,1,15.0,10.0,33.22147651006711,47.31543624161073,0.0,17.28187919463087,0.16778523489932887,22.008389261744966,SPECIFIC
Other,Printed matter and related products.,38,20,1,1,15.0,5.263157894736842,47.81879194630873,35.90604026845637,0.0,7.550335570469799,0.16778523489932887,21.979865771812086,SPECIFIC
Other,Consulting services for water-supply and waste consultancy,28,23,1,1,15.0,14.285714285714285,28.02013422818792,44.46308724832215,0.0,30.536912751677853,0.16778523489932887,21.964765100671144,SPECIFIC
Other,*Electrical system services,27,6,1,1,15.0,40.74074074074074,25.503355704697988,7.38255033557047,0.0,89.42953020134227,0.16778523489932887,21.961409395973156,SPECIFIC
Other,Development consultancy services.,27,13,1,1,15.0,29.629629629629626,25.503355704697988,18.624161073825505,0.0,71.81208053691275,0.16778523489932887,21.79194630872483,SPECIFIC
Other,Gynaecological hospital services,23,11,1,1,15.0,65.21739130434783,12.751677852348994,15.604026845637584,0.0,98.99328859060402,0.16778523489932887,21.761744966442954,SPECIFIC
Other,Accommodation services,30,27,1,1,15.0,3.3333333333333335,33.22147651006711,54.86577181208053,0.0,4.530201342281879,0.16778523489932887,21.756711409395972,SPECIFIC
Other,*Clothing,30,4,1,1,15.0,33.33333333333333,33.22147651006711,4.194630872483222,0.0,78.69127516778524,0.16778523489932887,21.733221476510067,SPECIFIC
Other,"Repair, maintenance and associated services related to railways and other equipment",31,14,1,1,15.0,22.58064516129032,35.57046979865772,20.63758389261745,0.0,50.0,0.16778523489932887,21.681208053691275,SPECIFIC
Other,"Clothing, footwear, luggage articles and accessories.",29,19,1,1,15.0,17.24137931034483,31.20805369127517,34.060402684563755,0.0,37.75167785234899,0.16778523489932887,21.619127516778526,SPECIFIC
Other,Laundry-management services,26,22,1,1,15.0,19.230769230769234,22.31543624161074,41.61073825503356,0.0,42.61744966442953,0.16778523489932887,21.609060402684566,SPECIFIC
Other,Road markings.,25,12,1,1,15.0,36.0,18.959731543624162,17.114093959731544,0.0,84.06040268456377,0.16778523489932887,21.53020134228188,SPECIFIC
Other,*Product research and development service,30,10,1,1,15.0,26.666666666666668,33.22147651006711,14.261744966442953,0.0,61.40939597315436,0.16778523489932887,21.355704697986578,SPECIFIC
Other,"Hotel, restaurant and retail trade services.",27,15,1,1,15.0,25.925925925925924,25.503355704697988,23.48993288590604,0.0,60.90604026845637,0.16778523489932887,21.226510067114095,SPECIFIC
Other,*ADP Support Equipment,31,1,1,1,15.0,32.25806451612903,35.57046979865772,0.0,0.0,77.01342281879194,0.16778523489932887,21.192953020134226,SPECIFIC
Other,Building services.,28,27,1,1,15.0,7.142857142857142,28.02013422818792,54.86577181208053,0.0,10.06711409395973,0.16778523489932887,21.18288590604027,SPECIFIC
Other,*Language schooling,24,17,1,1,15.0,29.166666666666668,15.268456375838927,28.859060402684566,0.0,70.30201342281879,0.16778523489932887,21.053691275167786,SPECIFIC
Other,Surgical specialist services,22,15,1,1,15.0,40.909090909090914,8.724832214765101,23.48993288590604,0.0,89.76510067114094,0.16778523489932887,21.0251677852349,SPECIFIC
Other,Siteworks.,22,16,1,1,15.0,36.36363636363637,8.724832214765101,26.51006711409396,0.0,85.06711409395973,0.16778523489932887,20.984899328859058,SPECIFIC
Other,*Elevator maintenance services,25,4,1,1,15.0,52.0,18.959731543624162,4.194630872483222,0.0,96.64429530201343,0.16778523489932887,20.5755033557047,SPECIFIC
Other,*Parachutes,25,9,1,1,15.0,36.0,18.959731543624162,12.416107382550337,0.0,84.06040268456377,0.16778523489932887,20.496644295302016,SPECIFIC
Other,Research and development consultancy services.,28,16,1,1,15.0,21.428571428571427,28.02013422818792,26.51006711409396,0.0,46.97986577181208,0.16778523489932887,20.481543624161077,SPECIFIC
Other,Non-scheduled passenger transport,27,9,1,1,15.0,29.629629629629626,25.503355704697988,12.416107382550337,0.0,71.81208053691275,0.16778523489932887,20.426174496644297,SPECIFIC
Other,*Aviation fuel,25,2,1,1,15.0,56.00000000000001,18.959731543624162,2.348993288590604,0.0,98.15436241610739,0.16778523489932887,20.395973154362416,SPECIFIC
Other,"Agricultural, forestry, horticultural, aquacultural and apicultural services.",30,11,1,1,15.0,23.333333333333332,33.22147651006711,15.604026845637584,0.0,53.02013422818792,0.16778523489932887,20.392617449664428,SPECIFIC
Other,*Accommodation furniture,32,9,1,1,15.0,21.875,38.08724832214765,12.416107382550337,0.0,48.8255033557047,0.16778523489932887,20.3758389261745,SPECIFIC
Other,*Commercial and office building construction services,24,7,1,1,15.0,45.83333333333333,15.268456375838927,9.395973154362416,0.0,93.28859060402685,0.16778523489932887,20.219798657718123,SPECIFIC
Other,*Material handling machinery and equipment,25,8,1,1,15.0,36.0,18.959731543624162,10.906040268456376,0.0,84.06040268456377,0.16778523489932887,20.164429530201346,SPECIFIC
Other,Higher education services,30,24,1,1,15.0,3.3333333333333335,33.22147651006711,47.31543624161073,0.0,4.530201342281879,0.16778523489932887,20.095637583892618,SPECIFIC
Other,*Aircraft digital altitude control systems,30,1,1,1,15.0,30.0,33.22147651006711,0.0,0.0,72.98657718120806,0.16778523489932887,19.954697986577184,SPECIFIC
Other,Houses construction work,31,9,1,1,15.0,22.58064516129032,35.57046979865772,12.416107382550337,0.0,50.0,0.16778523489932887,19.87248322147651,SPECIFIC
Other,*Security guard services,22,11,1,1,15.0,45.45454545454545,8.724832214765101,15.604026845637584,0.0,92.9530201342282,0.16778523489932887,19.76845637583893,SPECIFIC
Other,Construction-related services,28,22,1,1,15.0,10.714285714285714,28.02013422818792,41.61073825503356,0.0,19.798657718120804,0.16778523489932887,19.726510067114095,SPECIFIC
Other,*Building and Facility Construction and Maintenance Services,37,1,1,1,15.0,21.62162162162162,46.14093959731543,0.0,0.0,47.81879194630873,0.16778523489932887,19.667785234899327,SPECIFIC
Other,Mechanical engineering installation works.,25,22,1,1,15.0,16.0,18.959731543624162,41.61073825503356,0.0,35.57046979865772,0.16778523489932887,19.64597315436242,SPECIFIC
Other,Repair and maintenance services of medical and surgical equipment,25,14,1,1,15.0,28.000000000000004,18.959731543624162,20.63758389261745,0.0,66.2751677852349,0.16778523489932887,19.63758389261745,SPECIFIC
Other,"Construction work for buildings relating to leisure, sports, culture, lodging and restaurants",26,21,1,1,15.0,15.384615384615385,22.31543624161074,38.758389261744966,0.0,33.557046979865774,0.16778523489932887,19.62248322147651,SPECIFIC
Other,Installation services of fire protection equipment,24,21,1,1,15.0,20.833333333333336,15.268456375838927,38.758389261744966,0.0,45.80536912751678,0.16778523489932887,19.557046979865774,SPECIFIC
Other,Energy-efficiency consultancy services.,21,11,1,1,15.0,61.904761904761905,3.3557046979865772,15.604026845637584,0.0,98.65771812080537,0.16778523489932887,19.174496644295303,SPECIFIC
Other,Mass spectrometer,29,22,1,1,15.0,6.896551724137931,31.20805369127517,41.61073825503356,0.0,9.899328859060402,0.16778523489932887,19.102348993288597,SPECIFIC
Other,Generators.,26,15,1,1,15.0,23.076923076923077,22.31543624161074,23.48993288590604,0.0,52.18120805369127,0.16778523489932887,19.057046979865774,SPECIFIC
Other,"Technical testing, analysis and consultancy services.",21,15,1,1,15.0,38.095238095238095,3.3557046979865772,23.48993288590604,0.0,86.24161073825503,0.16778523489932887,19.046979865771814,SPECIFIC
Other,*Communications Devices and Accessories,23,5,1,1,15.0,47.82608695652174,12.751677852348994,5.704697986577181,0.0,94.96644295302013,0.16778523489932887,18.979865771812083,SPECIFIC
Other,Ground-drainage work.,31,12,1,1,15.0,16.129032258064516,35.57046979865772,17.114093959731544,0.0,35.90604026845637,0.16778523489932887,18.79194630872483,SPECIFIC
Other,"Architectural, engineering and planning services",21,19,1,1,15.0,28.57142857142857,3.3557046979865772,34.060402684563755,0.0,68.28859060402685,0.16778523489932887,18.67953020134228,SPECIFIC
Other,*Software *Software maintenance and support,28,3,1,1,15.0,28.57142857142857,28.02013422818792,3.3557046979865772,0.0,68.28859060402685,0.16778523489932887,18.583892617449667,SPECIFIC
Other,"Architectural, engineering and surveying services",21,16,1,1,15.0,33.33333333333333,3.3557046979865772,26.51006711409396,0.0,78.69127516778524,0.16778523489932887,18.578859060402685,SPECIFIC
Other,Car park management services,27,26,1,1,15.0,0.0,25.503355704697988,52.348993288590606,0.0,0.0,0.16778523489932887,18.439597315436245,SPECIFIC
Other,Buses and Coaches.,22,14,1,1,15.0,31.818181818181817,8.724832214765101,20.63758389261745,0.0,75.83892617449665,0.16778523489932887,18.308724832214764,SPECIFIC
Other,*Environmental Services,30,1,1,1,15.0,26.666666666666668,33.22147651006711,0.0,0.0,61.40939597315436,0.16778523489932887,18.21812080536913,SPECIFIC
Other,Technical support services,26,18,1,1,15.0,15.384615384615385,22.31543624161074,31.879194630872483,0.0,33.557046979865774,0.16778523489932887,18.109060402684566,SPECIFIC
Other,Ships and boats.,21,13,1,1,15.0,38.095238095238095,3.3557046979865772,18.624161073825505,0.0,86.24161073825503,0.16778523489932887,17.976510067114095,SPECIFIC
Other,Electrical services.,20,14,1,1,15.0,40.0,0.0,20.63758389261745,0.0,89.09395973154362,0.16778523489932887,17.941275167785236,SPECIFIC
Other,Office furniture,22,20,1,1,15.0,22.727272727272727,8.724832214765101,35.90604026845637,0.0,50.83892617449665,0.16778523489932887,17.917785234899327,SPECIFIC
Other,Telecommunications services.,21,15,1,1,15.0,33.33333333333333,3.3557046979865772,23.48993288590604,0.0,78.69127516778524,0.16778523489932887,17.914429530201343,SPECIFIC
Other,Secondary school construction work.,22,16,1,1,15.0,27.27272727272727,8.724832214765101,26.51006711409396,0.0,63.59060402684564,0.16778523489932887,17.763422818791945,SPECIFIC
Other,"*Local Area Networks, Systems and Components - Maintenance",24,1,1,1,15.0,41.66666666666667,15.268456375838927,0.0,0.0,90.1006711409396,0.16778523489932887,17.674496644295303,SPECIFIC
Other,"Heating, ventilation and air-conditioning installation work",22,22,1,1,15.0,18.181818181818183,8.724832214765101,41.61073825503356,0.0,40.26845637583892,0.16778523489932887,17.58724832214765,SPECIFIC
Other,Non-hazardous refuse and waste treatment and disposal services,27,23,1,1,15.0,3.7037037037037033,25.503355704697988,44.46308724832215,0.0,4.865771812080537,0.16778523489932887,17.434563758389263,SPECIFIC
Other,Banking and investment services,23,20,1,1,15.0,17.391304347826086,12.751677852348994,35.90604026845637,0.0,38.59060402684564,0.16778523489932887,17.167785234899327,SPECIFIC
Other,Hotel accommodation services,25,21,1,1,15.0,12.0,18.959731543624162,38.758389261744966,0.0,22.986577181208055,0.16778523489932887,17.130872483221477,SPECIFIC
Other,*Highway and road maintenance service,21,5,1,1,15.0,57.14285714285714,3.3557046979865772,5.704697986577181,0.0,98.3221476510067,0.16778523489932887,16.946308724832214,SPECIFIC
Other,Probation services,29,1,1,1,15.0,24.137931034482758,31.20805369127517,0.0,0.0,56.54362416107382,0.16778523489932887,16.944630872483224,SPECIFIC
Other,Microscopes,26,16,1,1,15.0,15.384615384615385,22.31543624161074,26.51006711409396,0.0,33.557046979865774,0.16778523489932887,16.92785234899329,SPECIFIC
Other,Playground equipment,24,22,1,1,15.0,12.5,15.268456375838927,41.61073825503356,0.0,23.657718120805367,0.16778523489932887,16.862416107382554,SPECIFIC
Other,Furniture.,24,16,1,1,15.0,20.833333333333336,15.268456375838927,26.51006711409396,0.0,45.80536912751678,0.16778523489932887,16.86241610738255,SPECIFIC
Other,*Business intelligence consulting services,20,16,1,1,15.0,30.0,0.0,26.51006711409396,0.0,72.98657718120806,0.16778523489932887,16.817114093959734,SPECIFIC
Other,*Hazardous waste disposal,20,9,1,1,15.0,45.0,0.0,12.416107382550337,0.0,92.61744966442953,0.16778523489932887,16.661073825503358,SPECIFIC
Other,Office cleaning services,23,22,1,1,15.0,13.043478260869565,12.751677852348994,41.61073825503356,0.0,25.503355704697988,0.16778523489932887,16.459731543624162,SPECIFIC
Other,Printed matter and related products,24,24,1,1,15.0,8.333333333333332,15.268456375838927,47.31543624161073,0.0,12.080536912751679,0.16778523489932887,16.380872483221477,SPECIFIC
Other,Collection agency services,22,20,1,1,15.0,18.181818181818183,8.724832214765101,35.90604026845637,0.0,40.26845637583892,0.16778523489932887,16.33221476510067,SPECIFIC
Other,Waste and rubbish containers and bins.,23,18,1,1,15.0,17.391304347826086,12.751677852348994,31.879194630872483,0.0,38.59060402684564,0.16778523489932887,16.281879194630875,SPECIFIC
Other,*Earth moving machinery,23,2,1,1,15.0,34.78260869565217,12.751677852348994,2.348993288590604,0.0,81.87919463087249,0.16778523489932887,16.278523489932887,SPECIFIC
Other,*Electrical equipment and components and supplies,26,15,1,1,15.0,15.384615384615385,22.31543624161074,23.48993288590604,0.0,33.557046979865774,0.16778523489932887,16.26342281879195,SPECIFIC
Other,Market and economic research; polling and statistics,24,21,1,1,15.0,12.5,15.268456375838927,38.758389261744966,0.0,23.657718120805367,0.16778523489932887,16.23489932885906,SPECIFIC
Other,"Security, fire-fighting, police and defence equipment",24,15,1,1,15.0,20.833333333333336,15.268456375838927,23.48993288590604,0.0,45.80536912751678,0.16778523489932887,16.197986577181208,SPECIFIC
Other,Building and facilities management services.,21,18,1,1,15.0,23.809523809523807,3.3557046979865772,31.879194630872483,0.0,54.530201342281885,0.16778523489932887,16.13590604026846,SPECIFIC
Other,Tyres for heavy/light-duty vehicles,20,18,1,1,15.0,25.0,0.0,31.879194630872483,0.0,58.55704697986577,0.16778523489932887,15.833892617449663,SPECIFIC
Other,Construction materials and associated items,23,21,1,1,15.0,13.043478260869565,12.751677852348994,38.758389261744966,0.0,25.503355704697988,0.16778523489932887,15.832214765100671,SPECIFIC
Other,Painting work.,21,14,1,1,15.0,28.57142857142857,3.3557046979865772,20.63758389261745,0.0,68.28859060402685,0.16778523489932887,15.726510067114093,SPECIFIC
Other,Road construction works.,26,14,1,1,15.0,15.384615384615385,22.31543624161074,20.63758389261745,0.0,33.557046979865774,0.16778523489932887,15.635906040268457,SPECIFIC
Other,Laundry-collection services,24,20,1,1,15.0,12.5,15.268456375838927,35.90604026845637,0.0,23.657718120805367,0.16778523489932887,15.60738255033557,SPECIFIC
Other,*Heating and cooling and air conditioning HVAC construction and maintenance services,21,4,1,1,15.0,42.857142857142854,3.3557046979865772,4.194630872483222,0.0,91.44295302013423,0.16778523489932887,15.58221476510067,SPECIFIC
Other,*Relocation services,20,10,1,1,15.0,35.0,0.0,14.261744966442953,0.0,82.21476510067114,0.16778523489932887,15.506711409395972,SPECIFIC
Other,Audio-visual equipment.,21,17,1,1,15.0,23.809523809523807,3.3557046979865772,28.859060402684566,0.0,54.530201342281885,0.16778523489932887,15.471476510067115,SPECIFIC
Other,"Windows, doors and related items.",21,17,1,1,15.0,23.809523809523807,3.3557046979865772,28.859060402684566,0.0,54.530201342281885,0.16778523489932887,15.471476510067115,SPECIFIC
Other,Staff training services,28,19,1,1,15.0,0.0,28.02013422818792,34.060402684563755,0.0,0.0,0.16778523489932887,15.095637583892616,SPECIFIC
Other,Residential homes construction work,28,16,1,1,15.0,7.142857142857142,28.02013422818792,26.51006711409396,0.0,10.06711409395973,0.16778523489932887,14.944630872483222,SPECIFIC
Other,"Petroleum products, fuel, electricity and other sources of energy.",24,15,1,1,15.0,16.666666666666664,15.268456375838927,23.48993288590604,0.0,36.577181208053695,0.16778523489932887,14.813758389261745,SPECIFIC
Other,*Batteries and cells and accessories,21,7,1,1,15.0,33.33333333333333,3.3557046979865772,9.395973154362416,0.0,78.69127516778524,0.16778523489932887,14.813758389261743,SPECIFIC
Other,Vessel repair services,21,3,1,1,15.0,38.095238095238095,3.3557046979865772,3.3557046979865772,0.0,86.24161073825503,0.16778523489932887,14.61744966442953,SPECIFIC
Other,Design and execution of research and development,28,18,1,1,15.0,0.0,28.02013422818792,31.879194630872483,0.0,0.0,0.16778523489932887,14.615771812080537,SPECIFIC
Other,Highways consultancy services,20,20,1,1,15.0,20.0,0.0,35.90604026845637,0.0,43.79194630872483,0.16778523489932887,14.505033557046978,SPECIFIC
Other,Public security services,24,21,1,1,15.0,8.333333333333332,15.268456375838927,38.758389261744966,0.0,12.080536912751679,0.16778523489932887,14.498322147651008,SPECIFIC
Other,Museum-exhibition services,23,18,1,1,15.0,13.043478260869565,12.751677852348994,31.879194630872483,0.0,25.503355704697988,0.16778523489932887,14.318791946308723,SPECIFIC
Other,Mechanical and electrical engineering services.,21,15,1,1,15.0,23.809523809523807,3.3557046979865772,23.48993288590604,0.0,54.530201342281885,0.16778523489932887,14.29026845637584,SPECIFIC
Other,Roof works and other special trade construction works.,24,14,1,1,15.0,16.666666666666664,15.268456375838927,20.63758389261745,0.0,36.577181208053695,0.16778523489932887,14.186241610738255,SPECIFIC
Other,Refuse collection services,24,22,1,1,15.0,4.166666666666666,15.268456375838927,41.61073825503356,0.0,5.704697986577181,0.16778523489932887,14.169463087248323,SPECIFIC
Other,Benefit services,20,19,1,1,15.0,20.0,0.0,34.060402684563755,0.0,43.79194630872483,0.16778523489932887,14.098993288590602,SPECIFIC
Other,*Specialized public building construction services,26,6,1,1,15.0,19.230769230769234,22.31543624161074,7.38255033557047,0.0,42.61744966442953,0.16778523489932887,14.078859060402683,SPECIFIC
Other,Landscape gardening services.,20,15,1,1,15.0,25.0,0.0,23.48993288590604,0.0,58.55704697986577,0.16778523489932887,13.988255033557046,SPECIFIC
Other,Repair and maintenance services of motor vehicles and associated equipment,25,20,1,1,15.0,4.0,18.959731543624162,35.90604026845637,0.0,5.5369127516778525,0.16778523489932887,13.885906040268456,SPECIFIC
Other,*Telecommunications - Satellite Services,22,1,1,1,15.0,31.818181818181817,8.724832214765101,0.0,0.0,75.83892617449665,0.16778523489932887,13.768456375838925,SPECIFIC
Other,Technical analysis or consultancy services.,23,17,1,1,15.0,13.043478260869565,12.751677852348994,28.859060402684566,0.0,25.503355704697988,0.16778523489932887,13.654362416107384,SPECIFIC
Other,Forestry services.,20,5,1,1,15.0,35.0,0.0,5.704697986577181,0.0,82.21476510067114,0.16778523489932887,13.624161073825503,SPECIFIC
Other,Roof.,20,18,1,1,15.0,20.0,0.0,31.879194630872483,0.0,43.79194630872483,0.16778523489932887,13.619127516778523,SPECIFIC
Other,*Laundering services,22,6,1,1,15.0,27.27272727272727,8.724832214765101,7.38255033557047,0.0,63.59060402684564,0.16778523489932887,13.555369127516778,SPECIFIC
Other,Vocational training services,33,8,1,1,15.0,3.0303030303030303,38.92617449664429,10.906040268456376,0.0,3.859060402684564,0.16778523489932887,13.5251677852349,SPECIFIC
Other,"Medical equipments, pharmaceuticals and personal care products.",26,13,1,1,15.0,11.538461538461538,22.31543624161074,18.624161073825505,0.0,21.812080536912752,0.16778523489932887,13.431208053691275,SPECIFIC
Other,*Highway and road construction services,22,5,1,1,15.0,27.27272727272727,8.724832214765101,5.704697986577181,0.0,63.59060402684564,0.16778523489932887,13.186241610738255,SPECIFIC
Other,*Spectroscopic equipment,22,10,1,1,15.0,22.727272727272727,8.724832214765101,14.261744966442953,0.0,50.83892617449665,0.16778523489932887,13.156040268456374,SPECIFIC
Other,Research laboratory services,25,17,1,1,15.0,8.0,18.959731543624162,28.859060402684566,0.0,10.906040268456376,0.16778523489932887,13.140939597315436,SPECIFIC
Other,Catering equipment,25,17,1,1,15.0,8.0,18.959731543624162,28.859060402684566,0.0,10.906040268456376,0.16778523489932887,13.140939597315436,SPECIFIC
Other,Repair and maintenance services of medical and precision equipment,23,16,1,1,15.0,13.043478260869565,12.751677852348994,26.51006711409396,0.0,25.503355704697988,0.16778523489932887,13.137583892617448,SPECIFIC
Other,*Hotel rooms,20,7,1,1,15.0,30.0,0.0,9.395973154362416,0.0,72.98657718120806,0.16778523489932887,13.052013422818794,SPECIFIC
Other,Central-heating installation work,22,21,1,1,15.0,9.090909090909092,8.724832214765101,38.758389261744966,0.0,13.25503355704698,0.16778523489932887,12.90771812080537,SPECIFIC
Other,Trees.,25,8,1,1,15.0,16.0,18.959731543624162,10.906040268456376,0.0,35.57046979865772,0.16778523489932887,12.890939597315436,SPECIFIC
Other,*Specialty building and trades services,25,4,1,1,15.0,20.0,18.959731543624162,4.194630872483222,0.0,43.79194630872483,0.16778523489932887,12.647651006711408,SPECIFIC
Other,School meals,22,22,1,1,15.0,4.545454545454546,8.724832214765101,41.61073825503356,0.0,6.375838926174497,0.16778523489932887,12.503355704697986,SPECIFIC
Other,Financial market regulatory services.,22,2,1,1,15.0,27.27272727272727,8.724832214765101,2.348993288590604,0.0,63.59060402684564,0.16778523489932887,12.447986577181206,SPECIFIC
Other,*Air pollution monitoring or measurement services,23,6,1,1,15.0,21.73913043478261,12.751677852348994,7.38255033557047,0.0,48.15436241610738,0.16778523489932887,12.327181208053691,SPECIFIC
Other,*Aircraft,23,6,1,1,15.0,21.73913043478261,12.751677852348994,7.38255033557047,0.0,48.15436241610738,0.16778523489932887,12.327181208053691,SPECIFIC
Other,Installation of fitted kitchens,22,20,1,1,15.0,9.090909090909092,8.724832214765101,35.90604026845637,0.0,13.25503355704698,0.16778523489932887,12.280201342281877,SPECIFIC
Other,Air quality management,27,15,1,1,15.0,0.0,25.503355704697988,23.48993288590604,0.0,0.0,0.16778523489932887,12.090604026845638,SPECIFIC
Other,*Military services and national defense,22,7,1,1,15.0,22.727272727272727,8.724832214765101,9.395973154362416,0.0,50.83892617449665,0.16778523489932887,12.085570469798657,SPECIFIC
Other,Lift installation work,26,16,1,1,15.0,0.0,22.31543624161074,26.51006711409396,0.0,0.0,0.16778523489932887,11.894295302013424,SPECIFIC
Other,Police equipment,21,9,1,1,15.0,23.809523809523807,3.3557046979865772,12.416107382550337,0.0,54.530201342281885,0.16778523489932887,11.854026845637584,SPECIFIC
Other,Electricity.,23,14,1,1,15.0,13.043478260869565,12.751677852348994,20.63758389261745,0.0,25.503355704697988,0.16778523489932887,11.845637583892616,SPECIFIC
Other,Coaching services,22,15,1,1,15.0,13.636363636363635,8.724832214765101,23.48993288590604,0.0,28.02013422818792,0.16778523489932887,11.763422818791947,SPECIFIC
Other,Chemical products,22,15,1,1,15.0,13.636363636363635,8.724832214765101,23.48993288590604,0.0,28.02013422818792,0.16778523489932887,11.763422818791947,SPECIFIC
Other,"Project and design preparation, estimation of costs.",24,12,1,1,15.0,12.5,15.268456375838927,17.114093959731544,0.0,23.657718120805367,0.16778523489932887,11.473154362416107,SPECIFIC
Other,"Feasibility study, advisory service, analysis",22,18,1,1,15.0,9.090909090909092,8.724832214765101,31.879194630872483,0.0,13.25503355704698,0.16778523489932887,11.394295302013422,SPECIFIC
Other,Higher education services.,26,14,1,1,15.0,3.8461538461538463,22.31543624161074,20.63758389261745,0.0,5.201342281879195,0.16778523489932887,11.38255033557047,SPECIFIC
Other,Insulation work,21,13,1,1,15.0,19.047619047619047,3.3557046979865772,18.624161073825505,0.0,42.281879194630875,0.16778523489932887,11.38255033557047,SPECIFIC
Other,Painting work,25,14,1,1,15.0,8.0,18.959731543624162,20.63758389261745,0.0,10.906040268456376,0.16778523489932887,11.332214765100671,SPECIFIC
Other,Fire doors.,20,8,1,1,15.0,25.0,0.0,10.906040268456376,0.0,58.55704697986577,0.16778523489932887,11.21979865771812,SPECIFIC
Other,*Garbage collection or destruction or processing or disposal,21,7,1,1,15.0,23.809523809523807,3.3557046979865772,9.395973154362416,0.0,54.530201342281885,0.16778523489932887,11.189597315436242,SPECIFIC
Other,Traffic control services,21,20,1,1,15.0,9.523809523809524,3.3557046979865772,35.90604026845637,0.0,15.604026845637584,0.16778523489932887,11.182885906040267,SPECIFIC
Other,Closed circuit television services,21,20,1,1,15.0,9.523809523809524,3.3557046979865772,35.90604026845637,0.0,15.604026845637584,0.16778523489932887,11.182885906040267,SPECIFIC
Other,Marine equipment.,27,11,1,1,15.0,3.7037037037037033,25.503355704697988,15.604026845637584,0.0,4.865771812080537,0.16778523489932887,11.085570469798657,SPECIFIC
Other,*Electronic and communication measuring and testing instruments,20,7,1,1,15.0,25.0,0.0,9.395973154362416,0.0,58.55704697986577,0.16778523489932887,10.887583892617448,SPECIFIC
Other,*Labor training or development,20,6,1,1,15.0,25.0,0.0,7.38255033557047,0.0,58.55704697986577,0.16778523489932887,10.44463087248322,SPECIFIC
Other,Health and safety consultancy services,21,18,1,1,15.0,9.523809523809524,3.3557046979865772,31.879194630872483,0.0,15.604026845637584,0.16778523489932887,10.296979865771812,SPECIFIC
Other,Lasers,26,13,1,1,15.0,0.0,22.31543624161074,18.624161073825505,0.0,0.0,0.16778523489932887,10.159395973154362,SPECIFIC
Other,General management consultancy services.,21,14,1,1,15.0,14.285714285714285,3.3557046979865772,20.63758389261745,0.0,30.536912751677853,0.16778523489932887,10.063758389261745,SPECIFIC
Other,*Night vision equipment,21,4,1,1,15.0,23.809523809523807,3.3557046979865772,4.194630872483222,0.0,54.530201342281885,0.16778523489932887,10.04530201342282,SPECIFIC
Other,Medical insurance services,28,4,1,1,15.0,7.142857142857142,28.02013422818792,4.194630872483222,0.0,10.06711409395973,0.16778523489932887,10.03523489932886,SPECIFIC
Other,Network infrastructure.,28,8,1,1,15.0,0.0,28.02013422818792,10.906040268456376,0.0,0.0,0.16778523489932887,10.001677852348994,SPECIFIC
Other,Electricity distribution and related services,20,14,1,1,15.0,15.0,0.0,20.63758389261745,0.0,32.718120805369125,0.16778523489932887,9.48489932885906,SPECIFIC
Other,Health training services,21,12,1,1,15.0,14.285714285714285,3.3557046979865772,17.114093959731544,0.0,30.536912751677853,0.16778523489932887,9.288590604026846,SPECIFIC
Other,Environmental issues consultancy services,22,16,1,1,15.0,4.545454545454546,8.724832214765101,26.51006711409396,0.0,6.375838926174497,0.16778523489932887,9.181208053691273,SPECIFIC
Other,Heating works.,21,18,1,1,15.0,4.761904761904762,3.3557046979865772,31.879194630872483,0.0,6.7114093959731544,0.16778523489932887,8.963087248322147,SPECIFIC
Other,Parts and accessories for vehicles and their engines,21,18,1,1,15.0,4.761904761904762,3.3557046979865772,31.879194630872483,0.0,6.7114093959731544,0.16778523489932887,8.963087248322147,SPECIFIC
Other,Marine services,22,14,1,1,15.0,9.090909090909092,8.724832214765101,20.63758389261745,0.0,13.25503355704698,0.16778523489932887,8.921140939597315,SPECIFIC
Other,Marine equipment,21,10,1,1,15.0,14.285714285714285,3.3557046979865772,14.261744966442953,0.0,30.536912751677853,0.16778523489932887,8.661073825503356,SPECIFIC
Other,Residential property services,21,15,1,1,15.0,9.523809523809524,3.3557046979865772,23.48993288590604,0.0,15.604026845637584,0.16778523489932887,8.451342281879194,SPECIFIC
Other,Marine survey services,20,11,1,1,15.0,15.0,0.0,15.604026845637584,0.0,32.718120805369125,0.16778523489932887,8.377516778523487,SPECIFIC
Other,Retail trade services,24,13,1,1,15.0,0.0,15.268456375838927,18.624161073825505,0.0,0.0,0.16778523489932887,8.256711409395974,SPECIFIC
Other,Development services of real estate,20,15,1,1,15.0,10.0,0.0,23.48993288590604,0.0,17.28187919463087,0.16778523489932887,7.796979865771812,SPECIFIC
Other,Publishing services,24,11,1,1,15.0,0.0,15.268456375838927,15.604026845637584,0.0,0.0,0.16778523489932887,7.592281879194632,SPECIFIC
Other,Construction work for buildings relating to education and research,22,15,1,1,15.0,0.0,8.724832214765101,23.48993288590604,0.0,0.0,0.16778523489932887,7.560402684563758,SPECIFIC
Other,Pension services,20,17,1,1,15.0,5.0,0.0,28.859060402684566,0.0,7.38255033557047,0.16778523489932887,7.493288590604028,SPECIFIC
Other,Military research and technology,23,1,1,1,15.0,13.043478260869565,12.751677852348994,0.0,0.0,25.503355704697988,0.16778523489932887,7.305369127516779,SPECIFIC
Other,"Services furnished by business, professional and specialist organisations",21,17,1,1,15.0,0.0,3.3557046979865772,28.859060402684566,0.0,0.0,0.16778523489932887,7.2919463087248335,SPECIFIC
Other,Research and experimental development services,22,9,1,1,15.0,9.090909090909092,8.724832214765101,12.416107382550337,0.0,13.25503355704698,0.16778523489932887,7.112416107382551,SPECIFIC
Other,Repair and maintenance services of military electronic systems,26,3,1,1,15.0,0.0,22.31543624161074,3.3557046979865772,0.0,0.0,0.16778523489932887,6.800335570469799,SPECIFIC
Other,Public security services.,24,6,1,1,15.0,4.166666666666666,15.268456375838927,7.38255033557047,0.0,5.704697986577181,0.16778523489932887,6.6392617449664435,SPECIFIC
Other,"Imaging equipment for medical, dental and veterinary use",20,10,1,1,15.0,10.0,0.0,14.261744966442953,0.0,17.28187919463087,0.16778523489932887,5.766778523489933,SPECIFIC
Other,Bridge.,21,10,1,1,15.0,4.761904761904762,3.3557046979865772,14.261744966442953,0.0,6.7114093959731544,0.16778523489932887,5.087248322147651,SPECIFIC
Other,Miscellaneous general and special-purpose machinery,20,14,1,1,15.0,0.0,0.0,20.63758389261745,0.0,0.0,0.16778523489932887,4.577181208053691,SPECIFIC
Other,Military defence services,21,5,1,1,15.0,0.0,3.3557046979865772,5.704697986577181,0.0,0.0,0.16778523489932887,2.1979865771812084,SPECIFIC
