Type,Label,Volume,Buyers,Sources,Countries,Lean,Recent,Score
GLOBAL_COHORT,Automation / software :: Software / automation,83702,10218,8,90,74.0,32.37915461996129,96.23657718120805
GLOBAL_COHORT,Automation / software :: IT services / software,70353,7214,5,76,60.0,33.27932000056856,96.08892617449665
2-GRAM,security operations,199,118,6,24,57.05347593582888,47.73869346733668,95.81726679657714
2-GRAM,media monitoring,139,90,6,13,70.76691729323308,47.48201438848921,95.74170973481318
2-GRAM,information system,265,186,7,33,66.704,43.0188679245283,95.73132254511565
GLOBAL_COHORT,Creative / communications :: Design / publishing,50842,10158,8,169,82.0,29.469729750993274,95.0738255033557
3-GRAM,security operations center,112,55,4,19,61.59405940594059,48.214285714285715,94.7244259933915
2-GRAM,einer dienstleistungskonzession,389,240,2,3,57.19023136246787,43.958868894601544,94.68401253918495
2-GRAM,operations center,119,60,4,21,61.06542056074766,46.21848739495798,94.50187240532068
GLOBAL_COHORT,Monitoring / research :: Monitoring / analysis,35815,9649,8,104,70.0,28.306575457210663,94.43959731543625
2-GRAM,monitoring system,167,110,7,28,45.56172839506173,44.31137724550898,94.4180123697365
2-GRAM,data platform,110,63,5,12,54.45544554455446,47.27272727272727,94.31202236719477
2-GRAM,sap hana,402,172,6,28,61.72081218274111,37.3134328358209,94.26976192493433
2-GRAM,design build,363,213,6,18,47.91150442477876,38.01652892561984,93.85086842328221
2-GRAM,microsoft enterprise,210,133,5,25,59.11274509803921,37.61904761904762,93.77548080996358
2-GRAM,social media,314,152,8,21,45.39344262295082,38.53503184713376,93.74337032957723
3-GRAM,vergabe einer dienstleistungskonzession,248,177,2,3,63.42338709677419,39.91935483870968,93.69753452512073
2-GRAM,red hat,312,82,6,31,58.80730897009967,37.5,93.69460306701687
2-GRAM,microsoft azure,143,75,5,21,64.55244755244755,38.46153846153846,93.4871473354232
2-GRAM,audio video,265,98,5,25,79.11023622047244,33.9622641509434,93.3605354570872
2-GRAM,ris pacs,104,32,2,15,54.69230769230769,56.73076923076923,93.29728035245276
2-GRAM,microsoft lizenzen,208,110,2,4,60.46153846153846,39.42307692307692,93.20281284419215
2-GRAM,open source,153,84,6,17,53.83916083916084,38.56209150326797,93.17709057019403
2-GRAM,vergabe einer,403,247,2,3,48.9727047146402,38.95781637717121,93.17363382190969
2-GRAM,intelligence artificielle,152,115,3,3,49.46376811594203,39.473684210526315,93.09924595441836
2-GRAM,betrieb eines,782,493,2,5,54.13299232736573,37.21227621483376,93.0707277810726
2-GRAM,software solution,124,94,4,15,70.0241935483871,37.096774193548384,93.04732695077523
2-GRAM,microsoft office,237,92,6,19,57.951965065502186,35.44303797468354,93.03521138693553
2-GRAM,installatie onderhoud,164,77,2,2,49.03225806451613,42.073170731707314,92.8566974498009
2-GRAM,windows server,94,27,3,17,59.659574468085104,47.87234042553192,92.74777598915529
2-GRAM,enterprise resource,82,63,4,14,52.3780487804878,43.90243902439025,92.70792171481827
2-GRAM,ict managed,70,66,3,3,49.47142857142857,50.0,92.65513852410405
2-GRAM,etudes techniques,164,122,3,3,70.08888888888889,34.75609756097561,92.6541387782767
2-GRAM,cloud based,134,89,4,12,55.28358208955224,37.3134328358209,92.60089807676016
2-GRAM,operations centre,81,67,4,10,48.46913580246913,44.44444444444444,92.5933406760993
2-GRAM,data warehouse,69,34,3,18,56.69565217391305,50.72463768115942,92.3675336778785
2-GRAM,bereitstellung einer,187,69,2,4,56.026737967914436,38.50267379679144,92.34909768702873
2-GRAM,market consultation,254,81,4,20,46.188976377952756,35.039370078740156,92.28826569516225
2-GRAM,abschluss einer,986,130,2,5,52.78803245436105,35.294117647058826,92.274760654071
2-GRAM,implementierung einer,154,61,2,3,60.79220779220779,38.311688311688314,92.22870456663561
3-GRAM,enterprise resource planning,74,59,4,14,53.189189189189186,43.24324324324324,92.14913157671778
2-GRAM,creative cloud,98,41,5,11,63.89887640449438,38.775510204081634,92.14833516902482
2-GRAM,software licences,77,45,3,5,51.63636363636363,45.45454545454545,92.13069558586798
2-GRAM,center soc,81,45,3,17,60.60493827160494,41.97530864197531,92.117868338558
2-GRAM,dienstleistungen bereich,200,60,2,6,47.74,39.0,92.09941540286368
2-GRAM,logiciel gestion,578,436,4,6,74.66024096385541,29.238754325259517,92.05966279759383
2-GRAM,elaboration schema,368,316,2,2,53.36842105263158,34.78260869565217,92.01979157841227
2-GRAM,software subscription,70,35,4,8,47.52857142857143,48.57142857142857,91.99469626366178
2-GRAM,microsoft unified,153,77,5,17,58.77777777777778,33.98692810457516,91.9636533084809
2-GRAM,palo alto,159,67,4,23,55.911949685534594,34.59119496855346,91.88843514360757
2-GRAM,ter ondersteuning,111,87,2,2,64.46153846153847,37.83783783783784,91.8607303227993
2-GRAM,renouvellement licences,337,132,4,7,72.671875,29.673590504451038,91.80430399051089
2-GRAM,resource planning,86,70,5,19,54.12658227848101,38.372093023255815,91.73388121663984
2-GRAM,gestion securite,95,88,2,2,51.810526315789474,41.05263157894737,91.7178175040244
2-GRAM,hardware software,562,130,6,23,71.91806331471136,28.647686832740213,91.67498093704991
2-GRAM,digital twin,54,38,5,15,48.148936170212764,55.55555555555556,91.64397187155808
2-GRAM,solution gestion,391,266,4,6,64.20670391061452,29.156010230179028,91.50553249173939
3-GRAM,security operations centre,63,54,3,7,54.04761904761905,44.44444444444444,91.40205032618826
2-GRAM,designation bureau,103,73,2,2,59.0,37.86407766990291,91.29621282724732
2-GRAM,software development,80,51,5,16,73.25,36.25,91.27874269253579
2-GRAM,erp system,170,68,3,15,59.12352941176471,32.94117647058823,91.2465474879268
2-GRAM,microsoft dynamics,171,83,7,24,63.432748538011694,30.994152046783626,91.22229941540286
2-GRAM,business central,64,27,4,13,62.0625,45.3125,91.22145217317632
2-GRAM,information systems,60,34,3,10,66.9795918367347,45.0,91.21789375582478
2-GRAM,plateforme numerique,64,57,3,3,55.26315789473684,42.1875,91.2015250360078
2-GRAM,plan gestion,337,262,4,4,47.117283950617285,30.56379821958457,91.19315428280946
2-GRAM,business intelligence,154,56,6,19,57.5,33.116883116883116,91.16160298229264
2-GRAM,einfuhrung einer,207,92,2,4,63.56038647342995,32.367149758454104,91.01357282046936
2-GRAM,einfuhrung eines,306,141,2,4,55.931372549019606,32.02614379084967,90.97881894433618
2-GRAM,bureau etudes,99,78,2,2,70.08695652173913,35.35353535353536,90.96289079047699
2-GRAM,vmware vsphere,155,49,4,14,56.61290322580645,32.903225806451616,90.91908836736422
2-GRAM,mode saas,171,121,3,3,74.66666666666667,29.239766081871345,90.86039142590866
2-GRAM,oracle database,54,28,4,15,59.81481481481482,50.0,90.85296958400407
2-GRAM,revision plan,108,98,2,2,49.05555555555556,37.03703703703704,90.84729306108616
2-GRAM,espaces publicitaires,167,134,2,2,77.11377245508982,31.137724550898202,90.75330000847242
2-GRAM,video surveillance,102,75,4,5,74.66666666666667,31.372549019607842,90.70656612725577
2-GRAM,sap business,59,40,4,12,54.271186440677965,42.3728813559322,90.5754977548081
2-GRAM,licences microsoft,184,128,4,7,70.5031847133758,27.717391304347824,90.49529780564264
2-GRAM,ordinateurs portables,126,76,4,6,53.56190476190476,31.746031746031747,90.46686435651954
2-GRAM,mission etude,216,181,2,2,70.23225806451613,29.62962962962963,90.43002626450902
2-GRAM,solution logicielle,186,139,3,3,74.95,27.419354838709676,90.39947470981954
2-GRAM,crm system,69,46,4,9,56.08695652173913,37.68115942028985,90.39532322290944
2-GRAM,renouvellement licence,195,89,2,2,73.43684210526315,30.256410256410255,90.3948148775735
2-GRAM,check point,117,53,3,19,57.1025641025641,33.333333333333336,90.32061340337202
2-GRAM,outil gestion,154,125,4,7,57.17054263565891,29.22077922077922,90.23324578496991
2-GRAM,managed security,85,59,5,12,45.90588235294118,35.294117647058826,90.22931458103871
2-GRAM,bassins versants,131,88,3,3,46.128,32.06106870229008,90.21155638397016
2-GRAM,warme dranken,89,63,2,2,59.56410256410256,35.95505617977528,90.20599847496399
2-GRAM,adobe lizenzen,77,23,2,4,59.298701298701296,44.15584415584416,90.15880708294502
2-GRAM,wide area,49,43,3,9,46.755102040816325,48.97959183673469,90.14681013301703
2-GRAM,sql server,57,24,3,14,61.666666666666664,45.6140350877193,90.13017029568753
2-GRAM,conception graphique,62,56,2,2,82.0,38.70967741935484,90.12978056426333
2-GRAM,private cloud,57,28,4,12,62.13725490196079,42.10526315789474,90.07716682199441
2-GRAM,etude faisabilite,729,528,3,3,70.09142857142857,24.96570644718793,90.04268406337371
3-GRAM,operations center soc,56,31,2,14,64.85714285714286,46.42857142857143,90.04061679234093
2-GRAM,sans fil,145,106,3,3,50.35820895522388,30.344827586206897,89.9923578751165
2-GRAM,sap hcm,71,36,2,7,62.61971830985915,39.436619718309856,89.9675845124121
2-GRAM,vmware cloud,43,25,3,10,61.116279069767444,60.46511627906977,89.94794543760061
2-GRAM,plateforme gestion,92,84,3,3,63.041666666666664,31.52173913043478,89.92893332203677
2-GRAM,leves topographiques,114,98,2,2,82.0,30.70175438596491,89.87711598746083
2-GRAM,system software,57,42,3,13,55.63157894736842,40.35087719298246,89.85144454799628
2-GRAM,solution informatique,116,95,4,7,66.0204081632653,28.448275862068964,89.74882656951623
2-GRAM,technologies information,157,76,2,2,64.89171974522293,29.936305732484076,89.67659069728035
2-GRAM,etudes prealables,206,147,3,4,69.72164948453609,25.728155339805824,89.6269084131153
2-GRAM,digital platform,48,42,2,6,48.4375,52.083333333333336,89.61040413454208
2-GRAM,systeme gestion,385,282,4,7,50.333333333333336,25.714285714285715,89.59234093027197
2-GRAM,evaluation environnementale,159,131,2,2,49.075471698113205,30.81761006289308,89.52959417097348
2-GRAM,extension systeme,92,80,2,5,62.66304347826087,32.608695652173914,89.47970854867407
2-GRAM,etudes geotechniques,513,396,2,2,70.30409356725146,25.146198830409357,89.4689824620859
2-GRAM,equipements informatiques,172,109,3,3,56.21212121212121,27.325581395348838,89.46044226044226
2-GRAM,adobe creative,74,28,4,9,65.02985074626865,35.13513513513514,89.45944251461492
2-GRAM,etude hydraulique,73,64,2,2,70.16438356164383,34.24657534246575,89.39986444124375
2-GRAM,software assurance,82,38,3,12,69.13414634146342,32.926829268292686,89.3854782682369
3-GRAM,elaboration plan gestion,98,82,2,2,56.6530612244898,32.6530612244898,89.34643734643736
2-GRAM,fibre optique,326,239,3,3,51.53511705685619,25.766871165644172,89.34011691942726
2-GRAM,security operation,65,44,4,13,53.50769230769231,35.38461538461539,89.26632212149453
2-GRAM,systeme videosurveillance,67,57,3,3,56.56603773584906,34.32835820895522,89.18757942895874
2-GRAM,relations presse,196,151,2,2,60.0,27.551020408163264,89.128780818436
2-GRAM,informatique gestion,48,42,2,2,64.72727272727273,43.75,89.08680843853259
2-GRAM,managed detection,54,38,4,10,54.51851851851852,38.888888888888886,89.07957298991784
3-GRAM,adobe creative cloud,73,27,4,9,64.89393939393939,34.24657534246575,89.02377361687707
2-GRAM,adobe acrobat,71,23,3,6,66.49295774647888,36.61971830985915,89.01999491654664
2-GRAM,systeme video,108,86,2,2,68.35185185185185,29.62962962962963,89.01465729051937
2-GRAM,incident response,59,39,4,11,51.45762711864407,37.28813559322034,89.003541472507
2-GRAM,plan local,265,214,2,2,51.43396226415094,27.169811320754718,88.97331186986361
2-GRAM,elaboration plan,593,456,3,3,45.46551724137931,24.78920741989882,88.94087943743116
2-GRAM,etudes environnementales,125,104,2,2,70.096,28.0,88.92491739388291
2-GRAM,renouvellement contrat,592,213,3,3,60.01953818827709,22.466216216216218,88.9204947894603
2-GRAM,solution sauvegarde,55,45,3,3,63.58,36.36363636363637,88.90851478437685
2-GRAM,engineering design,247,50,3,8,74.1336032388664,24.291497975708502,88.90341438617301
2-GRAM,help desk,54,24,3,9,47.666666666666664,44.44444444444444,88.89273913411844
2-GRAM,mission etudes,182,133,3,4,65.55029585798816,24.175824175824175,88.86781326781326
2-GRAM,etude impact,146,126,2,2,70.0,26.71232876712329,88.82279081589425
2-GRAM,artificial intelligence,81,52,4,14,45.888888888888886,32.098765432098766,88.79645852749302
2-GRAM,securite information,94,58,3,3,63.641975308641975,28.72340425531915,88.75399474709818
2-GRAM,etudes faisabilite,160,128,2,2,70.15,26.25,88.69843260188088
2-GRAM,einer digitalen,95,32,2,3,54.09473684210526,33.68421052631579,88.62495975599424
2-GRAM,licences adobe,129,76,2,2,73.25,27.131782945736433,88.59791578412268
2-GRAM,bases donnees,166,97,3,3,52.026666666666664,25.301204819277107,88.44185376599168
2-GRAM,threat intelligence,52,25,2,15,65.71153846153847,42.30769230769231,88.42736592391765
2-GRAM,programme actions,66,54,2,2,55.131147540983605,34.84848484848485,88.3915953571126
2-GRAM,digital asset,50,31,5,10,52.022222222222226,40.0,88.38964669999153
2-GRAM,data analytics,45,31,2,12,51.06666666666667,48.888888888888886,88.37741252224012
2-GRAM,etude opportunite,153,127,2,2,70.0,25.49019607843137,88.37315936626283
2-GRAM,fibres optiques,111,89,3,3,46.22115384615385,27.92792792792793,88.3703126323816
2-GRAM,information security,77,44,5,11,53.656716417910445,31.16883116883117,88.35948487672626
2-GRAM,enterprise edition,83,27,5,12,61.09090909090909,31.325301204819276,88.3138863000932
2-GRAM,outils communication,81,64,3,3,82.0,27.160493827160494,88.20743878674914
2-GRAM,soutien technique,431,113,3,3,70.14084507042253,19.953596287703018,88.20576124714056
2-GRAM,data analysis,45,39,4,7,68.57777777777778,37.77777777777778,88.1983055155469
2-GRAM,base donnees,281,141,3,3,49.86046511627907,22.775800711743774,88.12856053545708
2-GRAM,etude suivi,75,60,2,2,70.42857142857143,30.666666666666668,88.10768448699484
2-GRAM,materiels logiciels,115,93,2,2,74.87272727272727,26.08695652173913,88.09660255867153
2-GRAM,gestion electronique,73,66,3,3,55.21875,30.136986301369863,88.07992883165296
2-GRAM,licences vmware,59,42,3,5,72.3921568627451,32.20338983050848,88.07974243836313
2-GRAM,implementatie onderhoud,83,57,2,2,63.130434782608695,30.120481927710845,88.0634076082352
2-GRAM,abonnement logiciel,92,54,2,2,76.94252873563218,28.26086956521739,88.04971617385411
2-GRAM,microsoft teams,61,41,6,10,57.27272727272727,32.78688524590164,88.03521138693552
2-GRAM,enterprise plus,60,24,3,9,59.46666666666667,36.666666666666664,88.03366940608319
2-GRAM,conception execution,48,38,2,2,53.48571428571429,41.666666666666664,88.01748707955605
2-GRAM,renouvellement abonnement,200,79,2,2,64.58461538461539,24.5,88.01384393798187
2-GRAM,jira confluence,73,34,4,13,65.1029411764706,30.136986301369863,87.98744387020248
2-GRAM,etude geotechnique,572,311,2,2,70.12587412587412,20.27972027972028,87.97241379310344
2-GRAM,conception production,99,66,2,2,46.60606060606061,30.303030303030305,87.93650766754214
2-GRAM,implementierung eines,165,66,2,2,53.50909090909091,26.666666666666668,87.83946454291282
2-GRAM,logicielle gestion,66,58,3,3,74.40677966101696,28.78787878787879,87.83195797678556
2-GRAM,communication system,41,32,3,15,64.48780487804878,41.46341463414634,87.82475641785986
2-GRAM,enterprise architecture,51,37,5,13,57.56521739130435,35.294117647058826,87.78918918918919
2-GRAM,avant projet,227,126,2,2,53.629955947136565,24.229074889867842,87.74833516902483
2-GRAM,reseau fibre,58,50,2,2,47.3448275862069,36.206896551724135,87.7442345166483
3-GRAM,reseau fibre optique,53,45,2,2,49.132075471698116,37.735849056603776,87.7007879352707
2-GRAM,telephonie fixe,133,116,2,2,69.5725806451613,24.06015037593985,87.62157078708803
2-GRAM,software hardware,81,22,2,11,74.21052631578948,33.333333333333336,87.5705329153605
2-GRAM,trend micro,72,29,3,13,65.52777777777777,30.555555555555557,87.53115309667034
2-GRAM,atc code,333,10,2,2,64.01801801801801,37.23723723723724,87.51517410827755
2-GRAM,onderzoek naar,78,44,2,2,70.0,29.487179487179485,87.47409980513429
2-GRAM,cloud platform,37,19,3,8,65.37837837837837,54.054054054054056,87.46167923409303
2-GRAM,handling system,55,21,3,10,45.63636363636363,40.0,87.44171820723545
3-GRAM,wide area network,40,35,2,5,45.225,50.0,87.43594001525037
2-GRAM,equipements reseau,40,36,2,2,46.4,47.5,87.35074133694823
2-GRAM,revision schema,103,92,3,3,57.29347826086956,24.271844660194176,87.34264170126238
2-GRAM,active directory,40,27,4,13,57.425,42.5,87.32093535541811
2-GRAM,data environment,35,27,3,10,64.51428571428572,48.57142857142857,87.30909090909091
2-GRAM,administration system,48,27,2,5,50.395833333333336,41.666666666666664,87.2252139286622
2-GRAM,acces internet,168,141,4,5,50.0,20.238095238095237,87.2084046428874
2-GRAM,software lizenzen,69,24,2,3,74.1159420289855,33.333333333333336,87.20477844615776
3-GRAM,etude avant projet,97,65,2,2,70.24742268041237,25.77319587628866,87.19212064729305
2-GRAM,etude avant,97,65,2,2,70.24742268041237,25.77319587628866,87.19212064729305
2-GRAM,cloud foundation,37,19,2,8,58.75675675675676,67.56756756756756,87.15545200372786
2-GRAM,licence logiciel,52,33,2,2,76.2127659574468,34.61538461538461,87.13078031009066
2-GRAM,eines systems,87,39,2,4,51.37931034482759,29.885057471264368,87.0460560874354
2-GRAM,identity access,47,27,4,7,60.234042553191486,36.170212765957444,87.03854952130814
3-GRAM,solution logicielle gestion,57,49,2,2,74.0,31.57894736842105,87.02933152588325
2-GRAM,detection intrusion,78,63,2,2,47.867924528301884,29.487179487179485,86.95294416673727
2-GRAM,operation center,50,29,3,9,51.82,36.0,86.91080233838854
3-GRAM,security operation center,45,28,3,9,55.577777777777776,37.77777777777778,86.83687198169957
2-GRAM,sap successfactors,46,27,2,10,60.78260869565217,39.130434782608695,86.76871981699567
2-GRAM,licences logiciel,90,61,3,3,76.91764705882353,22.22222222222222,86.73049224773362
2-GRAM,application gestion,61,43,4,5,52.6078431372549,29.508196721311474,86.70959925442683
2-GRAM,etudes suivi,53,46,2,2,70.26666666666667,32.075471698113205,86.70448191137847
2-GRAM,mises jour,122,52,3,3,68.5,20.491803278688526,86.67979327289672
2-GRAM,planning erp,34,30,3,8,51.6764705882353,50.0,86.65446073032281
2-GRAM,rendez vous,187,99,4,4,51.705555555555556,18.181818181818183,86.60533762602728
2-GRAM,pare feu,120,91,2,2,61.916666666666664,22.5,86.60359230704059
2-GRAM,business objects,49,37,3,9,46.44897959183673,34.69387755102041,86.57344742861984
2-GRAM,einer softwarelosung,43,20,2,4,74.37209302325581,41.86046511627907,86.57271880030501
2-GRAM,campagne communication,56,42,3,3,82.0,28.571428571428573,86.53811742777259
2-GRAM,workspace one,43,16,3,7,62.76744186046512,44.18604651162791,86.5135643480471
2-GRAM,projets amenagement,64,50,2,2,48.96875,31.25,86.4839786494959
2-GRAM,releves topographiques,74,61,2,2,82.0,25.675675675675677,86.45959501821571
2-GRAM,financieel systeem,89,66,2,2,66.35714285714286,24.719101123595507,86.42724731000592
2-GRAM,gestion relation,82,71,2,2,61.01219512195122,25.609756097560975,86.40799796661867
2-GRAM,gestion documentaire,74,61,2,2,59.95945945945946,27.027027027027028,86.39059561128526
2-GRAM,iaas paas,116,74,2,8,75.70689655172414,20.689655172413794,86.36080657459968
2-GRAM,strategie communication,107,93,3,3,82.0,17.757009345794394,86.35875624841142
2-GRAM,common data,33,24,3,10,64.06060606060606,48.484848484848484,86.34406506820301
2-GRAM,customer relationship,92,66,5,8,49.97826086956522,22.82608695652174,86.31300516817757
2-GRAM,licences logicielles,36,32,3,3,75.14285714285714,38.888888888888886,86.22978903668559
3-GRAM,ter beschikking stellen,139,87,2,2,45.27272727272727,23.02158273381295,86.18025925612133
2-GRAM,beschikking stellen,139,87,2,2,45.27272727272727,23.02158273381295,86.18025925612133
3-GRAM,resource planning erp,33,29,3,8,51.0,48.484848484848484,86.17405744302297
2-GRAM,power platform,47,31,5,12,67.51063829787235,31.914893617021278,86.16541557231213
2-GRAM,transformation numerique,91,57,2,2,54.043956043956044,25.274725274725274,86.1514869101076
2-GRAM,adobe etla,32,19,3,4,57.90625,62.5,86.13415233415233
2-GRAM,telephonie mobile,125,110,4,7,57.1981981981982,17.6,86.12849275607896
2-GRAM,campagne mesures,37,28,2,2,62.5945945945946,43.24324324324324,86.11215792595102
3-GRAM,common data environment,32,24,3,10,64.1875,50.0,86.07149029907652
2-GRAM,plan mobilite,59,56,2,2,50.101694915254235,30.508474576271187,86.071219181564
2-GRAM,wastewater treatment,67,35,2,20,55.507462686567166,29.850746268656717,86.06167923409303
2-GRAM,suite logicielle,38,31,3,3,74.24242424242425,36.8421052631579,86.04534440396509
2-GRAM,ibm spss,41,17,3,8,67.26829268292683,41.46341463414634,85.99862746759298
2-GRAM,sap erp,63,33,2,17,59.65079365079365,30.158730158730158,85.98464797085488
2-GRAM,etude prealable,134,122,2,2,70.34108527131782,17.91044776119403,85.9631110734559
2-GRAM,planning system,36,26,2,9,47.0,50.0,85.93940523595697
2-GRAM,open text,44,20,4,9,67.17948717948718,36.36363636363637,85.9185800220283
2-GRAM,inclusief onderhoud,81,44,2,2,46.25,27.160493827160494,85.79327289672116
2-GRAM,veeam backup,57,21,3,9,61.68421052631579,31.57894736842105,85.78595272388375
2-GRAM,dell emc,77,29,3,12,59.35064935064935,25.974025974025974,85.7687875963738
2-GRAM,electronic patient,75,33,2,3,53.61333333333334,28.0,85.68726594933491
2-GRAM,etude technique,43,35,3,3,70.0,32.55813953488372,85.68519867830213
2-GRAM,ict consultancy,51,13,3,5,66.45652173913044,39.21568627450981,85.66767770905702
3-GRAM,vmware cloud foundation,33,18,2,8,58.60606060606061,66.66666666666667,85.66298398712192
2-GRAM,campus wide,36,20,4,11,63.52777777777778,41.666666666666664,85.63051766500043
2-GRAM,etude caracterisation,72,52,2,2,70.16666666666667,25.0,85.59566211980005
2-GRAM,etude amenagement,46,38,2,2,70.0,32.608695652173914,85.56858425823943
2-GRAM,application development,35,25,3,6,73.14285714285714,40.0,85.52047784461578
2-GRAM,conseil strategique,91,79,2,2,59.51648351648352,21.978021978021978,85.51415741760569
2-GRAM,distribution magazine,58,37,2,2,48.5,31.03448275862069,85.51307294755571
2-GRAM,informatie systeem,55,42,2,2,65.14285714285714,29.09090909090909,85.48923155130052
2-GRAM,oracle lizenzen,44,17,2,4,61.20454545454545,40.90909090909091,85.38696941455562
2-GRAM,microsoft windows,58,23,3,12,63.43103448275862,29.310344827586206,85.37703973566042
2-GRAM,etudes preliminaires,61,51,2,2,70.39344262295081,26.229508196721312,85.37692112174872
2-GRAM,relation client,60,43,2,2,56.916666666666664,28.333333333333332,85.3544861475896
2-GRAM,paas saas,105,67,2,3,76.66666666666667,18.095238095238095,85.33720240616792
2-GRAM,web based,41,20,4,7,46.26829268292683,39.02439024390244,85.29834787765822
2-GRAM,hcl domino,40,14,3,9,59.7,45.0,85.17780225366431
2-GRAM,sols pollues,70,58,2,2,48.70967741935484,25.714285714285715,85.05798525798527
2-GRAM,systeme informatique,67,63,3,3,46.70175438596491,23.880597014925375,85.05595187664153
2-GRAM,nahmen teil,334,8,2,2,68.91017964071857,32.93413173652694,85.03383885452851
2-GRAM,externe unterstutzung,149,21,2,4,52.557046979865774,24.161073825503355,84.88033550792171
2-GRAM,systeme integre,58,49,3,3,49.98076923076923,25.862068965517242,84.8792340930272
2-GRAM,mobile device,57,29,3,12,50.6140350877193,28.07017543859649,84.873388121664
2-GRAM,dynamics business,43,16,3,11,66.69767441860465,37.2093023255814,84.85596882148606
3-GRAM,dynamics business central,43,16,3,11,66.69767441860465,37.2093023255814,84.85596882148606
2-GRAM,progiciel gestion,101,82,2,2,55.722772277227726,18.81188118811881,84.80821824959756
2-GRAM,etude potentiel,44,35,3,3,70.0,29.545454545454547,84.78525798525797
2-GRAM,vsphere foundation,48,20,3,7,57.3125,33.333333333333336,84.73020418537659
2-GRAM,google workspace,54,26,3,11,62.44444444444444,27.77777777777778,84.72639159535711
2-GRAM,ibm power,54,26,3,14,47.27777777777778,29.62962962962963,84.68887570956537
2-GRAM,computer aided,46,37,3,6,48.82608695652174,30.434782608695652,84.66447513344065
2-GRAM,multi cloud,33,17,2,2,62.39393939393939,51.515151515151516,84.61299669575533
2-GRAM,bureau etude,50,40,2,2,70.0,28.0,84.58100482928069
3-GRAM,wastewater treatment plant,57,29,2,19,60.08771929824562,28.07017543859649,84.54174362450225
2-GRAM,acrobat pro,47,19,3,7,67.04255319148936,31.914893617021278,84.53308480894688
2-GRAM,edr xdr,34,14,2,10,65.17647058823529,55.88235294117647,84.51822418029315
2-GRAM,licences autodesk,41,26,3,3,71.83333333333333,31.70731707317073,84.51703804117597
2-GRAM,microsoft licenties,64,55,2,2,62.943396226415096,23.4375,84.4978395323223
2-GRAM,saas software,52,15,2,10,74.0,34.61538461538461,84.47299839023978
2-GRAM,technique logiciel,134,16,2,2,80.3875968992248,23.880597014925375,84.4720325341015
2-GRAM,etude circulation,71,50,2,2,70.0,21.12676056338028,84.4638990087266
2-GRAM,veille mediatique,34,28,2,2,75.6470588235294,38.23529411764706,84.45837498940946
2-GRAM,microsoft software,38,23,2,13,74.0,36.8421052631579,84.45601965601966
2-GRAM,etude strategique,37,32,2,2,70.4,35.13513513513514,84.44978395323223
2-GRAM,etude preliminaire,77,59,2,2,70.0,19.48051948051948,84.4130983648225
2-GRAM,integre gestion,46,35,3,3,60.432432432432435,28.26086956521739,84.37532830636279
2-GRAM,disposition logiciel,41,35,2,2,74.0,31.70731707317073,84.36592391764806
2-GRAM,etude hydrologique,29,25,3,3,70.0,44.827586206896555,84.33377954757265
2-GRAM,etude mobilite,33,29,3,3,70.44444444444444,36.36363636363637,84.19251037871729
2-GRAM,information communication,65,50,3,4,71.53846153846153,18.46153846153846,84.13338981614842
2-GRAM,solution saas,41,29,2,2,74.78048780487805,31.70731707317073,84.1025332542574
2-GRAM,warme drankenautomaten,46,35,2,2,74.2051282051282,28.26086956521739,84.08597814115055
2-GRAM,application mobile,72,62,3,3,56.15625,18.055555555555557,84.08445310514276
2-GRAM,logiciels informatiques,62,54,2,2,75.03225806451613,20.967741935483872,84.07859018893502
2-GRAM,reporting system,32,21,2,8,54.125,46.875,84.03699059561129
2-GRAM,etude conception,42,32,2,2,70.0,30.952380952380953,83.90665085147843
2-GRAM,office standard,33,13,2,7,61.81818181818182,57.57575757575758,83.84320935355419
2-GRAM,analyse financiere,51,42,2,2,51.450980392156865,27.45098039215686,83.82875540116919
2-GRAM,cafm system,33,18,2,2,48.09090909090909,48.484848484848484,83.81852071507244
2-GRAM,system lms,33,25,3,9,47.57575757575758,39.39393939393939,83.81133610099127
2-GRAM,leveren implementeren,51,41,2,2,70.0,25.49019607843137,83.80664237905617
2-GRAM,disposition outil,48,40,2,2,46.95238095238095,29.166666666666668,83.71075150385495
2-GRAM,systeme telephonie,44,38,3,3,59.743589743589745,27.272727272727273,83.70566805049563
2-GRAM,oracle cloud,50,23,4,11,51.68,28.0,83.70563416080657
2-GRAM,investigations geotechniques,68,56,2,2,48.161764705882355,22.058823529411764,83.69995763788867
2-GRAM,data migration,27,22,2,2,72.0,55.55555555555556,83.66462763704143
2-GRAM,integration solutions,42,27,2,2,70.07142857142857,30.952380952380953,83.59967804795392
2-GRAM,microsoft sql,32,17,2,13,61.28125,46.875,83.59735660425316
2-GRAM,revue presse,67,49,3,3,57.6,17.91044776119403,83.59278149622978
2-GRAM,elaboration strategie,42,40,2,2,52.357142857142854,30.952380952380953,83.58483436414471
2-GRAM,gestion temps,60,57,3,3,56.17777777777778,20.0,83.57849699229008
2-GRAM,uber dienstleistungen,43,27,2,2,47.651162790697676,32.55813953488372,83.4722528170804
2-GRAM,collecte donnees,42,33,3,3,58.67567567567568,28.571428571428573,83.46371261543675
2-GRAM,unified enterprise,56,23,3,15,62.660714285714285,25.0,83.46110310937897
2-GRAM,centre appel,34,28,2,2,50.55882352941177,38.23529411764706,83.44514106583073
2-GRAM,gestion flotte,42,36,2,2,52.476190476190474,30.952380952380953,83.4329577226129
2-GRAM,plateforme elevatrice,63,50,2,2,52.46031746031746,22.22222222222222,83.41016690671863
2-GRAM,unterstutzungsleistungen bereich,108,35,2,4,45.71296296296296,17.59259259259259,83.26627128696094
2-GRAM,migration vers,39,33,2,2,68.12121212121212,30.76923076923077,83.24971617385411
2-GRAM,relations publiques,60,46,2,2,71.75,20.0,83.1912734050665
2-GRAM,endpoint protection,59,22,2,8,63.440677966101696,25.423728813559322,83.18956197576888
2-GRAM,alto networks,36,19,2,12,53.05555555555556,38.888888888888886,83.11678386850801
3-GRAM,palo alto networks,36,19,2,12,53.05555555555556,38.888888888888886,83.11678386850801
2-GRAM,analytics cloud,31,17,2,8,63.61290322580645,45.16129032258065,83.02050326188257
2-GRAM,etudes conception,45,33,2,2,70.53333333333333,26.666666666666668,82.98900279589935
2-GRAM,pare feux,60,43,2,2,69.2,20.0,82.98818944336185
2-GRAM,siem soc,36,25,3,7,56.27777777777778,33.333333333333336,82.98808777429467
2-GRAM,risques inondation,41,30,3,3,48.75,29.26829268292683,82.93011946115395
2-GRAM,server datacenter,35,14,3,8,62.2,40.0,82.908870626112
2-GRAM,wind farm,48,19,3,15,51.270833333333336,29.166666666666668,82.8872659493349
3-GRAM,vmware vsphere foundation,43,16,3,6,56.16279069767442,32.55813953488372,82.82514614928408
2-GRAM,sap analytics,30,17,2,7,63.733333333333334,46.666666666666664,82.77341353893078
2-GRAM,machine learning,61,24,3,12,46.442622950819676,22.950819672131146,82.72198593577903
2-GRAM,erp systems,37,25,2,4,61.486486486486484,32.432432432432435,82.64539523849868
2-GRAM,processing system,40,26,3,9,45.975,30.0,82.53061086164533
2-GRAM,omnissa horizon,35,8,2,7,57.65714285714286,65.71428571428571,82.42939930526138
2-GRAM,etude portant,54,48,3,3,70.73469387755102,14.814814814814815,82.4144708972295
2-GRAM,solution integree,34,27,3,3,55.75,32.35294117647059,82.41192917054985
2-GRAM,logiciels gestion,34,32,3,3,75.77777777777777,29.41176470588235,82.38998559688216
2-GRAM,campagnes communication,53,42,2,2,82.0,18.867924528301888,82.38717275269
2-GRAM,hybrid multi,30,16,2,2,60.666666666666664,46.666666666666664,82.3497924256545
2-GRAM,licences informatiques,54,36,2,2,56.46296296296296,22.22222222222222,82.32454460730324
2-GRAM,emissions gaz,52,47,2,2,46.73076923076923,23.076923076923077,82.310497331187
2-GRAM,atlassian lizenzen,43,24,2,4,63.627906976744185,27.906976744186046,82.27714987714988
2-GRAM,security awareness,29,15,3,3,51.55172413793103,48.275862068965516,82.27491315767179
3-GRAM,adobe acrobat pro,38,12,3,6,64.92105263157895,36.8421052631579,82.23560111835974
2-GRAM,systemes video,37,31,2,2,63.67567567567568,29.72972972972973,82.23014487842073
3-GRAM,red hat openshift,31,11,3,8,54.0,51.61290322580645,82.1690587138863
2-GRAM,hat openshift,31,11,3,8,54.0,51.61290322580645,82.1690587138863
2-GRAM,eines elektronischen,45,16,2,3,47.46666666666667,33.333333333333336,82.10134711514021
2-GRAM,sap ecc,36,22,2,12,60.55555555555556,33.333333333333336,82.06576294162501
3-GRAM,hybrid multi cloud,29,15,2,2,62.241379310344826,48.275862068965516,82.03314411590274
2-GRAM,accompagnement communication,41,38,2,2,82.0,24.390243902439025,81.95523172074897
3-GRAM,windows server datacenter,30,12,3,8,61.63333333333333,46.666666666666664,81.79290011014149
3-GRAM,emissions gaz effet,49,45,2,2,47.55102040816327,22.448979591836736,81.7640430399051
3-GRAM,microsoft unified enterprise,44,22,3,15,63.38636363636363,25.0,81.72986528848597
2-GRAM,fibre noire,37,25,2,2,61.86486486486486,29.72972972972973,81.67882741675845
2-GRAM,sites web,39,33,3,4,53.0,25.641025641025642,81.55794289587394
2-GRAM,technical design,30,8,2,4,68.26666666666667,83.33333333333333,81.55560450732865
2-GRAM,server hardware,37,16,2,4,52.729729729729726,35.13513513513514,81.54467508260612
2-GRAM,evolution systeme,45,39,2,2,47.044444444444444,24.444444444444443,81.53405066508515
2-GRAM,technique entretien,66,25,2,2,56.60606060606061,18.181818181818183,81.52696772007117
2-GRAM,installation cablage,49,39,3,3,55.073170731707314,18.367346938775512,81.5230026264509
2-GRAM,mission evaluation,45,34,2,2,51.48571428571429,24.444444444444443,81.49805981530119
2-GRAM,software asset,26,20,3,9,64.23076923076923,42.30769230769231,81.46823688892654
2-GRAM,analyse donnees,38,32,2,2,72.63157894736842,26.31578947368421,81.44617470134712
2-GRAM,equipement informatique,42,24,2,2,66.9047619047619,26.19047619047619,81.4421926628823
2-GRAM,equipements stockage,29,26,2,2,54.93103448275862,37.93103448275862,81.42375667203252
2-GRAM,fixe mobile,41,29,3,5,53.666666666666664,24.390243902439025,81.32964500550707
2-GRAM,soc security,28,11,2,8,58.035714285714285,67.85714285714286,81.30033042446836
2-GRAM,broadcom vmware,30,12,2,7,58.733333333333334,50.0,81.25318986698298
2-GRAM,solution stockage,38,31,2,2,63.89473684210526,26.31578947368421,81.1430314326866
2-GRAM,aide decision,49,40,2,2,47.244897959183675,20.408163265306122,81.0527662458697
2-GRAM,enterprise linux,43,9,3,9,58.0,34.883720930232556,81.05263068711344
2-GRAM,acces plateforme,32,21,3,3,67.6923076923077,31.25,81.04446327204948
2-GRAM,single sign,50,24,2,5,57.72,22.0,80.99540794713208
2-GRAM,dynamics crm,25,19,3,11,64.08,44.0,80.94989409472167
2-GRAM,developpement outil,30,27,3,3,52.75,33.333333333333336,80.93772769634839
2-GRAM,licences utilisation,56,29,2,2,70.54,14.285714285714286,80.91913920189782
2-GRAM,plan communication,37,35,2,2,82.0,24.324324324324323,80.89409472168093
2-GRAM,plateforme web,44,33,3,3,66.07692307692308,18.181818181818183,80.88848597814115
3-GRAM,sap analytics cloud,28,16,2,7,64.0,42.857142857142854,80.88840125391849
3-GRAM,microsoft office standard,27,11,2,7,63.18518518518518,62.96296296296296,80.88796068796069
2-GRAM,atlassian jira,40,16,3,8,66.275,27.5,80.86982970431247
2-GRAM,cablage reseau,55,38,3,3,46.68,12.727272727272727,80.84841142082522
2-GRAM,citrix universal,29,16,3,4,60.793103448275865,37.93103448275862,80.81930017792087
2-GRAM,enterprise license,26,16,3,9,55.11538461538461,46.15384615384615,80.74276031517411
2-GRAM,etudes relatives,42,33,2,2,70.0,21.428571428571427,80.73720240616792
2-GRAM,veeam data,32,10,2,2,65.34375,43.75,80.65212234177751
2-GRAM,installation parametrage,41,33,2,2,49.0625,24.390243902439025,80.5943234770821
2-GRAM,hat enterprise,47,9,3,9,55.5531914893617,31.914893617021278,80.59174786071338
3-GRAM,red hat enterprise,47,9,3,9,55.5531914893617,31.914893617021278,80.59174786071338
2-GRAM,participation citoyenne,47,41,3,3,45.24390243902439,17.02127659574468,80.58873167838684
2-GRAM,etude optimisation,37,34,2,2,70.0,24.324324324324323,80.57087181225111
2-GRAM,application web,38,29,3,3,56.0,23.68421052631579,80.54538676607642
2-GRAM,dostawa wdrozenie,497,47,1,2,52.12072434607646,56.74044265593562,80.50792171481827
2-GRAM,amazon web,26,13,2,7,66.07692307692308,53.84615384615385,80.49406083199187
2-GRAM,rahmenvereinbarung dienstleistungen,49,21,2,3,54.3469387755102,22.448979591836736,80.45766330593918
2-GRAM,laboratory information,26,21,2,9,56.5,42.30769230769231,80.4391256460222
2-GRAM,server storage,38,22,3,9,50.5,26.31578947368421,80.43394052359571
2-GRAM,contrats entretien,52,30,3,3,62.525,9.615384615384615,80.34337032957723
2-GRAM,demande autorisation,37,29,2,2,46.21621621621622,27.027027027027028,80.31151402185886
2-GRAM,portefeuille projets,25,21,2,2,59.72,44.0,80.2757942895874
2-GRAM,sap rise,25,15,2,8,63.28,52.0,80.24424298907059
2-GRAM,etude environnementale,52,40,2,2,70.0,9.615384615384615,80.23217825976445
2-GRAM,centre contact,26,21,2,2,49.53846153846154,42.30769230769231,80.13879522155383
2-GRAM,automation system,29,15,2,6,73.86206896551724,37.93103448275862,80.09748369058714
2-GRAM,socio economique,35,32,2,2,60.833333333333336,25.714285714285715,80.09038380072863
2-GRAM,data science,38,20,3,9,49.21052631578947,26.31578947368421,80.0678302126578
2-GRAM,backup system,35,16,2,4,59.22857142857143,31.428571428571427,79.92571380157588
2-GRAM,eines gigabitnetzes,180,165,1,1,80.13888888888889,44.44444444444444,79.89614504786917
3-GRAM,hat enterprise linux,40,8,3,8,57.85,35.0,79.88497839532323
2-GRAM,feuille route,44,40,3,3,45.666666666666664,15.909090909090908,79.87157502329916
2-GRAM,affichage publicitaire,34,30,2,2,59.970588235294116,26.470588235294116,79.83433025501992
3-GRAM,betrieb eines gigabitnetzes,178,163,1,1,80.87078651685393,43.82022471910113,79.82190968397865
2-GRAM,developpement logiciel,31,28,3,3,76.24,25.806451612903224,79.78979920359231
2-GRAM,micro focus,46,25,3,13,64.82608695652173,13.043478260869565,79.68901126832161
2-GRAM,impact environnemental,32,23,2,2,47.65625,31.25,79.66982970431246
2-GRAM,solution telephonie,37,34,3,3,62.266666666666666,18.91891891891892,79.62457002457002
2-GRAM,licencias software,309,29,1,2,74.10355987055016,48.54368932038835,79.56226383122936
2-GRAM,etude stabilite,31,28,3,3,70.0,25.806451612903224,79.54762348555451
2-GRAM,fully automated,28,12,3,8,48.714285714285715,42.857142857142854,79.5399135812929
2-GRAM,rozbudowa systemu,313,29,1,2,46.63258785942492,60.063897763578275,79.53823604168431
2-GRAM,microsoft licences,41,28,2,8,49.46341463414634,21.951219512195124,79.53542319749216
2-GRAM,outil informatique,25,20,2,2,46.76923076923077,44.0,79.53505041091248
2-GRAM,digitale infrastruktur,175,154,1,1,79.48571428571428,42.285714285714285,79.4646615267305
3-GRAM,gigabitnetzes nach gigabit,166,152,1,1,82.0,42.7710843373494,79.46037448106414
2-GRAM,gigabitnetzes nach,166,152,1,1,82.0,42.7710843373494,79.46037448106414
2-GRAM,infrastruktur vom,166,152,1,1,82.0,42.7710843373494,79.46037448106414
2-GRAM,gigabit rahmenregelung,166,152,1,1,82.0,42.7710843373494,79.46037448106414
3-GRAM,nach gigabit rahmenregelung,166,152,1,1,82.0,42.7710843373494,79.46037448106414
3-GRAM,eines gigabitnetzes nach,166,152,1,1,82.0,42.7710843373494,79.46037448106414
3-GRAM,digitale infrastruktur vom,166,152,1,1,82.0,42.7710843373494,79.46037448106414
3-GRAM,offentlich geforderten aufbau,167,152,1,1,81.59880239520957,42.51497005988024,79.45735829873762
2-GRAM,geforderten aufbau,167,152,1,1,81.59880239520957,42.51497005988024,79.45735829873762
2-GRAM,systemow informatycznych,266,22,1,2,57.19548872180451,66.54135338345864,79.43227992883166
2-GRAM,medias sociaux,32,22,2,2,69.1875,28.125,79.40372786579684
2-GRAM,wdrozenie systemu,325,40,1,2,53.95076923076923,49.53846153846154,79.37524358214013
2-GRAM,nach gigabit,169,155,1,1,81.60355029585799,42.01183431952663,79.36085740913327
2-GRAM,schema amenagement,35,30,2,2,48.142857142857146,25.714285714285715,79.35169024824197
2-GRAM,offentlich geforderten,189,153,1,1,73.84656084656085,41.7989417989418,79.31334406506821
2-GRAM,suse linux,42,12,2,2,62.476190476190474,28.571428571428573,79.28050495636703
2-GRAM,nach abs,1256,49,1,1,50.50238853503185,45.14331210191083,79.18852834025247
2-GRAM,hydrologique hydraulique,25,20,3,3,70.0,36.0,79.1775141913073
2-GRAM,office ltsc,26,8,2,6,65.57692307692308,69.23076923076923,79.1281877488774
2-GRAM,etudes caracterisation,45,18,2,2,70.0,20.0,79.06006947386257
2-GRAM,vmware broadcom,25,15,2,5,62.2,44.0,79.022367194781
2-GRAM,ibm storage,26,15,2,5,54.30769230769231,42.30769230769231,78.9138354655596
3-GRAM,elaboration plan mobilite,27,26,2,2,59.111111111111114,33.333333333333336,78.88874015080913
2-GRAM,auswahlverfahren einer,89,55,1,1,59.674157303370784,56.17977528089887,78.86005252901805
3-GRAM,auswahlverfahren einer dienstleistungskonzession,89,55,1,1,59.674157303370784,56.17977528089887,78.86005252901805
2-GRAM,load balancer,27,10,2,9,47.7037037037037,51.851851851851855,78.83205964585275
2-GRAM,dostawa licencji,300,38,1,2,60.4,44.333333333333336,78.78830805727358
2-GRAM,software defined,37,17,3,10,74.5,21.62162162162162,78.7560111835974
2-GRAM,reseau fibres,37,27,2,2,56.21621621621622,21.62162162162162,78.74667457426078
2-GRAM,information gestion,35,30,2,2,52.542857142857144,22.857142857142858,78.60521901211555
2-GRAM,centre etudes,56,14,2,2,70.85714285714286,16.071428571428573,78.59759383207658
2-GRAM,systemes telephonie,29,23,2,2,51.689655172413794,31.03448275862069,78.52405320681183
2-GRAM,systemu informatycznego,357,39,1,2,56.924369747899156,43.417366946778714,78.51339489960179
2-GRAM,microsoft campus,42,19,2,8,64.66666666666667,19.047619047619047,78.4815385918834
2-GRAM,splunk enterprise,35,12,2,6,58.05714285714286,31.428571428571427,78.45827332034229
3-GRAM,einer dienstleistungskonzession wirtschaftlichkeitsluckenmodell,82,50,1,1,58.853658536585364,56.09756097560975,78.44592052867915
2-GRAM,ict dienstverlening,25,23,2,2,59.1578947368421,36.0,78.43626196729645
2-GRAM,dienstleistungskonzession wirtschaftlichkeitsluckenmodell,83,50,1,1,58.325301204819276,55.42168674698795,78.40035584173515
2-GRAM,monitoring tool,27,14,2,2,70.5925925925926,37.03703703703704,78.37988646954163
2-GRAM,bereitstellung eines,293,167,1,1,63.09556313993174,37.54266211604096,78.35643480471066
2-GRAM,further development,38,12,2,7,58.3421052631579,28.94736842105263,78.34652207066
2-GRAM,security information,36,24,3,13,55.916666666666664,19.444444444444443,78.33438956197577
2-GRAM,centre soc,27,24,2,2,51.666666666666664,33.333333333333336,78.33150893840548
2-GRAM,privileged access,32,15,2,8,56.0,31.25,78.32598491908837
2-GRAM,invitation participate,32,9,2,5,59.96875,37.5,78.28162331610608
2-GRAM,planung errichtung,187,134,1,1,55.36363636363637,40.106951871657756,78.23690587138863
2-GRAM,dostawa oprogramowania,303,33,1,2,59.15511551155115,43.23432343234323,78.22240108447005
2-GRAM,breitbandiger telekommunikationsdienste,131,107,1,1,82.0,39.69465648854962,78.21902906040837
3-GRAM,angebot breitbandiger telekommunikationsdienste,131,107,1,1,82.0,39.69465648854962,78.21902906040837
2-GRAM,systemes informatiques,33,30,2,2,46.75757575757576,24.242424242424242,78.17241379310346
2-GRAM,logiciel suivi,33,26,2,2,75.6969696969697,21.21212121212121,78.15736677115987
3-GRAM,reseau fibres optiques,34,25,2,2,55.911764705882355,23.529411764705884,78.15696009489113
2-GRAM,soc siem,31,25,3,8,64.58064516129032,22.580645161290324,78.12834025247818
3-GRAM,gestion relation client,30,27,2,2,59.06666666666667,26.666666666666668,78.12078285181732
2-GRAM,wsparcia technicznego,556,51,1,2,56.73381294964029,39.388489208633096,78.0876387359146
2-GRAM,elaboration dossier,38,36,2,2,54.71052631578947,15.789473684210526,78.05227484537829
2-GRAM,dostawa serwerow,238,29,1,2,55.20168067226891,45.378151260504204,78.04000677793782
2-GRAM,etude hydrogeologique,37,34,2,2,70.0,13.513513513513514,78.00205032618825
2-GRAM,software inkl,45,26,2,2,74.0,4.444444444444445,77.94587816656782
3-GRAM,systeme information gestion,31,26,2,2,53.32258064516129,25.806451612903224,77.91783444886893
2-GRAM,wraz wdrozeniem,196,20,1,2,47.816326530612244,56.63265306122449,77.91549606032363
2-GRAM,endpoint security,26,12,2,7,55.65384615384615,42.30769230769231,77.89024824197239
2-GRAM,education solutions,38,18,2,13,62.21052631578947,21.05263157894737,77.88789290858257
3-GRAM,bereitstellung eines flachendeckenden,137,109,1,1,81.02189781021897,37.956204379562045,77.87674320088114
2-GRAM,angebot breitbandiger,137,108,1,1,81.02189781021897,37.956204379562045,77.87357451495382
2-GRAM,communication information,27,16,2,2,82.0,33.333333333333336,77.84385325764636
2-GRAM,gestion patrimoniale,36,31,2,2,47.096774193548384,19.444444444444443,77.75812928916378
2-GRAM,renouvellement entretien,34,21,2,2,58.44117647058823,23.529411764705884,77.75607896297552
2-GRAM,erp systeem,29,21,2,2,68.66666666666667,27.586206896551722,77.7549267135474
2-GRAM,optimisation gestion,25,21,2,2,49.76,36.0,77.74599678047954
2-GRAM,exposition permanente,37,30,2,2,58.45945945945946,16.216216216216218,77.72786579683131
2-GRAM,eines flachendeckenden,154,116,1,1,74.75324675324676,37.01298701298701,77.7274760654071
3-GRAM,dostawa wdrozenie systemu,155,26,1,2,51.57419354838709,49.03225806451613,77.72610353300009
2-GRAM,oeuvre solutions,40,24,2,2,71.925,12.5,77.71283571973227
2-GRAM,licencji oprogramowania,193,23,1,2,57.233160621761655,47.15025906735751,77.68646954164196
2-GRAM,zakup licencji,179,21,1,2,61.374301675977655,47.486033519553075,77.63424553079726
2-GRAM,building automation,33,14,2,4,74.0,27.272727272727273,77.60684571719054
2-GRAM,securite sanitaire,78,69,1,1,53.93589743589744,48.717948717948715,77.53935440142337
2-GRAM,faisabilite technique,35,34,2,2,68.42857142857143,14.285714285714286,77.4840972634076
2-GRAM,communication marketing,27,23,3,3,82.0,25.925925925925927,77.4502584088791
3-GRAM,prise rendez vous,41,28,2,2,61.68292682926829,7.317073170731708,77.44624248072523
2-GRAM,prise rendez,41,28,2,2,61.68292682926829,7.317073170731708,77.44624248072523
2-GRAM,dell poweredge,37,13,3,8,53.027027027027025,24.324324324324323,77.36788951961364
2-GRAM,dunkelgraue flecken,101,81,1,1,72.7128712871287,39.603960396039604,77.33796492417181
3-GRAM,betrieb eines gigabit,169,115,1,1,66.68047337278107,36.094674556213015,77.30334660679488
3-GRAM,gestion securite sanitaire,72,66,1,1,54.888888888888886,48.611111111111114,77.24215877319327
2-GRAM,vsphere enterprise,25,9,2,4,49.84,52.0,77.2090654918241
2-GRAM,endpoint detection,34,17,2,8,62.94117647058823,23.529411764705884,77.1997288824875
2-GRAM,licenciamento software,285,20,1,2,74.0,42.10526315789474,77.19928831652969
2-GRAM,mantenimiento soporte,580,56,1,2,57.689655172413794,35.689655172413794,77.16722867067695
2-GRAM,ordinateur gmao,25,22,2,2,63.16,32.0,77.16353469456918
2-GRAM,mantenimiento licencias,159,22,1,2,65.78616352201257,44.0251572327044,77.14359061255614
2-GRAM,servers storage,32,25,2,7,56.6875,21.875,77.11586884690333
2-GRAM,developpement informatique,28,25,3,3,59.52173913043478,25.0,77.11468270778614
2-GRAM,equipements logiciels,34,23,2,2,76.11764705882354,17.647058823529413,77.1005168177582
2-GRAM,sous bassin,28,13,2,2,45.55555555555556,35.714285714285715,77.09448445310514
2-GRAM,della strada,177,22,1,2,45.19774011299435,48.0225988700565,77.06923663475388
2-GRAM,microsoft exchange,32,17,2,9,64.1875,25.0,77.00557485385072
2-GRAM,gigabit richtlinie,58,41,1,1,70.63793103448276,53.44827586206897,76.98883334745403
2-GRAM,strategie developpement,35,34,2,2,45.2,17.142857142857142,76.97585359654325
2-GRAM,systemu zarzadzania,240,36,1,2,50.125,39.583333333333336,76.95475726510209
3-GRAM,sap business objects,30,20,2,7,52.56666666666667,26.666666666666668,76.95201220028805
2-GRAM,licences logiciels,28,20,3,4,73.42857142857143,25.0,76.93464373464373
2-GRAM,system pre,48,9,2,3,47.75,25.0,76.88745234262475
2-GRAM,dossiers reglementaires,87,69,1,1,58.89655172413793,41.37931034482759,76.81660594764044
2-GRAM,polizia locale,151,18,1,2,45.47019867549669,53.64238410596027,76.81638566466152
3-GRAM,plan gestion securite,74,67,1,1,57.527027027027025,44.5945945945946,76.81375921375921
2-GRAM,patient monitoring,38,11,2,4,54.21052631578947,26.31578947368421,76.76089129882234
2-GRAM,souscription licences,25,16,3,4,64.78571428571429,32.0,76.75990849783953
2-GRAM,extreme networks,38,16,2,2,48.8421052631579,21.05263157894737,76.70795560450733
2-GRAM,warning system,25,13,2,8,50.6,40.0,76.70536304329408
2-GRAM,gestion base,26,17,3,5,55.26923076923077,30.76923076923077,76.69600948911294
2-GRAM,jeux video,30,22,2,2,64.13333333333334,23.333333333333332,76.69223078878252
2-GRAM,infrastruktury serwerowej,125,17,1,2,54.608,54.4,76.68653732102007
2-GRAM,eclairage video,31,26,3,3,69.11538461538461,16.129032258064516,76.6863339828857
2-GRAM,nicht exklusiven,661,18,1,1,66.43721633888049,40.847201210287444,76.64026095060578
2-GRAM,dispositif videoprotection,195,179,1,1,82.0,32.30769230769231,76.61655511310683
2-GRAM,zintegrowanego systemu,243,28,1,2,52.04938271604938,39.50617283950617,76.55075828179277
2-GRAM,abs sgb,1349,32,1,1,47.6234247590808,37.138621200889546,76.46400067779379
2-GRAM,flachendeckenden gigabitnetzes,48,43,1,1,79.20833333333333,58.333333333333336,76.40947216809286
3-GRAM,eines flachendeckenden gigabitnetzes,48,43,1,1,79.20833333333333,58.333333333333336,76.40947216809286
2-GRAM,software microsoft,176,24,1,9,74.0,38.63636363636363,76.40445649411166
3-GRAM,vrijwillige transparantie vooraf,358,133,1,1,46.0,33.5195530726257,76.37321020079641
2-GRAM,codice della,170,18,1,2,46.23529411764706,48.23529411764706,76.36055240193171
2-GRAM,soporte tecnico,570,60,1,2,49.30175438596491,33.68421052631579,76.27933576209439
2-GRAM,tecnologias informacion,223,19,1,2,49.237668161434975,43.946188340807176,76.24495467254087
2-GRAM,remote monitoring,27,18,2,5,52.407407407407405,29.62962962962963,76.24102346860968
2-GRAM,zakup oprogramowania,104,15,1,2,59.96153846153846,58.65384615384615,76.22370583749894
2-GRAM,przed uzenie,234,22,1,2,58.72649572649573,39.743589743589745,76.19508599508599
2-GRAM,production videos,32,29,2,2,82.0,12.5,76.12596797424384
3-GRAM,gigabit auswahlverfahren einer,56,43,1,1,67.64285714285714,48.214285714285715,76.10107599762773
2-GRAM,gigabit auswahlverfahren,56,43,1,1,67.64285714285714,48.214285714285715,76.10107599762773
2-GRAM,inteligencia artificial,219,17,1,4,51.68949771689498,45.205479452054796,76.099042616284
2-GRAM,traitement donnees,30,23,2,2,48.6,23.333333333333332,76.08406337371855
3-GRAM,veeam data platform,26,9,2,2,66.15384615384616,38.46153846153846,76.06659323900703
2-GRAM,suivi chantier,33,26,2,2,46.44444444444444,18.181818181818183,76.05732440904855
2-GRAM,informacniho systemu,289,40,1,2,59.806228373702425,33.910034602076124,76.02209607726849
2-GRAM,etude evaluation,33,26,2,2,71.0909090909091,12.121212121212121,76.01401338642718
2-GRAM,infrastructures transport,42,15,2,2,47.357142857142854,16.666666666666668,75.99769550114377
2-GRAM,campagnes publicitaires,32,15,2,2,79.90625,21.875,75.94672540879438
2-GRAM,transparantie vooraf,364,136,1,1,46.36813186813187,33.24175824175824,75.94289587393035
2-GRAM,ressources informationnelles,148,31,1,1,72.78378378378379,35.810810810810814,75.93721935101246
2-GRAM,sonorisation video,26,21,2,2,66.53846153846153,26.923076923076923,75.91866474625095
2-GRAM,zakup wdrozenie,112,16,1,2,55.44642857142857,51.785714285714285,75.90631195458782
2-GRAM,directeur assainissement,244,175,1,1,49.36065573770492,33.19672131147541,75.8866051003982
2-GRAM,software gestion,142,22,1,2,74.0,38.732394366197184,75.8811488604592
3-GRAM,schema directeur assainissement,243,174,1,1,49.275720164609055,33.333333333333336,75.87958993476235
2-GRAM,rozbudowa systemow,123,11,1,2,58.0,79.67479674796748,75.83163602473948
2-GRAM,etudes avant,26,20,2,2,70.0,26.923076923076923,75.81477590443107
3-GRAM,aankondiging vrijwillige transparantie,79,46,1,1,45.063291139240505,43.037974683544306,75.80655765483351
2-GRAM,etudes complementaires,30,22,2,2,70.0,20.0,75.79632296873676
2-GRAM,accompagnement strategie,27,26,2,2,46.81481481481482,25.925925925925927,75.78076760145726
2-GRAM,gigabit netzes,236,144,1,1,56.55508474576271,31.779661016949152,75.7707531983394
2-GRAM,eines gigabit,236,144,1,1,56.271186440677965,31.779661016949152,75.76282301109887
2-GRAM,wraz wsparciem,195,19,1,2,52.45128205128205,41.53846153846154,75.75187664153182
2-GRAM,gpu server,122,21,1,1,52.09836065573771,43.442622950819676,75.73078031009065
2-GRAM,etudes sol,25,21,2,2,70.0,28.0,75.71973227145641
2-GRAM,audit securite,28,25,2,2,45.67857142857143,25.0,75.70758281792764
2-GRAM,solution numerique,26,23,2,2,54.5,26.923076923076923,75.65629077353216
3-GRAM,eines gigabit netzes,235,143,1,1,56.4468085106383,31.48936170212766,75.6414132000339
2-GRAM,metiers art,50,12,2,2,68.12,6.0,75.6255358807083
2-GRAM,programme etudes,29,16,2,2,71.24137931034483,24.137931034482758,75.52771329323053
3-GRAM,nach abs sgb,957,14,1,1,60.68652037617555,41.692789968652036,75.52656104380242
2-GRAM,sistemas informacion,575,51,1,2,55.06086956521739,31.652173913043477,75.52562907735322
2-GRAM,citrix lizenzen,110,52,1,1,57.86363636363637,35.45454545454545,75.5016690671863
3-GRAM,codice della strada,150,16,1,2,49.733333333333334,46.666666666666664,75.46137422689148
2-GRAM,network access,36,11,2,5,48.861111111111114,25.0,75.45957807337118
2-GRAM,kyberneticke bezpecnosti,261,33,1,2,54.95785440613027,34.099616858237546,75.45339320511735
2-GRAM,temps travail,31,28,2,2,64.56,12.903225806451612,75.43194103194102
2-GRAM,video protection,195,172,1,1,82.0,29.23076923076923,75.43036516139964
2-GRAM,developpement systeme,26,22,2,2,50.88461538461539,26.923076923076923,75.36265356265356
2-GRAM,aquisicao licenciamento,233,19,1,2,65.57081545064378,37.33905579399141,75.32778107260866
2-GRAM,licenciamento microsoft,117,21,1,2,58.0,40.17094017094017,75.28302973820215
2-GRAM,systeme videoprotection,214,196,1,1,82.0,28.50467289719626,75.28204693721935
3-GRAM,systeme integre gestion,25,22,2,2,55.0,28.0,75.28165720579514
2-GRAM,sistema informacion,533,54,1,2,54.80675422138837,31.144465290806753,75.266847411675
2-GRAM,soporte mantenimiento,597,55,1,2,54.4857621440536,30.98827470686767,75.26405151232737
2-GRAM,accessoires informatiques,32,25,2,2,49.1875,15.625,75.2590358383462
2-GRAM,sociaal domein,207,74,1,1,46.81159420289855,32.85024154589372,75.24983478776582
3-GRAM,elaboration schema directeur,237,206,1,1,51.358649789029535,30.80168776371308,75.23878674913158
3-GRAM,directeur alimentation eau,97,83,1,1,54.81443298969072,35.05154639175258,75.22782343472
2-GRAM,recursos humanos,196,26,1,4,55.43877551020408,35.714285714285715,75.20976023044989
2-GRAM,diseno desarrollo,173,18,1,2,53.895953757225435,40.46242774566474,75.19801745318986
2-GRAM,dla systemu,285,26,1,2,54.498245614035085,34.73684210526316,75.15214775904431
2-GRAM,einer software,171,57,1,1,74.42105263157895,30.4093567251462,75.1355587562484
2-GRAM,sistema gestion,472,52,1,2,49.432203389830505,31.35593220338983,75.11669914428535
2-GRAM,migration systeme,28,27,2,2,49.17857142857143,21.428571428571427,75.10829450139795
2-GRAM,directeur alimentation,98,84,1,1,54.40816326530612,34.69387755102041,75.09624671693638
3-GRAM,breitbandiger telekommunikationsdienste unterversorgten,108,90,1,1,82.0,31.48148148148148,75.08870626112005
2-GRAM,telekommunikationsdienste unterversorgten,108,90,1,1,82.0,31.48148148148148,75.08870626112005
2-GRAM,schema directeur,985,713,1,1,49.06802030456853,28.934010152284262,75.05876472083368
2-GRAM,local urbanisme,221,191,1,1,55.83710407239819,29.86425339366516,75.01765652800135
3-GRAM,plan local urbanisme,220,190,1,1,55.77272727272727,30.0,75.01645344403964
2-GRAM,ibm informix,33,11,3,10,62.0,21.21212121212121,75.0014742014742
2-GRAM,desarrollo mantenimiento,280,22,1,2,60.57857142857143,34.642857142857146,74.97825976446666
2-GRAM,technicznego dla,208,19,1,2,55.08653846153846,37.98076923076923,74.97571803778699
3-GRAM,schema directeur alimentation,95,81,1,1,53.915789473684214,34.73684210526316,74.9654664068457
2-GRAM,desarrollo implantacion,241,26,1,2,56.13278008298755,33.60995850622407,74.86784715750233
3-GRAM,microsoft dynamics business,30,11,2,10,66.53333333333333,26.666666666666668,74.8502584088791
2-GRAM,captation video,27,27,2,2,77.03703703703704,18.51851851851852,74.8264170126239
2-GRAM,dostawa infrastruktury,91,13,1,2,47.31868131868132,60.43956043956044,74.74045581631788
2-GRAM,oraz wdrozenie,117,10,1,2,48.44444444444444,70.94017094017094,74.7065830721003
3-GRAM,wsparcia technicznego dla,178,18,1,2,59.1123595505618,37.640449438202246,74.69983902397695
2-GRAM,programme local,95,83,1,1,51.97894736842105,33.68421052631579,74.67052444293824
2-GRAM,assistenza manutenzione,181,19,1,2,49.469613259668506,38.12154696132597,74.64714055748537
2-GRAM,asysty technicznej,183,24,1,2,60.0655737704918,33.87978142076503,74.6034398034398
2-GRAM,systemu monitoringu,84,14,1,3,70.95238095238095,47.61904761904762,74.5817673472846
2-GRAM,suscripcion licencias,119,14,1,2,65.61344537815125,43.69747899159664,74.56897398966365
2-GRAM,aires alimentation,61,45,1,1,52.16393442622951,40.98360655737705,74.55085995085994
2-GRAM,renovacao licenciamento,102,10,1,2,64.62745098039215,58.8235294117647,74.54892823858341
2-GRAM,supports communication,321,258,1,1,82.0,25.233644859813083,74.54077776836398
2-GRAM,marque employeur,33,26,2,2,58.90909090909091,3.0303030303030303,74.48819791578413
2-GRAM,communications electroniques,133,95,1,1,82.0,28.571428571428573,74.43546555960349
2-GRAM,adquisicion licencias,134,11,1,2,60.80597014925373,48.507462686567166,74.41769041769042
2-GRAM,solutions informatiques,28,20,2,2,52.964285714285715,21.428571428571427,74.3968313140727
2-GRAM,etude diagnostique,74,59,1,1,70.32432432432432,33.78378378378378,74.39046005252902
2-GRAM,air energie,72,67,1,1,54.291666666666664,36.111111111111114,74.37712445988309
2-GRAM,etudes hydrauliques,62,45,1,1,70.58064516129032,37.096774193548384,74.29961874099806
3-GRAM,climat air energie,68,63,1,1,54.1764705882353,36.76470588235294,74.25034313310175
2-GRAM,nuevas funcionalidades,179,15,1,2,59.273743016759774,39.10614525139665,74.23543166991443
2-GRAM,licence microsoft,33,13,2,5,67.45454545454545,18.181818181818183,74.21228501228501
2-GRAM,climat air,69,64,1,1,53.608695652173914,36.231884057971016,74.16448360586291
2-GRAM,licences sap,25,14,3,3,55.22222222222222,28.0,74.15399474709818
2-GRAM,programines irangos,600,38,1,2,59.263333333333335,28.5,74.13098364822503
2-GRAM,wsparciem technicznym,155,16,1,2,50.70967741935484,39.354838709677416,74.06679657714142
2-GRAM,sistema integrado,178,30,1,4,47.89887640449438,33.146067415730336,74.03355079217148
2-GRAM,dla urzadzen,147,22,1,2,48.54421768707483,35.374149659863946,74.0153859188342
2-GRAM,posiadanego przez,139,21,1,2,51.17985611510792,35.97122302158273,73.99730576971956
2-GRAM,zones humides,142,108,1,1,45.24647887323944,30.281690140845072,73.98995170719309
2-GRAM,integrat pentru,100,12,1,2,51.34,51.0,73.98071676692366
2-GRAM,administracion electronica,291,30,1,2,60.55670103092783,29.553264604810998,73.94189612810302
2-GRAM,distribution publique,99,68,1,1,49.26262626262626,32.323232323232325,73.92620520206727
2-GRAM,etudes maitrise,83,67,1,1,70.144578313253,31.325301204819276,73.8956028128442
2-GRAM,servicii dezvoltare,188,21,1,3,66.31914893617021,32.4468085106383,73.88545285097008
2-GRAM,changement climatique,74,62,1,1,57.16216216216216,33.78378378378378,73.88367364229434
3-GRAM,local urbanisme intercommunal,136,116,1,1,55.705882352941174,28.676470588235293,73.86572905193594
3-GRAM,plan climat air,57,54,1,1,54.98245614035088,38.59649122807018,73.86196729645008
2-GRAM,swiadczenie wsparcia,112,19,1,2,57.142857142857146,37.5,73.85363043294078
2-GRAM,geotechniques environnementales,26,18,2,2,63.65384615384615,23.076923076923077,73.84912310429551
2-GRAM,sistema informativo,143,20,1,2,58.02797202797203,34.96503496503497,73.84370075404559
2-GRAM,exposition temporaire,221,101,1,1,50.61085972850679,27.601809954751133,73.81323392357876
2-GRAM,urbanisme intercommunal,137,117,1,1,55.81021897810219,28.467153284671532,73.74884351436076
2-GRAM,programske opreme,261,27,1,4,55.6551724137931,30.65134099616858,73.73820215199525
2-GRAM,dostawa serwera,113,13,1,2,46.0,46.017699115044245,73.64968228416504
2-GRAM,wraz ugami,143,14,1,2,46.29370629370629,41.25874125874126,73.60955689231551
3-GRAM,zvyseni kyberneticke bezpecnosti,108,17,1,2,53.48148148148148,38.888888888888886,73.59345929001103
2-GRAM,zvyseni kyberneticke,108,17,1,2,53.48148148148148,38.888888888888886,73.59345929001103
2-GRAM,tres haut,85,68,1,1,49.023529411764706,32.94117647058823,73.59259510293992
2-GRAM,amenagement foncier,111,59,1,1,51.88288288288288,30.63063063063063,73.55772261289502
2-GRAM,caracterisation environnementale,415,175,1,1,50.17831325301205,25.301204819277107,73.54516648309752
2-GRAM,videoprotection urbaine,101,90,1,1,82.0,27.722772277227723,73.53416927899687
2-GRAM,topographiques foncieres,112,91,1,1,82.0,26.785714285714285,73.52678132678133
2-GRAM,palaikymo paslaugos,219,13,1,2,58.50228310502283,38.35616438356164,73.50280437176988
2-GRAM,energie territorial,54,51,1,1,54.148148148148145,38.888888888888886,73.49589087520121
2-GRAM,mantenimiento sistema,167,25,1,2,49.74850299401198,32.33532934131737,73.47943743116157
2-GRAM,desarrollo evolutivo,101,11,1,2,60.83168316831683,46.53465346534654,73.3957976785563
2-GRAM,subskrypcji oprogramowania,124,17,1,2,61.516129032258064,35.483870967741936,73.39079894941963
2-GRAM,desarrollo nuevas,143,13,1,2,59.3006993006993,39.86013986013986,73.33852410404134
2-GRAM,professionnels etude,165,68,1,1,70.07272727272728,25.454545454545453,73.27796322968737
2-GRAM,oraz wsparcia,78,17,1,2,53.94871794871795,41.02564102564103,73.25820554096416
2-GRAM,valdymo sistemos,198,14,1,2,56.505050505050505,36.86868686868687,73.22209607726849
2-GRAM,plan intercommunal,45,43,1,1,50.53333333333333,44.44444444444444,73.19505210539694
3-GRAM,posiadanego przez zamawiajacego,115,18,1,2,50.608695652173914,36.52173913043478,73.19384902143523
2-GRAM,servicii implementare,74,16,1,4,63.810810810810814,40.54054054054054,73.19071422519698
2-GRAM,internal control,25,8,2,3,45.48,36.0,73.1566720325341
3-GRAM,tres haut debit,82,66,1,1,50.26829268292683,31.70731707317073,73.14448868931628
2-GRAM,vmware lizenzen,125,38,1,1,56.064,29.6,73.11873252562908
2-GRAM,mantenimiento evolucion,184,16,1,2,58.45652173913044,34.23913043478261,73.06950775226639
2-GRAM,entwicklung einer,157,37,1,1,45.0828025477707,29.936305732484076,73.06860967550622
2-GRAM,wraz integracja,88,8,1,2,49.36363636363637,76.13636363636364,73.05415572312124
2-GRAM,dei processi,80,11,1,2,45.375,55.0,73.03931203931204
2-GRAM,implantacion mantenimiento,241,29,1,2,56.25726141078838,28.21576763485477,73.01780903160213
3-GRAM,desarrollo nuevas funcionalidades,131,11,1,2,60.152671755725194,41.221374045801525,73.00040667626874
2-GRAM,renouvellement logiciel,73,37,1,1,75.42465753424658,31.506849315068493,72.98954503092433
2-GRAM,uga wsparcia,138,18,1,2,54.72463768115942,34.05797101449275,72.98146234008303
2-GRAM,ugi wsparcia,230,26,1,2,56.19130434782609,29.130434782608695,72.9753791408964
2-GRAM,abonnement plateforme,73,51,1,1,76.95890410958904,30.136986301369863,72.94908074218418
3-GRAM,maitrise oeuvre etudes,66,52,1,1,70.18181818181819,31.818181818181817,72.94396339913581
2-GRAM,dokumentacji medycznej,143,6,1,2,55.49650349650349,90.20979020979021,72.91014148945183
2-GRAM,base datos,107,12,1,2,52.61682242990654,42.99065420560748,72.90365161399644
3-GRAM,revision plan local,44,40,1,1,55.27272727272727,43.18181818181818,72.88892654409895
2-GRAM,bases datos,138,17,1,2,46.53623188405797,35.507246376811594,72.88406337371855
2-GRAM,risque inondation,87,63,1,1,47.93103448275862,31.03448275862069,72.88302973820215
2-GRAM,dla oprogramowania,134,14,1,2,58.80597014925373,37.3134328358209,72.86918580022028
2-GRAM,servisni podpora,93,12,1,2,46.75268817204301,46.236559139784944,72.84510717614165
3-GRAM,systeme video protection,70,59,1,1,82.0,30.0,72.82314665762942
2-GRAM,gestion proyectos,159,17,1,2,48.490566037735846,34.59119496855346,72.81087859018893
2-GRAM,sprzetu serwerowego,73,12,1,2,53.945205479452056,49.31506849315068,72.80496483944759
2-GRAM,aplicaciones informaticas,144,26,1,2,58.06944444444444,29.86111111111111,72.78954503092434
2-GRAM,foncier agricole,75,41,1,1,52.56,33.333333333333336,72.78530881979158
2-GRAM,oeuvre dispositif,60,56,1,1,49.2,35.0,72.7829704312463
2-GRAM,licencias microsoft,95,16,1,2,61.2,36.8421052631579,72.77449800898077
3-GRAM,etudes maitrise oeuvre,68,56,1,1,70.17647058823529,30.88235294117647,72.76783868508006
2-GRAM,agricole forestier,75,42,1,1,51.093333333333334,33.333333333333336,72.75712954333645
2-GRAM,systemu kopii,69,11,1,2,46.14492753623188,57.971014492753625,72.75008048801152
2-GRAM,aquisicao solucao,173,19,1,2,47.895953757225435,32.947976878612714,72.6908074218419
2-GRAM,unterversorgten ortsgebieten,42,37,1,1,82.0,40.476190476190474,72.68536812674743
3-GRAM,telekommunikationsdienste unterversorgten ortsgebieten,42,37,1,1,82.0,40.476190476190474,72.68536812674743
2-GRAM,gigabit breitbandnetzes,78,61,1,1,81.14102564102564,28.205128205128204,72.68443616029823
3-GRAM,air energie territorial,51,48,1,1,55.372549019607845,37.254901960784316,72.65412183343217
2-GRAM,oprogramowania wraz,61,11,1,2,52.75409836065574,60.65573770491803,72.64763195797678
3-GRAM,dostawa sprzetu oprogramowania,72,10,1,2,46.44444444444444,59.72222222222222,72.63451664830976
2-GRAM,eaux pgsse,35,32,1,1,53.05714285714286,62.857142857142854,72.62977209184106
2-GRAM,informacijskega sistema,268,24,1,2,58.21641791044776,27.98507462686567,72.62550199101923
2-GRAM,abonnement annuel,113,58,1,1,62.52212389380531,26.548672566371682,72.60559179869524
3-GRAM,eines flachendeckenden gigabit,67,58,1,1,81.0,29.850746268656717,72.60499872913665
2-GRAM,flachendeckenden gigabit,67,58,1,1,81.0,29.850746268656717,72.60499872913665
3-GRAM,flachendeckenden gigabit breitbandnetzes,67,58,1,1,81.0,29.850746268656717,72.60499872913665
2-GRAM,compte direction,26,16,2,2,48.588235294117645,23.076923076923077,72.6014742014742
2-GRAM,sistema integral,150,21,1,2,47.77333333333333,32.0,72.60057612471405
3-GRAM,dunkelgraue flecken wirtschaftlichkeitsluckenmodell,51,40,1,1,74.11764705882354,35.294117647058826,72.59113784631026
2-GRAM,zakup wsparcia,88,13,1,2,58.86363636363637,40.90909090909091,72.53272896721172
2-GRAM,oeuvre etudes,70,55,1,1,70.17142857142858,30.0,72.53181394560704
2-GRAM,plataforma gestion,136,14,1,2,54.26470588235294,36.76470588235294,72.52737439633991
2-GRAM,oraz integracja,49,12,1,2,58.6530612244898,73.46938775510205,72.51263238159791
2-GRAM,deep learning,29,13,2,7,47.89655172413793,20.689655172413794,72.49728035245276
2-GRAM,etude diagnostic,97,84,1,1,70.24742268041237,25.77319587628866,72.4294670846395
2-GRAM,oraz modernizacja,174,14,1,2,46.35632183908046,36.206896551724135,72.40259256121325
2-GRAM,solution infonuagique,137,67,1,1,74.94160583941606,23.357664233576642,72.39474709819538
2-GRAM,licencas software,65,13,1,2,74.0,43.07692307692308,72.39212064729307
3-GRAM,programme local habitat,82,71,1,1,53.0,29.26829268292683,72.36329746674573
2-GRAM,informacines sistemos,576,41,1,2,59.388888888888886,23.26388888888889,72.36178937558248
2-GRAM,wroc awskiej,148,8,1,2,49.891891891891895,47.2972972972973,72.35826484792003
2-GRAM,unterversorgten gebieten,95,67,1,1,75.89473684210526,25.263157894736842,72.32691688553757
2-GRAM,actualizacion soporte,76,11,1,2,61.63157894736842,44.73684210526316,72.28379225620606
2-GRAM,web app,32,10,2,5,54.75,18.75,72.28184359908498
2-GRAM,mantenimiento aplicaciones,137,23,1,2,60.54014598540146,29.197080291970803,72.27914936880455
2-GRAM,licenze software,75,10,1,2,74.0,45.333333333333336,72.27372701855461
3-GRAM,przed uzenie wsparcia,89,10,1,2,58.58426966292135,44.943820224719104,72.24749639922054
2-GRAM,uzenie wsparcia,89,10,1,2,58.58426966292135,44.943820224719104,72.24749639922054
2-GRAM,obszarach natura,81,9,1,2,45.97530864197531,55.55555555555556,72.2432771329323
2-GRAM,points acces,25,23,2,2,62.08,16.0,72.23126323815978
3-GRAM,distribution publique electricite,59,40,1,1,54.0,33.898305084745765,72.22443446581377
2-GRAM,publique electricite,59,40,1,1,54.0,33.898305084745765,72.22443446581377
2-GRAM,intercommunal sauvegarde,40,38,1,1,50.85,45.0,72.20804880115224
2-GRAM,systemu pro,218,31,1,2,46.27522935779817,27.06422018348624,72.20452427348978
2-GRAM,mantenimiento evolutivo,108,9,1,2,55.46296296296296,45.370370370370374,72.20291451325934
2-GRAM,imprimantes multifonctions,26,25,3,3,52.26315789473684,7.6923076923076925,72.19135812928917
2-GRAM,cloud infrastructure,25,20,4,8,49.56,16.0,72.18159789883927
2-GRAM,local habitat,91,78,1,1,52.86813186813187,27.47252747252747,72.16221299669576
2-GRAM,distribution network,27,13,2,8,54.851851851851855,22.22222222222222,72.1467423536389
2-GRAM,licente software,93,20,1,2,74.60215053763442,31.182795698924732,72.13276285690078
3-GRAM,plan intercommunal sauvegarde,39,37,1,1,50.35897435897436,46.15384615384615,72.10349911039566
2-GRAM,transformacion digital,383,32,1,3,48.13577023498694,25.326370757180158,72.10065237651445
2-GRAM,oprogramowania oraz,67,9,1,2,48.95522388059702,61.19402985074627,72.06776243327968
2-GRAM,flecken wirtschaftlichkeitsluckenmodell,54,42,1,1,73.31481481481481,33.333333333333336,72.0541896128103
2-GRAM,faune flore,114,97,1,1,59.3859649122807,24.56140350877193,72.0472591713971
2-GRAM,sistema informatico,174,23,1,6,51.48275862068966,28.735632183908045,72.04287045666356
2-GRAM,missions etudes,158,127,1,1,70.68354430379746,20.253164556962027,72.03439803439804
2-GRAM,duomenu perdavimo,267,5,1,2,54.30711610486891,80.52434456928839,72.01325086842328
2-GRAM,software per,139,17,1,3,74.0,30.215827338129497,72.01033635516394
3-GRAM,etude geotechnique caracterisation,157,102,1,1,70.0,21.019108280254777,72.00191476743201
2-GRAM,geotechnique caracterisation,171,109,1,1,67.42690058479532,20.46783625730994,71.97309158688469
2-GRAM,schemas directeurs,124,99,1,1,51.814516129032256,25.0,71.91817334575956
3-GRAM,agricole forestier environnemental,65,36,1,1,54.10769230769231,32.30769230769231,71.90787088028466
2-GRAM,forestier environnemental,65,36,1,1,54.10769230769231,32.30769230769231,71.90787088028466
2-GRAM,electricite eclairage,49,36,1,1,57.224489795918366,36.734693877551024,71.90549860205033
2-GRAM,systeme intercom,40,22,1,1,46.825,52.5,71.88689316275523
3-GRAM,amenagement foncier agricole,70,39,1,1,51.31428571428572,31.428571428571427,71.88150470219436
3-GRAM,foncier agricole forestier,70,39,1,1,51.31428571428572,31.428571428571427,71.88150470219436
2-GRAM,projet territoire,44,43,1,1,55.27272727272727,38.63636363636363,71.87789545030924
3-GRAM,network access control,32,8,2,4,48.875,21.875,71.86823688892655
2-GRAM,als saas,70,24,1,1,74.8,31.428571428571427,71.85351181902907
2-GRAM,distributori automatici,113,12,1,2,74.0,35.39823008849557,71.85264763195798
3-GRAM,geotechnique caracterisation environnementale,141,91,1,1,68.43971631205673,21.27659574468085,71.85202067271032
2-GRAM,lizenzen inkl,66,18,1,1,60.74242424242424,36.36363636363637,71.8128780818436
2-GRAM,lub rownowaznego,124,11,1,2,52.11290322580645,38.70967741935484,71.72839108701177
2-GRAM,kommunikations sicherheits,48,23,1,1,82.0,37.5,71.70241464034567
2-GRAM,plataforma administracion,133,13,1,2,61.65413533834587,33.83458646616541,71.69334914852156
2-GRAM,ministerio sanidad,273,6,1,2,48.527472527472526,51.282051282051285,71.68428365669746
2-GRAM,rozwoju systemu,95,14,1,2,58.589473684210525,35.78947368421053,71.66825383377108
3-GRAM,transparantie vooraf inzake,46,24,1,1,50.95652173913044,41.30434782608695,71.66113699906802
2-GRAM,vooraf inzake,46,24,1,1,50.95652173913044,41.30434782608695,71.66113699906802
2-GRAM,cisco webex,26,14,2,11,63.69230769230769,19.23076923076923,71.60157587054138
2-GRAM,wege eines,248,7,1,1,78.31048387096774,39.516129032258064,71.59523849868677
2-GRAM,administracion digital,130,7,1,2,48.50769230769231,49.23076923076923,71.54738625773109
3-GRAM,zintegrowanego systemu informatycznego,107,17,1,2,59.4392523364486,31.77570093457944,71.54492925527407
2-GRAM,baz danych,141,8,1,2,62.0,40.42553191489362,71.51425908667288
3-GRAM,mantenimiento soporte tecnico,106,17,1,2,56.45283018867924,32.075471698113205,71.51388630009319
2-GRAM,entretien soutien,331,98,1,1,73.37764350453172,15.709969788519638,71.51175124968229
3-GRAM,reseaux distribution publique,38,22,1,1,74.3157894736842,44.73684210526316,71.49316275523172
2-GRAM,droits utilisation,139,36,1,1,74.76258992805755,22.302158273381295,71.48150470219434
3-GRAM,wraz wsparciem technicznym,85,12,1,2,53.6,40.0,71.47869185800221
2-GRAM,desarrollo aplicaciones,77,10,1,2,60.857142857142854,42.857142857142854,71.46344149792425
2-GRAM,delle licenze,62,10,1,3,63.45161290322581,46.774193548387096,71.4405998474964
2-GRAM,systeme archivage,26,24,2,2,45.42307692307692,11.538461538461538,71.3884266711853
2-GRAM,alimentation captage,36,29,1,1,54.72222222222222,47.22222222222222,71.34845378293655
2-GRAM,uga wdrozenia,57,11,1,2,55.92982456140351,49.12280701754386,71.34203168685927
3-GRAM,dostawa licencji oprogramowania,67,14,1,2,60.0,38.80597014925373,71.33850715919681
2-GRAM,revision generale,57,51,1,1,52.08771929824562,31.57894736842105,71.30937897144794
2-GRAM,sistemas gestion,130,18,1,2,48.98461538461538,30.76923076923077,71.30446496653394
2-GRAM,etudes assistance,73,56,1,1,70.32876712328768,26.027397260273972,71.27482843344912
2-GRAM,utrzymania rozwoju,86,10,1,2,58.906976744186046,40.69767441860465,71.27265949334914
2-GRAM,rozwoj systemu,85,14,1,2,52.705882352941174,36.470588235294116,71.25178344488688
2-GRAM,sistema nacional,74,9,1,4,46.24324324324324,50.0,71.24498856222993
2-GRAM,web gestion,25,11,2,3,64.0,24.0,71.23366940608321
3-GRAM,telekommunikationsdienste unterversorgten gebieten,63,52,1,1,82.0,26.984126984126984,71.23002626450902
2-GRAM,technico economique,42,36,1,1,57.476190476190474,38.095238095238095,71.19535711259849
2-GRAM,sistem integrat,122,20,1,4,48.52459016393443,29.508196721311474,71.18605439295095
2-GRAM,ticketing system,25,20,2,6,49.92,16.0,71.18476658476658
2-GRAM,dodavka implementace,81,18,1,2,56.098765432098766,33.333333333333336,71.17154960603236
2-GRAM,mantenimiento plataforma,133,20,1,2,57.097744360902254,27.81954887218045,71.15575701092943
2-GRAM,infraestrutura tecnologica,178,12,1,2,49.752808988764045,33.70786516853933,71.15123273743963
2-GRAM,systemu informacji,69,11,1,2,52.34782608695652,43.47826086956522,71.1257307464204
2-GRAM,informatic integrat,260,38,1,2,63.45384615384615,19.615384615384617,71.11544522579005
2-GRAM,licencji oraz,68,11,1,2,55.85294117647059,42.64705882352941,71.08914682707785
2-GRAM,zdrowia poprzez,115,5,1,2,52.76521739130435,95.65217391304348,71.07208336863509
3-GRAM,ochrony zdrowia poprzez,112,5,1,2,53.285714285714285,96.42857142857143,71.0426671185292
2-GRAM,annaberg buchholz,130,9,1,1,50.46153846153846,39.23076923076923,71.02938236041685
2-GRAM,sztucznej inteligencji,66,7,1,2,54.84848484848485,63.63636363636363,71.02670507498094
2-GRAM,suport tehnic,101,16,1,3,57.7029702970297,31.683168316831683,71.01535202914513
2-GRAM,kommunikationsma nahmen,36,22,1,1,82.0,44.44444444444444,70.94226891468271
2-GRAM,diagnostic territorial,43,39,1,1,64.44186046511628,34.883720930232556,70.87369312886554
2-GRAM,soporte licencias,65,8,1,2,61.23076923076923,49.23076923076923,70.81284419215454
2-GRAM,zakup serwerow,55,11,1,2,48.4,49.09090909090909,70.8027789545031
2-GRAM,reseau communications,44,31,1,1,82.0,34.09090909090909,70.80194865712107
2-GRAM,informacni system,150,25,1,2,57.48,24.666666666666668,70.7933406760993
2-GRAM,licencji systemu,53,11,1,2,58.264150943396224,47.16981132075472,70.78320765906973
2-GRAM,systemu klasy,52,9,1,2,61.26923076923077,53.84615384615385,70.78036092518852
3-GRAM,elaboration plan local,101,84,1,1,57.16831683168317,21.782178217821784,70.75119884775057
2-GRAM,informacijskog sustava,143,19,1,3,55.45454545454545,27.272727272727273,70.74269253579598
2-GRAM,renovacion licencias,118,5,1,2,61.45762711864407,61.86440677966102,70.71783444886893
2-GRAM,entretien logiciel,78,38,1,1,80.35897435897436,24.358974358974358,70.71414047276116
2-GRAM,wdrozenie oraz,44,11,1,2,54.95454545454545,61.36363636363637,70.70612556129797
2-GRAM,offres infonuagiques,126,68,1,1,75.96825396825396,17.46031746031746,70.66028975684148
2-GRAM,gro kreisstadt,116,28,1,1,48.69827586206897,25.862068965517242,70.6520545623994
2-GRAM,reseni pro,71,14,1,2,53.23943661971831,36.61971830985915,70.63812590019486
2-GRAM,diagnostic structurel,35,32,1,1,46.42857142857143,45.714285714285715,70.57536219605186
2-GRAM,faisabilite programmation,92,75,1,1,67.01086956521739,20.652173913043477,70.5596204354825
2-GRAM,correctivo evolutivo,127,14,1,2,53.13385826771653,31.496062992125985,70.55267304922477
2-GRAM,regie publicitaire,66,61,1,1,75.9090909090909,24.242424242424242,70.5262221469118
2-GRAM,subscricao licenciamento,66,9,1,2,67.63636363636364,42.42424242424242,70.52437515885792
2-GRAM,videoprotection ville,54,47,1,1,82.0,27.77777777777778,70.50000847242227
2-GRAM,etude programmation,131,118,1,1,70.73282442748092,15.267175572519085,70.49584004066762
3-GRAM,licenciamento software microsoft,97,7,1,2,74.0,41.23711340206186,70.49409472168094
2-GRAM,atlas biodiversite,37,33,1,1,53.972972972972975,40.54054054054054,70.49097687028723
2-GRAM,documents communication,49,35,1,1,82.0,30.612244897959183,70.48962128272473
2-GRAM,extension dispositif,64,60,1,1,78.609375,25.0,70.48940099974583
2-GRAM,software pentru,169,22,1,2,74.42603550295858,21.893491124260354,70.47940354147251
2-GRAM,prieziuros vystymo,125,10,1,2,60.448,34.4,70.45522324832669
2-GRAM,pre operationnelle,102,96,1,1,70.0,18.627450980392158,70.41406422096077
2-GRAM,luckenschluss programms,28,24,1,1,82.0,67.85714285714286,70.38195374057443
2-GRAM,licencji oprogramowanie,57,8,1,2,58.8421052631579,52.63157894736842,70.38175040244006
2-GRAM,producenta dla,88,9,1,2,60.34090909090909,38.63636363636363,70.36921121748708
2-GRAM,etude prospective,51,43,1,1,70.31372549019608,29.41176470588235,70.36034906379733
2-GRAM,solution dossier,27,15,2,2,70.51851851851852,3.7037037037037037,70.3498432601881
2-GRAM,centro operaciones,111,19,1,2,50.93693693693694,27.92792792792793,70.33193255951876
2-GRAM,spisove sluzby,80,12,1,2,61.7,35.0,70.2882487503177
2-GRAM,utilisation logiciel,99,49,1,1,77.15151515151516,19.19191919191919,70.27936965178344
2-GRAM,big data,57,15,1,10,46.49122807017544,38.59649122807018,70.25786664407354
3-GRAM,directeur assainissement collectif,53,39,1,1,55.924528301886795,30.18867924528302,70.23638058120818
2-GRAM,diagnostic schema,69,47,1,1,55.028985507246375,26.08695652173913,70.22565449462002
2-GRAM,amenagements scenographiques,38,21,1,1,82.0,39.473684210526315,70.20576124714056
2-GRAM,szpitalnego systemu,64,6,1,2,56.96875,70.3125,70.19467931881725
2-GRAM,vystymo paslaugos,182,12,1,2,58.84615384615385,30.21978021978022,70.170261797848
2-GRAM,unui sistem,150,23,1,3,52.733333333333334,24.0,70.1700415148691
2-GRAM,etudes diagnostic,41,33,1,1,70.29268292682927,34.146341463414636,70.16531390324494
2-GRAM,correo electronico,78,9,1,2,51.333333333333336,41.02564102564103,70.16483944759807
2-GRAM,oprogramowania microsoft,59,9,1,2,62.16949152542373,44.067796610169495,70.14916546640686
2-GRAM,rozwoj cyfrowych,215,4,1,1,53.27441860465116,100.0,70.14553926967719
3-GRAM,extension dispositif videoprotection,50,47,1,1,82.0,28.0,70.14157417605693
2-GRAM,implementacao projeto,128,6,1,2,54.59375,45.3125,70.14126916885537
2-GRAM,autres supports,41,29,1,1,57.48780487804878,36.58536585365854,70.12457849699229
2-GRAM,sistemas informaticos,83,12,1,3,46.55421686746988,36.144578313253014,70.08440227060916
2-GRAM,evolucion mantenimiento,90,7,1,2,60.75555555555555,42.22222222222222,70.08394475980683
2-GRAM,etude restauration,39,30,1,1,70.0,35.8974358974359,70.05215623146657
3-GRAM,systemu kopii zapasowych,49,9,1,2,45.91836734693877,59.183673469387756,70.0384647970855
2-GRAM,usees traitees,42,34,1,1,49.04761904761905,35.714285714285715,70.0265186816911
3-GRAM,eaux usees traitees,42,34,1,1,49.04761904761905,35.714285714285715,70.0265186816911
3-GRAM,iaas paas saas,99,64,1,1,76.74747474747475,17.171717171717173,70.01313225451156
2-GRAM,etude pre,100,92,1,1,70.0,17.0,70.00225366432262
2-GRAM,sistema videovigilancia,67,14,1,4,82.0,32.83582089552239,69.99379818690163
2-GRAM,technicka podpora,214,20,1,4,58.96261682242991,22.429906542056074,69.97510802338388
2-GRAM,dostawa subskrypcji,73,7,1,2,61.42465753424658,45.205479452054796,69.95529950012708
2-GRAM,solutions infonuagiques,108,50,1,1,73.72222222222223,17.59259259259259,69.94667457426077
2-GRAM,programmation architecturale,49,42,1,1,55.61224489795919,30.612244897959183,69.93960857409134
2-GRAM,aplicacion informatica,107,15,1,2,59.925233644859816,28.97196261682243,69.90421079386596
2-GRAM,sede electronica,60,9,1,2,52.96666666666667,45.0,69.8986698297043
2-GRAM,mantenimiento hardware,94,6,1,2,45.723404255319146,51.06382978723404,69.89248496145048
3-GRAM,diagnostic schema directeur,67,45,1,1,54.582089552238806,25.37313432835821,69.86671185291875
3-GRAM,etude pre operationnelle,90,85,1,1,70.0,17.77777777777778,69.85525713801576
3-GRAM,reseau communications electroniques,42,30,1,1,82.0,33.333333333333336,69.8440396509362
2-GRAM,irangos licenciju,122,13,1,2,61.278688524590166,29.508196721311474,69.83638058120816
2-GRAM,unterversorgte adressen,27,23,1,1,79.51851851851852,70.37037037037037,69.83322884012539
2-GRAM,plataforma gestao,71,6,1,2,54.0,56.33802816901409,69.82775565534186
2-GRAM,renouvellement annuel,94,53,1,1,61.37234042553192,19.148936170212767,69.74370922646784
2-GRAM,environnementale site,96,60,1,1,48.479166666666664,20.833333333333332,69.73154282809455
3-GRAM,intrusion controle acces,37,35,1,1,51.21621621621622,37.83783783783784,69.72530712530713
3-GRAM,plataforma administracion electronica,123,13,1,2,61.5609756097561,29.26829268292683,69.71903753283064
2-GRAM,sistem informatic,207,36,1,2,63.30434782608695,14.009661835748792,69.71752944166737
2-GRAM,licenciju nuoma,90,9,1,2,62.333333333333336,35.55555555555556,69.69311192069813
2-GRAM,intrusion controle,38,36,1,1,52.026315789473685,36.8421052631579,69.68691010759976
2-GRAM,pro spravu,84,14,1,2,46.73809523809524,33.333333333333336,69.68543590612556
2-GRAM,per sogei,71,13,1,2,48.87323943661972,35.2112676056338,69.68252139286622
2-GRAM,wdrozenie rozwiazan,54,6,1,2,57.77777777777778,85.18518518518519,69.66830466830467
2-GRAM,cafm software,43,27,1,1,74.37209302325581,32.55813953488372,69.65813776158603
2-GRAM,enterprise server,30,5,2,4,54.93333333333333,26.666666666666668,69.65559603490638
3-GRAM,cadrul proiectului digitalizarea,165,15,1,2,60.36363636363637,26.060606060606062,69.65379988138609
2-GRAM,campagne publicitaire,58,33,1,1,82.0,25.862068965517242,69.65042785732442
2-GRAM,etudes programmation,93,78,1,1,70.51612903225806,16.129032258064516,69.61989324747944
2-GRAM,proiectului digitalizarea,171,15,1,2,60.280701754385966,25.730994152046783,69.618283487249
2-GRAM,bolsa horas,85,14,1,4,52.11764705882353,31.764705882352942,69.60664237905617
2-GRAM,site phase,83,49,1,1,46.95180722891566,22.89156626506024,69.60433788019995
2-GRAM,analisis diseno,75,7,1,2,57.013333333333335,44.0,69.56187409980514
3-GRAM,schema directeur cyclable,31,28,1,1,48.70967741935484,48.38709677419355,69.5519274760654
2-GRAM,directeur cyclable,31,28,1,1,48.70967741935484,48.38709677419355,69.5519274760654
2-GRAM,inkoop groep,43,43,1,1,71.48837209302326,30.232558139534884,69.53139032449377
3-GRAM,onderwijs inkoop groep,43,43,1,1,71.48837209302326,30.232558139534884,69.53139032449377
2-GRAM,onderwijs inkoop,43,43,1,1,71.48837209302326,30.232558139534884,69.53139032449377
2-GRAM,saas reliees,83,53,1,1,76.50602409638554,18.072289156626507,69.5259510293993
2-GRAM,infraestructura tecnologica,76,8,1,2,52.94736842105263,40.78947368421053,69.498500381259
2-GRAM,etude definition,41,39,1,1,70.0,31.70731707317073,69.47948826569517
3-GRAM,paas saas reliees,81,51,1,1,76.46913580246914,18.51851851851852,69.47260865881555
2-GRAM,contrat licence,58,42,1,1,74.72413793103448,24.137931034482758,69.42389223078878
2-GRAM,soporte plataforma,60,10,1,2,63.53333333333333,38.333333333333336,69.41377615860374
2-GRAM,copias seguridad,77,8,1,2,51.45454545454545,40.25974025974026,69.3958485130899
2-GRAM,saas losung,39,15,1,1,75.02564102564102,41.02564102564103,69.39576378886724
2-GRAM,zakup subskrypcji,105,8,1,2,62.89523809523809,35.23809523809524,69.38588494450563
2-GRAM,wraz modu,49,11,1,2,48.12244897959184,44.89795918367347,69.38195374057443
3-GRAM,programines irangos licenciju,119,13,1,2,61.64705882352941,28.571428571428573,69.37936117936117
2-GRAM,projets routiers,26,12,2,2,64.03846153846153,11.538461538461538,69.36521223417775
3-GRAM,schema directeur eau,44,38,1,1,53.31818181818182,31.818181818181817,69.36177243073794
2-GRAM,sites sols,47,43,1,1,53.61702127659574,29.78723404255319,69.32445988308056
3-GRAM,sites sols pollues,47,43,1,1,53.61702127659574,29.78723404255319,69.32445988308056
3-GRAM,della polizia locale,67,6,1,2,50.11940298507463,55.223880597014926,69.29182411251377
2-GRAM,technologie information,77,38,1,1,66.79220779220779,20.77922077922078,69.28487672625604
2-GRAM,linux enterprise,27,5,2,2,53.09090909090909,29.62962962962963,69.28004744556469
2-GRAM,tecnico especializado,88,9,1,3,45.77272727272727,37.5,69.27218503770227
3-GRAM,directeur eau potable,45,39,1,1,53.68888888888889,31.11111111111111,69.27084639498433
2-GRAM,directeur eau,45,39,1,1,53.68888888888889,31.11111111111111,69.27084639498433
2-GRAM,sistema gestao,109,14,1,2,49.54128440366973,29.357798165137616,69.24380242311277
2-GRAM,plan guide,57,44,1,1,53.80701754385965,26.31578947368421,69.2277726001864
2-GRAM,stanu ochrony,51,8,1,2,57.254901960784316,49.01960784313726,69.22184190460052
2-GRAM,professionnels etudes,45,27,1,1,70.0,31.11111111111111,69.22031686859273
2-GRAM,serwerow wraz,43,13,1,2,52.27906976744186,44.18604651162791,69.2146234008303
2-GRAM,implementacao sistema,49,13,1,2,46.48979591836735,40.816326530612244,69.20757434550538
2-GRAM,etude urbaine,67,51,1,1,70.0,20.895522388059703,69.20698127594679
2-GRAM,communication institutionnelle,47,36,1,1,82.0,27.659574468085108,69.20074557315937
2-GRAM,konsultointi dps,223,20,1,2,51.39013452914798,20.179372197309416,69.13493179700076
2-GRAM,sistemului informatic,175,16,1,2,62.08,22.857142857142858,69.12683216131492
2-GRAM,soortenmanagementplan smp,56,31,1,1,58.964285714285715,26.785714285714285,69.09707701431839
3-GRAM,solutions iaas paas,82,54,1,1,76.34146341463415,15.853658536585366,69.08462255358808
2-GRAM,solutions iaas,82,54,1,1,76.34146341463415,15.853658536585366,69.08462255358808
3-GRAM,mission etudes geotechniques,39,32,1,1,70.0,33.333333333333336,69.08026772854359
2-GRAM,delle sanzioni,68,7,1,2,48.35294117647059,45.588235294117645,69.0732864525968
2-GRAM,wirtschaftlichkeitsluckenmodell rahmen,26,23,1,1,82.0,65.38461538461539,69.06920274506481
2-GRAM,rozbudowa srodowiska,65,12,1,2,48.15384615384615,35.38461538461539,69.01131915614673
2-GRAM,elaboration projet,64,57,1,1,51.171875,23.4375,69.00638820638821
2-GRAM,derecho uso,99,12,1,2,66.06060606060606,29.292929292929294,69.00369397610777
2-GRAM,wsparcia serwisowego,57,8,1,2,55.68421052631579,43.85964912280702,68.98444463272051
2-GRAM,nuovo sistema,60,10,1,2,47.5,40.0,68.9740235533339
3-GRAM,professionnels etude geotechnique,38,26,1,1,70.0,34.21052631578947,68.95818012369736
2-GRAM,prevention profit,31,18,1,1,49.58064516129032,54.83870967741935,68.93208506311954
2-GRAM,implantacion puesta,100,15,1,2,56.5,27.0,68.92476489028213
2-GRAM,modalita saas,63,7,1,2,74.0,41.26984126984127,68.90049987291367
2-GRAM,informacneho systemu,122,13,1,2,60.0655737704918,27.049180327868854,68.88596119630603
2-GRAM,opportunite faisabilite,56,50,1,1,70.0,23.214285714285715,68.8822333305092
3-GRAM,schema directeur gestion,37,33,1,1,53.648648648648646,35.13513513513514,68.87554011691944
2-GRAM,directeur gestion,37,33,1,1,53.648648648648646,35.13513513513514,68.87554011691944
2-GRAM,integracja platforma,36,8,1,2,74.0,83.33333333333333,68.8641192917055
2-GRAM,podpora rozvoj,142,20,1,4,62.84507042253521,19.718309859154928,68.86295009743286
2-GRAM,informacijas sistemas,114,7,1,2,59.50877192982456,35.96491228070175,68.83051766500041
2-GRAM,warme drankenvoorziening,55,35,1,1,47.49090909090909,27.272727272727273,68.82987376090824
2-GRAM,zajisteni podpory,87,13,1,2,57.14942528735632,29.885057471264368,68.82885707023638
2-GRAM,infonuagiques solutions,80,53,1,1,76.4,15.0,68.80381259001948
2-GRAM,ochronie zdrowia,102,4,1,1,50.96078431372549,96.07843137254902,68.80064390409217
2-GRAM,gestion documental,87,13,1,2,47.701149425287355,31.03448275862069,68.78825722273999
2-GRAM,informacion geografica,83,12,1,2,45.493975903614455,32.53012048192771,68.76946539015503
2-GRAM,strojne opreme,51,11,1,4,45.96078431372549,41.1764705882353,68.76543251715665
2-GRAM,echipamente hardware,120,9,1,2,66.48333333333333,30.833333333333332,68.75584173515207
2-GRAM,monitoringu wizyjnego,59,10,1,2,71.08474576271186,35.59322033898305,68.75026688130137
3-GRAM,infonuagiques solutions iaas,78,51,1,1,76.35897435897436,15.384615384615385,68.7393713462679
3-GRAM,offres infonuagiques solutions,78,51,1,1,76.35897435897436,15.384615384615385,68.7393713462679
2-GRAM,mantenimiento desarrollo,88,12,1,2,56.25,30.681818181818183,68.7359823773617
2-GRAM,energies renouvelables,60,51,1,1,45.25,25.0,68.73469456917732
2-GRAM,magazine municipal,54,42,1,1,67.11111111111111,24.074074074074073,68.73432178259765
2-GRAM,servicii suport,82,15,1,3,56.926829268292686,28.048780487804876,68.72427348979073
2-GRAM,delle procedure,64,7,1,2,47.5625,45.3125,68.71547911547911
2-GRAM,functioneel beheerder,52,12,1,1,49.34615384615385,38.46153846153846,68.70944675082606
2-GRAM,integracja systemu,56,5,1,2,60.964285714285715,85.71428571428571,68.70434635262222
2-GRAM,bazy danych,139,5,1,2,49.76978417266187,45.32374100719424,68.70141489451835
2-GRAM,mantenimiento software,48,9,1,2,74.0,41.666666666666664,68.6975175802762
2-GRAM,integracja systemow,68,5,1,2,57.35294117647059,60.294117647058826,68.68331780055918
2-GRAM,informacji pasazerskiej,57,15,1,2,53.96491228070175,33.333333333333336,68.68194526815216
2-GRAM,etat initial,37,28,1,1,56.62162162162162,35.13513513513514,68.67950521053969
2-GRAM,verlangerungsoption monate,97,4,1,1,72.17525773195877,61.855670103092784,68.67277810726087
2-GRAM,uma plataforma,59,10,1,2,58.271186440677965,37.28813559322034,68.66394984326018
2-GRAM,asysta techniczna,61,11,1,2,52.22950819672131,36.0655737704918,68.64364991951199
2-GRAM,saas oplossing,32,21,1,1,74.0,40.625,68.61541980852326
2-GRAM,alle norme,45,9,1,2,50.0,48.888888888888886,68.61060747267645
2-GRAM,opieki serwisowej,69,15,1,2,50.927536231884055,30.434782608695652,68.60116919427266
2-GRAM,systemu pacs,54,5,1,3,63.666666666666664,83.33333333333333,68.5783953232229
2-GRAM,desarrollo implementacion,83,11,1,2,49.566265060240966,32.53012048192771,68.56978734220114
2-GRAM,actions communication,54,47,1,1,82.0,22.22222222222222,68.56078962975515
2-GRAM,zzgl option,84,4,1,1,61.30952380952381,83.33333333333333,68.55557061763959
2-GRAM,neubau studierendenwohnheim,44,6,1,1,70.0,77.27272727272727,68.54796238244514
2-GRAM,soporte evolucion,50,7,1,2,62.12,48.0,68.53249173938829
3-GRAM,luckenschluss programms nach,25,23,1,1,82.0,68.0,68.52735745149538
2-GRAM,programms nach,25,23,1,1,82.0,68.0,68.52735745149538
2-GRAM,sistema automatizado,45,8,1,3,74.0,46.666666666666664,68.52520545623995
2-GRAM,podpora systemu,55,9,1,3,59.27272727272727,40.0,68.52320596458527
2-GRAM,exploitation cinema,35,33,1,1,62.857142857142854,34.285714285714285,68.5070066932136
3-GRAM,sistem informatic integrat,137,26,1,2,63.941605839416056,13.86861313868613,68.50670168601204
2-GRAM,centralnego systemu,64,13,1,2,53.46875,32.8125,68.49807676014572
2-GRAM,soporte gestion,77,10,1,2,50.38961038961039,33.76623376623377,68.49460306701687
3-GRAM,environnementale site phase,73,46,1,1,48.31506849315068,20.54794520547945,68.49063797339659
2-GRAM,provozni podpory,41,8,1,2,62.09756097560975,53.65853658536585,68.48457171905449
2-GRAM,licencias soporte,46,10,1,2,60.130434782608695,41.30434782608695,68.41794459035839
2-GRAM,vergabe breitband,30,28,1,1,77.53333333333333,40.0,68.41674150639668
2-GRAM,mantenimiento actualizacion,81,11,1,2,50.44444444444444,32.098765432098766,68.39220537151573
2-GRAM,software sap,50,11,1,6,74.32,36.0,68.36624586969414
2-GRAM,aquisicao software,44,10,1,2,74.0,40.90909090909091,68.3450987037194
2-GRAM,productos oracle,58,11,1,2,61.724137931034484,34.48275862068966,68.33688045412183
2-GRAM,missions ingenierie,41,33,1,1,48.53658536585366,31.70731707317073,68.33611793611794
2-GRAM,sistemas uzturesana,78,5,1,2,48.0,53.84615384615385,68.31771583495723
2-GRAM,economico financiera,42,10,1,2,48.0,47.61904761904762,68.31595357112599
2-GRAM,sowie software,47,12,1,1,74.0,36.170212765957444,68.30700669321358
2-GRAM,ses clients,30,4,2,2,68.16666666666667,26.666666666666668,68.29988985851054
2-GRAM,office lizenzen,41,11,1,1,58.02439024390244,43.90243902439025,68.29851732610354
3-GRAM,ugi wsparcia technicznego,82,16,1,2,60.073170731707314,25.609756097560975,68.28389392527325
2-GRAM,suport pentru,85,19,1,4,49.90588235294118,24.705882352941178,68.27848851986784
2-GRAM,aire alimentation,32,26,1,1,49.375,40.625,68.27243921037024
2-GRAM,rozvoj systemu,99,14,1,4,58.888888888888886,26.262626262626263,68.26423790561722
2-GRAM,infonuagique gestion,40,21,1,1,73.65,32.5,68.26288231805474
2-GRAM,kyberneticka bezpecnost,113,21,1,4,57.415929203539825,19.469026548672566,68.25591798695247
2-GRAM,ministere culture,30,5,2,2,48.5,23.333333333333332,68.22692535795984
2-GRAM,licencias sap,82,11,1,2,59.26829268292683,30.48780487804878,68.22301109887317
2-GRAM,desarrollo software,53,8,1,2,74.0,39.62264150943396,68.213369482335
3-GRAM,aquisicao licenciamento microsoft,43,9,1,2,58.7906976744186,46.51162790697674,68.21328475811234
2-GRAM,external ict,162,9,1,1,69.03703703703704,27.77777777777778,68.20559179869525
2-GRAM,licenciju palaikymo,60,9,1,2,60.46666666666667,36.666666666666664,68.20443954926712
2-GRAM,wraz licencjami,52,11,1,2,46.61538461538461,38.46153846153846,68.20069473862577
2-GRAM,sistema informacao,117,16,1,2,57.282051282051285,23.076923076923077,68.1982546810133
2-GRAM,befristete uberlassung,65,16,1,1,61.184615384615384,27.692307692307693,68.19535711259849
2-GRAM,schema coherence,79,68,1,1,62.55696202531646,12.658227848101266,68.19042616283996
2-GRAM,seguridad informacion,67,12,1,2,49.850746268656714,32.83582089552239,68.18896890621028
2-GRAM,wdrozenie infrastruktury,46,6,1,2,51.95652173913044,76.08695652173913,68.1542658646107
2-GRAM,licencias uso,89,13,1,2,61.146067415730336,26.96629213483146,68.15409641616537
2-GRAM,limbach oberfrohna,143,5,1,1,51.00699300699301,41.95804195804196,68.14557315936626
3-GRAM,rozbudowa systemow informatycznych,76,4,1,2,56.26315789473684,98.6842105263158,68.13420316868593
2-GRAM,manutencao sistema,76,10,1,2,53.73684210526316,32.89473684210526,68.0866051003982
2-GRAM,podpory rozvoje,93,16,1,2,60.774193548387096,23.655913978494624,68.06349233245786
2-GRAM,dla systemow,56,10,1,2,50.82142857142857,37.5,68.0596966872829
2-GRAM,hrm systeem,31,26,1,1,64.58064516129032,38.70967741935484,68.04927560789629
2-GRAM,titre provisoire,54,23,1,1,49.51851851851852,27.77777777777778,68.03288994323476
2-GRAM,evolucion plataforma,56,6,1,2,58.892857142857146,48.214285714285715,68.01021774125223
3-GRAM,dispositif videoprotection urbaine,39,37,1,1,82.0,28.205128205128204,67.96961789375582
2-GRAM,infraestructuras ferroviarias,115,4,1,2,52.85217391304348,56.52173913043478,67.96812674743708
2-GRAM,pacs ris,34,11,1,9,60.35294117647059,52.94117647058823,67.96783868508007
3-GRAM,entretien soutien technique,167,13,1,1,77.30538922155688,20.95808383233533,67.95494365839194
2-GRAM,centre supervision,49,34,1,1,52.63265306122449,26.53061224489796,67.95284249767009
2-GRAM,ingenierie etude,60,28,1,1,70.0,21.666666666666668,67.90421079386596
2-GRAM,pro rizeni,51,11,1,2,63.21568627450981,35.294117647058826,67.90334660679488
2-GRAM,informacion gestion,77,11,1,2,53.298701298701296,31.16883116883117,67.88596119630603
2-GRAM,urbaine ville,46,34,1,1,45.23913043478261,28.26086956521739,67.8802846733881
3-GRAM,swiadczenie ugi wsparcia,99,11,1,2,56.44444444444444,28.282828282828284,67.86052698466492
3-GRAM,extension systeme videoprotection,35,32,1,1,82.0,31.428571428571427,67.81680928577481
2-GRAM,environnementale phase,63,38,1,1,53.41269841269841,20.634920634920636,67.81253918495298
3-GRAM,contrat entretien soutien,90,52,1,1,69.53333333333333,6.666666666666667,67.78512242650174
2-GRAM,poziomu cyberbezpieczenstwa,74,4,1,1,52.5945945945946,93.24324324324324,67.7843937981869
3-GRAM,elaboration plan intercommunal,28,27,1,1,50.357142857142854,46.42857142857143,67.7546555960349
2-GRAM,manutencao evolutiva,121,10,1,2,60.14876033057851,27.272727272727273,67.74709819537406
2-GRAM,zapewnienie wsparcia,52,8,1,2,56.88461538461539,40.38461538461539,67.73760908243668
2-GRAM,communication ville,58,50,1,1,82.0,17.24137931034483,67.73688045412183
2-GRAM,technicke podpory,90,15,1,2,58.48888888888889,24.444444444444443,67.73564348047107
3-GRAM,zakup wsparcia technicznego,47,8,1,2,60.08510638297872,42.5531914893617,67.72684910615945
2-GRAM,eines open,263,4,1,1,73.11026615969581,41.444866920152094,67.72539184952979
3-GRAM,systeme videoprotection urbaine,44,40,1,1,82.0,25.0,67.71331017537914
2-GRAM,software base,53,12,1,5,74.0,32.075471698113205,67.71063288994324
3-GRAM,uga wsparcia technicznego,68,6,1,2,53.911764705882355,42.64705882352941,67.70937897144793
2-GRAM,bureaux etudes,26,19,1,1,70.0,57.69230769230769,67.70812505295264
2-GRAM,uma solucao,84,13,1,2,45.333333333333336,28.571428571428573,67.65952723883757
2-GRAM,modernisation extension,47,42,1,1,51.638297872340424,25.53191489361702,67.63651613996441
2-GRAM,utrzymanie systemu,62,9,1,2,50.806451612903224,35.483870967741936,67.62048631703804
2-GRAM,licence utilisation,47,40,1,1,71.27659574468085,23.404255319148938,67.6106921968991
2-GRAM,productos microsoft,72,10,1,2,64.08333333333333,30.555555555555557,67.60577819198508
2-GRAM,panorama presse,33,32,1,1,45.303030303030305,36.36363636363637,67.58674913157672
2-GRAM,etudes pre,59,50,1,1,70.20338983050847,16.949152542372882,67.58349572142676
2-GRAM,pre operationnelles,60,51,1,1,70.2,16.666666666666668,67.56987206642378
2-GRAM,sistemul informatic,64,15,1,2,66.625,26.5625,67.52066423790562
2-GRAM,oprogramowania biurowego,46,12,1,2,51.34782608695652,36.95652173913044,67.50504109124799
2-GRAM,etudes diagnostics,34,30,1,1,70.0,32.35294117647059,67.46559349317971
2-GRAM,transformacja cyfrowa,68,4,1,2,53.588235294117645,91.17647058823529,67.46306871134458
3-GRAM,dostawa instalacja konfiguracja,46,6,1,2,45.91304347826087,63.04347826086956,67.45027535372364
2-GRAM,contrat annuel,51,28,1,1,51.13725490196079,25.49019607843137,67.44198932474795
2-GRAM,wsparcie techniczne,100,9,1,2,53.82,30.0,67.42362111327628
2-GRAM,ausschlie lich,72,8,1,1,67.06944444444444,33.333333333333336,67.40159281538592
2-GRAM,delle infrazioni,42,7,1,2,56.857142857142854,52.38095238095238,67.39740743878674
2-GRAM,transformacji cyfrowej,170,3,1,1,54.188235294117646,100.0,67.38918918918918
2-GRAM,oprogramowania rownowaznego,53,6,1,2,62.37735849056604,45.283018867924525,67.38266542404473
2-GRAM,desenvolvimento implementacao,66,12,1,2,53.15151515151515,30.303030303030305,67.38156400915021
3-GRAM,aquisicao licenciamento software,91,7,1,2,74.0,31.86813186813187,67.36195882402778
2-GRAM,oeuvre systeme,47,42,1,1,45.148936170212764,25.53191489361702,67.35102939930526
2-GRAM,ict technical,154,10,1,1,69.54545454545455,24.025974025974026,67.35065661272557
2-GRAM,oraz wsparcie,46,10,1,2,51.34782608695652,39.130434782608695,67.34940269423028
3-GRAM,dostawa sprzetu serwerowego,40,10,1,2,57.05,42.5,67.3468440227061
3-GRAM,mantenimiento correctivo evolutivo,80,8,1,2,58.725,32.5,67.32815385918835
2-GRAM,oprogramowania potrzeby,51,10,1,2,46.90196078431372,37.254901960784316,67.30309243412691
2-GRAM,logiciel octopus,42,21,1,1,78.76190476190476,28.571428571428573,67.30256714394645
2-GRAM,inkl software,58,14,1,1,74.0,27.586206896551722,67.27165974752181
2-GRAM,procesow transformacji,154,3,1,1,54.467532467532465,100.0,67.26921968990933
2-GRAM,nuevo sistema,124,14,1,2,51.17741935483871,22.580645161290324,67.25191900364314
2-GRAM,programine iranga,118,13,1,2,47.69491525423729,24.576271186440678,67.25105481657206
3-GRAM,procesow transformacji cyfrowej,152,3,1,1,54.39473684210526,100.0,67.245022451919
2-GRAM,etude dangers,34,27,1,1,70.0,32.35294117647059,67.23931203931204
2-GRAM,pakietach dla,76,4,1,2,49.6578947368421,67.10526315789474,67.21699567906465
2-GRAM,coherence territoriale,68,59,1,1,61.63235294117647,11.764705882352942,67.20987884436161
3-GRAM,schema coherence territoriale,68,59,1,1,61.63235294117647,11.764705882352942,67.20987884436161
2-GRAM,transicao digital,82,5,1,2,51.24390243902439,43.90243902439025,67.2037617554859
2-GRAM,desenvolvimento aplicacional,315,8,1,2,60.22857142857143,25.714285714285715,67.19178175040244
2-GRAM,odrzavanje nadogradnja,68,7,1,2,54.35294117647059,36.76470588235294,67.16853342370584
2-GRAM,przyspieszenie procesow,145,3,1,1,54.38620689655173,100.0,67.16734728458866
3-GRAM,wsparcia technicznego producenta,61,8,1,2,63.114754098360656,34.42622950819672,67.15812928916377
3-GRAM,przyspieszenie procesow transformacji,144,3,1,1,54.34722222222222,100.0,67.15392696772007
2-GRAM,sistemas informacao,119,13,1,2,58.08403361344538,22.689075630252102,67.13557570109295
3-GRAM,utrzymania rozwoju systemu,45,9,1,2,58.266666666666666,40.0,67.12342624756418
2-GRAM,technicznego producenta,62,8,1,2,63.064516129032256,33.87096774193548,67.1225112259595
2-GRAM,geotechnique environnementale,42,31,1,1,67.38095238095238,26.19047619047619,67.1205456239939
3-GRAM,valdymo informacines sistemos,92,8,1,2,60.15217391304348,30.434782608695652,67.12012200288062
2-GRAM,conseil media,28,25,1,1,77.21428571428571,39.285714285714285,67.11752944166736
2-GRAM,gestion datos,46,6,1,2,51.95652173913044,54.34782608695652,67.11425908667289
2-GRAM,conception scenographique,45,27,1,1,82.0,24.444444444444443,67.1124629331526
2-GRAM,amenagement scenographique,28,19,1,1,82.0,42.857142857142854,67.09433194950435
2-GRAM,einer machbarkeitsstudie,88,8,1,1,70.5909090909091,29.545454545454547,67.07803100906548
2-GRAM,technisches monitoring,30,19,1,1,70.4,40.0,67.07404897060069
2-GRAM,evolutivo correctivo,54,5,1,2,58.55555555555556,53.7037037037037,67.05864610692197
3-GRAM,transformacji cyfrowej ochrony,132,3,1,1,54.43939393939394,100.0,67.0126069643311
3-GRAM,cyfrowej ochrony zdrowia,132,3,1,1,54.43939393939394,100.0,67.0126069643311
2-GRAM,cyfrowej ochrony,132,3,1,1,54.43939393939394,100.0,67.0126069643311
2-GRAM,systemes videoprotection,37,35,1,1,82.0,27.027027027027028,66.98852834025247
2-GRAM,valdymo informacines,94,8,1,2,60.297872340425535,29.78723404255319,66.97641277641277
2-GRAM,programsko opremo,47,9,1,2,54.340425531914896,38.297872340425535,66.94333643988817
2-GRAM,correctivo adaptativo,67,5,1,2,59.64179104477612,44.776119402985074,66.94186223841396
3-GRAM,directeur immobilier energetique,42,41,1,1,51.666666666666664,26.19047619047619,66.91129373887995
2-GRAM,immobilier energetique,42,41,1,1,51.666666666666664,26.19047619047619,66.91129373887995
2-GRAM,zamawiajacego systemu,46,12,1,2,53.69565217391305,34.78260869565217,66.90509192578158
2-GRAM,diagnostics etudes,30,24,1,1,70.0,36.666666666666664,66.88006439040922
2-GRAM,site natura,48,38,1,1,53.5625,22.916666666666668,66.84054901296281
2-GRAM,proiectului sistem,77,14,1,2,46.701298701298704,25.974025974025974,66.83707531983394
3-GRAM,poprzez dalszy rozwoj,120,3,1,1,54.3,100.0,66.80723544861476
2-GRAM,dalszy rozwoj,120,3,1,1,54.3,100.0,66.80723544861476
2-GRAM,poprzez dalszy,120,3,1,1,54.3,100.0,66.80723544861476
2-GRAM,saas palveluna,87,8,1,2,74.0,28.735632183908045,66.8063882063882
2-GRAM,suporte tecnico,84,12,1,3,53.404761904761905,26.19047619047619,66.78361433533847
2-GRAM,systeme telephonique,48,31,1,1,77.625,20.833333333333332,66.78237736168771
2-GRAM,actualizacion tecnologica,52,8,1,2,47.84615384615385,38.46153846153846,66.76375497754809
2-GRAM,manutencao corretiva,169,14,1,2,55.14792899408284,18.34319526627219,66.75946793188172
3-GRAM,renovacao licenciamento software,44,5,1,2,74.0,61.36363636363637,66.74247225281708
2-GRAM,analisis desarrollo,46,8,1,2,60.65217391304348,39.130434782608695,66.72759467931881
2-GRAM,animation opah,52,41,1,1,45.90384615384615,21.153846153846153,66.69665339320511
3-GRAM,suivi animation opah,52,41,1,1,45.90384615384615,21.153846153846153,66.69665339320511
3-GRAM,dalszy rozwoj cyfrowych,113,3,1,1,54.176991150442475,100.0,66.6821824959756
2-GRAM,hana transformation,28,19,1,1,62.785714285714285,42.857142857142854,66.65247818351266
3-GRAM,external ict technical,147,9,1,1,69.51020408163265,23.80952380952381,66.64891976616114
3-GRAM,renouvellement contrat entretien,73,33,1,1,62.0,10.95890410958904,66.64664915699397
2-GRAM,programme surveillance,35,12,1,1,51.142857142857146,42.857142857142854,66.64509023129712
2-GRAM,plataforma tecnologica,64,11,1,4,52.75,29.6875,66.6401592815386
3-GRAM,etudes pre operationnelles,51,43,1,1,70.23529411764706,17.647058823529413,66.63068711344573
2-GRAM,oprogramowania zarzadzania,42,6,1,2,56.523809523809526,54.76190476190476,66.62851817334575
2-GRAM,manutenzione evolutiva,53,12,1,2,61.16981132075472,30.18867924528302,66.6259764466661
2-GRAM,zasobu geodezyjnego,86,5,1,2,62.7906976744186,38.372093023255815,66.60996356858426
3-GRAM,dla potrzeb realizacji,82,5,1,2,61.97560975609756,39.02439024390244,66.59466237397272
2-GRAM,potrzeb realizacji,82,5,1,2,61.97560975609756,39.02439024390244,66.59466237397272
2-GRAM,collaboration bureautique,55,41,1,1,71.74545454545455,14.545454545454545,66.59367957298991
3-GRAM,swiadczenie wsparcia technicznego,41,9,1,2,65.02439024390245,39.02439024390244,66.5920359230704
3-GRAM,zdrowia poprzez dalszy,109,3,1,1,53.8348623853211,100.0,66.58071676692366
2-GRAM,etude assistance,38,35,1,1,70.0,26.31578947368421,66.57295602812843
2-GRAM,als software,32,13,1,1,74.75,40.625,66.56892315513005
3-GRAM,ramach projektu centrum,85,5,1,2,47.71764705882353,41.1764705882353,66.56512750995509
2-GRAM,implantacion soporte,58,7,1,2,60.310344827586206,36.206896551724135,66.56163687198169
2-GRAM,zzgl verlangerungsoption,111,3,1,1,70.8108108108108,63.96396396396396,66.5597898839278
2-GRAM,rozbudowy systemu,37,7,1,2,51.567567567567565,56.75675675675676,66.52869609421333
2-GRAM,posiadanych przez,100,12,1,2,47.98,25.0,66.52862831483522
3-GRAM,etude opportunite faisabilite,38,34,1,1,70.0,26.31578947368421,66.52281623316105
2-GRAM,gestion expedientes,52,9,1,2,56.19230769230769,34.61538461538461,66.50961619927138
3-GRAM,professionnels ingenierie etude,45,19,1,1,70.0,26.666666666666668,66.50905701940184
2-GRAM,technickeho vybaveni,43,5,1,2,61.81395348837209,67.44186046511628,66.50158434296365
3-GRAM,rabattvereinbarung nach abs,505,3,1,1,71.32871287128712,46.73267326732673,66.4838769804287
2-GRAM,base dados,47,7,1,2,59.829787234042556,40.42553191489362,66.45041091247987
2-GRAM,evolutivo adaptativo,47,5,1,2,61.234042553191486,55.319148936170215,66.44559857663306
2-GRAM,derechos uso,42,6,1,2,66.47619047619048,50.0,66.43978649495891
2-GRAM,detection reseaux,29,27,1,1,51.55172413793103,37.93103448275862,66.43470304159959
2-GRAM,nadzor autorski,71,4,1,2,47.352112676056336,59.15492957746479,66.43195797678555
2-GRAM,atencion usuarios,96,12,1,2,48.270833333333336,25.0,66.43183936287384
3-GRAM,missions etudes geotechniques,46,41,1,1,70.78260869565217,19.565217391304348,66.40699822079132
2-GRAM,gestion recursos,77,11,1,2,50.44155844155844,27.272727272727273,66.40216894009998
2-GRAM,platforma inteligentnych,48,4,1,1,74.0,100.0,66.38642717953061
3-GRAM,prieziuros vystymo paslaugos,82,6,1,2,60.170731707317074,34.146341463414636,66.38422434974159
2-GRAM,instalacao configuracao,121,8,1,2,60.446280991735534,26.446280991735538,66.34270948064051
2-GRAM,posiadanego systemu,43,5,1,2,57.95348837209303,69.76744186046511,66.33911717359993
2-GRAM,portales web,44,6,1,2,59.09090909090909,47.72727272727273,66.32391764805557
2-GRAM,aankondiging geval,35,18,1,1,53.2,34.285714285714285,66.30971786833857
2-GRAM,klasy erp,42,9,1,2,60.42857142857143,38.095238095238095,66.29265440989579
2-GRAM,systemu his,86,3,1,1,62.0,91.86046511627907,66.26754215030077
3-GRAM,asysty technicznej konserwacji,60,11,1,2,61.333333333333336,28.333333333333332,66.25688384309073
2-GRAM,technicznej konserwacji,60,11,1,2,61.333333333333336,28.333333333333332,66.25688384309073
2-GRAM,informacion comunicaciones,54,5,1,2,53.407407407407405,50.0,66.25627382868763
2-GRAM,intrusion videosurveillance,31,25,1,1,82.0,32.25806451612903,66.24625942556978
2-GRAM,sviluppo manutenzione,44,7,1,2,63.86363636363637,40.90909090909091,66.24388714733541
2-GRAM,piattaforma per,73,15,1,2,50.32876712328767,23.28767123287671,66.22738286876218
2-GRAM,absatz sgb,168,11,1,1,48.035714285714285,21.428571428571427,66.19825468101331
2-GRAM,funcionalidades soporte,50,6,1,2,59.76,42.0,66.1769211217487
2-GRAM,sluzeb podpory,50,12,1,2,62.08,30.0,66.16695755316445
2-GRAM,modalidad saas,61,8,1,2,74.0,31.147540983606557,66.16621198000507
2-GRAM,entretien evolution,55,23,1,1,75.47272727272727,18.181818181818183,66.16405998474963
2-GRAM,contrat abonnement,35,18,1,1,77.57142857142857,31.428571428571427,66.15894264170127
2-GRAM,vzdrzevanje sistema,88,9,1,2,45.11363636363637,28.40909090909091,66.13654155723121
2-GRAM,podniesienie poziomu,52,4,1,2,54.92307692307692,92.3076923076923,66.115411336101
2-GRAM,przed uzenia,68,9,1,2,46.088235294117645,30.88235294117647,66.10370244853004
2-GRAM,aue bad,51,6,1,1,49.86274509803921,43.13725490196079,66.0843683809201
3-GRAM,aue bad schlema,51,6,1,1,49.86274509803921,43.13725490196079,66.0843683809201
2-GRAM,gestion informacion,86,7,1,2,50.55813953488372,31.3953488372093,66.07167669236634
2-GRAM,cyfrowych ochronie,90,3,1,1,53.44444444444444,100.0,66.05610438024232
3-GRAM,rozwoj cyfrowych ochronie,90,3,1,1,53.44444444444444,100.0,66.05610438024232
2-GRAM,diagnostic structure,28,26,1,1,47.285714285714285,39.285714285714285,66.04588663899008
2-GRAM,operaciones seguridad,54,10,1,2,54.333333333333336,31.48148148148148,66.03458442768788
3-GRAM,cyfrowych ochronie zdrowia,89,3,1,1,53.37078651685393,100.0,66.01665678217401
3-GRAM,posiadanych przez zamawiajacego,71,10,1,2,48.816901408450704,28.169014084507044,65.98907057527747
2-GRAM,cybersecurite numerique,71,9,1,1,73.1830985915493,26.760563380281692,65.98276709311192
3-GRAM,pentru sistemul informatic,49,13,1,2,66.04081632653062,28.571428571428573,65.97792086757603
2-GRAM,dla posiadanego,71,11,1,2,61.014084507042256,25.35211267605634,65.97478607133779
3-GRAM,nuevas funcionalidades soporte,47,6,1,2,60.59574468085106,42.5531914893617,65.96377192239261
2-GRAM,implementation partner,25,20,1,1,50.68,52.0,65.94909768702873
2-GRAM,desarrollo aplicacion,66,4,1,2,67.54545454545455,48.484848484848484,65.94847072778109
2-GRAM,ugami towarzyszacymi,53,5,1,2,48.716981132075475,49.056603773584904,65.92691688553758
2-GRAM,licenci pro,60,10,1,2,62.46666666666667,28.333333333333332,65.90251630941286
2-GRAM,manutenzione correttiva,36,10,1,2,49.05555555555556,41.666666666666664,65.84734389561976
2-GRAM,renovacion ampliacion,53,6,1,2,45.735849056603776,41.509433962264154,65.84653054308227
2-GRAM,house arzneimittelrabattvertrage,519,3,1,1,52.19653179190752,47.39884393063584,65.8428874015081
3-GRAM,open house arzneimittelrabattvertrage,519,3,1,1,52.19653179190752,47.39884393063584,65.8428874015081
2-GRAM,landeshauptstadt dresden,85,10,1,1,51.09411764705882,25.88235294117647,65.82645090231297
2-GRAM,per digitalizzazione,40,8,1,2,46.95,42.5,65.82018130983649
3-GRAM,urbanisme intercommunal plui,33,29,1,1,57.03030303030303,30.303030303030305,65.80445649411168
2-GRAM,intercommunal plui,33,29,1,1,57.03030303030303,30.303030303030305,65.80445649411168
2-GRAM,pentru digitalizarea,58,11,1,2,61.206896551724135,27.586206896551722,65.79339151063289
3-GRAM,technickeho vybaveni pro,38,5,1,2,65.6842105263158,73.6842105263158,65.79018893501653
2-GRAM,desarrollo evolucion,60,12,1,2,59.166666666666664,26.666666666666668,65.7887655680759
2-GRAM,contrat soutien,57,29,1,1,73.54385964912281,12.280701754385966,65.76988901126833
3-GRAM,informatic integrat pentru,48,9,1,2,65.29166666666667,33.333333333333336,65.76511056511056
3-GRAM,wraz uga wdrozenia,34,7,1,2,55.470588235294116,55.88235294117647,65.75113106837244
2-GRAM,cloud lizenzen,43,14,1,1,59.651162790697676,30.232558139534884,65.7404049817843
2-GRAM,automatycznego systemu,70,5,1,2,74.0,37.142857142857146,65.73666017114293
2-GRAM,infrastructura digitala,77,4,1,2,54.72727272727273,46.753246753246756,65.7353893078031
2-GRAM,och forvaltning,49,16,1,2,53.87755102040816,26.53061224489796,65.72915360501568
2-GRAM,securitate cibernetica,50,5,1,3,62.48,46.0,65.72664576802508
2-GRAM,einer plattform,29,12,1,1,74.0,44.827586206896555,65.71261543675337
3-GRAM,informacniho systemu pro,42,9,1,2,62.285714285714285,35.714285714285715,65.70141489451834
2-GRAM,sistema sap,35,9,1,6,58.51428571428571,42.857142857142854,65.68252139286622
2-GRAM,sistemos prieziuros,93,7,1,2,56.70967741935484,29.032258064516128,65.6628145386766
2-GRAM,vystymo paslaugu,63,9,1,2,61.77777777777778,28.571428571428573,65.64271795306279
2-GRAM,adaptativo evolutivo,50,5,1,3,60.6,46.0,65.62477336270439
2-GRAM,sistemi informativi,57,8,1,2,51.85964912280702,33.333333333333336,65.62421418283488
2-GRAM,manutencao suporte,98,13,1,2,54.55102040816327,19.387755102040817,65.62026603405914
2-GRAM,nakup licenci,58,12,1,2,62.93103448275862,25.862068965517242,65.58861306447514
2-GRAM,control acces,41,8,1,3,56.24390243902439,39.02439024390244,65.56702533254257
2-GRAM,placement media,46,17,1,1,74.71739130434783,23.91304347826087,65.5555875624841
3-GRAM,cadrul proiectului sistem,63,13,1,2,47.682539682539684,25.396825396825395,65.53552486655936
2-GRAM,information geographique,34,30,1,1,82.0,26.470588235294116,65.534237058375
2-GRAM,serwerow macierzy,45,7,1,2,52.62222222222222,40.0,65.52325679911887
2-GRAM,licence abonnement,34,33,1,1,70.44117647058823,26.470588235294116,65.50875201220029
2-GRAM,aquisicao implementacao,40,7,1,2,46.25,45.0,65.49101075997628
2-GRAM,alimentation captages,25,22,1,1,59.0,44.0,65.45608743539778
2-GRAM,definition strategie,29,26,1,1,56.241379310344826,34.48275862068966,65.44793696517834
2-GRAM,jku linz,49,28,1,2,46.40816326530612,20.408163265306122,65.43919342540032
2-GRAM,gerencia informatica,237,3,1,2,53.19831223628692,47.257383966244724,65.43631280183004
3-GRAM,cargo plan recuperacion,62,6,1,2,45.38709677419355,37.096774193548384,65.4307718376684
2-GRAM,integrat cadrul,76,17,1,3,60.36842105263158,14.473684210526315,65.42250275353723
2-GRAM,serwis oprogramowania,65,5,1,2,54.43076923076923,40.0,65.40398203846479
2-GRAM,utrzymania systemu,58,6,1,2,58.58620689655172,36.206896551724135,65.4021858849445
2-GRAM,administrador infraestructuras,105,3,1,2,55.98095238095238,57.142857142857146,65.38383461831738
3-GRAM,administrador infraestructuras ferroviarias,105,3,1,2,55.98095238095238,57.142857142857146,65.38383461831738
2-GRAM,systemem informatycznym,35,7,1,2,50.34285714285714,51.42857142857143,65.37825976446666
2-GRAM,pentru sistemele,46,11,1,4,45.52173913043478,32.608695652173914,65.37646361094636
2-GRAM,wartung pflege,34,18,1,1,54.76470588235294,32.35294117647059,65.3591290349911
3-GRAM,vystymo paslaugu pirkimas,53,9,1,2,61.58490566037736,30.18867924528302,65.35677370160128
2-GRAM,ferroviarias adif,103,3,1,2,56.679611650485434,56.310679611650485,65.33479623824451
3-GRAM,infraestructuras ferroviarias adif,103,3,1,2,56.679611650485434,56.310679611650485,65.33479623824451
2-GRAM,plataforma digital,64,14,1,4,50.375,23.4375,65.33474540371093
2-GRAM,avp pro,41,37,1,1,53.90243902439025,21.951219512195124,65.32330763365246
2-GRAM,topographiques bathymetriques,32,27,1,1,82.0,28.125,65.32088452088452
2-GRAM,modelu subskrypcyjnym,60,5,1,2,60.06666666666667,40.0,65.30149961874099
2-GRAM,einer nicht,581,3,1,1,73.30292598967297,40.44750430292599,65.29875455392695
2-GRAM,pachete software,45,7,1,3,74.35555555555555,35.55555555555556,65.28870626112005
3-GRAM,einer nicht exklusiven,580,3,1,1,73.40344827586208,40.3448275862069,65.28631703804118
2-GRAM,ruchu sieciowego,43,10,1,2,45.48837209302326,34.883720930232556,65.27957298991781
3-GRAM,sistema informacion gestion,51,8,1,2,59.01960784313726,33.333333333333336,65.27182919596713
3-GRAM,eines open house,253,3,1,1,74.3201581027668,41.50197628458498,65.26266203507583
2-GRAM,rabattvereinbarung nach,600,3,1,1,71.45666666666666,40.166666666666664,65.26008641870712
2-GRAM,wdrozeniem oraz,33,7,1,2,48.42424242424242,57.57575757575758,65.245564686944
2-GRAM,etude prefiguration,39,37,1,1,70.61538461538461,20.512820512820515,65.24476827925103
3-GRAM,schemas directeurs assainissement,35,26,1,1,51.142857142857146,28.571428571428573,65.24361602982293
2-GRAM,directeurs assainissement,35,26,1,1,51.142857142857146,28.571428571428573,65.24361602982293
2-GRAM,veeam lizenzen,33,9,1,1,61.60606060606061,42.42424242424242,65.22640006777938
2-GRAM,microsoft lub,41,7,1,2,64.09756097560975,39.02439024390244,65.21736846564433
2-GRAM,serviciilor mentenanta,36,10,1,4,52.388888888888886,38.888888888888886,65.21555536727952
2-GRAM,informacnich systemu,57,10,1,2,55.719298245614034,28.07017543859649,65.20564263322885
2-GRAM,banca dati,34,8,1,2,49.8235294117647,47.05882352941177,65.20506650851479
3-GRAM,generale plan local,30,27,1,1,52.06666666666667,33.333333333333336,65.18885029229857
3-GRAM,revision generale plan,30,27,1,1,52.06666666666667,33.333333333333336,65.18885029229857
2-GRAM,generale plan,30,27,1,1,52.06666666666667,33.333333333333336,65.18885029229857
3-GRAM,informatica seguridad social,225,3,1,2,52.83555555555556,46.666666666666664,65.1626196729645
2-GRAM,informatica seguridad,225,3,1,2,52.83555555555556,46.666666666666664,65.1626196729645
3-GRAM,gerencia informatica seguridad,225,3,1,2,52.83555555555556,46.666666666666664,65.1626196729645
2-GRAM,historia clinica,40,6,1,2,60.75,45.0,65.14999576378887
2-GRAM,danych medycznych,44,4,1,2,61.13636363636363,81.81818181818181,65.11215792595102
2-GRAM,ugi dostepu,35,7,1,2,51.6,48.57142857142857,65.099042616284
2-GRAM,conception creation,36,32,1,1,61.19444444444444,25.0,65.09038380072863
2-GRAM,supraveghere video,64,15,1,3,82.0,17.1875,65.09023129712786
2-GRAM,sanzioni amministrative,50,5,1,2,49.2,46.0,65.07128696094213
3-GRAM,diseno desarrollo implantacion,53,4,1,2,57.283018867924525,54.716981132075475,65.04839447598069
2-GRAM,utrzymanie rozwoj,54,10,1,2,61.51851851851852,27.77777777777778,65.04715750232991
2-GRAM,servisni podpory,63,11,1,2,53.55555555555556,25.396825396825395,65.03436414470899
3-GRAM,centro operaciones seguridad,49,10,1,2,53.46938775510204,30.612244897959183,65.03304244683555
2-GRAM,vice presidence,164,5,1,1,54.26219512195122,31.097560975609756,65.03195797678556
3-GRAM,uzenie wsparcia technicznego,43,6,1,2,59.44186046511628,41.86046511627907,65.02429890705753
2-GRAM,vzdrzevanje informacijskega,71,9,1,2,60.394366197183096,25.35211267605634,65.02075743455053
2-GRAM,modernizare sistem,55,5,1,2,52.14545454545455,41.81818181818182,65.01360671015843
3-GRAM,vzdrzevanje informacijskega sistema,70,9,1,2,60.4,25.714285714285715,65.0123866813522
2-GRAM,execution graphique,31,25,1,1,82.0,29.032258064516128,65.0117258324155
2-GRAM,sistemas administracion,46,5,1,2,52.17391304347826,47.82608695652174,64.98298737609082
2-GRAM,personnels civils,27,9,1,1,69.5925925925926,59.25925925925926,64.9685673133949
2-GRAM,manutenzione software,42,9,1,2,74.0,33.333333333333336,64.96314496314496
2-GRAM,etude maitrise,39,32,1,1,70.3076923076923,20.512820512820515,64.96062018130984
3-GRAM,etude faisabilite programmation,38,35,1,1,70.0,21.05263157894737,64.95660425315597
3-GRAM,ministere cybersecurite numerique,68,7,1,1,74.88235294117646,27.941176470588236,64.95541811403879
2-GRAM,ministere cybersecurite,68,7,1,1,74.88235294117646,27.941176470588236,64.95541811403879
2-GRAM,manutenzione sistema,43,6,1,2,56.883720930232556,41.86046511627907,64.90229602643396
2-GRAM,interconnexion sites,35,30,1,1,59.02857142857143,25.714285714285715,64.90153350843006
2-GRAM,erp sap,34,12,1,8,62.64705882352941,35.294117647058826,64.87320172837414
3-GRAM,adaptation changement climatique,29,24,1,1,47.793103448275865,34.48275862068966,64.8640684571719
2-GRAM,adaptation changement,29,24,1,1,47.793103448275865,34.48275862068966,64.8640684571719
2-GRAM,oeuvre hebergement,50,34,1,1,52.92,14.0,64.85354570871812
2-GRAM,voix donnees,35,32,1,1,55.2,25.714285714285715,64.85005507074473
2-GRAM,vsphere standard,27,4,2,5,55.407407407407405,22.22222222222222,64.83839701770736
2-GRAM,netzes wirtschaftlichkeitsluckenmodell,51,43,1,1,78.94117647058823,1.9607843137254901,64.82512920443955
2-GRAM,gewahrung einer,35,12,1,1,60.94285714285714,34.285714285714285,64.79147674320087
2-GRAM,actualizacion licencias,73,5,1,2,64.41095890410959,34.24657534246575,64.78869778869779
2-GRAM,och arendehanteringssystem,45,10,1,2,57.955555555555556,31.11111111111111,64.75807845463018
2-GRAM,renouvellement solution,28,17,1,1,76.57142857142857,35.714285714285715,64.7263915953571
3-GRAM,etudes faisabilite programmation,34,24,1,1,70.0,26.470588235294116,64.72210454969075
2-GRAM,conseil strategie,41,35,1,1,57.36585365853659,19.51219512195122,64.69924595441837
2-GRAM,administracion generalitat,238,3,1,2,46.69747899159664,44.53781512605042,64.68177581970686
2-GRAM,unite stockage,30,23,1,1,77.46666666666667,30.0,64.6585613826993
3-GRAM,medecine prevention profit,25,16,1,1,52.52,48.0,64.65302041853766
2-GRAM,unites stockage,30,23,1,1,75.76666666666667,30.0,64.64615775650259
3-GRAM,etude maitrise oeuvre,37,30,1,1,70.32432432432432,21.62162162162162,64.63036516139965
2-GRAM,desenvolvimento manutencao,70,6,1,2,58.68571428571428,31.428571428571427,64.62658646106922
2-GRAM,data lake,29,10,1,8,62.13793103448276,44.827586206896555,64.5985766330594
2-GRAM,wdrozenie oprogramowania,46,4,1,2,55.73913043478261,63.04347826086956,64.59322206218758
3-GRAM,solution infonuagique gestion,31,16,1,1,74.93548387096774,32.25806451612903,64.58581716512751
2-GRAM,saas per,41,5,1,2,74.0,46.34146341463415,64.58139456070491
2-GRAM,infrastruktury pro,43,12,1,2,49.2093023255814,30.232558139534884,64.5514869101076
3-GRAM,sistema nacional salud,51,4,1,1,47.450980392156865,56.86274509803921,64.55009743285606
2-GRAM,nacional salud,51,4,1,1,47.450980392156865,56.86274509803921,64.55009743285606
2-GRAM,corretiva evolutiva,100,8,1,2,57.46,23.0,64.5359315428281
2-GRAM,competences eau,50,47,1,1,65.84,2.0,64.47823434719987
2-GRAM,systemu elektronicznego,31,7,1,2,52.32258064516129,54.83870967741935,64.47452342624757
2-GRAM,mantenimiento aplicacion,73,8,1,2,56.57534246575342,26.027397260273972,64.46938913835466
2-GRAM,systemu dynamicznej,35,10,1,2,53.2,37.142857142857146,64.4682707786156
2-GRAM,acces anti,31,28,1,1,55.806451612903224,29.032258064516128,64.46716936372108
2-GRAM,mentenanta corectiva,44,8,1,4,52.81818181818182,34.09090909090909,64.46028975684149
2-GRAM,dla posiadanych,70,7,1,2,56.42857142857143,28.571428571428573,64.46020503261882
2-GRAM,desarrollo sistemas,60,4,1,2,58.233333333333334,45.0,64.45564686943996
3-GRAM,integrat cadrul proiectului,69,15,1,3,60.57971014492754,14.492753623188406,64.45237651444549
2-GRAM,nicht exkl,273,3,1,1,70.46520146520146,38.827838827838825,64.40547318478353
2-GRAM,systeme automatisation,29,22,1,1,74.27586206896552,31.03448275862069,64.40288062357027
2-GRAM,analitica datos,52,10,1,2,59.19230769230769,26.923076923076923,64.39151063288995
2-GRAM,systemu bezpieczenstwa,50,8,1,2,48.0,32.0,64.38573244090486
2-GRAM,infrastructures technologiques,52,22,1,1,73.5,11.538461538461538,64.37612471405575
2-GRAM,prodotti software,42,8,1,2,74.0,33.333333333333336,64.37246462763704
2-GRAM,aquisicao plataforma,46,4,1,2,48.608695652173914,65.21739130434783,64.3699906803355
2-GRAM,etudes reglementaires,35,30,1,1,70.0,22.857142857142858,64.36958400406675
2-GRAM,soporte usuarios,42,5,1,2,55.23809523809524,47.61904761904762,64.36587308311447
2-GRAM,gigabitausbau landkreis,25,14,1,1,60.08,48.0,64.35233415233415
3-GRAM,acces anti intrusion,30,27,1,1,57.166666666666664,30.0,64.34813183089045
2-GRAM,serwerow oraz,35,7,1,2,45.885714285714286,45.714285714285715,64.34220113530458
2-GRAM,wdrozenie utrzymanie,36,8,1,2,57.22222222222222,38.888888888888886,64.34038803693977
2-GRAM,supervision urbain,34,27,1,1,51.85294117647059,26.470588235294116,64.31241209861899
2-GRAM,sistema operativo,34,7,1,4,58.1764705882353,44.11764705882353,64.30724392103703
2-GRAM,pentru dezvoltarea,77,15,1,3,45.48051948051948,15.584415584415584,64.30395662119801
2-GRAM,autorisation environnementale,37,34,1,1,56.62162162162162,21.62162162162162,64.30332966195034
2-GRAM,licencias productos,42,5,1,2,62.095238095238095,45.23809523809524,64.30149961874099
2-GRAM,otros sistemas,43,5,1,2,45.44186046511628,48.83720930232558,64.27625180038973
2-GRAM,cablage structure,34,28,1,1,48.5,26.470588235294116,64.25210539693299
3-GRAM,controle acces anti,29,26,1,1,58.62068965517241,31.03448275862069,64.23790561721596
2-GRAM,diagnostics vulnerabilite,32,26,1,1,51.84375,28.125,64.22982292637465
2-GRAM,administracion sistemas,44,6,1,2,57.0,38.63636363636363,64.22014742014741
2-GRAM,vzdrzevanje nadgradnja,56,7,1,2,59.214285714285715,30.357142857142858,64.20328729983902
2-GRAM,production contenus,25,21,1,1,57.08,40.0,64.20166059476404
2-GRAM,manutencao licenciamento,46,10,1,2,61.65217391304348,28.26086956521739,64.19957637888672
2-GRAM,habitats naturels,30,26,1,1,55.733333333333334,30.0,64.19222231636024
3-GRAM,centre supervision urbain,33,26,1,1,50.93939393939394,27.272727272727273,64.18363128018301
2-GRAM,sap enterprise,41,11,1,10,66.82926829268293,29.26829268292683,64.17407438786749
2-GRAM,plataforma virtualizacion,39,6,1,2,51.282051282051285,43.58974358974359,64.17344742861985
3-GRAM,paslaugu viesasis pirkimas,153,7,1,2,46.888888888888886,22.875816993464053,64.17246462763704
2-GRAM,evolucion tecnologica,49,7,1,2,58.61224489795919,32.6530612244898,64.15387613318649
3-GRAM,energie territorial pcaet,28,26,1,1,56.67857142857143,32.142857142857146,64.14521731763111
2-GRAM,territorial pcaet,28,26,1,1,56.67857142857143,32.142857142857146,64.14521731763111
3-GRAM,mantenimiento correctivo adaptativo,54,4,1,2,59.2962962962963,46.2962962962963,64.13601626705075
2-GRAM,danych egib,107,3,1,1,57.4392523364486,45.794392523364486,64.11817334575954
2-GRAM,paslaugu viesasis,154,7,1,2,46.97402597402598,22.727272727272727,64.11159874608151
2-GRAM,monitoring stanu,34,8,1,2,70.0,38.23529411764706,64.10768448699483
2-GRAM,solution billetterie,31,28,1,1,47.354838709677416,29.032258064516128,64.09933067864102
2-GRAM,lumiere video,31,28,1,1,82.0,25.806451612903224,64.09887316783869
2-GRAM,zonage assainissement,30,26,1,1,53.5,30.0,64.09258663051766
2-GRAM,dynamicznej informacji,40,12,1,2,55.05,30.0,64.08558840972634
3-GRAM,etude geotechnique environnementale,35,26,1,1,70.0,22.857142857142858,64.04880115224944
2-GRAM,pro zvyseni,37,8,1,2,49.351351351351354,37.83783783783784,64.02817927645515
2-GRAM,annuel logiciel,34,25,1,1,77.76470588235294,23.529411764705884,64.02197746335678
2-GRAM,perdavimo paslaugos,194,2,1,2,58.628865979381445,89.69072164948453,64.01757180377871
3-GRAM,duomenu perdavimo paslaugos,190,2,1,2,58.73684210526316,91.05263157894737,64.01733457595526
3-GRAM,nach absatz sgb,118,10,1,1,62.03389830508475,12.711864406779661,63.992391764805554
2-GRAM,echipamente software,74,7,1,2,74.54054054054055,24.324324324324323,63.95455392696772
2-GRAM,publicite exterieure,29,25,1,1,54.06896551724138,31.03448275862069,63.93518596966872
3-GRAM,caracterisation environnementale phase,42,25,1,1,54.285714285714285,19.047619047619047,63.91615690926035
2-GRAM,dokumentu valdymo,65,5,1,2,58.76923076923077,33.84615384615385,63.90714225196983
2-GRAM,protection urbaine,29,28,1,1,79.6896551724138,27.586206896551722,63.90002541726679
3-GRAM,materiels logiciels informatiques,30,28,1,1,74.53333333333333,26.666666666666668,63.89641616538168
2-GRAM,archive system,42,8,1,2,59.904761904761905,33.333333333333336,63.886283148352106
3-GRAM,gigabit netzes wirtschaftlichkeitsluckenmodell,49,43,1,1,81.55102040816327,0.0,63.88104719139202
2-GRAM,uga dostepu,46,8,1,2,60.95652173913044,30.434782608695652,63.82685757858171
2-GRAM,efektywnosci dostepnosci,35,6,1,2,46.0,48.57142857142857,63.81941879183259
3-GRAM,desarrollo mantenimiento aplicaciones,54,9,1,2,60.77777777777778,25.925925925925927,63.78973142421418
2-GRAM,wdrozenie systemow,32,5,1,2,55.125,87.5,63.7880538846056
2-GRAM,materiel son,28,24,1,1,53.285714285714285,32.142857142857146,63.775870541387775
2-GRAM,licencji dla,49,10,1,2,58.48979591836735,26.53061224489796,63.735118190290606
2-GRAM,gestion administracion,34,9,1,2,45.529411764705884,38.23529411764706,63.698754553926975
2-GRAM,provozu rozvoje,57,10,1,2,61.75438596491228,22.80701754385965,63.675014826738966
2-GRAM,systemu teleinformatycznego,44,5,1,2,50.40909090909091,43.18181818181818,63.66732186732186
2-GRAM,gestion contenidos,41,7,1,2,47.073170731707314,36.58536585365854,63.656138269931375
2-GRAM,irangos palaikymo,45,7,1,2,59.422222222222224,33.333333333333336,63.652529018046266
3-GRAM,systemu dynamicznej informacji,34,10,1,2,54.1764705882353,35.294117647058826,63.634109972041
2-GRAM,ugi asysty,57,8,1,2,60.10526315789474,26.31578947368421,63.58876556807592
3-GRAM,ugi asysty technicznej,57,8,1,2,60.10526315789474,26.31578947368421,63.58876556807592
3-GRAM,caracterisation environnementale site,32,22,1,1,47.65625,28.125,63.58734220113531
2-GRAM,creation graphique,33,30,1,1,82.0,21.21212121212121,63.58410573582988
2-GRAM,oprogramowania antywirusowego,32,7,1,2,59.25,43.75,63.57268491061595
2-GRAM,soutien informatique,37,28,1,1,63.648648648648646,18.91891891891892,63.56883843090739
2-GRAM,aplicacion gestion,50,11,1,2,60.28,24.0,63.55467254087944
2-GRAM,schema departemental,33,29,1,1,55.36363636363637,24.242424242424242,63.5500127086334
3-GRAM,unterversorgten gebieten dunkelgraue,28,26,1,1,82.0,28.571428571428573,63.54411590273659
3-GRAM,gebieten dunkelgraue flecken,28,26,1,1,82.0,28.571428571428573,63.54411590273659
2-GRAM,gebieten dunkelgraue,28,26,1,1,82.0,28.571428571428573,63.54411590273659
2-GRAM,wsparciem producenta,49,5,1,2,54.326530612244895,38.775510204081634,63.543641447089726
3-GRAM,dokumentu valdymo sistemos,52,5,1,2,60.0,36.53846153846154,63.53918495297806
2-GRAM,ict beheer,33,24,1,1,63.75757575757576,24.242424242424242,63.514445479962724
2-GRAM,licenci microsoft,51,12,1,2,63.568627450980394,21.568627450980394,63.50387189697534
3-GRAM,bevande calde fredde,35,5,1,2,70.91428571428571,48.57142857142857,63.499872913666024
2-GRAM,bevande calde,35,5,1,2,70.91428571428571,48.57142857142857,63.499872913666024
2-GRAM,calde fredde,35,5,1,2,70.91428571428571,48.57142857142857,63.499872913666024
2-GRAM,suscripciones licencias,36,5,1,2,69.16666666666667,47.22222222222222,63.49394221808015
2-GRAM,krajskou pobocku,62,3,1,2,48.806451612903224,61.29032258064516,63.49021435228332
2-GRAM,oficina gestion,52,7,1,2,50.80769230769231,30.76923076923077,63.48552063034822
2-GRAM,implantation systeme,42,34,1,1,51.095238095238095,14.285714285714286,63.47904769973735
3-GRAM,potrzeb realizacji projektu,72,4,1,2,67.11111111111111,36.111111111111114,63.4757434550538
2-GRAM,mission programmiste,39,37,1,1,46.02564102564103,17.94871794871795,63.47381174277726
3-GRAM,elaboration programme local,25,25,1,1,52.88,36.0,63.458408879098535
2-GRAM,corretiva preventiva,65,10,1,2,51.84615384615385,21.53846153846154,63.45784969922901
2-GRAM,uga asysty,35,6,1,2,60.8,42.857142857142854,63.456866898246204
2-GRAM,alle violazioni,32,5,1,2,59.8125,65.625,63.45163094128611
3-GRAM,wraz ugami towarzyszacymi,48,4,1,2,49.75,50.0,63.42331610607472
2-GRAM,digitalizacja dokumentacji,47,3,1,1,62.851063829787236,100.0,63.42084215877319
2-GRAM,ecologisch onderzoek,43,20,1,1,70.0,16.27906976744186,63.41670761670761
2-GRAM,nadgradnja vzdrzevanje,46,6,1,2,57.82608695652174,34.78260869565217,63.41369143438109
2-GRAM,wsparcia producenta,57,8,1,2,57.1578947368421,26.31578947368421,63.411454714902995
2-GRAM,inteligentnych pui,34,4,1,1,74.0,100.0,63.406710158434294
2-GRAM,trade system,40,6,1,2,63.3,37.5,63.403321189528086
3-GRAM,ugi wsparcia dla,63,7,1,2,53.682539682539684,26.984126984126984,63.3960687960688
2-GRAM,irangos prieziuros,79,8,1,2,57.0126582278481,21.518987341772153,63.39020587986106
3-GRAM,assistance technique logiciel,54,6,1,1,81.4074074074074,29.62962962962963,63.35799373040752
2-GRAM,oeuvre strategie,40,35,1,1,62.375,12.5,63.32861136999068
2-GRAM,software ambito,38,7,1,5,74.0,34.21052631578947,63.32352791663136
2-GRAM,helios kliniken,44,4,1,1,48.31818181818182,54.54545454545455,63.32330763365246
2-GRAM,sieci wan,35,6,1,2,45.885714285714286,45.714285714285715,63.30454969075659
2-GRAM,abonnement licences,25,18,1,1,77.84,36.0,63.29450139794968
2-GRAM,pulizia spurgo,36,8,1,2,51.0,36.111111111111114,63.277980174531905
2-GRAM,inteligenta artificiala,38,6,1,2,56.94736842105263,39.473684210526315,63.242734897907326
2-GRAM,systemow teleinformatycznych,45,8,1,2,47.51111111111111,31.11111111111111,63.21392866220452
2-GRAM,infonuagiques collaboration,36,30,1,1,75.33333333333333,16.666666666666668,63.21106498347878
3-GRAM,infonuagiques collaboration bureautique,36,30,1,1,75.33333333333333,16.666666666666668,63.21106498347878
2-GRAM,renovacion suscripcion,32,7,1,2,63.9375,40.625,63.21038718969754
2-GRAM,dodavka systemu,38,8,1,3,50.78947368421053,34.21052631578947,63.183749894094724
2-GRAM,digitalizzazione dei,34,7,1,2,47.0,41.1764705882353,63.171329323053456
2-GRAM,oprogramowania oracle,34,7,1,2,62.470588235294116,38.23529411764706,63.17058374989409
2-GRAM,eines patientenportals,43,31,1,1,63.58139534883721,6.976744186046512,63.15684148097941
2-GRAM,podpory udrzby,47,10,1,4,58.808510638297875,25.53191489361702,63.15370668474117
2-GRAM,definition programme,32,27,1,1,54.53125,25.0,63.120511734304834
2-GRAM,sning til,66,5,1,2,50.303030303030305,33.333333333333336,63.116004405659574
2-GRAM,dostawa automatycznego,30,8,1,2,74.0,40.0,63.10975175802762
2-GRAM,ampliacion licencias,31,7,1,2,62.25806451612903,41.935483870967744,63.06771159874609
2-GRAM,siihen liittyvat,64,7,1,2,50.03125,26.5625,63.06445818859612
2-GRAM,wdrozenie zintegrowanego,38,4,1,2,62.21052631578947,57.89473684210526,63.04475133440651
2-GRAM,soporte productos,31,7,1,2,61.354838709677416,41.935483870967744,63.02419723799035
3-GRAM,pakietach dla potrzeb,49,3,1,2,56.08163265306123,79.59183673469387,63.019859357790395
2-GRAM,transfert competence,42,41,1,1,66.07142857142857,2.380952380952381,63.006489875455394
2-GRAM,rfi system,32,5,1,3,57.0625,59.375,62.98681691095484
2-GRAM,projektu transformacja,51,3,1,2,45.72549019607843,86.27450980392157,62.957129543336436
2-GRAM,prieziuros modifikavimo,56,8,1,2,60.5,25.0,62.951758027620095
3-GRAM,scenographie exposition temporaire,38,25,1,1,55.55263157894737,18.42105263157895,62.93720240616793
3-GRAM,revision schema coherence,39,36,1,1,64.17948717948718,10.256410256410257,62.93117004151487
2-GRAM,esri arcgis,30,16,1,15,64.46666666666667,30.0,62.91919003643142
2-GRAM,tarnybiniu stociu,39,6,1,2,49.794871794871796,38.46153846153846,62.886367872574766
3-GRAM,przez zamawiajacego systemu,40,11,1,2,55.75,27.5,62.87472676438193
3-GRAM,cadrul proiectului modernizare,77,5,1,2,45.37662337662338,31.16883116883117,62.86332288401255
2-GRAM,dodavky reagencii,61,9,1,2,47.57377049180328,22.950819672131146,62.85778191985088
2-GRAM,automatizzato per,48,11,1,2,74.33333333333333,20.833333333333332,62.85510463441498
2-GRAM,vystymo prieziuros,52,5,1,2,58.69230769230769,34.61538461538461,62.8541896128103
2-GRAM,photographies aeriennes,44,8,1,1,78.95454545454545,27.272727272727273,62.85112259595019
2-GRAM,systemow alarmowych,40,7,1,2,45.1,35.0,62.839905108870624
2-GRAM,desenvolvimento software,89,8,1,2,74.0,14.606741573033707,62.8338388545285
3-GRAM,szpitalnego systemu informatycznego,35,4,1,2,58.8,77.14285714285714,62.82316360247394
3-GRAM,erstellung einer machbarkeitsstudie,65,6,1,1,70.67692307692307,26.153846153846153,62.82214691180208
2-GRAM,systemu sap,39,10,1,5,60.87179487179487,28.205128205128204,62.810726086588154
2-GRAM,bases dados,35,6,1,2,62.8,40.0,62.80806574599678
2-GRAM,operacion soporte,26,8,1,2,54.92307692307692,53.84615384615385,62.802609506057784
2-GRAM,implementarea sistemului,35,6,1,3,62.34285714285714,40.0,62.79220537151571
2-GRAM,systeme communication,26,22,1,1,82.0,30.76923076923077,62.7864610692197
2-GRAM,prealable transfert,41,39,1,1,67.60975609756098,2.4390243902439024,62.78110649834788
2-GRAM,rozbudowa posiadanego,39,4,1,2,50.256410256410255,58.97435897435897,62.769719562823006
2-GRAM,sukurimo paslaugos,86,7,1,2,50.44186046511628,22.093023255813954,62.76846564432772
2-GRAM,systemu erp,41,5,1,3,63.073170731707314,39.02439024390244,62.761331864780146
2-GRAM,kunstliche intelligenz,34,9,1,1,45.470588235294116,35.294117647058826,62.754045581631786
3-GRAM,platforma inteligentnych pui,32,4,1,1,74.0,100.0,62.746267897992034
2-GRAM,diagnostic vulnerabilite,28,26,1,1,56.25,28.571428571428573,62.744387020249086
2-GRAM,software cadrul,53,5,1,2,74.45283018867924,32.075471698113205,62.74289587393035
3-GRAM,analisis diseno desarrollo,31,5,1,2,57.03225806451613,61.29032258064516,62.74147250698975
2-GRAM,local publicite,27,26,1,1,57.51851851851852,29.62962962962963,62.73289841565703
2-GRAM,reglement local,27,26,1,1,57.51851851851852,29.62962962962963,62.73289841565703
3-GRAM,reglement local publicite,27,26,1,1,57.51851851851852,29.62962962962963,62.73289841565703
2-GRAM,diagnostic technique,31,26,1,1,46.935483870967744,25.806451612903224,62.712683216131495
2-GRAM,etude schema,26,23,1,1,70.46153846153847,30.76923076923077,62.70961619927137
2-GRAM,solutii software,59,4,1,3,74.40677966101696,35.59322033898305,62.70514276031517
2-GRAM,aquisicao licencas,62,8,1,2,67.6774193548387,20.967741935483872,62.67603151741083
2-GRAM,etablissement schema,25,20,1,1,50.2,36.0,62.66347538761332
2-GRAM,power plant,33,17,1,15,48.84848484848485,27.272727272727273,62.65995085995086
2-GRAM,videoprotection controle,25,22,1,1,82.0,32.0,62.657866644073536
2-GRAM,evolutivo soporte,36,4,1,2,60.44444444444444,61.111111111111114,62.6562568838431
2-GRAM,bestimmung netzbetreiber,42,41,1,1,81.47619047619048,0.0,62.655155468948564
2-GRAM,dranken automaten,25,16,1,1,74.0,36.0,62.64731000593069
3-GRAM,warme dranken automaten,25,16,1,1,74.0,36.0,62.64731000593069
3-GRAM,informatic integrat cadrul,63,13,1,2,64.22222222222223,9.523809523809524,62.63594001525036
2-GRAM,espacio datos,49,4,1,2,54.36734693877551,42.857142857142854,62.634008302973825
2-GRAM,software oracle,41,11,1,7,74.0,24.390243902439025,62.61774125222401
3-GRAM,manutencao corretiva preventiva,60,9,1,2,52.266666666666666,21.666666666666668,62.60655765483351
3-GRAM,implantacion puesta marcha,59,7,1,2,56.94915254237288,25.423728813559322,62.60427010082183
3-GRAM,licencne programske opreme,41,7,1,2,60.0,31.70731707317073,62.57371854613234
2-GRAM,licencne programske,41,7,1,2,60.0,31.70731707317073,62.57371854613234
2-GRAM,reseau regional,29,13,1,1,53.58620689655172,34.48275862068966,62.57237990341439
3-GRAM,programines irangos prieziuros,71,7,1,2,58.225352112676056,22.535211267605632,62.56531390324493
2-GRAM,kybernetickej bezpecnosti,32,6,1,2,59.5625,43.75,62.548250444802164
2-GRAM,strategic communication,31,23,1,23,82.0,22.580645161290324,62.547047360840466
2-GRAM,igel lizenzen,30,8,1,1,58.3,40.0,62.54670846394984
3-GRAM,wsparcia dla oprogramowania,38,7,1,2,53.0,34.21052631578947,62.521765652800134
2-GRAM,solutions logicielles,31,24,1,1,74.0,22.580645161290324,62.51759722104549
2-GRAM,abonnement solution,28,14,1,1,78.85714285714286,32.142857142857146,62.51680081335253
2-GRAM,confluence lizenzen,26,10,1,1,61.61538461538461,42.30769230769231,62.50234686096755
2-GRAM,subskrypcji licencji,44,7,1,2,61.86363636363637,29.545454545454547,62.47860713377955
2-GRAM,realizacji prac,53,4,1,2,66.45283018867924,37.735849056603776,62.461103109378975
2-GRAM,wdrozenie integracja,26,6,1,2,63.84615384615385,73.07692307692308,62.45820554096416
3-GRAM,gigabit bestimmung netzbetreiber,41,40,1,1,82.0,0.0,62.43600779462848
2-GRAM,gigabit bestimmung,41,40,1,1,82.0,0.0,62.43600779462848
2-GRAM,oraz rozwoj,31,5,1,2,55.16129032258065,58.064516129032256,62.43233076336524
3-GRAM,offres infonuagiques collaboration,33,27,1,1,75.45454545454545,18.181818181818183,62.414572566296705
2-GRAM,flore habitats,26,25,1,1,57.30769230769231,30.76923076923077,62.4015250360078
3-GRAM,faune flore habitats,26,25,1,1,57.30769230769231,30.76923076923077,62.4015250360078
2-GRAM,creation conception,32,26,1,1,58.96875,21.875,62.38932474794544
2-GRAM,systeme intercommunication,40,16,1,1,82.0,17.5,62.37793781242057
3-GRAM,software cadrul proiectului,49,5,1,2,74.48979591836735,32.6530612244898,62.37312547657376
2-GRAM,patrimonial remarquable,35,29,1,1,45.2,20.0,62.35353723629585
3-GRAM,site patrimonial remarquable,35,29,1,1,45.2,20.0,62.35353723629585
3-GRAM,wraz integracja systemem,30,5,1,2,49.4,70.0,62.336016267050745
2-GRAM,inwestycji przyspieszenie,43,3,1,1,55.25581395348837,100.0,62.326069643311016
3-GRAM,inwestycji przyspieszenie procesow,43,3,1,1,55.25581395348837,100.0,62.326069643311016
3-GRAM,basse tension eclairage,29,24,1,1,47.3448275862069,27.586206896551722,62.322816233161056
2-GRAM,sviluppo gestione,34,5,1,2,56.529411764705884,47.05882352941177,62.316614420062706
2-GRAM,conseils strategiques,38,25,1,1,53.473684210526315,15.789473684210526,62.3022621367449
3-GRAM,competenza della polizia,51,3,1,2,54.03921568627451,56.86274509803921,62.30005930695586
3-GRAM,uga asysty technicznej,29,6,1,2,60.96551724137931,48.275862068965516,62.28047106667796
2-GRAM,dispositif video,33,32,1,1,82.0,15.151515151515152,62.27084639498433
2-GRAM,integrat colectare,58,3,1,2,56.310344827586206,48.275862068965516,62.26537321020079
2-GRAM,taxe locale,26,24,1,1,56.46153846153846,30.76923076923077,62.241972379903416
2-GRAM,intercommunal valant,33,25,1,1,53.333333333333336,21.21212121212121,62.23427942048632
3-GRAM,urbanisme intercommunal valant,33,25,1,1,53.333333333333336,21.21212121212121,62.23427942048632
2-GRAM,implementarii proiectului,73,9,1,2,46.0,17.80821917808219,62.20167753960857
2-GRAM,civiele techniek,25,12,1,1,45.2,44.0,62.18056426332288
3-GRAM,multifunktionssystemen sowie software,37,8,1,1,74.0,29.72972972972973,62.174616622892486
2-GRAM,multifunktionssystemen sowie,37,8,1,1,74.0,29.72972972972973,62.174616622892486
3-GRAM,supports communication ville,35,31,1,1,82.0,11.428571428571429,62.15641785986614
2-GRAM,evaluation impact,27,21,1,1,58.22222222222222,29.62962962962963,62.150283826145895
2-GRAM,systemem his,43,3,1,2,56.093023255813954,83.72093023255815,62.14813183089045
2-GRAM,destino agencia,33,5,1,2,54.0,48.484848484848484,62.14772515462171
3-GRAM,ramach inwestycji przyspieszenie,42,3,1,1,55.142857142857146,100.0,62.13188172498517
2-GRAM,trait cote,35,32,1,1,49.57142857142857,17.142857142857142,62.12820469372194
3-GRAM,prieziuros palaikymo paslaugos,50,3,1,2,58.16,54.0,62.12449377276963
2-GRAM,abschluss nicht,502,4,1,1,45.96414342629482,26.693227091633467,62.103533000084724
3-GRAM,per acquisizione dei,37,6,1,2,46.054054054054056,37.83783783783784,62.08433449123104
2-GRAM,humaines sirh,25,22,1,1,60.16,32.0,62.08058968058968
3-GRAM,ressources humaines sirh,25,22,1,1,60.16,32.0,62.08058968058968
2-GRAM,licences arcgis,31,13,1,1,69.83870967741936,29.032258064516128,62.078573244090485
2-GRAM,image marque,37,31,1,1,69.32432432432432,8.108108108108109,62.06683046683046
3-GRAM,video protection urbaine,27,26,1,1,82.0,25.925925925925927,62.06262814538677
2-GRAM,miniwettbewerb aus,147,2,1,1,59.7687074829932,51.02040816326531,62.052884859781415
3-GRAM,systeme information geographique,28,25,1,1,82.0,25.0,62.04393798186901
3-GRAM,systemu informatycznego klasy,31,7,1,2,59.87096774193548,38.70967741935484,62.03275438447852
2-GRAM,informatycznego klasy,31,7,1,2,59.87096774193548,38.70967741935484,62.03275438447852
2-GRAM,einer studie,40,6,1,1,70.9,32.5,62.031669914428534
2-GRAM,sistemos palaikymo,35,7,1,2,59.542857142857144,34.285714285714285,62.0272303651614
2-GRAM,habitat prive,31,28,1,1,50.87096774193548,22.580645161290324,62.02035075828179
3-GRAM,suport tehnic pentru,38,9,1,3,56.0,28.94736842105263,62.019791578412274
2-GRAM,programmation urbaine,34,30,1,1,65.1470588235294,14.705882352941176,62.01743624502245
3-GRAM,sistema integral gestion,43,4,1,2,55.16279069767442,44.18604651162791,62.01018385156317
2-GRAM,podpora provozu,43,11,1,2,57.76744186046512,23.25581395348837,62.003151741082775
2-GRAM,software pro,42,8,1,2,74.19047619047619,26.19047619047619,61.99220537151571
2-GRAM,dzwigow osobowych,35,5,1,2,47.31428571428572,45.714285714285715,61.987630263492335
2-GRAM,contrat serv,55,3,1,1,45.07272727272727,52.72727272727273,61.97459967804796
2-GRAM,weiterentwicklung einer,25,7,1,1,52.4,64.0,61.96616114547149
2-GRAM,nuevos desarrollos,46,9,1,2,59.21739130434783,23.91304347826087,61.96139964415826
2-GRAM,intelligenza artificiale,34,5,1,2,48.294117647058826,47.05882352941177,61.95894264170127
2-GRAM,zakresu cyberbezpieczenstwa,32,4,1,2,55.6875,90.625,61.95856985512158
2-GRAM,reseaux basse,27,23,1,1,47.25925925925926,29.62962962962963,61.94748792679826
3-GRAM,reseaux basse tension,27,23,1,1,47.25925925925926,29.62962962962963,61.94748792679826
2-GRAM,konsultavimo paslaugos,31,6,1,2,47.096774193548384,45.16129032258065,61.937761586037446
3-GRAM,oraz wsparcia technicznego,27,8,1,2,53.111111111111114,44.44444444444444,61.93164449716174
2-GRAM,piattaforma informatica,29,7,1,2,45.172413793103445,44.827586206896555,61.926188257222734
2-GRAM,landkreis nordsachsen,44,4,1,1,53.70454545454545,43.18181818181818,61.900872659493345
3-GRAM,instituto credito oficial,67,4,1,2,51.343283582089555,34.32835820895522,61.89926289926291
2-GRAM,credito oficial,67,4,1,2,51.343283582089555,34.32835820895522,61.89926289926291
2-GRAM,instituto credito,67,4,1,2,51.343283582089555,34.32835820895522,61.89926289926291
2-GRAM,instalare configurare,75,5,1,2,49.54666666666667,28.0,61.896450055070744
2-GRAM,systemu obs,52,5,1,2,53.15384615384615,32.69230769230769,61.89365415572313
2-GRAM,licente pentru,51,10,1,4,59.450980392156865,19.607843137254903,61.88848597814115
2-GRAM,danych wraz,28,8,1,2,47.142857142857146,42.857142857142854,61.86689824620859
2-GRAM,system ict,42,3,1,3,63.38095238095238,66.66666666666667,61.8616622892485
3-GRAM,systemu obs ugi,51,5,1,2,53.80392156862745,33.333333333333336,61.85408794374311
3-GRAM,software per gestione,47,7,1,2,74.0,25.53191489361702,61.84490383800728
2-GRAM,posiadanych licencji,36,6,1,2,58.94444444444444,36.111111111111114,61.84105735829874
2-GRAM,net developer,27,3,2,2,69.0,18.51851851851852,61.8408709650089
2-GRAM,einer losung,35,15,1,1,62.51428571428571,22.857142857142858,61.83170380411761
2-GRAM,toma decisiones,31,7,1,2,54.903225806451616,38.70967741935484,61.80460899771245
2-GRAM,wdrozenia systemu,30,6,1,2,49.733333333333334,46.666666666666664,61.80372786579683
2-GRAM,urzadzen oprogramowania,57,5,1,2,47.40350877192982,31.57894736842105,61.79190036431416
2-GRAM,wizyt studyjnych,46,3,1,2,70.17391304347827,52.17391304347826,61.778225874777604
2-GRAM,informacny system,55,4,1,2,57.63636363636363,36.36363636363637,61.77778530881979
2-GRAM,serverove infrastruktury,32,8,1,2,58.1875,34.375,61.76880454121834
3-GRAM,mantenimiento evolutivo correctivo,36,4,1,2,56.666666666666664,52.77777777777778,61.76568668982462
3-GRAM,digitalizacja dokumentacji medycznej,38,3,1,1,64.89473684210526,100.0,61.763636363636365
3-GRAM,funcionalidades soporte mantenimiento,44,4,1,2,60.63636363636363,40.90909090909091,61.762755231720746
2-GRAM,capsules video,29,21,1,1,72.75862068965517,24.137931034482758,61.7264932644243
2-GRAM,infrastruktury sprzetowej,32,5,1,2,58.3125,46.875,61.72088452088452
3-GRAM,abschluss einer nicht,578,2,1,1,73.60553633217994,40.484429065743946,61.69556892315513
2-GRAM,system til,59,6,1,2,59.45762711864407,25.423728813559322,61.68597814115056
3-GRAM,administracion generalitat catalunya,195,2,1,2,52.58461538461538,47.69230769230769,61.685876472083365
2-GRAM,eines dokumentenmanagementsystems,30,11,1,1,54.266666666666666,33.333333333333336,61.68082690841312
3-GRAM,nicht exklusiven rabattvereinbarung,577,2,1,1,73.70710571923743,40.38128249566724,61.67881047191391
2-GRAM,exklusiven rabattvereinbarung,577,2,1,1,73.70710571923743,40.38128249566724,61.67881047191391
3-GRAM,exklusiven rabattvereinbarung nach,577,2,1,1,73.70710571923743,40.38128249566724,61.67881047191391
3-GRAM,manutencao corretiva evolutiva,78,7,1,2,58.51282051282051,17.94871794871795,61.675777344742855
2-GRAM,projektu cyberbezpieczny,40,4,1,1,46.3,47.5,61.658747775989156
2-GRAM,alimenti bevande,48,6,1,2,58.25,29.166666666666668,61.649123104295526
2-GRAM,professionnels developpement,34,20,1,1,52.44117647058823,20.58823529411765,61.647547233754125
3-GRAM,ugi utrzymania rozwoju,32,5,1,2,56.6875,46.875,61.64727611624163
2-GRAM,informatyki sledczej,35,5,1,2,52.4,42.857142857142854,61.64115902736593
3-GRAM,dinamico adquisicion sda,99,2,1,1,52.707070707070706,59.5959595959596,61.63716004405659
2-GRAM,etudes urbaines,27,24,1,1,70.44444444444444,25.925925925925927,61.63492332457849
2-GRAM,dostawa platformy,31,7,1,2,74.0,35.483870967741936,61.62353638905363
2-GRAM,adquisicion sda,100,2,1,1,52.38,59.0,61.6185546047615
2-GRAM,adquisicion implantacion,48,11,1,2,59.583333333333336,18.75,61.617588748623234
2-GRAM,actualizacion mantenimiento,57,7,1,2,46.421052631578945,24.56140350877193,61.60071168347031
2-GRAM,intelligence affaires,31,25,1,1,68.12903225806451,19.35483870967742,61.580648987545544
2-GRAM,swiadczenie asysty,33,8,1,2,59.15151515151515,33.333333333333336,61.56619503516056
2-GRAM,contratacion renovacion,35,4,1,2,49.542857142857144,57.142857142857146,61.564839447598075
2-GRAM,ambito necessidade,111,2,1,2,60.126126126126124,50.450450450450454,61.55484198932474
2-GRAM,serveru pro,42,8,1,2,61.333333333333336,26.19047619047619,61.54953825298652
2-GRAM,actualizacion plataforma,30,7,1,2,52.8,40.0,61.54148945183428
2-GRAM,sobre plataforma,37,8,1,4,56.5945945945946,29.72972972972973,61.53328814708125
2-GRAM,lub oprogramowania,34,4,1,2,62.88235294117647,52.94117647058823,61.52096924510718
2-GRAM,zintegrowany system,32,6,1,2,50.4375,40.625,61.51595357112598
2-GRAM,electrification eclairage,25,17,1,1,71.28,32.0,61.505007201558925
2-GRAM,ict consultants,40,3,1,2,66.55,65.0,61.503753283063624
3-GRAM,catalunya sector publico,208,2,1,2,54.40384615384615,46.15384615384615,61.48377531136151
3-GRAM,generalitat catalunya sector,208,2,1,2,54.40384615384615,46.15384615384615,61.48377531136151
2-GRAM,catalunya sector,208,2,1,2,54.40384615384615,46.15384615384615,61.48377531136151
2-GRAM,miesiecy wraz,36,7,1,2,53.44444444444444,33.333333333333336,61.46969414555622
3-GRAM,cyfrowych baz danych,67,3,1,1,68.53731343283582,38.80597014925373,61.44149792425654
2-GRAM,cyfrowych baz,67,3,1,1,68.53731343283582,38.80597014925373,61.44149792425654
2-GRAM,informatic pentru,37,11,1,3,63.891891891891895,24.324324324324323,61.44115902736592
2-GRAM,manutenzione supporto,36,8,1,2,54.111111111111114,30.555555555555557,61.438125900194876
2-GRAM,installazione configurazione,38,4,1,2,52.68421052631579,47.36842105263158,61.43760061001441
2-GRAM,atti sanzionatori,29,6,1,2,57.310344827586206,44.827586206896555,61.427992883165295
2-GRAM,ouvrage etude,30,27,1,1,70.0,20.0,61.42677285435906
2-GRAM,aquisicao subscricao,27,6,1,2,64.81481481481481,48.148148148148145,61.413911717359994
2-GRAM,cottbuser stra,44,3,1,1,60.95454545454545,54.54545454545455,61.409590782004564
3-GRAM,digital seguranca social,69,3,1,2,51.68115942028985,40.57971014492754,61.396916038295345
2-GRAM,digital seguranca,69,3,1,2,51.68115942028985,40.57971014492754,61.396916038295345
3-GRAM,transicao digital seguranca,69,3,1,2,51.68115942028985,40.57971014492754,61.396916038295345
2-GRAM,wizyty studyjnej,53,3,1,2,70.0754716981132,43.39622641509434,61.39200203338134
3-GRAM,lub oprogramowania rownowaznego,33,4,1,2,62.96969696969697,54.54545454545455,61.38773193255952
2-GRAM,systeem gemeente,31,28,1,1,56.25806451612903,19.35483870967742,61.364280267728546
2-GRAM,zakresie rolnictwa,40,3,1,1,46.45,100.0,61.351266627128695
3-GRAM,delle sanzioni amministrative,41,4,1,2,49.36585365853659,43.90243902439025,61.33923578751165
3-GRAM,wege eines open,226,2,1,1,81.40707964601769,40.26548672566372,61.33745657883589
3-GRAM,coherence territoriale scot,35,31,1,1,61.25714285714286,8.571428571428571,61.30475302889096
2-GRAM,territoriale scot,35,31,1,1,61.25714285714286,8.571428571428571,61.30475302889096
2-GRAM,scada system,27,7,1,6,55.925925925925924,44.44444444444444,61.30036431415742
2-GRAM,datu parraides,78,5,1,2,61.333333333333336,24.358974358974358,61.27652291790223
2-GRAM,licencias mantenimiento,63,2,1,1,71.80952380952381,69.84126984126983,61.26484792002033
2-GRAM,inkl schulung,30,4,1,1,60.03333333333333,83.33333333333333,61.25532491739388
2-GRAM,abonnement licence,25,16,1,1,72.92,32.0,61.25381682623062
3-GRAM,technicznego dla systemu,36,5,1,2,59.05555555555556,38.888888888888886,61.25002118105567
2-GRAM,elaborazione dati,30,7,1,2,45.93333333333333,40.0,61.243192408709646
2-GRAM,droit utilisation,38,18,1,1,79.05263157894737,10.526315789473685,61.23043294077777
2-GRAM,palaikymo vystymo,49,7,1,2,59.46938775510204,24.489795918367346,61.22218080149115
2-GRAM,integracja rozbudowa,64,2,1,1,55.3125,98.4375,61.22062187579429
2-GRAM,railway line,27,7,1,7,54.0,44.44444444444444,61.21109887316784
2-GRAM,produse software,50,4,1,2,74.32,34.0,61.19040921799542
3-GRAM,aplicacional ambito necessidade,107,2,1,2,60.13084112149533,48.598130841121495,61.17993730407523
2-GRAM,sistemos vystymo,34,5,1,2,56.88235294117647,41.1764705882353,61.179310344827584
2-GRAM,pentru infrastructura,39,7,1,2,47.48717948717949,30.76923076923077,61.176616114547144
3-GRAM,nemocnicniho informacniho systemu,26,6,1,2,58.53846153846154,53.84615384615385,61.16865203761756
2-GRAM,nemocnicniho informacniho,26,6,1,2,58.53846153846154,53.84615384615385,61.16865203761756
2-GRAM,prieziuros palaikymo,86,3,1,2,57.53488372093023,36.04651162790697,61.16716089129882
2-GRAM,modernizacja cyfrowych,66,3,1,1,69.27272727272727,37.878787878787875,61.16424637803948
3-GRAM,oraz modernizacja cyfrowych,66,3,1,1,69.27272727272727,37.878787878787875,61.16424637803948
3-GRAM,modernizacja cyfrowych baz,66,3,1,1,69.27272727272727,37.878787878787875,61.16424637803948
3-GRAM,politechniki wroc awskiej,114,2,1,2,56.80701754385965,49.12280701754386,61.16116241633483
2-GRAM,politechniki wroc,114,2,1,2,56.80701754385965,49.12280701754386,61.16116241633483
2-GRAM,sustava upravljanje,43,8,1,2,53.48837209302326,25.58139534883721,61.142167245615525
2-GRAM,migration integration,29,18,1,1,72.48275862068965,24.137931034482758,61.141370837922565
3-GRAM,realizacji projektu geodezja,70,3,1,1,68.45714285714286,37.142857142857146,61.14065915445225
3-GRAM,ambito necessidade implementacao,104,2,1,2,60.13461538461539,49.03846153846154,61.13991358129289
2-GRAM,necessidade implementacao,104,2,1,2,60.13461538461539,49.03846153846154,61.13991358129289
2-GRAM,sluzby podpory,42,10,1,4,60.80952380952381,21.428571428571427,61.11993560959078
2-GRAM,dossier medical,31,16,1,1,74.58064516129032,22.580645161290324,61.11959671270016
3-GRAM,integracja systemow informatycznych,41,5,1,2,60.09756097560975,34.146341463414636,61.11054816572059
3-GRAM,gestion recursos humanos,45,6,1,2,57.82222222222222,28.88888888888889,61.09836482250275
3-GRAM,projektu transformacja cyfrowa,38,3,1,2,53.10526315789474,92.10526315789474,61.09695840040668
2-GRAM,programme operationnel,28,27,1,1,48.392857142857146,25.0,61.09180716766923
2-GRAM,digitalizarea serviciilor,43,16,1,2,64.32558139534883,6.976744186046512,61.08579174786071
2-GRAM,implementatie beheer,32,20,1,1,69.125,18.75,61.06821994408201
3-GRAM,sistema integrado gestion,41,6,1,2,49.26829268292683,31.70731707317073,61.062492586630526
2-GRAM,plataforma integral,45,5,1,2,55.6,33.333333333333336,61.057815809539946
3-GRAM,soutien technique logiciel,71,6,1,1,79.63380281690141,18.309859154929576,61.054765737524356
3-GRAM,podniesienie poziomu cyberbezpieczenstwa,37,3,1,1,55.729729729729726,97.29729729729729,61.05256290773532
2-GRAM,pro sber,29,5,1,2,48.689655172413794,55.172413793103445,61.04854697958147
2-GRAM,projektu geodezja,71,3,1,1,68.47887323943662,36.61971830985915,61.046123866813524
2-GRAM,aplicaciones corporativas,38,7,1,2,62.10526315789474,28.94736842105263,61.01580953994747
3-GRAM,mantenimiento licencias software,26,7,1,2,74.0,42.30769230769231,61.00240616792341
2-GRAM,modifikavimo paslaugos,48,6,1,2,58.541666666666664,27.083333333333332,61.00133864271796
3-GRAM,realizacji prac zwiazanych,50,4,1,2,69.24,34.0,60.9640938744387
2-GRAM,eines zentralen,35,18,1,1,45.97142857142857,20.0,60.948809624671696
2-GRAM,integrado gestion,42,6,1,2,49.523809523809526,30.952380952380953,60.91400491400491
3-GRAM,informacni system pro,34,7,1,2,57.411764705882355,32.35294117647059,60.90644751334406
2-GRAM,soporte funcional,41,9,1,2,52.8780487804878,24.390243902439025,60.90505803609251
2-GRAM,pro podporu,41,11,1,2,49.170731707317074,21.951219512195124,60.90288909599254
2-GRAM,informatiques logiciels,30,27,1,1,74.53333333333333,16.666666666666668,60.895280860798096
2-GRAM,nienie cyfrowego,68,3,1,1,68.41176470588235,36.76470588235294,60.888164026095055
3-GRAM,geodezja uzupe nienie,68,3,1,1,68.41176470588235,36.76470588235294,60.888164026095055
2-GRAM,geodezja uzupe,68,3,1,1,68.41176470588235,36.76470588235294,60.888164026095055
3-GRAM,nienie cyfrowego zasobu,68,3,1,1,68.41176470588235,36.76470588235294,60.888164026095055
3-GRAM,uzupe nienie cyfrowego,68,3,1,1,68.41176470588235,36.76470588235294,60.888164026095055
3-GRAM,cyfrowego zasobu geodezyjnego,68,3,1,1,68.41176470588235,36.76470588235294,60.888164026095055
2-GRAM,cyfrowego zasobu,68,3,1,1,68.41176470588235,36.76470588235294,60.888164026095055
2-GRAM,clpq aquisicao,197,5,1,2,55.25888324873097,16.751269035532996,60.863627891214094
2-GRAM,sistemele informatice,42,3,1,2,57.76190476190476,54.76190476190476,60.858137761586036
2-GRAM,parcours permanent,28,23,1,1,52.857142857142854,25.0,60.85322375667202
3-GRAM,dynamicznej informacji pasazerskiej,33,10,1,2,62.484848484848484,27.272727272727273,60.850478691858
2-GRAM,echipamente licente,49,10,1,2,58.816326530612244,16.3265306122449,60.840650682029995
2-GRAM,mission elaboration,28,25,1,1,46.857142857142854,25.0,60.833872744217565
2-GRAM,rozbudowa integracja,45,3,1,1,59.77777777777778,48.888888888888886,60.83275438447853
2-GRAM,potrzeby edukacji,38,3,1,1,45.0,100.0,60.83255104634415
2-GRAM,ict resources,34,5,1,1,64.8529411764706,38.23529411764706,60.83248326696603
3-GRAM,desarrollo implantacion mantenimiento,37,8,1,2,60.486486486486484,27.027027027027028,60.80440565957808
2-GRAM,pirkimas ppr,94,3,1,2,50.1063829787234,35.1063829787234,60.80376175548589
3-GRAM,baz danych egib,64,3,1,1,69.25,37.5,60.80135558756248
2-GRAM,bdot gesut,46,3,1,1,58.0,47.82608695652174,60.79691603829534
3-GRAM,etude prealable transfert,36,34,1,1,70.33333333333333,0.0,60.786223841396264
2-GRAM,wyjazdu studyjnego,41,3,1,2,70.0,51.21951219512195,60.75958654579345
3-GRAM,mantenimiento aplicaciones informaticas,32,8,1,2,61.75,31.25,60.75587562484114
2-GRAM,reportages photographiques,30,25,1,1,82.0,16.666666666666668,60.75304583580446
3-GRAM,zakup dostawa wdrozenie,31,4,1,2,51.806451612903224,64.51612903225806,60.74423451664832
2-GRAM,mentenanta suport,48,9,1,3,59.833333333333336,18.75,60.72517156655088
2-GRAM,soporte sistema,27,6,1,2,50.22222222222222,48.148148148148145,60.72093535541811
3-GRAM,oddzia gospodarczego zlokalizowanych,49,3,1,2,68.48979591836735,42.857142857142854,60.683487249004486
2-GRAM,gospodarczego zlokalizowanych,49,3,1,2,68.48979591836735,42.857142857142854,60.683487249004486
3-GRAM,landkreis anhalt bitterfeld,50,3,1,1,58.2,44.0,60.68243666864356
2-GRAM,landkreis anhalt,50,3,1,1,58.2,44.0,60.68243666864356
2-GRAM,zeit zzgl,140,1,1,1,73.15714285714286,75.71428571428571,60.666220452427346
2-GRAM,uga nadzoru,32,5,1,2,48.125,43.75,60.66178090316021
2-GRAM,gestao projeto,64,5,1,2,50.375,26.5625,60.65376599169703
2-GRAM,studierendenwerk berlin,130,2,1,1,70.12307692307692,41.53846153846154,60.649140049140044
2-GRAM,vzdrzevanje nadgradnje,42,5,1,2,58.095238095238095,33.333333333333336,60.6200288062357
3-GRAM,potrzeby edukacji zakresie,37,3,1,1,45.67567567567568,100.0,60.61945268152164
2-GRAM,edukacji zakresie,37,3,1,1,45.67567567567568,100.0,60.61945268152164
2-GRAM,implementare sistem,56,8,1,2,67.32142857142857,14.285714285714286,60.61067525205456
3-GRAM,manutencao evolutiva corretiva,83,5,1,2,60.16867469879518,21.686746987951807,60.6105905278319
2-GRAM,evolutiva corretiva,83,5,1,2,60.16867469879518,21.686746987951807,60.6105905278319
2-GRAM,delle violazioni,36,4,1,2,45.55555555555556,47.22222222222222,60.6020164364992
2-GRAM,informaciniu sistemu,64,4,1,2,54.53125,31.25,60.59881386088282
2-GRAM,copia seguridad,25,6,1,2,56.48,56.0,60.59671270016098
3-GRAM,projektu geodezja uzupe,67,3,1,1,68.38805970149254,35.82089552238806,60.58366516987206
3-GRAM,zasobu geodezyjnego wojewodztwa,67,3,1,1,68.38805970149254,35.82089552238806,60.58366516987206
3-GRAM,geodezyjnego wojewodztwa lubelskiego,67,3,1,1,68.38805970149254,35.82089552238806,60.58366516987206
2-GRAM,geodezyjnego wojewodztwa,67,3,1,1,68.38805970149254,35.82089552238806,60.58366516987206
3-GRAM,furnizare sistem informatic,44,14,1,2,64.45454545454545,6.818181818181818,60.57214267559094
3-GRAM,wraz uga wsparcia,48,4,1,2,54.375,35.416666666666664,60.57093959162925
3-GRAM,dispositif video protection,30,29,1,1,82.0,13.333333333333334,60.55934931797
2-GRAM,sistemi informatici,31,5,1,2,47.096774193548384,45.16129032258065,60.554350588833344
2-GRAM,journal municipal,26,22,1,1,53.65384615384615,26.923076923076923,60.554011691942726
2-GRAM,specifik upphandling,134,1,1,1,60.76119402985075,94.77611940298507,60.54426840633738
3-GRAM,migration integration solutions,28,17,1,1,72.14285714285714,25.0,60.5407438786749
2-GRAM,prin proiectul,48,8,1,2,54.458333333333336,20.833333333333332,60.539540794713204
2-GRAM,nastroje pro,51,8,1,2,53.490196078431374,19.607843137254903,60.52937388799458
2-GRAM,gro rohrsdorf,69,2,1,1,46.63768115942029,66.66666666666667,60.480183004320935
3-GRAM,integracja rozbudowa systemow,56,2,1,1,54.142857142857146,100.0,60.47182919596712
3-GRAM,maitrise ouvrage etude,27,25,1,1,70.0,22.22222222222222,60.46503431331017
2-GRAM,licence annuelle,32,23,1,1,73.3125,12.5,60.45881555536728
2-GRAM,systemu siem,26,7,1,3,58.61538461538461,42.30769230769231,60.45501991019233
3-GRAM,integration solutions infonuagiques,27,17,1,1,71.77777777777777,25.925925925925927,60.45415572312124
2-GRAM,ffh richtlinie,50,3,1,1,52.4,44.0,60.42562060493094
2-GRAM,anhalt bitterfeld,63,3,1,1,54.904761904761905,38.095238095238095,60.40035584173515
3-GRAM,seguranca social aquisicao,51,3,1,2,53.1764705882353,43.13725490196079,60.39735660425315
2-GRAM,social aquisicao,51,3,1,2,53.1764705882353,43.13725490196079,60.39735660425315
3-GRAM,necessidade implementacao projeto,96,2,1,2,60.145833333333336,45.833333333333336,60.39288316529695
2-GRAM,licences oracle,34,24,1,1,70.58823529411765,5.882352941176471,60.392832330763355
2-GRAM,gestion activos,30,6,1,2,50.0,40.0,60.389155299500125
2-GRAM,rfi digital,28,6,1,6,54.285714285714285,42.857142857142854,60.379954248919766
2-GRAM,informacji prawnej,27,6,1,2,58.51851851851852,44.44444444444444,60.377395577395575
2-GRAM,soporte informatico,43,8,1,2,54.41860465116279,23.25581395348837,60.35962043548251
2-GRAM,ibm maximo,33,12,1,11,59.21212121212121,24.242424242424242,60.34847072778108
2-GRAM,etudes opportunite,31,25,1,1,70.0,12.903225806451612,60.33213589765314
2-GRAM,przedmiotow ochrony,38,3,1,2,62.10526315789474,55.26315789473684,60.317021096331445
2-GRAM,plans gestion,26,23,1,1,45.07692307692308,26.923076923076923,60.30554943658392
2-GRAM,oraz zarzadzania,30,6,1,2,47.733333333333334,40.0,60.29114631873252
3-GRAM,wdrozenie zintegrowanego systemu,31,4,1,2,61.806451612903224,51.61290322580645,60.28706261120054
2-GRAM,nastroj pro,34,6,1,2,66.17647058823529,32.35294117647059,60.27303227992883
2-GRAM,furnizare licente,26,5,1,2,70.3076923076923,53.84615384615385,60.265525713801566
2-GRAM,freizeit sport,48,4,1,1,70.83333333333333,33.333333333333336,60.258442768787596
2-GRAM,ctti lote,193,2,1,2,53.41968911917098,40.41450777202073,60.256629670422775
2-GRAM,competence eau,33,31,1,1,65.0,3.0303030303030303,60.251258154706434
3-GRAM,election generale novembre,29,4,1,1,45.03448275862069,93.10344827586206,60.23770227908159
2-GRAM,generale novembre,29,4,1,1,45.03448275862069,93.10344827586206,60.23770227908159
2-GRAM,aquisicao manuais,48,3,1,1,56.666666666666664,43.75,60.227501482673894
2-GRAM,procedimientos administrativos,30,4,1,2,59.6,56.666666666666664,60.20652376514445
2-GRAM,professionnels conseiller,34,19,1,1,54.411764705882355,14.705882352941176,60.204337880199944
2-GRAM,preventiva evolutiva,58,7,1,2,58.89655172413793,17.24137931034483,60.188036939761076
2-GRAM,nadogradnja sustava,38,8,1,2,50.21052631578947,26.31578947368421,60.160077946284844
2-GRAM,software administracion,50,2,1,2,74.0,76.0,60.14560704905532
2-GRAM,digitalizarea activitatii,79,4,1,2,60.835443037974684,26.582278481012658,60.137575192747605
2-GRAM,reinigung grundschule,82,2,1,1,58.170731707317074,47.5609756097561,60.13225451156485
3-GRAM,programines irangos palaikymo,32,6,1,2,60.4375,34.375,60.12427348979073
3-GRAM,zarzadu zieleni miejskiej,31,4,1,2,51.354838709677416,54.83870967741935,60.10258408879099
3-GRAM,pro zvyseni kyberneticke,31,8,1,2,46.32258064516129,32.25806451612903,60.10210963314412
2-GRAM,plataforma software,31,5,1,3,74.0,38.70967741935484,60.09848343641447
2-GRAM,palaikymo paslaugu,87,5,1,2,59.264367816091955,19.54022988505747,60.07684486994832
2-GRAM,soutien entretien,41,12,1,1,71.21951219512195,12.195121951219512,60.06877912395154
3-GRAM,tecnologias informacion comunicacion,36,8,1,2,46.333333333333336,27.77777777777778,60.06455985766331
2-GRAM,valant programme,30,22,1,1,49.833333333333336,20.0,60.06106921968991
2-GRAM,informacijas sistemu,43,8,1,2,60.325581395348834,20.930232558139537,60.06054392950945
2-GRAM,oracle exadata,31,19,1,17,52.903225806451616,19.35483870967742,60.05737524358214
2-GRAM,pro provoz,43,9,1,2,47.76744186046512,20.930232558139537,60.055850207574345
2-GRAM,logiciels progiciels,31,18,1,1,80.19354838709677,16.129032258064516,60.05357959840718
3-GRAM,przez zamawiajacego oprogramowania,33,7,1,2,61.27272727272727,30.303030303030305,60.05095314750487
2-GRAM,zamawiajacego oprogramowania,33,7,1,2,61.27272727272727,30.303030303030305,60.05095314750487
2-GRAM,rownowaznego wraz,34,4,1,2,59.35294117647059,44.11764705882353,60.04022706091672
2-GRAM,transformare digitala,95,2,1,2,55.49473684210526,45.26315789473684,60.03927814962297
2-GRAM,ambito sistema,61,8,1,4,55.14754098360656,11.475409836065573,60.03812590019486
2-GRAM,poziom cyberbezpieczenstwa,52,2,1,2,55.5,94.23076923076923,60.03527916631365
2-GRAM,administracion mantenimiento,33,5,1,2,48.303030303030305,39.39393939393939,60.03353384732696
2-GRAM,gesut dla,42,3,1,1,67.80952380952381,45.23809523809524,60.01762263831229
2-GRAM,software gestao,29,5,1,2,74.0,41.37931034482759,59.985647716682195
2-GRAM,soporte desarrollo,38,7,1,2,61.526315789473685,26.31578947368421,59.972888248750316
3-GRAM,tecnologias informacion comunicaciones,31,4,1,2,56.25806451612903,51.61290322580645,59.97046513598238
2-GRAM,production capsules,28,18,1,1,74.82142857142857,21.428571428571427,59.95528255528256
3-GRAM,economia comercio empresa,63,2,1,1,49.904761904761905,60.317460317460316,59.9502329916123
2-GRAM,economia comercio,63,2,1,1,49.904761904761905,60.317460317460316,59.9502329916123
2-GRAM,comercio empresa,63,2,1,1,49.904761904761905,60.317460317460316,59.9502329916123
2-GRAM,licencia uso,38,6,1,2,60.8421052631579,28.94736842105263,59.911869863594006
2-GRAM,vzdrzevanje programske,31,6,1,2,55.74193548387097,35.483870967741936,59.90876895704483
2-GRAM,informacijske resitve,38,6,1,2,60.78947368421053,28.94736842105263,59.9059730576972
2-GRAM,herramienta gestion,40,3,1,2,59.5,50.0,59.90160128780818
2-GRAM,implementarea unui,42,10,1,2,49.61904761904762,19.047619047619047,59.898924002372276
2-GRAM,wspomagajacego zarzadzanie,39,3,1,2,63.743589743589745,48.717948717948715,59.89529780564263
3-GRAM,technicka podpora systemu,29,6,1,3,59.10344827586207,37.93103448275862,59.8826230619334
2-GRAM,microsoft enrollment,27,12,1,10,62.074074074074076,29.62962962962963,59.87997966618656
2-GRAM,licences antidote,26,15,1,1,78.0,26.923076923076923,59.8775396085741
2-GRAM,soluciones tic,33,3,1,2,59.63636363636363,84.84848484848484,59.8497670083877
3-GRAM,valant programme local,29,21,1,1,51.03448275862069,20.689655172413794,59.84351436075574
2-GRAM,aquisicao renovacao,55,2,1,2,68.58181818181818,58.18181818181818,59.835635008048804
3-GRAM,zakup ugi wsparcia,42,10,1,2,60.666666666666664,16.666666666666668,59.82594255697704
2-GRAM,unter gewahrung,26,7,1,1,67.42307692307692,38.46153846153846,59.81231890197408
2-GRAM,adquisicion mantenimiento,44,10,1,2,45.0,18.181818181818183,59.792747606540715
2-GRAM,systemu wspomagania,34,6,1,2,55.35294117647059,32.35294117647059,59.78034398034398
2-GRAM,informacao gestao,34,6,1,2,55.294117647058826,32.35294117647059,59.77790392273151
2-GRAM,swiadczenie rozwoju,31,5,1,2,61.87096774193548,38.70967741935484,59.76480555790901
2-GRAM,licencji wraz,36,3,1,1,57.94444444444444,58.333333333333336,59.76128103024655
2-GRAM,oprogramowania vmware,35,7,1,2,57.371428571428574,28.571428571428573,59.759840718461405
2-GRAM,functiune pentru,48,5,1,2,46.458333333333336,29.166666666666668,59.74943658391934
2-GRAM,sistema automatizzato,34,11,1,2,74.0,20.58823529411765,59.742421418283485
2-GRAM,suporte manutencao,46,7,1,2,55.17391304347826,21.73913043478261,59.74026942302804
3-GRAM,dla posiadanego przez,35,8,1,2,61.25714285714286,25.714285714285715,59.736592391764816
2-GRAM,strategique communication,27,25,1,1,82.0,18.51851851851852,59.73096670338049
3-GRAM,systemu monitoringu wizyjnego,32,4,1,2,71.25,43.75,59.724951283571976
2-GRAM,dla licencji,34,5,1,2,60.8235294117647,35.294117647058826,59.721443700754044
2-GRAM,desarrollo plataforma,31,7,1,2,54.903225806451616,32.25806451612903,59.720325341015
2-GRAM,wraz gwarancja,55,4,1,2,53.85454545454545,30.90909090909091,59.69267135474031
2-GRAM,centrum technologii,58,2,1,2,57.241379310344826,58.62068965517241,59.69028213166144
2-GRAM,plataforma inteligente,35,3,1,2,55.885714285714286,62.857142857142854,59.685571464881804
2-GRAM,serwisu wsparcia,39,6,1,2,56.56410256410256,28.205128205128204,59.672676438193676
3-GRAM,gestione dei processi,28,5,1,2,54.57142857142857,46.42857142857143,59.66401762263831
2-GRAM,manutenzione hardware,27,7,1,2,59.48148148148148,37.03703703703704,59.632517156655084
3-GRAM,etudes assistance maitrise,30,22,1,1,70.4,13.333333333333334,59.63026349233246
2-GRAM,installazione gestione,43,4,1,2,57.348837209302324,34.883720930232556,59.628314835211384
2-GRAM,conseil communication,27,24,1,1,82.0,18.51851851851852,59.609438278403786
2-GRAM,aseguramiento calidad,25,6,1,2,53.12,48.0,59.596170465135984
2-GRAM,puesta produccion,32,6,1,2,49.3125,34.375,59.588680843853254
2-GRAM,wsparciem serwisowym,26,5,1,2,52.92307692307692,53.84615384615385,59.53350843006015
2-GRAM,platforma pro,25,5,1,2,74.32,52.0,59.52886554265865
2-GRAM,automatico per,40,8,1,2,74.0,20.0,59.500364314157416
2-GRAM,palaikymo prieziuros,38,9,1,2,58.26315789473684,21.05263157894737,59.48618147928494
2-GRAM,bkp gebaudeautomation,43,4,1,3,74.18604651162791,32.55813953488372,59.46594933491485
2-GRAM,nueva plataforma,41,6,1,2,52.24390243902439,26.829268292682926,59.43707531983395
2-GRAM,elder helper,42,6,1,1,78.45238095238095,23.80952380952381,59.43253410149962
3-GRAM,monitoring stanu ochrony,27,5,1,2,70.0,44.44444444444444,59.420587986105225
3-GRAM,esquema nacional seguridad,31,7,1,2,48.0,32.25806451612903,59.42040159281539
2-GRAM,esquema nacional,31,7,1,2,48.0,32.25806451612903,59.42040159281539
2-GRAM,odnowienie wsparcia,39,6,1,2,50.82051282051282,28.205128205128204,59.4193171227654
2-GRAM,gestion infraestructura,39,6,1,2,50.51282051282051,28.205128205128204,59.4089468779124
2-GRAM,sap sap,26,11,1,11,66.53846153846153,30.76923076923077,59.40682877234602
2-GRAM,dostawe oprogramowania,40,5,1,2,62.0,30.0,59.402931458103865
2-GRAM,lubelskiego etap,59,3,1,1,69.11864406779661,33.898305084745765,59.38996865203762
2-GRAM,dispensacion medicamentos,40,9,1,2,55.1,20.0,59.38668135219859
2-GRAM,egib bdot,44,3,1,1,63.81818181818182,40.90909090909091,59.37932728967211
2-GRAM,solucion integral,34,5,1,2,54.35294117647059,35.294117647058826,59.37597221045497
2-GRAM,administracao plataforma,52,2,1,2,61.11538461538461,59.61538461538461,59.368380920105054
2-GRAM,mobilites actives,27,24,1,1,45.851851851851855,22.22222222222222,59.35650258408879
3-GRAM,correctivo adaptativo evolutivo,38,4,1,2,60.421052631578945,36.8421052631579,59.34789460306702
2-GRAM,apoyo desarrollo,33,6,1,2,49.515151515151516,33.333333333333336,59.34662373972719
3-GRAM,zeit zzgl verlangerungsoption,93,1,1,1,73.36559139784946,63.44086021505376,59.33671100567652
2-GRAM,dezvoltare implementare,89,4,1,2,63.438202247191015,22.471910112359552,59.335457087181226
3-GRAM,zzgl verlangerungsoption monate,94,1,1,1,73.37234042553192,62.765957446808514,59.334220113530456
2-GRAM,sanierung klinikum,43,2,1,1,78.88372093023256,83.72093023255815,59.330068626620346
2-GRAM,elektronicznej dokumentacji,32,3,1,2,57.6875,78.125,59.28904515801068
2-GRAM,hebergement infonuagique,25,20,1,1,73.44,24.0,59.28157248157248
2-GRAM,clic sante,32,21,1,1,77.40625,3.125,59.26796577141404
2-GRAM,bell canada,31,16,1,1,68.7741935483871,16.129032258064516,59.24514106583072
3-GRAM,evolucion mantenimiento soporte,37,3,1,2,60.37837837837838,48.648648648648646,59.24400576124714
2-GRAM,arba lygiaverciu,41,3,1,2,58.8780487804878,43.90243902439025,59.22258747775989
2-GRAM,pacs wraz,26,4,1,2,62.23076923076923,76.92307692307692,59.211658053037354
2-GRAM,relativa manutenzione,40,8,1,2,45.85,22.5,59.210421079386606
2-GRAM,sistemi automatici,31,7,1,2,74.0,29.032258064516128,59.200728628314835
2-GRAM,dezvoltarea sistemului,27,6,1,3,48.592592592592595,40.74074074074074,59.18185207150725
2-GRAM,gestion integre,25,19,1,1,74.08,24.0,59.16833008557146
2-GRAM,zajisteni licenci,34,7,1,2,67.82352941176471,26.470588235294116,59.13979496738118
2-GRAM,unapre enje,43,6,1,2,48.55813953488372,25.58139534883721,59.13732102007964
2-GRAM,infrastructurii tic,37,7,1,4,62.486486486486484,24.324324324324323,59.134016775396084
2-GRAM,politique integration,32,4,1,1,73.625,40.625,59.131661442006276
2-GRAM,renouvellement soutien,34,8,1,1,81.05882352941177,23.529411764705884,59.13079725493519
2-GRAM,aplicatii software,29,5,1,2,75.37931034482759,37.93103448275862,59.129966957553165
2-GRAM,migracja danych,31,4,1,2,58.193548387096776,45.16129032258065,59.12991612301957
2-GRAM,telephones cellulaires,32,14,1,1,77.15625,15.625,59.11229348470727
3-GRAM,desarrollo evolutivo soporte,27,4,1,2,62.074074074074076,59.25925925925926,59.09690756587308
2-GRAM,licencji wsparcia,30,4,1,2,61.46666666666667,46.666666666666664,59.096128103024654
2-GRAM,video vigilancia,32,7,1,4,64.5625,28.125,59.085825637549775
2-GRAM,oraz wsparciem,32,4,1,2,55.125,43.75,59.057798864695414
2-GRAM,jednostki wojskowej,131,3,1,2,55.86259541984733,27.480916030534353,59.052291790222824
2-GRAM,potrzeb uniwersyteckiego,46,2,1,2,57.26086956521739,80.43478260869566,59.04729306108616
3-GRAM,dla potrzeb uniwersyteckiego,46,2,1,2,57.26086956521739,80.43478260869566,59.04729306108616
2-GRAM,caracterisations environnementales,29,18,1,1,68.10344827586206,17.24137931034483,59.04607303227992
2-GRAM,zeitlich befristete,26,8,1,1,59.42307692307692,34.61538461538461,59.03065322375667
2-GRAM,universitas xxi,46,6,1,2,61.0,21.73913043478261,59.026535626535626
2-GRAM,sistemelor informatice,41,4,1,3,57.073170731707314,34.146341463414636,59.02119800050835
2-GRAM,pod aczenie,25,5,1,2,46.24,60.0,59.02053715157163
2-GRAM,sistemos programines,40,9,1,2,59.0,17.5,59.00260950605778
2-GRAM,progettazione sviluppo,27,4,1,2,56.148148148148145,62.96296296296296,58.9949843260188
2-GRAM,solutions affaires,34,8,1,1,73.6470588235294,23.529411764705884,58.985613826993145
3-GRAM,corretiva preventiva evolutiva,51,6,1,2,58.745098039215684,19.607843137254903,58.97126154367534
2-GRAM,adquisicion software,28,4,1,2,74.0,50.0,58.959434042192655
2-GRAM,landlichen raum,43,9,1,1,56.06976744186046,13.953488372093023,58.901770736253496
2-GRAM,science building,33,3,1,3,45.75757575757576,69.6969696969697,58.884249767008384
2-GRAM,kis system,28,18,1,1,72.5,17.857142857142858,58.87123612640854
3-GRAM,intercommunal valant programme,27,19,1,1,51.666666666666664,22.22222222222222,58.8516817758197
3-GRAM,subscricao licenciamento software,34,3,1,2,74.0,50.0,58.844039650936196
2-GRAM,analyzatoru pro,31,10,1,2,47.87096774193548,25.806451612903224,58.841091247987805
3-GRAM,projektu cyberbezpieczny samorzad,35,4,1,1,48.91428571428571,40.0,58.83956621198001
3-GRAM,utworzeniem oraz modernizacja,58,3,1,1,70.20689655172414,32.758620689655174,58.819876302634924
2-GRAM,utworzeniem oraz,58,3,1,1,70.20689655172414,32.758620689655174,58.819876302634924
2-GRAM,sistema desarrollo,49,2,1,2,72.61224489795919,53.06122448979592,58.817995424891976
2-GRAM,preventivo evolutivo,27,4,1,2,61.925925925925924,55.55555555555556,58.801135304583575
3-GRAM,sistemos programines irangos,38,9,1,2,58.94736842105263,18.42105263157895,58.77375243582141
3-GRAM,technicznego producenta dla,30,5,1,2,63.06666666666667,36.666666666666664,58.75977293908328
3-GRAM,wojewodztwa lubelskiego etap,58,3,1,1,69.10344827586206,32.758620689655174,58.7539947470982
2-GRAM,oprogramowania ibm,30,6,1,2,60.6,33.333333333333336,58.72461238668135
2-GRAM,tramitacion electronica,28,6,1,2,59.07142857142857,35.714285714285715,58.722324832669656
2-GRAM,procesos gestion,26,5,1,2,47.30769230769231,50.0,58.71995255443532
2-GRAM,ird bazine,71,1,1,1,60.0,100.0,58.71856307718377
2-GRAM,elektronicke spisove,34,8,1,2,63.11764705882353,23.529411764705884,58.70765059730577
3-GRAM,elektronicke spisove sluzby,34,8,1,2,63.11764705882353,23.529411764705884,58.70765059730577
2-GRAM,fortbildungsma nahmen,330,2,1,1,69.65454545454546,32.121212121212125,58.68765568075913
3-GRAM,sprawowanie nadzoru nad,58,5,1,2,47.37931034482759,22.413793103448278,58.68707955604508
2-GRAM,evolutiva sistema,52,5,1,2,58.46153846153846,23.076923076923077,58.669694145556214
2-GRAM,etude vetuste,27,19,1,1,70.0,18.51851851851852,58.57959840718461
3-GRAM,servicii suport tehnic,29,6,1,3,54.689655172413794,34.48275862068966,58.57900533762603
2-GRAM,systemow szpitalnych,30,3,1,2,52.6,96.66666666666667,58.555452003727865
2-GRAM,prise photographies,39,6,1,1,75.12820512820512,23.076923076923077,58.54677624332797
2-GRAM,dokument och,30,5,1,2,59.6,36.666666666666664,58.540167753960844
2-GRAM,odnowienie subskrypcji,27,5,1,2,64.14814814814815,40.74074074074074,58.53920189782259
2-GRAM,digitais bens,44,3,1,1,60.0,38.63636363636363,58.53516902482419
2-GRAM,bazine stotis,68,1,1,1,60.0,100.0,58.52884859781412
3-GRAM,ird bazine stotis,68,1,1,1,60.0,100.0,58.52884859781412
2-GRAM,dodatkowych licencji,26,7,1,2,63.76923076923077,34.61538461538461,58.52544268406338
3-GRAM,zwiazanych utworzeniem oraz,49,3,1,1,70.24489795918367,34.69387755102041,58.524459883080574
3-GRAM,prac zwiazanych utworzeniem,49,3,1,1,70.24489795918367,34.69387755102041,58.524459883080574
2-GRAM,zwiazanych utworzeniem,49,3,1,1,70.24489795918367,34.69387755102041,58.524459883080574
2-GRAM,anbindung unterversorgter,28,5,1,1,60.464285714285715,39.285714285714285,58.490790476997375
3-GRAM,competences eau potable,29,28,1,1,66.20689655172414,3.4482758620689653,58.48558840972633
3-GRAM,suscripcion licencias software,28,4,1,2,74.0,46.42857142857143,58.483792256206044
3-GRAM,wraz wsparciem producenta,33,4,1,2,56.0,39.39393939393939,58.46005252901805
2-GRAM,analyse affaires,25,17,1,1,67.8,24.0,58.459645852749304
3-GRAM,desarrollo mantenimiento soporte,30,4,1,2,60.46666666666667,43.333333333333336,58.45806998220792
2-GRAM,supports information,26,19,1,1,74.26923076923077,19.23076923076923,58.4376006100144
2-GRAM,eines gpu,26,5,1,1,52.42307692307692,46.15384615384615,58.42978903668559
2-GRAM,rebstockbad frankfurt,58,2,1,1,63.51724137931034,44.827586206896555,58.4175209692451
2-GRAM,invitation dialogue,47,6,1,2,46.297872340425535,21.27659574468085,58.406422096077264
2-GRAM,neubau rebstockbad,63,2,1,1,62.857142857142854,42.857142857142854,58.39125646022198
3-GRAM,dei sistemi informativi,30,5,1,2,55.6,36.666666666666664,58.359806828772335
2-GRAM,tributaria recaudacion,45,7,1,2,50.0,17.77777777777778,58.312378208929935
3-GRAM,programines irangos nuoma,29,4,1,2,60.13793103448276,44.827586206896555,58.312090146572906
2-GRAM,gema sachsvergabeg,77,0,1,1,68.94805194805195,75.32467532467533,58.286520376175545
3-GRAM,wraz modu ami,29,6,1,2,47.724137931034484,34.48275862068966,58.27826823688893
2-GRAM,desarrollo sistema,43,7,1,2,53.81395348837209,18.6046511627907,58.26396678810472
3-GRAM,paslaugu pirkimas ppr,61,2,1,2,51.50819672131148,45.90163934426229,58.25823943065322
2-GRAM,och utveckling,52,6,1,2,52.65384615384615,17.307692307692307,58.24271795306278
2-GRAM,economica financiera,28,6,1,2,48.142857142857146,35.714285714285715,58.241226806744045
2-GRAM,gunoiului grajd,76,1,1,1,65.47368421052632,59.21052631578947,58.198136067101586
2-GRAM,subscripcion mantenimiento,39,2,1,2,74.0,74.35897435897436,58.19630602389223
3-GRAM,subscripcion mantenimiento licencias,39,2,1,2,74.0,74.35897435897436,58.19630602389223
3-GRAM,adquisicion subscripcion mantenimiento,39,2,1,2,74.0,74.35897435897436,58.19630602389223
2-GRAM,adquisicion subscripcion,39,2,1,2,74.0,74.35897435897436,58.19630602389223
3-GRAM,gestione delle sanzioni,29,4,1,2,57.86206896551724,44.827586206896555,58.16222994154029
2-GRAM,piattaforma software,32,4,1,2,74.0,37.5,58.160298229263745
2-GRAM,dezvoltare software,44,6,1,2,74.18181818181819,18.181818181818183,58.14455646869439
2-GRAM,soutien annuel,29,19,1,1,70.0,10.344827586206897,58.1309158688469
2-GRAM,mission geotechnique,28,22,1,1,52.32142857142857,14.285714285714286,58.11846140811657
3-GRAM,gema sachsvergabeg vob,74,0,1,1,68.74324324324324,74.32432432432432,58.1145979835635
2-GRAM,sisteme informatice,41,7,1,4,52.63414634146341,19.51219512195122,58.10751503854952
2-GRAM,asigurarea infrastructurii,47,8,1,2,48.8936170212766,10.638297872340425,58.08587647208337
2-GRAM,soporte asistencia,27,6,1,2,47.851851851851855,37.03703703703704,58.083876980428705
2-GRAM,miejskiej krakowie,32,3,1,2,57.9375,53.125,58.08333474540371
3-GRAM,sector publico ctti,88,1,1,1,59.72727272727273,54.54545454545455,58.06683046683047
2-GRAM,publico ctti,88,1,1,1,59.72727272727273,54.54545454545455,58.06683046683047
2-GRAM,informatica comunicaciones,32,3,1,2,46.125,59.375,58.06547487926798
2-GRAM,podpory provozu,32,9,1,2,60.0625,21.875,58.06162839955943
2-GRAM,stadt chemnitz,51,3,1,1,48.01960784313726,35.294117647058826,58.05147843768533
3-GRAM,soutien technique entretien,41,6,1,1,79.1951219512195,19.51219512195122,58.02168940099975
2-GRAM,serwerow stelazowych,30,3,1,2,56.0,66.66666666666667,58.0210116072185
2-GRAM,arba lygiavertes,49,3,1,2,57.91836734693877,34.69387755102041,58.019977971702104
2-GRAM,somministrazione alimenti,42,4,1,2,58.57142857142857,30.952380952380953,58.019334067609925
2-GRAM,subskrypcji dla,43,2,1,2,60.093023255813954,60.46511627906977,58.01857154960602
2-GRAM,lubiatowo kopalino,27,5,1,2,53.111111111111114,40.74074074074074,57.99059561128527
2-GRAM,operaciones ciberseguridad,38,9,1,2,53.421052631578945,15.789473684210526,57.98122511225961
2-GRAM,automatycznego analizatora,38,4,1,2,74.0,31.57894736842105,57.9762094382784
2-GRAM,contrat utilisation,26,14,1,1,72.84615384615384,23.076923076923077,57.965110565110564
2-GRAM,lub dostawa,26,5,1,2,57.0,42.30769230769231,57.95587562484114
2-GRAM,sachsvergabeg vob,122,0,1,1,69.84426229508196,49.18032786885246,57.9373549097687
2-GRAM,desarrollo puesta,42,5,1,2,52.42857142857143,26.19047619047619,57.90731170041515
2-GRAM,software broker,29,21,1,1,74.0,3.4482758620689653,57.896229772091836
3-GRAM,ugi serwisu pogwarancyjnego,42,7,1,2,46.142857142857146,19.047619047619047,57.8942980598153
3-GRAM,publico ctti lote,70,1,1,1,60.371428571428574,62.857142857142854,57.886147589595865
2-GRAM,etudes amenagement,25,20,1,1,70.0,20.0,57.872642548504615
2-GRAM,liens internet,26,21,1,1,71.6923076923077,15.384615384615385,57.86137422689147
3-GRAM,beheer openbare ruimte,25,17,1,1,53.52,24.0,57.85024146403457
2-GRAM,aplicaciones gestion,40,3,1,2,55.45,40.0,57.84575108023383
2-GRAM,sitove infrastruktury,31,8,1,2,50.0,25.806451612903224,57.84351436075574
2-GRAM,cyfrowych szpitalu,29,3,1,1,45.93103448275862,100.0,57.83392357875116
2-GRAM,srodowiska serwerowego,27,4,1,2,59.111111111111114,48.148148148148145,57.825247818351265
3-GRAM,neubau rebstockbad frankfurt,56,2,1,1,62.857142857142854,42.857142857142854,57.77534525120731
3-GRAM,neubau grundschule nord,32,3,1,1,60.5625,50.0,57.77224434465814
3-GRAM,soporte tecnico mantenimiento,43,5,1,2,47.81395348837209,25.58139534883721,57.72279928831654
2-GRAM,server lizenzen,25,6,1,1,50.32,40.0,57.71810556638143
3-GRAM,unui sistem informatic,42,8,1,2,62.095238095238095,9.523809523809524,57.69006184868253
2-GRAM,etude globale,25,24,1,1,70.48,16.0,57.67987799711938
2-GRAM,digitalizacji dokumentacji,37,2,1,1,60.54054054054054,94.5945945945946,57.66879606879607
2-GRAM,plataforma informatica,33,6,1,4,57.27272727272727,27.272727272727273,57.6636278912141
2-GRAM,uso licencias,37,9,1,2,71.24324324324324,10.81081081081081,57.65510463441498
2-GRAM,podpory systemu,32,8,1,2,63.625,21.875,57.65069897483691
2-GRAM,oprogramowania narzedziowego,28,5,1,2,65.07142857142857,35.714285714285715,57.644531051427606
2-GRAM,contrat licences,27,15,1,1,72.88888888888889,18.51851851851852,57.632771329323056
3-GRAM,connessi per pubbliche,28,4,1,2,51.5,46.42857142857143,57.614115055494366
3-GRAM,servicii mentenanta suport,39,7,1,3,59.743589743589745,17.94871794871795,57.61165805303736
3-GRAM,aquisicao instalacao configuracao,92,3,1,2,65.04347826086956,25.0,57.59483182241803
3-GRAM,uniwersyteckiego centrum stomatologicznego,36,2,1,2,69.5,88.88888888888889,57.5915953571126
2-GRAM,centrum stomatologicznego,36,2,1,2,69.5,88.88888888888889,57.5915953571126
3-GRAM,zakup wdrozenie systemu,31,4,1,2,57.354838709677416,38.70967741935484,57.585986613572814
2-GRAM,diegimo paslaugos,48,5,1,2,59.208333333333336,20.833333333333332,57.57504024400576
3-GRAM,palaikymo paslaugu pirkimas,50,4,1,2,59.76,26.0,57.56382275692621
2-GRAM,odrzavanja nadogradnje,48,5,1,2,58.916666666666664,20.833333333333332,57.5614165890028
3-GRAM,implementarea unui sistem,34,8,1,2,55.0,20.58823529411765,57.535643480471066
2-GRAM,informacijski sistem,30,6,1,2,58.666666666666664,30.0,57.52500211810556
2-GRAM,podpory prevadzky,35,5,1,2,60.457142857142856,28.571428571428573,57.523815978988395
3-GRAM,mantenimiento soporte evolucion,28,4,1,2,62.285714285714285,42.857142857142854,57.51924087096501
2-GRAM,suporte sistema,30,6,1,2,58.53333333333333,30.0,57.51666525459629
3-GRAM,ramach projektu transformacja,39,2,1,1,49.53846153846154,87.17948717948718,57.501126832161304
2-GRAM,evolucao funcional,67,2,1,2,60.0,38.80597014925373,57.49917817504024
2-GRAM,sistema videosorveglianza,26,7,1,2,82.0,30.76923076923077,57.49009573837161
2-GRAM,analizorul automat,35,7,1,2,74.0,20.0,57.48658815555367
2-GRAM,automatici per,30,8,1,2,74.0,23.333333333333332,57.469423028043714
3-GRAM,gestion tributaria recaudacion,42,7,1,2,50.23809523809524,16.666666666666668,57.46811827501482
2-GRAM,posiadanego oprogramowania,38,5,1,2,60.05263157894737,26.31578947368421,57.458493603321195
2-GRAM,technicznego systemu,34,11,1,2,49.411764705882355,14.705882352941176,57.456155214775904
3-GRAM,somministrazione alimenti bevande,39,4,1,2,60.15384615384615,30.76923076923077,57.45312208760484
2-GRAM,dodavka serveru,29,9,1,2,59.6551724137931,24.137931034482758,57.434838600355846
3-GRAM,swiadczenie asysty technicznej,29,6,1,2,58.55172413793103,31.03448275862069,57.433432178259764
3-GRAM,abs sgb wege,234,1,1,1,79.9957264957265,37.60683760683761,57.42836566974498
3-GRAM,sgb wege eines,234,1,1,1,79.9957264957265,37.60683760683761,57.42836566974498
2-GRAM,sgb wege,234,1,1,1,79.9957264957265,37.60683760683761,57.42836566974498
3-GRAM,arzneimittel rabattvereinb nach,216,1,1,1,82.0,37.96296296296296,57.419317122765406
3-GRAM,nicht exkl arzneimittel,216,1,1,1,82.0,37.96296296296296,57.419317122765406
3-GRAM,exkl arzneimittel rabattvereinb,216,1,1,1,82.0,37.96296296296296,57.419317122765406
2-GRAM,exkl arzneimittel,216,1,1,1,82.0,37.96296296296296,57.419317122765406
2-GRAM,arzneimittel rabattvereinb,216,1,1,1,82.0,37.96296296296296,57.419317122765406
3-GRAM,dossier medical electronique,25,13,1,1,75.8,24.0,57.4180632042701
2-GRAM,medical electronique,25,13,1,1,75.8,24.0,57.4180632042701
3-GRAM,renouvellement contrat soutien,29,12,1,1,78.58620689655173,17.24137931034483,57.40684571719054
2-GRAM,soporte actualizacion,30,5,1,2,61.53333333333333,33.333333333333336,57.40057612471405
3-GRAM,budowy drogi dla,43,4,1,2,45.116279069767444,30.232558139534884,57.39598407184614
3-GRAM,perdavimo paslaugos dps,54,1,1,1,60.0,98.14814814814815,57.343878674913164
2-GRAM,environnementale sommaire,25,18,1,1,63.4,20.0,57.31576717783614
3-GRAM,caracterisation environnementale sommaire,25,18,1,1,63.4,20.0,57.31576717783614
2-GRAM,serwisowych dla,38,6,1,2,45.578947368421055,23.68421052631579,57.31400491400491
2-GRAM,pilar reforma,180,3,1,2,51.91111111111111,21.11111111111111,57.292840803185626
2-GRAM,cadrul inspectoratului,44,2,1,2,50.68181818181818,54.54545454545455,57.27897992035923
3-GRAM,specifik upphandling avseende,54,1,1,1,60.407407407407405,87.03703703703704,57.24700499872914
3-GRAM,rabattvereinb nach abs,232,1,1,1,80.26724137931035,37.5,57.239193425400316
2-GRAM,rabattvereinb nach,232,1,1,1,80.26724137931035,37.5,57.239193425400316
2-GRAM,professionnels techniques,26,15,1,1,45.61538461538461,23.076923076923077,57.210912479878
2-GRAM,security losung,26,6,1,1,58.88461538461539,34.61538461538461,57.21064136236549
3-GRAM,centro operaciones ciberseguridad,36,9,1,2,53.05555555555556,13.88888888888889,57.20616792340931
2-GRAM,serwera obliczeniowego,30,6,1,2,51.6,30.0,57.20535457087181
3-GRAM,abschluss nicht exkl,226,1,1,1,80.8141592920354,37.16814159292036,57.18905363043294
3-GRAM,implantacion mantenimiento sistema,38,7,1,2,53.578947368421055,18.42105263157895,57.18232652715412
3-GRAM,magazynow wojskowego oddzia,30,3,1,2,66.8,50.0,57.17544692027451
2-GRAM,magazynow wojskowego,30,3,1,2,66.8,50.0,57.17544692027451
2-GRAM,implantation logiciel,25,24,1,1,77.2,12.0,57.167110056765225
2-GRAM,zajisteni kyberneticke,36,4,1,2,53.94444444444444,33.333333333333336,57.1626196729645
3-GRAM,prise photographies aeriennes,37,5,1,1,78.37837837837837,24.324324324324323,57.14870795560451
2-GRAM,arts architecture,35,3,1,1,68.6,40.0,57.12695077522663
3-GRAM,projektu rozwoj cyfrowych,53,1,1,1,56.64150943396226,100.0,57.08209777175294
3-GRAM,informationstechnische anlagen nach,102,2,1,1,48.44117647058823,34.31372549019608,57.07238837583665
2-GRAM,pro zpracovani,29,6,1,2,50.3448275862069,31.03448275862069,57.07027027027027
3-GRAM,elektronicznej dokumentacji medycznej,27,3,1,2,55.7037037037037,85.18518518518519,57.06576294162501
2-GRAM,per piattaforma,29,9,1,2,51.37931034482759,24.137931034482758,57.06069643311022
3-GRAM,mantenimiento sistema gestion,27,5,1,2,55.925925925925924,37.03703703703704,57.049800898076754
2-GRAM,przez miesiecy,33,4,1,2,45.03030303030303,36.36363636363637,57.03960010166907
2-GRAM,utrzymania oraz,30,7,1,2,52.13333333333333,26.666666666666668,57.02197746335678
2-GRAM,beta atc,26,5,1,1,58.61538461538461,38.46153846153846,57.02016436499195
2-GRAM,programoveho vybaveni,48,6,1,2,61.791666666666664,10.416666666666666,57.015148691010765
2-GRAM,terenie polski,31,5,1,2,48.0,32.25806451612903,56.99933915106329
2-GRAM,dla srodowiska,29,7,1,2,52.206896551724135,27.586206896551722,56.98857917478607
3-GRAM,siihen liittyvat palvelut,46,5,1,2,47.56521739130435,21.73913043478261,56.98817249851733
2-GRAM,nadogradnja odrzavanje,40,5,1,2,52.65,25.0,56.978259764466664
2-GRAM,klastra obliczeniowego,28,6,1,2,48.142857142857146,32.142857142857146,56.97656528001355
2-GRAM,proj mini,207,1,1,1,64.8695652173913,37.68115942028985,56.951774972464634
3-GRAM,proj mini competition,207,1,1,1,64.8695652173913,37.68115942028985,56.951774972464634
2-GRAM,renovacion plataforma,26,4,1,2,50.38461538461539,50.0,56.946996526306876
2-GRAM,desarrollo soporte,43,7,1,2,59.72093023255814,9.30232558139535,56.94228585952724
2-GRAM,khzg ftb,31,14,1,1,54.96774193548387,9.67741935483871,56.939794967381175
2-GRAM,odpornosci inwestycja,37,2,1,1,46.5945945945946,89.1891891891892,56.92556129797508
3-GRAM,zeit zzgl option,47,1,1,1,72.74468085106383,100.0,56.91109040074558
3-GRAM,dostawa serwerow stelazowych,27,3,1,2,58.51851851851852,70.37037037037037,56.851817334575955
2-GRAM,rozbudowa szpitalnego,27,3,1,2,48.22222222222222,92.5925925925926,56.8437685334237
2-GRAM,integrata pentru,40,5,1,2,62.5,22.5,56.84068457171905
3-GRAM,rebstockbad frankfurt main,44,2,1,1,69.81818181818181,45.45454545454545,56.82221469118021
2-GRAM,rozvoj technicka,30,4,1,2,62.2,36.666666666666664,56.814996187409974
3-GRAM,rozvoj technicka podpora,30,4,1,2,62.2,36.666666666666664,56.814996187409974
2-GRAM,unterstutzung bereich,30,10,1,1,53.96666666666667,20.0,56.78519020587986
2-GRAM,cyberbezpieczenstwa oraz,26,3,1,1,61.23076923076923,84.61538461538461,56.78422434974159
3-GRAM,instituto superior tecnico,28,4,1,2,47.214285714285715,42.857142857142854,56.784173515207996
2-GRAM,superior tecnico,28,4,1,2,47.214285714285715,42.857142857142854,56.784173515207996
2-GRAM,furnizare solutie,33,3,1,2,57.09090909090909,42.42424242424242,56.740116919427265
2-GRAM,inkl schnittstellen,25,15,1,1,73.44,20.0,56.73550792171482
2-GRAM,rozvoj aplikace,32,7,1,2,60.3125,21.875,56.73006862662035
2-GRAM,podpory pro,30,3,1,2,56.53333333333333,50.0,56.7195628230111
2-GRAM,provozni podpora,28,8,1,2,63.07142857142857,25.0,56.707447259171396
2-GRAM,sanierung wohn,32,1,2,2,65.5625,15.625,56.69106159450987
2-GRAM,herstellers ibm,26,4,1,1,55.53846153846154,46.15384615384615,56.6623231381852
2-GRAM,soporte integral,26,6,1,2,46.23076923076923,34.61538461538461,56.64800474455647
2-GRAM,equipamentos mobiliarios,87,3,1,2,67.17241379310344,21.839080459770116,56.62914513259341
2-GRAM,dresden kaditz,49,2,1,1,57.46938775510204,42.857142857142854,56.626078115733286
2-GRAM,cyberbezpieczenstwa szpitala,26,3,1,2,55.0,96.15384615384616,56.619401846988055
2-GRAM,oficina informatica,39,2,1,2,49.94871794871795,58.97435897435897,56.6145725662967
3-GRAM,oficina informatica presupuestaria,39,2,1,2,49.94871794871795,58.97435897435897,56.6145725662967
2-GRAM,informatica presupuestaria,39,2,1,2,49.94871794871795,58.97435897435897,56.6145725662967
3-GRAM,sistemul informatic integrat,26,11,1,2,63.76923076923077,23.076923076923077,56.6074218419046
2-GRAM,ukd wartungsarbeiten,34,2,1,1,58.38235294117647,91.17647058823529,56.60044056595781
3-GRAM,mantenimiento extendido software,47,1,1,1,74.0,78.72340425531915,56.59971193764297
3-GRAM,extendido software administracion,47,1,1,1,74.0,78.72340425531915,56.59971193764297
3-GRAM,software administracion generalitat,47,1,1,1,74.0,78.72340425531915,56.59971193764297
2-GRAM,extendido software,47,1,1,1,74.0,78.72340425531915,56.59971193764297
2-GRAM,mantenimiento extendido,47,1,1,1,74.0,78.72340425531915,56.59971193764297
3-GRAM,licencias mantenimiento extendido,47,1,1,1,74.0,78.72340425531915,56.59971193764297
2-GRAM,parraides tikla,34,5,1,2,62.94117647058823,26.470588235294116,56.59815301194611
3-GRAM,atc code nach,221,1,1,1,79.27149321266968,35.294117647058826,56.57312547657375
2-GRAM,code nach,221,1,1,1,79.27149321266968,35.294117647058826,56.57312547657375
2-GRAM,nach who,221,1,1,1,79.27149321266968,35.294117647058826,56.57312547657375
3-GRAM,code nach who,221,1,1,1,79.27149321266968,35.294117647058826,56.57312547657375
2-GRAM,nuevas aplicaciones,58,5,1,2,60.724137931034484,8.620689655172415,56.55709565364738
2-GRAM,vzdrzevanje podpora,39,4,1,2,58.97435897435897,28.205128205128204,56.49455223248326
3-GRAM,prieziuros modifikavimo paslaugos,31,6,1,2,60.0,25.806451612903224,56.490570194018474
2-GRAM,pflege einer,29,9,1,1,59.96551724137931,20.689655172413794,56.44065068202999
2-GRAM,rozwoju utrzymania,31,5,1,2,61.16129032258065,29.032258064516128,56.41020079640769
3-GRAM,danych egib bdot,36,3,1,1,69.11111111111111,36.111111111111114,56.402524781835126
3-GRAM,gesut dla potrzeb,36,3,1,1,69.11111111111111,36.111111111111114,56.402524781835126
2-GRAM,dzierzawa automatycznego,48,3,1,2,74.0,29.166666666666668,56.39135812928916
2-GRAM,entretien logiciels,37,8,1,1,76.37837837837837,2.7027027027027026,56.378124205710414
2-GRAM,recogida datos,40,3,1,2,54.0,35.0,56.368194526815216
3-GRAM,desenvolvimento aplicacional ambito,247,2,1,2,60.05668016194332,27.125506072874494,56.36733033974413
2-GRAM,aplicacional ambito,248,2,1,2,60.056451612903224,27.016129032258064,56.343471998644404
2-GRAM,atencion soporte,35,6,1,2,47.48571428571429,22.857142857142858,56.33906633906634
2-GRAM,infraestructuras tic,31,4,1,2,49.29032258064516,35.483870967741936,56.33759213759214
2-GRAM,pro system,25,4,1,3,53.76,48.0,56.331830890451585
2-GRAM,saude prr,94,3,1,2,45.723404255319146,23.404255319148938,56.317936117936114
2-GRAM,udrzby rozvoje,29,6,1,2,59.93103448275862,27.586206896551722,56.29965263068711
2-GRAM,mentenanta sistemului,29,7,1,4,61.93103448275862,24.137931034482758,56.255172413793105
2-GRAM,bundesrepublik deutschland,42,6,1,1,54.095238095238095,14.285714285714286,56.246089977124456
3-GRAM,photographies aeriennes numeriques,36,4,1,1,80.13888888888889,27.77777777777778,56.20694738625773
2-GRAM,aeriennes numeriques,36,4,1,1,80.13888888888889,27.77777777777778,56.20694738625773
2-GRAM,stra enbaumpflanzung,68,0,1,1,60.98529411764706,51.470588235294116,56.200643904092175
2-GRAM,carrefours feux,26,22,1,1,45.23076923076923,11.538461538461538,56.19888164026095
3-GRAM,sanidad ministerio sanidad,50,1,1,1,56.04,72.0,56.19198508853681
3-GRAM,ministerio sanidad ministerio,50,1,1,1,56.04,72.0,56.19198508853681
2-GRAM,sanidad ministerio,50,1,1,1,56.04,72.0,56.19198508853681
2-GRAM,administracao sistemas,26,4,1,2,60.0,42.30769230769231,56.189629755146996
3-GRAM,utrzymanie rozwoj systemu,29,5,1,2,60.55172413793103,31.03448275862069,56.1893078031009
2-GRAM,welfare technology,36,4,1,2,50.111111111111114,30.555555555555557,56.18114038803694
2-GRAM,implantacion evolucion,28,6,1,2,60.5,28.571428571428573,56.181072608658816
2-GRAM,plataforma integrada,25,4,1,3,49.92,48.0,56.171193764297215
3-GRAM,oeuvre solutions infonuagiques,28,13,1,1,76.64285714285714,10.714285714285714,56.16612725578243
2-GRAM,prise compte,26,20,1,1,51.57692307692308,11.538461538461538,56.16563585529102
2-GRAM,associated reseller,39,2,1,1,60.92307692307692,48.717948717948715,56.15997627721765
3-GRAM,valorificare gunoiului grajd,51,1,1,1,64.47058823529412,58.8235294117647,56.12683216131492
2-GRAM,colectare valorificare,51,1,1,1,64.47058823529412,58.8235294117647,56.12683216131492
3-GRAM,colectare valorificare gunoiului,51,1,1,1,64.47058823529412,58.8235294117647,56.12683216131492
2-GRAM,valorificare gunoiului,51,1,1,1,64.47058823529412,58.8235294117647,56.12683216131492
2-GRAM,hamburg neubau,66,3,1,1,51.54545454545455,25.757575757575758,56.12261289502669
2-GRAM,etudes energetiques,25,21,1,1,70.48,8.0,56.10348216555113
2-GRAM,professional system,27,5,1,2,66.14814814814815,33.333333333333336,56.0992120647293
2-GRAM,videonoverosanas sistemas,44,3,1,2,82.0,29.545454545454547,56.09494196390747
2-GRAM,statii epurare,39,7,1,2,46.30769230769231,12.820512820512821,56.08890959925443
2-GRAM,technologii bezpieczenstwa,46,1,1,1,66.95652173913044,71.73913043478261,56.07974243836312
2-GRAM,logiciels equipements,38,7,1,1,75.47368421052632,5.2631578947368425,56.04117597221045
3-GRAM,neubau studierendenwohnheim kunzelsau,31,2,1,1,70.0,93.54838709677419,56.015911209014654
2-GRAM,studierendenwohnheim kunzelsau,31,2,1,1,70.0,93.54838709677419,56.015911209014654
2-GRAM,klinikum altmuhlfranken,42,1,1,1,80.4047619047619,85.71428571428571,55.99303566889773
3-GRAM,sanierung klinikum altmuhlfranken,42,1,1,1,80.4047619047619,85.71428571428571,55.99303566889773
2-GRAM,industria turismo,51,1,1,1,45.72549019607843,76.47058823529412,55.98056426332288
2-GRAM,exp ctti,36,2,1,2,45.94444444444444,63.888888888888886,55.970922646784715
2-GRAM,bezpieczenstwa publicznego,45,1,1,1,68.0,73.33333333333333,55.96607642124884
2-GRAM,tecnica plataforma,37,3,1,3,58.432432432432435,35.13513513513514,55.95780733711767
3-GRAM,uniao europeia joue,42,2,1,2,46.95238095238095,47.61904761904762,55.95036855036855
2-GRAM,europeia joue,42,2,1,2,46.95238095238095,47.61904761904762,55.95036855036855
3-GRAM,ips proj mini,120,1,1,1,72.0,36.666666666666664,55.947572651020934
3-GRAM,vystymo prieziuros paslaugos,31,3,1,2,57.806451612903224,41.935483870967744,55.93433872744218
3-GRAM,inwestycja przyspieszenie procesow,32,2,1,1,55.875,100.0,55.92884859781412
2-GRAM,inwestycja przyspieszenie,32,2,1,1,55.875,100.0,55.92884859781412
3-GRAM,centrum technologii bezpieczenstwa,45,1,1,1,68.0,71.11111111111111,55.922663729560284
3-GRAM,ministerio industria turismo,50,1,1,1,46.24,76.0,55.869321358976535
2-GRAM,personal docente,29,3,1,2,49.10344827586207,48.275862068965516,55.86693213589765
3-GRAM,swiadczenie ugi asysty,37,5,1,2,61.891891891891895,21.62162162162162,55.86325510463442
2-GRAM,option monate,41,1,1,1,74.0,100.0,55.85800220282979
3-GRAM,zzgl option monate,41,1,1,1,74.0,100.0,55.85800220282979
3-GRAM,remplacement systeme intercommunication,30,10,1,1,82.0,10.0,55.850715919681434
2-GRAM,manutencao infraestrutura,84,2,1,2,61.11904761904762,30.952380952380953,55.82623061933407
2-GRAM,house modells,358,2,1,1,57.857541899441344,25.41899441340782,55.82048631703804
3-GRAM,open house modells,358,2,1,1,57.857541899441344,25.41899441340782,55.82048631703804
2-GRAM,correttiva evolutiva,27,3,1,2,53.25925925925926,55.55555555555556,55.80708294501398
3-GRAM,technologii bezpieczenstwa publicznego,44,1,1,1,69.0909090909091,72.72727272727273,55.79486571210709
2-GRAM,galati cod,43,3,1,2,46.69767441860465,32.55813953488372,55.77729390832839
3-GRAM,servicii dezvoltare software,39,5,1,2,74.2051282051282,17.94871794871795,55.766245869694146
2-GRAM,gestion interna,31,5,1,2,48.0,29.032258064516128,55.76480555790901
2-GRAM,istniejacego systemu,27,3,1,2,45.629629629629626,59.25925925925926,55.76470388884182
2-GRAM,centralizada lote,45,1,1,1,70.4,64.44444444444444,55.758027620096584
2-GRAM,sda suministros,48,1,1,1,70.625,56.25,55.72932305346099
2-GRAM,cvk dhzc,47,1,1,1,71.65957446808511,57.4468085106383,55.72315513005168
3-GRAM,informacines sistemos prieziuros,43,5,1,2,60.325581395348834,16.27906976744186,55.71300516817758
3-GRAM,componenta transformare digitala,35,2,1,2,52.285714285714285,60.0,55.70353300008473
2-GRAM,componenta transformare,35,2,1,2,52.285714285714285,60.0,55.70353300008473
2-GRAM,tuki yllapito,29,4,1,2,62.275862068965516,34.48275862068966,55.697754808099646
2-GRAM,onderzoek soortenmanagementplan,30,11,1,1,70.0,6.666666666666667,55.67604846225536
3-GRAM,ecologisch onderzoek soortenmanagementplan,30,11,1,1,70.0,6.666666666666667,55.67604846225536
2-GRAM,pilnveidosana uzturesana,52,3,1,2,59.0,26.923076923076923,55.671778361433525
3-GRAM,projektu centrum technologii,43,1,1,1,70.23255813953489,72.09302325581395,55.67045666356012
2-GRAM,errichtung feuerwehrgeratehaus,38,2,1,1,55.578947368421055,50.0,55.66647462509532
3-GRAM,prieziuros vystymo paslaugu,29,4,1,2,61.44827586206897,34.48275862068966,55.65749385749386
3-GRAM,vzdrzevanje programske opreme,26,5,1,2,54.92307692307692,34.61538461538461,55.64747945437601
2-GRAM,utveckling och,30,5,1,2,47.13333333333333,30.0,55.635075828179275
2-GRAM,gestion economico,30,8,1,2,52.53333333333333,20.0,55.63205964585275
2-GRAM,arendus hooldustood,74,1,1,1,60.2972972972973,41.891891891891895,55.630873506735576
2-GRAM,dei procedimenti,26,5,1,2,54.46153846153846,34.61538461538461,55.63019571295434
2-GRAM,suministros software,48,1,1,1,74.0,54.166666666666664,55.62660340591375
2-GRAM,technologies operationnelles,32,3,1,1,72.125,37.5,55.60484622553588
2-GRAM,diseno implementacion,48,5,1,2,46.166666666666664,14.583333333333334,55.604015928153856
2-GRAM,dla platformy,31,5,1,2,74.0,25.806451612903224,55.59151063288994
2-GRAM,platforma integrata,34,6,1,2,74.0,17.647058823529413,55.59142590866728
2-GRAM,gdanskiego uniwersytetu,43,2,1,2,48.883720930232556,44.18604651162791,55.591307294755566
3-GRAM,gdanskiego uniwersytetu medycznego,43,2,1,2,48.883720930232556,44.18604651162791,55.591307294755566
3-GRAM,sistema desarrollo aplicacion,47,1,1,1,74.0,55.319148936170215,55.57856477166822
3-GRAM,unowoczesnienie bazy dydaktycznej,25,3,1,1,45.36,100.0,55.57016012878082
3-GRAM,dostawa wdrozenie oprogramowania,25,3,1,2,58.56,68.0,55.53943912564603
2-GRAM,solucao seguranca,27,5,1,2,53.629629629629626,33.333333333333336,55.527425230873504
2-GRAM,professionali connessi,35,3,1,2,68.8,34.285714285714285,55.519935609590775
2-GRAM,dag aquisicao,564,2,1,2,54.843971631205676,25.0,55.517122765398625
2-GRAM,estatal contratacion,46,1,1,1,71.65217391304348,56.52173913043478,55.50168601203084
3-GRAM,estatal contratacion centralizada,46,1,1,1,71.65217391304348,56.52173913043478,55.50168601203084
2-GRAM,sistema estatal,46,1,1,1,71.65217391304348,56.52173913043478,55.50168601203084
3-GRAM,sistema estatal contratacion,46,1,1,1,71.65217391304348,56.52173913043478,55.50168601203084
2-GRAM,persoane dizabilitati,34,3,1,2,45.64705882352941,38.23529411764706,55.49246801660594
3-GRAM,soporte mantenimiento evolucion,34,4,1,2,58.88235294117647,29.41176470588235,55.48841819876303
2-GRAM,productia anului,58,3,1,2,50.724137931034484,25.862068965517242,55.47565873083114
2-GRAM,acestora pentru,34,7,1,2,45.0,17.647058823529413,55.47432008811319
2-GRAM,porizeni technickeho,29,2,1,1,82.0,96.55172413793103,55.4621028552063
3-GRAM,porizeni technickeho vybaveni,29,2,1,1,82.0,96.55172413793103,55.4621028552063
2-GRAM,software echipamente,25,4,1,2,75.92,40.0,55.45500296534779
2-GRAM,ugi rozwoju,29,7,1,2,45.37931034482759,24.137931034482758,55.45076675421503
2-GRAM,gro harthau,25,3,1,1,64.56,60.0,55.44122680674405
3-GRAM,sda suministros software,45,1,1,1,74.0,57.77777777777778,55.43007709904262
2-GRAM,grajd comuna,46,1,1,1,64.6086956521739,58.69565217391305,55.41870710836228
3-GRAM,hardware software per,33,6,1,2,74.0,18.181818181818183,55.41291197153266
2-GRAM,gestor documental,28,4,1,2,58.142857142857146,35.714285714285715,55.38376683893925
3-GRAM,destino agencia estatal,27,3,1,2,52.148148148148145,51.851851851851855,55.38136067101584
2-GRAM,medycyny cyfrowej,38,2,1,1,48.78947368421053,50.0,55.369397610776915
2-GRAM,uzenie subskrypcji,31,6,1,2,57.935483870967744,22.580645161290324,55.35492671354741
3-GRAM,przed uzenie subskrypcji,31,6,1,2,57.935483870967744,22.580645161290324,55.35492671354741
2-GRAM,cloud per,49,2,1,2,63.714285714285715,36.734693877551024,55.35480809963568
2-GRAM,furnizarea instalarea,30,7,1,2,61.53333333333333,20.0,55.34787765822249
3-GRAM,datu parraides tikla,31,5,1,2,63.225806451612904,25.806451612903224,55.31659747521817
2-GRAM,ausschl dafo,39,1,1,1,74.0,89.74358974358974,55.31351351351351
2-GRAM,ameos klinikum,46,0,1,1,56.04347826086956,91.30434782608695,55.30770143183936
3-GRAM,licente software pentru,28,6,1,2,74.85714285714286,25.0,55.29634838600356
3-GRAM,licenciju palaikymo paslaugos,26,4,1,2,61.07692307692308,38.46153846153846,55.28563924425993
2-GRAM,casos uso,29,4,1,2,54.55172413793103,34.48275862068966,55.28396170465136
2-GRAM,serwisu gwarancyjnego,35,6,1,2,58.68571428571428,17.142857142857142,55.282978903668564
2-GRAM,bodenbelagarbeiten nach,30,3,1,1,46.46666666666667,43.333333333333336,55.25701940184699
2-GRAM,administracion soporte,30,4,1,2,56.46666666666667,33.333333333333336,55.19654325171565
3-GRAM,professionnels technologie information,25,13,1,1,70.96,16.0,55.162484114208254
2-GRAM,professionnels technologie,25,13,1,1,70.96,16.0,55.162484114208254
3-GRAM,contratacion centralizada lote,42,1,1,1,74.0,61.904761904761905,55.15767177836143
3-GRAM,proiectului digitalizarea serviciilor,30,13,1,2,62.4,0.0,55.143387274421755
2-GRAM,podpory vyrobce,26,4,1,2,59.15384615384615,38.46153846153846,55.1388291112429
3-GRAM,ugi nadzoru autorskiego,35,2,1,2,47.714285714285715,54.285714285714285,55.12434126916885
2-GRAM,austro control,26,16,1,2,48.61538461538461,11.538461538461538,55.10959925442684
3-GRAM,wsparcia technicznego oraz,36,2,1,1,54.388888888888886,50.0,55.09611115818012
2-GRAM,piekluves kontroles,25,3,1,2,62.16,56.0,55.0955519783106
3-GRAM,sistemului informatic integrat,95,2,1,2,63.578947368421055,27.36842105263158,55.0908582563755
3-GRAM,oprogramowania microsoft lub,25,4,1,2,63.92,40.0,55.08980767601457
2-GRAM,quadro lote,28,3,1,2,64.64285714285714,42.857142857142854,55.0672879776328
2-GRAM,uzturesana pilnveidosana,28,3,1,2,51.0,46.42857142857143,55.05967974243836
2-GRAM,siihen liittyvien,29,4,1,2,49.03448275862069,34.48275862068966,55.04259933915107
2-GRAM,implantacion plataforma,33,5,1,2,53.45454545454545,24.242424242424242,55.026315343556725
2-GRAM,gestion formacion,28,3,1,2,50.07142857142857,46.42857142857143,55.02531559772939
3-GRAM,mantenimiento licencias mantenimiento,39,1,1,1,74.0,74.35897435897436,55.01662289248496
2-GRAM,echipamente aferente,32,3,1,2,57.1875,37.5,55.009675506227225
3-GRAM,rozbudowa systemu his,29,2,1,1,62.0,96.55172413793103,54.98690163517749
2-GRAM,pro rvc,28,2,1,1,82.0,100.0,54.98678302126578
3-GRAM,vybaveni pro rvc,28,2,1,1,82.0,100.0,54.98678302126578
3-GRAM,rvc krajskou pobocku,28,2,1,1,82.0,100.0,54.98678302126578
2-GRAM,rvc krajskou,28,2,1,1,82.0,100.0,54.98678302126578
3-GRAM,pro rvc krajskou,28,2,1,1,82.0,100.0,54.98678302126578
3-GRAM,sie rejonie dzia,30,3,1,2,59.6,40.0,54.98661357282046
2-GRAM,serwisu dla,36,4,1,2,46.22222222222222,27.77777777777778,54.971668219944085
2-GRAM,provoz rozvoj,28,5,1,2,64.14285714285714,28.571428571428573,54.96907565873083
2-GRAM,asistencia soporte,26,4,1,2,55.30769230769231,38.46153846153846,54.9666017114293
3-GRAM,reactivi laborator loturi,32,4,1,2,47.0,31.25,54.95130051681775
3-GRAM,zajisteni kyberneticke bezpecnosti,34,3,1,1,54.470588235294116,35.294117647058826,54.94142167245616
3-GRAM,tecnologica hardware software,61,2,1,2,74.0,31.147540983606557,54.93545708718122
3-GRAM,dzia ania wojskowego,30,3,1,2,57.8,40.0,54.902838261458946
2-GRAM,ania wojskowego,30,3,1,2,57.8,40.0,54.902838261458946
2-GRAM,anbudsforfragan gallande,38,1,1,1,62.421052631578945,100.0,54.88828264000678
3-GRAM,realizacji projektu rozwoj,31,2,1,1,45.61290322580645,83.87096774193549,54.88058968058968
2-GRAM,informatice infrastructura,48,1,1,1,54.166666666666664,54.166666666666664,54.87811573328815
2-GRAM,gwarancja producenta,26,4,1,2,53.38461538461539,38.46153846153846,54.87631957976785
2-GRAM,echipamente retea,25,7,1,3,50.48,28.0,54.85781580953994
2-GRAM,soporte avanzado,29,5,1,2,58.275862068965516,27.586206896551722,54.8383631280183
2-GRAM,informacion que,30,3,1,2,55.93333333333333,40.0,54.820892993306785
2-GRAM,ips proj,238,1,1,1,72.0,30.672268907563026,54.81409811064984
3-GRAM,egib bdot gesut,28,3,1,1,60.0,42.857142857142854,54.81352198593578
3-GRAM,serwisu wsparcia technicznego,29,5,1,2,56.689655172413794,27.586206896551722,54.76577141404728
3-GRAM,dostawa subskrypcji oprogramowania,27,3,1,2,61.7037037037037,44.44444444444444,54.76460221977463
2-GRAM,paslaugos ird,38,1,1,1,60.36842105263158,97.36842105263158,54.76314496314497
3-GRAM,technicka podpora rozvoj,38,5,1,3,64.21052631578948,15.789473684210526,54.753621960518515
2-GRAM,licenze uso,30,8,1,2,60.666666666666664,13.333333333333334,54.75045327459121
3-GRAM,fortbildungsma nahmen teil,324,0,1,1,70.49691358024691,31.790123456790123,54.74174362450225
3-GRAM,gunoiului grajd comuna,43,1,1,1,65.20930232558139,55.81395348837209,54.71925781580954
2-GRAM,mantenimiento nuevas,58,4,1,2,59.275862068965516,10.344827586206897,54.712090146572905
2-GRAM,serwisowego dla,26,3,1,2,56.84615384615385,50.0,54.69167160891298
3-GRAM,okres miesiecy wraz,29,5,1,2,54.689655172413794,27.586206896551722,54.678132678132684
2-GRAM,sistema upravljanje,25,4,1,2,55.76,40.0,54.66645768025078
2-GRAM,forvaltning och,32,6,1,4,58.75,18.75,54.64768279251038
2-GRAM,modifikavimo paslaugu,33,4,1,2,61.27272727272727,27.272727272727273,54.61930017792087
2-GRAM,virtualisation software,31,2,1,1,60.0,58.064516129032256,54.59694992798441
2-GRAM,nabava sustava,29,7,1,2,48.206896551724135,20.689655172413794,54.574311615690924
3-GRAM,integrat colectare valorificare,43,1,1,1,66.46511627906976,53.48837209302326,54.56968567313395
2-GRAM,kielce oraz,38,2,1,2,58.36842105263158,42.10526315789474,54.53198339405236
2-GRAM,tecnologica hardware,65,2,1,2,70.67692307692307,29.23076923076923,54.526340760823516
2-GRAM,annulleringunderrattelse anbudsforfragan,36,1,1,1,68.22222222222223,100.0,54.52044395492672
2-GRAM,integral informacion,33,2,1,2,47.93939393939394,54.54545454545455,54.51195458781665
2-GRAM,patient journal,30,4,1,2,63.2,30.0,54.50161823265272
2-GRAM,palaikymo paslaugomis,31,3,1,2,63.61290322580645,35.483870967741936,54.49646699991528
2-GRAM,subunitate pompieri,40,1,1,1,60.5,65.0,54.4876895704482
2-GRAM,comercial digital,56,3,1,3,62.214285714285715,21.428571428571427,54.482995848513085
2-GRAM,modernizacja ewidencji,25,3,1,1,49.76,56.0,54.4814708125053
3-GRAM,perdavimo paslaugos ird,37,1,1,1,60.0,100.0,54.466762687452345
3-GRAM,paslaugos ird bazine,37,1,1,1,60.0,100.0,54.466762687452345
3-GRAM,open house originale,61,1,1,1,70.1311475409836,39.34426229508197,54.45471490299077
2-GRAM,originale rabattvertrage,61,1,1,1,70.1311475409836,39.34426229508197,54.45471490299077
2-GRAM,house originale,61,1,1,1,70.1311475409836,39.34426229508197,54.45471490299077
3-GRAM,house originale rabattvertrage,61,1,1,1,70.1311475409836,39.34426229508197,54.45471490299077
2-GRAM,manutencao software,26,4,1,2,74.0,34.61538461538461,54.45424044734389
3-GRAM,cargo programa feder,29,3,1,2,46.275862068965516,41.37931034482759,54.45002118105566
2-GRAM,social gerencia,46,1,1,1,56.95652173913044,52.17391304347826,54.44231127679404
3-GRAM,social gerencia informatica,46,1,1,1,56.95652173913044,52.17391304347826,54.44231127679404
3-GRAM,seguridad social gerencia,46,1,1,1,56.95652173913044,52.17391304347826,54.44231127679404
2-GRAM,stra gorlitz,44,1,1,1,62.29545454545455,52.27272727272727,54.425230873506734
3-GRAM,dokument och arendehanteringssystem,26,5,1,2,59.53846153846154,30.76923076923077,54.41896128103025
2-GRAM,software gestione,35,2,1,2,74.0,42.857142857142854,54.415589256968566
2-GRAM,servicii publice,28,7,1,3,50.785714285714285,21.428571428571427,54.387698042870454
2-GRAM,miesiecy oraz,25,4,1,2,48.48,40.0,54.34782682368889
2-GRAM,ffh monitoring,28,3,1,1,70.0,39.285714285714285,54.339286622045236
2-GRAM,informacnych systemov,44,3,1,2,53.5,27.272727272727273,54.3204947894603
3-GRAM,nakup licenci microsoft,26,7,1,2,62.69230769230769,23.076923076923077,54.311869863594005
3-GRAM,roz adunkiem magazynach,32,3,1,2,60.5,34.375,54.3012285012285
2-GRAM,adunkiem magazynach,32,3,1,2,60.5,34.375,54.3012285012285
3-GRAM,wsparcia dla systemu,26,5,1,2,56.92307692307692,30.76923076923077,54.294315004659836
2-GRAM,control gmbh,25,15,1,2,49.76,12.0,54.290468524951294
3-GRAM,austro control gmbh,25,15,1,2,49.76,12.0,54.290468524951294
2-GRAM,oprogramowania systemu,33,5,1,2,56.484848484848484,21.21212121212121,54.28851986783022
3-GRAM,adquisicion sda suministros,37,1,1,1,71.08108108108108,67.56756756756756,54.284402270609164
3-GRAM,informatice infrastructura digitala,46,1,1,1,53.30434782608695,52.17391304347826,54.28106413623655
3-GRAM,aquisicao licencas software,25,4,1,2,74.0,36.0,54.270609167160885
2-GRAM,evolucion soporte,29,6,1,2,63.37931034482759,20.689655172413794,54.269694145556215
2-GRAM,equipar centros,33,2,1,2,57.63636363636363,48.484848484848484,54.260899771244596
3-GRAM,subsecretaria presidencia justicia,41,1,1,1,45.1219512195122,73.17073170731707,54.24732695077523
3-GRAM,irangos licenciju nuoma,31,5,1,2,62.25806451612903,22.580645161290324,54.236871981699565
2-GRAM,finansowo ksiegowego,26,7,1,2,61.07692307692308,23.076923076923077,54.23622807760739
3-GRAM,mantenimiento soporte licencias,25,3,1,2,61.68,48.0,54.22189273913412
3-GRAM,nach stlb bau,93,0,1,1,68.29032258064517,35.483870967741936,54.219672964500546
2-GRAM,kayttooikeuksien jakelu,30,3,1,2,60.93333333333333,36.666666666666664,54.217046513598234
2-GRAM,isw proj,55,1,1,1,60.654545454545456,41.81818181818182,54.210827755655345
3-GRAM,cargo programa galicia,53,3,1,2,56.64150943396226,22.641509433962263,54.17432856053546
3-GRAM,avviso esplorativo consultazione,28,3,1,2,45.42857142857143,42.857142857142854,54.16568668982462
3-GRAM,rozbudowa integracja systemow,34,3,1,1,59.294117647058826,32.35294117647059,54.133593154282806
2-GRAM,programas informaticos,30,5,1,4,67.93333333333334,23.333333333333332,54.12651020926883
2-GRAM,systemu szpitalnego,28,2,1,2,62.357142857142854,75.0,54.117665000423614
2-GRAM,demanda planificada,34,1,1,1,74.0,97.05882352941177,54.070727781072605
3-GRAM,life science building,29,2,1,2,49.310344827586206,79.3103448275862,54.06498347877658
2-GRAM,cisss monteregie,28,4,1,1,56.92857142857143,32.142857142857146,54.06318732525629
2-GRAM,carteleria digital,26,6,1,2,48.92307692307692,26.923076923076923,54.016860120308394
2-GRAM,oraz sandomierz,35,2,1,2,60.114285714285714,42.857142857142854,53.976582224858085
3-GRAM,kielce oraz sandomierz,35,2,1,2,60.114285714285714,42.857142857142854,53.976582224858085
2-GRAM,wsparcia systemu,26,3,1,1,52.0,46.15384615384615,53.969414555621455
3-GRAM,apskaitos informacines sistemos,44,4,1,2,60.31818181818182,15.909090909090908,53.930712530712526
2-GRAM,apskaitos informacines,44,4,1,2,60.31818181818182,15.909090909090908,53.930712530712526
2-GRAM,programskog rjesenja,29,6,1,2,57.241379310344826,20.689655172413794,53.92828941794459
2-GRAM,erneuerung twl,58,1,1,1,60.775862068965516,39.6551724137931,53.92384986867746
3-GRAM,instalacao configuracao manutencao,75,2,1,2,63.2,26.666666666666668,53.92283317800559
2-GRAM,configuracao manutencao,75,2,1,2,63.2,26.666666666666668,53.92283317800559
2-GRAM,sandomierz zamowienie,33,2,1,2,60.90909090909091,45.45454545454545,53.91610607472677
3-GRAM,oraz sandomierz zamowienie,33,2,1,2,60.90909090909091,45.45454545454545,53.91610607472677
3-GRAM,sandomierz zamowienie podzia,33,2,1,2,60.90909090909091,45.45454545454545,53.91610607472677
3-GRAM,renovacion licencias software,27,2,1,1,74.0,74.07407407407408,53.909802592561206
2-GRAM,deba kielce,34,2,1,2,59.705882352941174,44.11764705882353,53.908870626112005
3-GRAM,deba kielce oraz,34,2,1,2,59.705882352941174,44.11764705882353,53.908870626112005
3-GRAM,nowa deba kielce,34,2,1,2,59.705882352941174,44.11764705882353,53.908870626112005
2-GRAM,informatycznych swiadczeniodawcy,28,2,1,1,49.142857142857146,100.0,53.876760145725655
3-GRAM,systemow informatycznych swiadczeniodawcy,28,2,1,1,49.142857142857146,100.0,53.876760145725655
2-GRAM,delle pratiche,25,3,1,2,45.6,52.0,53.87611624163348
2-GRAM,locales provincia,41,2,1,2,45.46341463414634,39.02439024390244,53.86025586715242
2-GRAM,datoveho skladu,28,8,1,3,58.214285714285715,14.285714285714286,53.83971871558079
2-GRAM,safety authority,33,5,1,1,45.93939393939394,21.21212121212121,53.82572227399814
3-GRAM,turnhalle cottbuser stra,41,1,1,1,62.8780487804878,51.21951219512195,53.80757434550539
2-GRAM,turnhalle cottbuser,41,1,1,1,62.8780487804878,51.21951219512195,53.80757434550539
2-GRAM,plus lizenzen,25,3,1,1,53.8,48.0,53.79793272896721
2-GRAM,pentru depozitarea,26,3,1,3,61.53846153846154,42.30769230769231,53.789324747945436
2-GRAM,soporte sistemas,28,3,1,2,54.357142857142854,39.285714285714285,53.7284588663899
2-GRAM,system system,29,6,1,5,52.689655172413794,20.689655172413794,53.72535795984072
2-GRAM,tributaria aduaneira,56,3,1,2,46.642857142857146,21.428571428571427,53.72393459290011
2-GRAM,equipamiento hardware,28,4,1,2,48.92857142857143,32.142857142857146,53.718325849360326
3-GRAM,wsparcia technicznego systemu,27,10,1,2,55.55555555555556,11.11111111111111,53.71192069812759
2-GRAM,sistemas videovigilancia,26,7,1,4,82.0,19.23076923076923,53.711886808438535
2-GRAM,solutie software,27,2,1,2,74.29629629629629,66.66666666666667,53.71125984919088
3-GRAM,potrzeb uniwersyteckiego centrum,33,1,1,1,70.72727272727273,96.96969696969697,53.699889858510545
2-GRAM,autoridade tributaria,56,3,1,2,45.92857142857143,21.428571428571427,53.690383800728625
3-GRAM,contrat soutien technique,25,9,1,1,80.08,16.0,53.683707531983394
2-GRAM,nrk dynamic,35,1,1,1,67.48571428571428,68.57142857142857,53.62648479200204
3-GRAM,system ict consultants,35,1,1,1,67.48571428571428,68.57142857142857,53.62648479200204
2-GRAM,datos salud,28,3,1,2,51.92857142857143,39.285714285714285,53.62211302211302
3-GRAM,configuracao manutencao infraestrutura,74,2,1,2,63.78378378378378,25.675675675675677,53.58944336185715
3-GRAM,manutencao infraestrutura tecnologica,74,2,1,2,63.78378378378378,25.675675675675677,53.58944336185715
2-GRAM,landkreises nordsachsen,40,3,1,1,51.875,27.5,53.584478522409555
3-GRAM,soporte tecnico especializado,43,2,1,2,59.395348837209305,34.883720930232556,53.57890366855884
2-GRAM,herstellers red,37,3,1,1,71.35135135135135,27.027027027027028,53.567415063966784
3-GRAM,herstellers red hat,37,3,1,1,71.35135135135135,27.027027027027028,53.567415063966784
2-GRAM,beneficiul cetatenilor,32,3,1,1,74.25,31.25,53.5579259510294
2-GRAM,productos software,31,2,1,2,74.0,45.16129032258065,53.555096161992715
2-GRAM,techniczne dla,27,4,1,2,51.629629629629626,33.333333333333336,53.52795052105397
3-GRAM,valdymo programines irangos,25,4,1,2,54.0,36.0,53.5123612640854
2-GRAM,valdymo programines,25,4,1,2,54.0,36.0,53.5123612640854
3-GRAM,centrum medycyny cyfrowej,31,2,1,1,48.83870967741935,51.61290322580645,53.50075404558163
2-GRAM,oraz rozwoju,28,5,1,2,62.357142857142854,25.0,53.50056765229179
3-GRAM,wraz dzierzawa automatycznego,35,3,1,2,74.0,28.571428571428573,53.500415148691005
2-GRAM,stomatologicznego gumed,32,1,1,1,74.0,100.0,53.42119800050834
3-GRAM,centrum stomatologicznego gumed,32,1,1,1,74.0,100.0,53.42119800050834
2-GRAM,vertragsschlie ung,36,2,1,1,46.47222222222222,41.666666666666664,53.412623909175636
3-GRAM,vertragsschlie ung uber,36,2,1,1,46.47222222222222,41.666666666666664,53.412623909175636
2-GRAM,informatycznego wspomagajacego,30,2,1,2,61.4,50.0,53.39437431161569
3-GRAM,systemu informatycznego wspomagajacego,30,2,1,2,61.4,50.0,53.39437431161569
2-GRAM,gestion nominas,27,4,1,2,48.2962962962963,33.333333333333336,53.390697280352455
2-GRAM,cyfrowa transformacja,27,2,1,1,50.22222222222222,96.29629629629629,53.39052783190714
2-GRAM,parvaldibas sistemas,31,4,1,2,62.12903225806452,25.806451612903224,53.3618571549606
2-GRAM,hpe server,28,8,1,1,47.142857142857146,14.285714285714286,53.35801067525205
3-GRAM,poskytovani sluzeb podpory,26,6,1,2,64.61538461538461,23.076923076923077,53.34193001779208
3-GRAM,cottbuser stra gorlitz,40,1,1,1,62.6,50.0,53.31519105312209
3-GRAM,isw proj mini,46,1,1,1,60.26086956521739,43.47826086956522,53.29966957553164
3-GRAM,cadrul inspectoratului pentru,37,1,1,1,56.486486486486484,59.45945945945946,53.264593747352365
2-GRAM,analizor automat,25,6,1,2,74.0,24.0,53.26364483605863
2-GRAM,jarjestelman hankinta,31,3,1,2,62.45161290322581,32.25806451612903,53.26325510463442
2-GRAM,abonnement electronique,35,5,1,1,66.31428571428572,11.428571428571429,53.250021181055665
3-GRAM,electronic patient journal,29,4,1,2,63.310344827586206,27.586206896551722,53.22218080149115
2-GRAM,reseau municipal,60,3,1,1,46.266666666666666,18.333333333333332,53.20838769804287
2-GRAM,odnowienie licencji,29,4,1,2,62.41379310344828,27.586206896551722,53.18496992290096
2-GRAM,monitoring realizacji,43,2,1,1,70.27906976744185,32.55813953488372,53.165008896043375
2-GRAM,kontrola monitoring,43,2,1,1,70.27906976744185,32.55813953488372,53.165008896043375
3-GRAM,monitoring realizacji prac,43,2,1,1,70.27906976744185,32.55813953488372,53.165008896043375
3-GRAM,kontrola monitoring realizacji,43,2,1,1,70.27906976744185,32.55813953488372,53.165008896043375
2-GRAM,projektu pzo,47,1,1,1,70.0,40.42553191489362,53.15865457934424
3-GRAM,potrzeby projektu pzo,47,1,1,1,70.0,40.42553191489362,53.15865457934424
3-GRAM,mentenanta suport tehnic,26,6,1,3,60.15384615384615,23.076923076923077,53.14082860289757
2-GRAM,serviciilor comunei,26,13,1,2,63.23076923076923,0.0,53.13948996017962
3-GRAM,digitalizarea serviciilor comunei,26,13,1,2,63.23076923076923,0.0,53.13948996017962
2-GRAM,business engineer,87,1,1,1,70.89655172413794,31.03448275862069,53.11032788274168
2-GRAM,rettungswache nordost,32,1,1,1,70.8125,81.25,53.10705752774718
2-GRAM,investitii sistemele,36,1,1,1,56.22222222222222,61.111111111111114,53.09511141235279
3-GRAM,investitii sistemele informatice,36,1,1,1,56.22222222222222,61.111111111111114,53.09511141235279
3-GRAM,sistemele informatice infrastructura,36,1,1,1,56.22222222222222,61.111111111111114,53.09511141235279
3-GRAM,autoridade tributaria aduaneira,55,3,1,2,46.4,20.0,53.083639752605265
2-GRAM,szp zakup,27,2,1,2,50.0,77.77777777777777,53.06030670168601
3-GRAM,opcja przed uzenia,26,3,1,2,46.53846153846154,42.30769230769231,53.05873083114462
2-GRAM,opcja przed,26,3,1,2,46.53846153846154,42.30769230769231,53.05873083114462
2-GRAM,digitalizarea spitalului,42,1,1,1,61.333333333333336,45.23809523809524,53.03266966025586
2-GRAM,desenvolvimento plataforma,25,5,1,2,62.0,28.0,53.01423366940608
2-GRAM,corretiva suporte,36,3,1,2,58.888888888888886,27.77777777777778,52.999593323731254
2-GRAM,mediante distributori,32,2,1,2,74.0,40.625,52.98932474794543
2-GRAM,ambito manutencao,72,3,1,2,58.94444444444444,8.333333333333334,52.97800559179869
3-GRAM,klinikum altmuhlfranken unterbauabschnitt,31,1,1,1,82.0,83.87096774193549,52.96993984580192
2-GRAM,altmuhlfranken unterbauabschnitt,31,1,1,1,82.0,83.87096774193549,52.96993984580192
2-GRAM,curenta periodica,26,9,1,2,45.53846153846154,15.384615384615385,52.95665508768957
2-GRAM,manuais digitais,35,3,1,1,57.714285714285715,28.571428571428573,52.91053122087605
3-GRAM,implementare sistem informatic,29,6,1,2,66.27586206896552,13.793103448275861,52.883656697449794
2-GRAM,landkreis bautzen,86,2,1,1,46.73255813953488,24.41860465116279,52.87628569007879
2-GRAM,vzpostavitev vzdrzevanje,28,4,1,2,60.07142857142857,28.571428571428573,52.86630517665
3-GRAM,oraz dostawa sprzetu,37,4,1,2,55.027027027027025,18.91891891891892,52.85357959840718
2-GRAM,presidence ressources,94,1,1,1,68.75531914893617,29.78723404255319,52.84393798186902
3-GRAM,vice presidence ressources,94,1,1,1,68.75531914893617,29.78723404255319,52.84393798186902
3-GRAM,centro atencion usuarios,34,5,1,2,50.88235294117647,14.705882352941176,52.83917648055579
2-GRAM,stlb bau,136,0,1,1,55.779411764705884,30.88235294117647,52.83892230788783
2-GRAM,espana financiado,36,1,1,1,54.77777777777778,58.333333333333336,52.83143268660511
2-GRAM,informacijskih sustava,27,4,1,2,60.51851851851852,29.62962962962963,52.823705837498935
2-GRAM,landkreis gorlitz,34,2,1,1,49.588235294117645,41.1764705882353,52.81464034567483
2-GRAM,laboratoriumi reagensek,31,4,1,2,51.354838709677416,25.806451612903224,52.8102007964077
2-GRAM,pzo czesc,43,1,1,1,70.0,41.86046511627907,52.789104464966535
3-GRAM,projektu pzo czesc,43,1,1,1,70.0,41.86046511627907,52.789104464966535
3-GRAM,soporte mantenimiento correctivo,25,5,1,2,58.48,28.0,52.78852834025248
2-GRAM,infrastructurii digitale,35,3,1,2,54.74285714285714,28.571428571428573,52.77917478607134
2-GRAM,connessi all,25,3,1,2,46.8,44.0,52.75773955773956
2-GRAM,turnhalle gro,34,0,1,1,56.64705882352941,97.05882352941177,52.74194696263662
2-GRAM,migracion mantenimiento,25,5,1,2,56.88,28.0,52.71329323053461
3-GRAM,sistemas administracion electronica,37,1,1,1,60.0,51.351351351351354,52.71234431924087
2-GRAM,sanatate publica,37,3,1,2,50.37837837837838,27.027027027027028,52.68919766161145
2-GRAM,torgauer str,31,1,1,1,68.80645161290323,83.87096774193549,52.6767262560366
2-GRAM,din galati,47,2,1,2,46.723404255319146,31.914893617021278,52.66254342116411
3-GRAM,jos din galati,47,2,1,2,46.723404255319146,31.914893617021278,52.66254342116411
2-GRAM,troms county,41,3,1,2,51.951219512195124,24.390243902439025,52.6556638142845
2-GRAM,aktualizacji oprogramowania,26,4,1,2,61.15384615384615,30.76923076923077,52.645598576633056
3-GRAM,etudes caracterisation environnementale,26,7,1,1,70.0,15.384615384615385,52.60803185630772
2-GRAM,soporte operacion,32,5,1,2,55.9375,15.625,52.53716851647886
3-GRAM,informatica comunicaciones redes,28,2,1,2,45.57142857142857,57.142857142857146,52.51192069812759
2-GRAM,licencji subskrypcji,25,7,1,2,59.52,20.0,52.51009065491824
2-GRAM,wsparcie dla,40,3,1,2,51.6,25.0,52.488807930187235
3-GRAM,jahn turnhalle gro,33,0,1,1,57.90909090909091,100.0,52.48872320596459
2-GRAM,jahn turnhalle,33,0,1,1,57.90909090909091,100.0,52.48872320596459
3-GRAM,turnhalle gro rohrsdorf,33,0,1,1,57.90909090909091,100.0,52.48872320596459
2-GRAM,informatico per,27,4,1,2,53.629629629629626,29.62962962962963,52.46725408794374
2-GRAM,per evoluzione,36,4,1,2,49.388888888888886,19.444444444444443,52.4582224858087
3-GRAM,dostawa oraz wdrozenie,26,2,1,1,51.84615384615385,73.07692307692308,52.42626450902313
2-GRAM,erigir agrupamento,44,2,1,2,54.36363636363637,31.818181818181817,52.42102855206303
3-GRAM,erigir agrupamento escolas,44,2,1,2,54.36363636363637,31.818181818181817,52.42102855206303
2-GRAM,cbf geb,39,1,1,1,72.48717948717949,43.58974358974359,52.41996102685758
2-GRAM,licencu iegade,28,2,1,2,60.642857142857146,50.0,52.40696433110226
3-GRAM,dunarea jos din,48,2,1,2,46.166666666666664,31.25,52.40601541980852
2-GRAM,jos din,48,2,1,2,46.166666666666664,31.25,52.40601541980852
2-GRAM,comunicaciones seguridad,32,3,1,2,45.6875,31.25,52.354977548080996
2-GRAM,padron municipal,49,3,1,2,61.42857142857143,16.3265306122449,52.31266627128696
3-GRAM,servicii dezvoltare implementare,72,2,1,2,64.08333333333333,22.22222222222222,52.31232737439635
2-GRAM,zajisteni produktu,28,6,1,2,62.5,14.285714285714286,52.30844700499873
3-GRAM,cadru furnizare solutie,28,2,1,2,59.42857142857143,50.0,52.30529526391595
2-GRAM,stage qualification,28,3,1,2,45.714285714285715,35.714285714285715,52.301262390917564
3-GRAM,presidence ressources informationnelles,82,1,1,1,71.29268292682927,29.26829268292683,52.29890705752775
2-GRAM,oraz przed,26,3,1,2,52.38461538461539,38.46153846153846,52.29687367618402
2-GRAM,ieviesana uzturesana,37,3,1,2,61.945945945945944,24.324324324324323,52.246683046683046
3-GRAM,dla jednostki wojskowej,73,2,1,2,61.42465753424658,21.91780821917808,52.233228840125385
2-GRAM,dunarea jos,50,2,1,2,45.12,30.0,52.230636278912144
2-GRAM,adaptativo correctivo,25,2,1,2,59.28,76.0,52.204236211132766
2-GRAM,registos nacionais,41,3,1,2,58.09756097560975,21.951219512195124,52.17507413369482
3-GRAM,zajisteni servisni podpory,26,4,1,2,51.46153846153846,30.76923076923077,52.145996780479535
2-GRAM,gobierno espana,36,1,1,1,49.55555555555556,52.77777777777778,52.13479623824452
2-GRAM,inclusiv montaj,29,2,1,2,46.275862068965516,48.275862068965516,52.129170549860206
2-GRAM,sistemos modernizavimo,32,5,1,2,59.1875,12.5,52.0957722612895
2-GRAM,irangos licencijos,37,3,1,2,59.67567567567568,24.324324324324323,52.07974243836312
3-GRAM,programines irangos licencijos,37,3,1,2,59.67567567567568,24.324324324324323,52.07974243836312
2-GRAM,ania zwiekszajace,25,2,1,1,47.84,100.0,52.07965771414047
3-GRAM,dzia ania zwiekszajace,25,2,1,1,47.84,100.0,52.07965771414047
3-GRAM,mediante distributori automatici,31,2,1,2,74.0,38.70967741935484,52.04573413538931
3-GRAM,nuevo sistema informacion,30,5,1,2,60.0,16.666666666666668,52.03663475387613
2-GRAM,patrimonio culturale,34,4,1,2,45.35294117647059,20.58823529411765,52.02143522833178
3-GRAM,infraestructura integral informacion,26,2,1,2,52.38461538461539,61.53846153846154,52.01452173176311
2-GRAM,infraestructura integral,26,2,1,2,52.38461538461539,61.53846153846154,52.01452173176311
3-GRAM,echipamente hardware software,28,5,1,2,74.28571428571429,17.857142857142858,51.97878505464712
2-GRAM,serwis systemu,43,3,1,2,50.883720930232556,20.930232558139537,51.97380327035499
2-GRAM,articolo legge,37,1,1,1,50.16216216216216,48.648648648648646,51.957502329916124
3-GRAM,punere functiune pentru,25,3,1,2,51.6,40.0,51.94243836312802
3-GRAM,oficina gestion proyectos,25,3,1,2,51.52,40.0,51.93837160044057
2-GRAM,liegenschaften bonn,49,2,1,1,70.55102040816327,26.53061224489796,51.91346267897992
3-GRAM,ips proj srft,114,1,1,1,72.0,25.43859649122807,51.889790731170045
2-GRAM,poskytovani technicke,29,6,1,2,58.275862068965516,10.344827586206897,51.870185546047615
3-GRAM,sanierung turnhalle cottbuser,33,0,1,1,70.9090909090909,57.57575757575758,51.85644327713294
3-GRAM,evolutiva corretiva suporte,31,3,1,2,60.0,29.032258064516128,51.85263068711345
2-GRAM,gestao urbana,30,1,1,1,54.666666666666664,93.33333333333333,51.788528340252476
3-GRAM,funcionamento centro tecnologico,56,2,1,2,61.464285714285715,25.0,51.78485130898923
2-GRAM,funcionamento centro,56,2,1,2,61.464285714285715,25.0,51.78485130898923
3-GRAM,dell articolo legge,36,1,1,1,51.0,50.0,51.76433110226214
3-GRAM,articolo legge dicembre,36,1,1,1,51.0,50.0,51.76433110226214
2-GRAM,sprawiedliwej transformacji,25,2,1,1,48.64,76.0,51.733508430060155
3-GRAM,przed uzenie licencji,31,2,1,2,61.87096774193548,38.70967741935484,51.71205625688384
2-GRAM,uzenie licencji,31,2,1,2,61.87096774193548,38.70967741935484,51.71205625688384
2-GRAM,entorno sap,26,5,1,2,60.0,23.076923076923077,51.70536304329408
3-GRAM,subunitate pompieri cadrul,31,1,1,1,65.29032258064517,58.064516129032256,51.68648648648649
2-GRAM,pompieri cadrul,31,1,1,1,65.29032258064517,58.064516129032256,51.68648648648649
2-GRAM,dirbtinio intelekto,26,2,1,2,50.84615384615385,57.69230769230769,51.67958993476235
3-GRAM,derecho uso licencias,26,6,1,2,71.61538461538461,15.384615384615385,51.66899940693044
2-GRAM,gruppo cdp,30,2,1,2,65.33333333333333,40.0,51.664475133440654
2-GRAM,nuevas licencias,27,3,1,2,64.96296296296296,33.333333333333336,51.635380835380836
3-GRAM,corretiva suporte tecnico,29,3,1,2,58.62068965517241,31.03448275862069,51.61181055663814
3-GRAM,vederea implementarii proiectului,30,5,1,2,49.666666666666664,16.666666666666668,51.58176734728459
2-GRAM,furnizarea echipamentelor,27,2,1,2,56.2962962962963,48.148148148148145,51.55338473269507
2-GRAM,software diverso,35,3,1,3,74.0,22.857142857142858,51.55040244005761
2-GRAM,ramach potrzeb,30,2,1,2,61.8,40.0,51.542675590951454
2-GRAM,projeto aquisicao,39,2,1,2,48.46153846153846,33.333333333333336,51.53188172498517
2-GRAM,transformacao digital,28,3,1,2,56.714285714285715,32.142857142857146,51.52135897653139
2-GRAM,rozwoj elektronicznych,26,5,1,2,55.92307692307692,23.076923076923077,51.520325341014996
2-GRAM,stomatologicznych pakietach,28,1,1,1,72.07142857142857,89.28571428571429,51.51576717783614
3-GRAM,pentru digitalizarea activitatii,26,4,1,2,66.0,26.923076923076923,51.49531475048716
2-GRAM,how can,26,7,1,1,68.42307692307692,7.6923076923076925,51.48184359908498
2-GRAM,atencion digital,32,1,1,1,55.0625,56.25,51.43726171312378
2-GRAM,rvk zentralapotheke,30,0,1,1,66.4,80.0,51.408523256799114
2-GRAM,pletros paslaugos,51,2,1,2,59.254901960784316,25.49019607843137,51.3944929255274
2-GRAM,consultoria desarrollo,26,4,1,2,61.76923076923077,26.923076923076923,51.362738286876215
3-GRAM,publica empresarial red,34,1,1,1,45.529411764705884,52.94117647058823,51.3581462340083
2-GRAM,empresarial red,34,1,1,1,45.529411764705884,52.94117647058823,51.3581462340083
2-GRAM,engineer senior,47,1,1,1,71.70212765957447,34.04255319148936,51.33694823349996
3-GRAM,business engineer senior,47,1,1,1,71.70212765957447,34.04255319148936,51.33694823349996
2-GRAM,proyectos desarrollo,26,5,1,2,50.38461538461539,23.076923076923077,51.27753960857409
3-GRAM,registos nacionais prr,38,3,1,2,57.94736842105263,21.05263157894737,51.26261120054224
2-GRAM,nacionais prr,38,3,1,2,57.94736842105263,21.05263157894737,51.26261120054224
2-GRAM,usuario operacion,40,1,1,1,60.0,40.0,51.260764212488354
2-GRAM,construccion mantenimiento,29,1,1,1,57.724137931034484,75.86206896551724,51.18258069982208
2-GRAM,activitatii spitalului,69,2,1,2,52.72463768115942,20.28985507246377,51.170532915360496
2-GRAM,digitala pentru,38,1,1,1,54.10526315789474,42.10526315789474,51.16177243073795
3-GRAM,gobierno espana financiado,31,1,1,1,54.32258064516129,58.064516129032256,51.15984071846141
2-GRAM,sistem comunal,35,1,1,1,69.37142857142857,42.857142857142854,51.098246208591036
3-GRAM,sistem comunal integrat,35,1,1,1,69.37142857142857,42.857142857142854,51.098246208591036
2-GRAM,comunal integrat,35,1,1,1,69.37142857142857,42.857142857142854,51.098246208591036
2-GRAM,per crui,31,2,1,2,70.38709677419355,35.483870967741936,51.082419723799035
3-GRAM,crui universita italiane,31,2,1,2,70.38709677419355,35.483870967741936,51.082419723799035
2-GRAM,universita italiane,31,2,1,2,70.38709677419355,35.483870967741936,51.082419723799035
3-GRAM,per crui universita,31,2,1,2,70.38709677419355,35.483870967741936,51.082419723799035
2-GRAM,crui universita,31,2,1,2,70.38709677419355,35.483870967741936,51.082419723799035
2-GRAM,egib dla,31,2,1,1,69.48387096774194,35.483870967741936,51.0151148013217
3-GRAM,dzierzawa automatycznego analizatora,30,3,1,2,74.0,26.666666666666668,50.995374057443016
2-GRAM,aplikacji mobilnej,26,4,1,2,55.07692307692308,26.923076923076923,50.99489960179615
2-GRAM,techninio palaikymo,35,4,1,2,58.57142857142857,11.428571428571429,50.98905363043294
3-GRAM,infraestrutura tecnologica hardware,63,1,1,1,70.57142857142857,28.571428571428573,50.921799542489204
3-GRAM,renouvellement soutien technique,28,3,1,1,81.14285714285714,28.571428571428573,50.91578412268068
3-GRAM,desarrollo sistemas administracion,30,1,1,1,60.0,56.666666666666664,50.89955096161992
3-GRAM,plataforma gestao urbana,28,1,1,1,54.285714285714285,96.42857142857143,50.89955096161992
3-GRAM,echipamentelor cadrul proiectului,50,2,1,2,61.4,24.0,50.896534779293404
2-GRAM,echipamentelor cadrul,50,2,1,2,61.4,24.0,50.896534779293404
2-GRAM,bairro comercial,55,2,1,2,62.25454545454546,21.818181818181817,50.87914936880454
3-GRAM,bairro comercial digital,55,2,1,2,62.25454545454546,21.818181818181817,50.87914936880454
2-GRAM,subsecretaria economia,31,1,1,1,60.12903225806452,51.61290322580645,50.86276370414302
3-GRAM,subsecretaria economia comercio,31,1,1,1,60.12903225806452,51.61290322580645,50.86276370414302
3-GRAM,danych egib dla,30,2,1,1,69.46666666666667,36.666666666666664,50.854850461747006
3-GRAM,basketball trainingshalle lowenpark,28,1,1,1,59.82142857142857,78.57142857142857,50.844192154536984
3-GRAM,sanierung basketball trainingshalle,28,1,1,1,59.82142857142857,78.57142857142857,50.844192154536984
2-GRAM,trainingshalle lowenpark,28,1,1,1,59.82142857142857,78.57142857142857,50.844192154536984
2-GRAM,lowenpark erfurt,28,1,1,1,59.82142857142857,78.57142857142857,50.844192154536984
3-GRAM,trainingshalle lowenpark erfurt,28,1,1,1,59.82142857142857,78.57142857142857,50.844192154536984
2-GRAM,sanierung basketball,28,1,1,1,59.82142857142857,78.57142857142857,50.844192154536984
2-GRAM,basketball trainingshalle,28,1,1,1,59.82142857142857,78.57142857142857,50.844192154536984
3-GRAM,asst bergamo ovest,38,3,1,2,48.05263157894737,21.05263157894737,50.833771075150395
2-GRAM,nordost torgauer,28,0,1,1,72.46428571428571,89.28571428571429,50.83156824536135
3-GRAM,rettungswache nordost torgauer,28,0,1,1,72.46428571428571,89.28571428571429,50.83156824536135
3-GRAM,nordost torgauer str,28,0,1,1,72.46428571428571,89.28571428571429,50.83156824536135
2-GRAM,implementare platforma,39,3,1,2,74.41025641025641,15.384615384615385,50.83078878251292
3-GRAM,engineer senior cluster,44,1,1,1,71.54545454545455,34.09090909090909,50.82924680166059
3-GRAM,aquisicao manuais digitais,33,3,1,1,58.78787878787879,24.242424242424242,50.825196983817676
2-GRAM,oraz wraz,27,3,1,2,47.48148148148148,33.333333333333336,50.818571549606034
2-GRAM,medicamento productos,30,2,1,2,46.666666666666664,40.0,50.8027281199695
3-GRAM,medicamento productos sanitarios,30,2,1,2,46.666666666666664,40.0,50.8027281199695
3-GRAM,zlokalizowanych nowa deba,25,2,1,2,67.52,48.0,50.78100482928069
2-GRAM,zlokalizowanych nowa,25,2,1,2,67.52,48.0,50.78100482928069
3-GRAM,zakup subskrypcji oprogramowania,31,2,1,2,60.96774193548387,35.483870967741936,50.772125730746424
2-GRAM,construccion implantacion,25,4,1,2,55.76,28.0,50.7603829534864
3-GRAM,prieziuros paslaugu viesasis,26,4,1,2,48.76923076923077,26.923076923076923,50.71896975345251
2-GRAM,walperloh schmalkalden,33,1,1,1,82.0,42.42424242424242,50.71735999322206
3-GRAM,corretiva evolutiva sistema,29,4,1,2,58.62068965517241,20.689655172413794,50.702584088790985
2-GRAM,porizovani produktu,35,4,1,2,66.8,5.714285714285714,50.69246801660595
2-GRAM,pas proj,73,1,1,1,72.0,26.027397260273972,50.67811573328815
2-GRAM,repozytorium danych,27,1,1,1,64.74074074074075,81.48148148148148,50.667304922477335
2-GRAM,mediante installazione,29,3,1,2,62.3448275862069,27.586206896551722,50.64741167499788
3-GRAM,desarrollo puesta marcha,26,4,1,2,46.69230769230769,26.923076923076923,50.62685757858171
2-GRAM,dla mazowsza,25,3,1,2,45.68,36.0,50.61448784207405
3-GRAM,dps sovellus ohjelmistokehityspalvelut,28,4,1,2,61.5,21.428571428571427,50.604219266288226
2-GRAM,dps sovellus,28,4,1,2,61.5,21.428571428571427,50.604219266288226
3-GRAM,konsultointi dps sovellus,28,4,1,2,61.5,21.428571428571427,50.604219266288226
2-GRAM,sovellus ohjelmistokehityspalvelut,28,4,1,2,61.5,21.428571428571427,50.604219266288226
2-GRAM,porizeni implementace,29,5,1,2,46.13793103448276,13.793103448275861,50.597627721765654
3-GRAM,productos sanitarios aemps,26,2,1,2,45.69230769230769,50.0,50.59339151063289
2-GRAM,sanitarios aemps,26,2,1,2,45.69230769230769,50.0,50.59339151063289
2-GRAM,statii tratare,28,5,1,2,56.642857142857146,14.285714285714286,50.59176480555791
3-GRAM,pompieri cadrul inspectoratului,29,1,1,1,64.6896551724138,55.172413793103445,50.57131237820893
3-GRAM,modernizare sistem comunal,34,1,1,1,70.82352941176471,41.1764705882353,50.5316783868508
3-GRAM,comunal integrat colectare,34,1,1,1,70.82352941176471,41.1764705882353,50.5316783868508
2-GRAM,pilar prr,28,2,1,2,62.0,39.285714285714285,50.52710327882741
3-GRAM,neubau eines freizeit,31,1,1,1,82.0,45.16129032258065,50.52079979666186
3-GRAM,eines freizeit sport,31,1,1,1,82.0,45.16129032258065,50.52079979666186
2-GRAM,eines freizeit,31,1,1,1,82.0,45.16129032258065,50.52079979666186
3-GRAM,equipar centros tecnologicos,32,1,1,1,58.8125,46.875,50.514072693383035
3-GRAM,senior cluster bco,45,1,1,1,71.6,33.333333333333336,50.47850546471236
2-GRAM,rozvoje systemu,25,7,1,2,58.4,8.0,50.45464712361264
3-GRAM,ania wojskowego oddzia,28,2,1,2,60.5,39.285714285714285,50.43926120477845
2-GRAM,senior cluster,47,1,1,1,69.40425531914893,31.914893617021278,50.41679234093027
2-GRAM,expert business,29,1,1,1,72.13793103448276,51.724137931034484,50.40632042701008
3-GRAM,expert business engineer,29,1,1,1,72.13793103448276,51.724137931034484,50.40632042701008
3-GRAM,marco ctti lote,61,2,1,2,54.65573770491803,19.672131147540984,50.38691858002203
2-GRAM,marco ctti,64,2,1,2,55.34375,18.75,50.37712445988308
3-GRAM,ramcova dohoda porizovani,33,4,1,2,64.72727272727273,9.090909090909092,50.37466745742608
2-GRAM,dohoda porizovani,33,4,1,2,64.72727272727273,9.090909090909092,50.37466745742608
2-GRAM,configurare punere,47,2,1,2,47.40425531914894,25.53191489361702,50.33081419977971
3-GRAM,instalare configurare punere,47,2,1,2,47.40425531914894,25.53191489361702,50.33081419977971
2-GRAM,especializado tipo,51,2,1,2,61.294117647058826,21.568627450980394,50.29387443870202
3-GRAM,tecnologico especializado tipo,51,2,1,2,61.294117647058826,21.568627450980394,50.29387443870202
3-GRAM,dla posiadanych przez,36,3,1,2,57.44444444444444,19.444444444444443,50.27182919596713
3-GRAM,configurare punere functiune,46,2,1,2,46.82608695652174,26.08695652173913,50.26972803524527
2-GRAM,tecnico informatico,25,6,1,3,50.4,16.0,50.24961450478692
2-GRAM,uso comun,31,1,1,1,66.12903225806451,45.16129032258065,50.17492163009405
2-GRAM,digital personalizada,29,1,1,1,56.827586206896555,55.172413793103445,50.16687282894179
2-GRAM,set reactivi,32,4,1,2,45.3125,15.625,50.15745149538253
3-GRAM,zajisteni podpory rozvoje,30,4,1,2,59.86666666666667,16.666666666666668,50.1262221469118
2-GRAM,rad mendix,83,1,1,1,70.19277108433735,22.89156626506024,50.08691010759976
2-GRAM,recaudacion inspeccion,26,5,1,2,46.76923076923077,19.23076923076923,50.07709904261628
3-GRAM,din galati cod,34,2,1,2,49.0,32.35294117647059,50.065000423621115
2-GRAM,online plattform,32,4,1,1,74.5,6.25,50.06388206388206
3-GRAM,poskytovani technicke podpory,28,5,1,2,58.214285714285715,10.714285714285714,50.05203761755486
2-GRAM,viitorul educatiei,39,2,1,2,52.205128205128204,28.205128205128204,50.044158264847916
2-GRAM,software equipamentos,53,1,1,1,74.0,28.30188679245283,50.01558925696857
3-GRAM,nuevo sistema gestion,26,6,1,2,57.46153846153846,7.6923076923076925,49.99664492078285
2-GRAM,nas areas,34,2,1,2,46.588235294117645,32.35294117647059,49.95723121240363
2-GRAM,evolucao tecnologica,30,4,1,2,56.0,16.666666666666668,49.946674574260776
2-GRAM,developer senior,37,2,1,1,70.45945945945945,27.027027027027028,49.92806913496568
2-GRAM,tecnologica funcional,28,5,1,4,60.5,7.142857142857143,49.86949080742184
2-GRAM,profissionais saude,30,4,1,2,54.06666666666667,16.666666666666668,49.86045920528679
2-GRAM,forestiera arges,42,2,1,2,71.42857142857143,23.80952380952381,49.83370329577225
3-GRAM,exploatare forestiera arges,42,2,1,2,71.42857142857143,23.80952380952381,49.83370329577225
2-GRAM,iniciativas planeadas,61,2,1,2,74.0,13.114754098360656,49.81940184698805
3-GRAM,manuais digitais bens,32,3,1,1,60.0,21.875,49.808574091332716
3-GRAM,dohoda porizovani produktu,32,4,1,2,66.125,6.25,49.769855121579255
2-GRAM,podpora produktu,25,4,1,2,66.0,24.0,49.7685164788613
2-GRAM,programavimo paslaugos,26,3,1,2,54.92307692307692,30.76923076923077,49.766838939252736
2-GRAM,teams resources,57,2,1,1,70.0,15.789473684210526,49.76314496314496
2-GRAM,definicion gestion,26,1,1,1,57.46153846153846,84.61538461538461,49.758400406676266
3-GRAM,proiectului modernizare sistem,32,1,1,1,70.625,40.625,49.755553672795045
3-GRAM,zwiekszajace poziom cyberbezpieczenstwa,26,1,1,1,51.92307692307692,100.0,49.71617385410489
2-GRAM,zwiekszajace poziom,26,1,1,1,51.92307692307692,100.0,49.71617385410489
3-GRAM,industria turismo subdireccion,26,1,1,1,54.0,88.46153846153847,49.66667796322969
2-GRAM,turismo subdireccion,26,1,1,1,54.0,88.46153846153847,49.66667796322969
2-GRAM,oporavka otpornosti,27,3,1,2,46.370370370370374,29.62962962962963,49.6153350843006
2-GRAM,zwei klasseneinheiten,36,0,1,1,64.38888888888889,38.888888888888886,49.61521647038889
2-GRAM,grunen woche,29,4,1,1,54.93103448275862,17.24137931034483,49.597000762518
2-GRAM,depositi prestiti,63,2,1,2,45.333333333333336,17.46031746031746,49.57975091078539
2-GRAM,cassa depositi,63,2,1,2,45.333333333333336,17.46031746031746,49.57975091078539
3-GRAM,cassa depositi prestiti,63,2,1,2,45.333333333333336,17.46031746031746,49.57975091078539
2-GRAM,informatycznego systemu,26,4,1,2,54.92307692307692,23.076923076923077,49.56822841650428
2-GRAM,darbo uzmokescio,31,3,1,2,58.70967741935484,22.580645161290324,49.567059222231634
3-GRAM,egib dla potrzeb,30,2,1,1,69.46666666666667,33.333333333333336,49.562551893586374
2-GRAM,funcional tecnologica,25,4,1,3,60.56,24.0,49.56131491993561
2-GRAM,planeadas ambito,61,2,1,2,74.0,11.475409836065573,49.50970092349402
3-GRAM,software equipamentos mobiliarios,51,1,1,1,74.0,27.45098039215686,49.4613403372024
3-GRAM,hardware software equipamentos,51,1,1,1,74.0,27.45098039215686,49.4613403372024
3-GRAM,informatycznego wspomagajacego zarzadzanie,27,1,1,1,61.55555555555556,55.55555555555556,49.458171651275094
2-GRAM,system development,31,4,1,4,59.61290322580645,9.67741935483871,49.45488435143608
2-GRAM,sistema inteligencia,25,3,1,2,50.4,32.0,49.44100652376514
3-GRAM,laser aeroporte lidar,27,3,1,1,82.0,25.925925925925927,49.43653308480894
2-GRAM,laser aeroporte,27,3,1,1,82.0,25.925925925925927,49.43653308480894
2-GRAM,aeroporte lidar,27,3,1,1,82.0,25.925925925925927,49.43653308480894
3-GRAM,iniciativas planeadas ambito,59,2,1,2,74.0,11.864406779661017,49.43324578496992
3-GRAM,furnizare echipamente software,27,3,1,2,75.18518518518519,25.925925925925927,49.39647547233754
3-GRAM,assistenza manutenzione per,25,3,1,2,48.56,32.0,49.36414470897229
2-GRAM,acordos quadro,39,2,1,2,58.76923076923077,25.641025641025642,49.356705922223156
3-GRAM,aquisicao renovacao licenciamento,25,1,1,1,70.08,72.0,49.34274337032958
3-GRAM,grundschule nord kinder,28,1,1,1,62.857142857142854,50.0,49.3423705837499
2-GRAM,nord kinder,28,1,1,1,62.857142857142854,50.0,49.3423705837499
3-GRAM,nord kinder campus,28,1,1,1,62.857142857142854,50.0,49.3423705837499
2-GRAM,kinder campus,28,1,1,1,62.857142857142854,50.0,49.3423705837499
2-GRAM,magazynach wojskowego,30,2,1,2,61.4,33.333333333333336,49.33908328391087
3-GRAM,magazynach wojskowego oddzia,30,2,1,2,61.4,33.333333333333336,49.33908328391087
3-GRAM,adunkiem magazynach wojskowego,30,2,1,2,61.4,33.333333333333336,49.33908328391087
2-GRAM,ante publicatie,26,5,1,1,48.61538461538461,15.384615384615385,49.32928916377192
2-GRAM,prin dezvoltarea,26,5,1,2,48.53846153846154,15.384615384615385,49.32562907735321
2-GRAM,proiectului intitulat,31,4,1,2,56.645161290322584,9.67741935483871,49.31641108192832
2-GRAM,informacji przestrzennej,44,2,1,2,57.13636363636363,22.727272727272727,49.27943743116157
2-GRAM,lydinciomis palaikymo,26,2,1,2,63.23076923076923,38.46153846153846,49.24009150216047
2-GRAM,desarrollo integracion,31,3,1,2,49.29032258064516,22.580645161290324,49.152249428111496
2-GRAM,kurimo diegimo,27,4,1,2,60.074074074074076,18.51851851851852,49.15030077099043
2-GRAM,integral administracion,25,5,1,2,55.6,16.0,49.094755570617636
2-GRAM,proyecto digitalizacion,25,4,1,2,50.08,24.0,49.04991951198848
2-GRAM,pentru viitorul,38,2,1,2,53.05263157894737,26.31578947368421,49.04949589087521
3-GRAM,viitorul educatiei cercetarii,38,2,1,2,53.05263157894737,26.31578947368421,49.04949589087521
3-GRAM,educatiei cercetarii universitatea,38,2,1,2,53.05263157894737,26.31578947368421,49.04949589087521
3-GRAM,cercetarii universitatea dunarea,38,2,1,2,53.05263157894737,26.31578947368421,49.04949589087521
2-GRAM,cercetarii universitatea,38,2,1,2,53.05263157894737,26.31578947368421,49.04949589087521
2-GRAM,educatiei cercetarii,38,2,1,2,53.05263157894737,26.31578947368421,49.04949589087521
3-GRAM,digitalizarea pentru viitorul,38,2,1,2,53.05263157894737,26.31578947368421,49.04949589087521
2-GRAM,digitalizarea pentru,38,2,1,2,53.05263157894737,26.31578947368421,49.04949589087521
2-GRAM,universitatea dunarea,38,2,1,2,53.05263157894737,26.31578947368421,49.04949589087521
3-GRAM,pentru viitorul educatiei,38,2,1,2,53.05263157894737,26.31578947368421,49.04949589087521
3-GRAM,universitatea dunarea jos,38,2,1,2,53.05263157894737,26.31578947368421,49.04949589087521
2-GRAM,izstrade ieviesana,35,3,1,2,59.714285714285715,14.285714285714286,49.02102855206303
2-GRAM,liittyvien palveluiden,27,2,1,1,53.48148148148148,37.03703703703704,48.88704566635601
3-GRAM,microsoft solution renewals,32,3,1,1,60.0,18.75,48.87852240955689
2-GRAM,microsoft solution,32,3,1,1,60.0,18.75,48.87852240955689
2-GRAM,solution renewals,32,3,1,1,60.0,18.75,48.87852240955689
2-GRAM,producenta oraz,27,2,1,2,53.25925925925926,37.03703703703704,48.87606540709989
2-GRAM,dps kategorija,25,1,1,1,58.4,72.0,48.86774548843515
3-GRAM,digitalizarea activitatii spitalului,53,1,1,1,60.339622641509436,26.41509433962264,48.86239091756333
3-GRAM,proiectului digitalizarea activitatii,52,1,1,1,58.26923076923077,26.923076923076923,48.84685249512836
3-GRAM,hamburg neubau itgz,64,1,1,1,52.6875,25.0,48.83921037024486
3-GRAM,desy hamburg neubau,64,1,1,1,52.6875,25.0,48.83921037024486
2-GRAM,neubau itgz,64,1,1,1,52.6875,25.0,48.83921037024486
3-GRAM,betrieb spree nei,26,0,1,1,69.46153846153847,61.53846153846154,48.837515885791746
2-GRAM,betrieb spree,26,0,1,1,69.46153846153847,61.53846153846154,48.837515885791746
2-GRAM,desy hamburg,75,1,1,1,49.96,22.666666666666668,48.7943743116157
3-GRAM,atencion digital personalizada,27,1,1,1,56.592592592592595,51.851851851851855,48.786206896551725
3-GRAM,kommunikationszentrums walperloh schmalkalden,25,1,1,1,82.0,56.0,48.77246462763705
2-GRAM,kommunikationszentrums walperloh,25,1,1,1,82.0,56.0,48.77246462763705
2-GRAM,sachsen anhalts,28,5,1,1,46.42857142857143,3.5714285714285716,48.75326611878336
2-GRAM,posterior mantenimiento,26,2,1,1,53.0,38.46153846153846,48.71303905786664
3-GRAM,aplicacional ambito manutencao,60,2,1,2,60.0,10.0,48.71275099550961
3-GRAM,entidades locales provincia,33,1,1,1,45.93939393939394,39.39393939393939,48.69312886554266
2-GRAM,administracion operacion,29,1,1,1,54.41379310344828,44.827586206896555,48.685876472083365
3-GRAM,mises jour assistance,58,1,1,1,80.75862068965517,22.413793103448278,48.63604168431755
2-GRAM,jour assistance,61,1,1,1,80.81967213114754,21.311475409836067,48.60364314157418
3-GRAM,jour assistance technique,61,1,1,1,80.81967213114754,21.311475409836067,48.60364314157418
2-GRAM,mokymo priemones,33,3,1,2,47.878787878787875,18.181818181818183,48.569516224688634
2-GRAM,regional oncologie,27,2,1,2,45.333333333333336,37.03703703703704,48.52591713971024
2-GRAM,umbau feuerwehrgeratehaus,52,2,1,1,45.63461538461539,17.307692307692307,48.501957129543335
2-GRAM,dostepu sieciowego,29,1,1,1,63.172413793103445,41.37931034482759,48.474438702024905
3-GRAM,assistencia tecnica plataforma,32,2,1,2,60.6875,28.125,48.4428365669745
2-GRAM,cadrul mures,44,2,1,2,49.45454545454545,20.454545454545453,48.3782258747776
3-GRAM,din cadrul mures,44,2,1,2,49.45454545454545,20.454545454545453,48.3782258747776
3-GRAM,irangos prieziuros vystymo,33,2,1,2,60.0,27.272727272727273,48.35313056002711
2-GRAM,enterprise lizenzen,25,5,1,1,53.92,12.0,48.32049478946031
2-GRAM,schema och,28,2,1,2,61.5,32.142857142857146,48.194340421926626
2-GRAM,manutencao aplicacional,26,4,1,2,64.92307692307692,15.384615384615385,48.18485130898924
2-GRAM,avantajelor digitalizarii,30,3,1,1,74.26666666666667,16.666666666666668,48.16126408540202
3-GRAM,valorificarea avantajelor digitalizarii,30,3,1,1,74.26666666666667,16.666666666666668,48.16126408540202
2-GRAM,valorificarea avantajelor,30,3,1,1,74.26666666666667,16.666666666666668,48.16126408540202
2-GRAM,schulzentrum gerichtsweg,64,2,1,1,48.6875,6.25,48.158502075743456
2-GRAM,stadt hoyerswerda,44,1,1,1,47.18181818181818,29.545454545454547,48.11017537914089
2-GRAM,mayor detalle,34,2,1,2,54.1764705882353,26.470588235294116,48.08362280776073
3-GRAM,mayor detalle pliego,34,2,1,2,54.1764705882353,26.470588235294116,48.08362280776073
2-GRAM,satisfacer especifican,34,2,1,2,54.1764705882353,26.470588235294116,48.08362280776073
3-GRAM,necesidades satisfacer especifican,34,2,1,2,54.1764705882353,26.470588235294116,48.08362280776073
2-GRAM,detalle pliego,35,2,1,2,53.2,25.714285714285715,48.07882741675845
2-GRAM,necesidades satisfacer,35,2,1,2,53.2,25.714285714285715,48.07882741675845
3-GRAM,detalle pliego prescripciones,35,2,1,2,53.2,25.714285714285715,48.07882741675845
2-GRAM,tipo informatico,45,1,1,1,69.2,26.666666666666668,48.05481657205795
2-GRAM,sicurezza informatica,25,1,1,1,58.0,56.0,48.04797085486741
3-GRAM,klaranlage dresden kaditz,39,1,1,1,59.282051282051285,30.76923076923077,48.04712361264085
2-GRAM,klaranlage dresden,39,1,1,1,59.282051282051285,30.76923076923077,48.04712361264085
2-GRAM,infrastructura hardware,27,3,1,2,70.74074074074075,22.22222222222222,48.01518258069982
3-GRAM,mendix expert business,26,1,1,1,71.92307692307692,46.15384615384615,47.99911886808439
2-GRAM,mendix expert,26,1,1,1,71.92307692307692,46.15384615384615,47.99911886808439
2-GRAM,mendix advanced,55,1,1,1,72.03636363636363,21.818181818181817,47.99491654664069
2-GRAM,gerichtsweg neubau,59,2,1,1,50.54237288135593,6.779661016949152,47.98081843599085
2-GRAM,necessarie all,25,1,1,1,50.24,60.0,47.96704227738711
3-GRAM,veikimo stebejimo prieziuros,26,2,1,2,61.07692307692308,34.61538461538461,47.93430483775312
2-GRAM,stebejimo prieziuros,26,2,1,2,61.07692307692308,34.61538461538461,47.93430483775312
3-GRAM,modifikavimo paslaugu pirkimas,26,2,1,2,61.07692307692308,34.61538461538461,47.93430483775312
2-GRAM,veikimo stebejimo,26,2,1,2,61.07692307692308,34.61538461538461,47.93430483775312
3-GRAM,schulzentrum gerichtsweg neubau,58,2,1,1,51.1551724137931,6.896551724137931,47.91783444886893
2-GRAM,zlokalizowanych kompleksach,25,2,1,2,65.36,36.0,47.91151402185885
3-GRAM,zlokalizowanych kompleksach wojskowych,25,2,1,2,65.36,36.0,47.91151402185885
3-GRAM,dezvoltare software pentru,25,4,1,2,74.0,16.0,47.87020249089214
2-GRAM,registo nacional,34,3,1,2,59.23529411764706,8.823529411764707,47.86345844276879
3-GRAM,sector publico lote,25,1,1,1,47.76,60.0,47.8631364907227
3-GRAM,lydinciomis palaikymo paslaugomis,25,2,1,2,63.36,36.0,47.85356265356265
2-GRAM,nadaljnjega razvoja,26,2,1,2,60.0,34.61538461538461,47.8245022451919
2-GRAM,catalunya ctti,48,2,1,1,52.25,14.583333333333334,47.81804625942557
3-GRAM,generalitat catalunya ctti,48,2,1,1,52.25,14.583333333333334,47.81804625942557
2-GRAM,turto valdymo,26,2,1,2,59.0,34.61538461538461,47.779564517495544
2-GRAM,vzdrzevanja nadgradenj,27,2,1,2,60.0,33.333333333333336,47.76199271371685
3-GRAM,stebejimo prieziuros modifikavimo,25,2,1,2,61.12,36.0,47.75352029145132
2-GRAM,silvica maramures,30,2,1,2,50.6,30.0,47.73218673218673
3-GRAM,directia silvica maramures,30,2,1,2,50.6,30.0,47.73218673218673
3-GRAM,sector publico basado,57,1,1,1,53.333333333333336,22.80701754385965,47.7255104634415
2-GRAM,publico basado,57,1,1,1,53.333333333333336,22.80701754385965,47.7255104634415
2-GRAM,apsardzes signalizacijas,33,3,1,2,61.333333333333336,9.090909090909092,47.70615945098703
2-GRAM,construccion desarrollo,51,2,1,1,60.549019607843135,7.8431372549019605,47.674980937049895
2-GRAM,oelsnitz erzgeb,61,1,1,1,63.36065573770492,19.672131147540984,47.6606794882657
2-GRAM,pletros paslaugu,30,3,1,2,60.06666666666667,16.666666666666668,47.63624502245192
3-GRAM,unitatilor sanitare publice,28,1,1,1,50.285714285714285,42.857142857142854,47.59229009573837
3-GRAM,sistemos prieziuros vystymo,26,1,1,1,60.0,46.15384615384615,47.538761331864784
2-GRAM,zakresu immunologii,29,2,1,2,48.0,31.03448275862069,47.5338642717953
3-GRAM,zakresu immunologii transfuzjologicznej,29,2,1,2,48.0,31.03448275862069,47.5338642717953
2-GRAM,oddziale neurologii,56,1,1,1,47.67857142857143,23.214285714285715,47.459476404303985
2-GRAM,modalidad software,28,3,1,2,74.0,17.857142857142858,47.45191900364314
2-GRAM,backup server,27,3,1,1,56.333333333333336,22.22222222222222,47.413708379225625
2-GRAM,emprise rue,32,3,1,1,52.6875,12.5,47.356417859866134
2-GRAM,siegmunds hof,38,2,1,1,68.55263157894737,18.42105263157895,47.33133948996018
2-GRAM,soporte transformacion,34,2,1,1,60.0,23.529411764705884,47.27315089384055
3-GRAM,rabattvereinbarung nach absatz,93,1,1,1,73.36559139784946,5.376344086021505,47.24912310429552
3-GRAM,dag aquisicao solucao,42,2,1,2,55.333333333333336,16.666666666666668,47.21919850885368
3-GRAM,institutul regional oncologie,26,2,1,2,46.30769230769231,34.61538461538461,47.21753791408964
3-GRAM,regional oncologie iasi,26,2,1,2,46.30769230769231,34.61538461538461,47.21753791408964
2-GRAM,oncologie iasi,26,2,1,2,46.30769230769231,34.61538461538461,47.21753791408964
2-GRAM,institutul regional,26,2,1,2,46.30769230769231,34.61538461538461,47.21753791408964
2-GRAM,gestion identidades,26,3,1,2,58.53846153846154,23.076923076923077,47.193544014233666
2-GRAM,achizitie licente,26,4,1,2,69.6923076923077,7.6923076923076925,47.178225874777596
3-GRAM,prescricao eletronica medica,30,3,1,2,61.4,13.333333333333334,47.17775141913073
2-GRAM,prescricao eletronica,30,3,1,2,61.4,13.333333333333334,47.17775141913073
2-GRAM,eletronica medica,30,3,1,2,61.4,13.333333333333334,47.17775141913073
2-GRAM,berlin siegmunds,36,2,1,1,70.0,19.444444444444443,47.136558502075744
3-GRAM,berlin siegmunds hof,36,2,1,1,70.0,19.444444444444443,47.136558502075744
3-GRAM,studierendenwerk berlin siegmunds,36,2,1,1,70.0,19.444444444444443,47.136558502075744
2-GRAM,zamawiajacego urzadzen,27,4,1,2,54.148148148148145,7.407407407407407,47.13318647801406
3-GRAM,zajisteni provozu rozvoje,25,3,1,2,62.24,24.0,47.120952300262644
2-GRAM,sistemos diegimo,26,3,1,2,54.92307692307692,23.076923076923077,47.0329068880793
2-GRAM,implementare sistemului,45,1,1,1,60.08888888888889,24.444444444444443,47.016300940438875
3-GRAM,stlb bau liegenschaften,39,0,1,1,74.0,28.205128205128204,47.00969245107176
3-GRAM,bau liegenschaften bonn,39,0,1,1,74.0,28.205128205128204,47.00969245107176
2-GRAM,bau liegenschaften,39,0,1,1,74.0,28.205128205128204,47.00969245107176
3-GRAM,dezvoltare implementare sistemului,42,1,1,1,59.76190476190476,26.19047619047619,47.00713377954757
2-GRAM,eines servers,26,3,1,1,54.03846153846154,23.076923076923077,46.993052613742265
2-GRAM,prieziuros pletros,36,2,1,2,63.0,19.444444444444443,46.97937812420571
3-GRAM,desarrollo mantenimiento nuevas,49,2,1,1,60.857142857142854,4.081632653061225,46.9687875963738
3-GRAM,mantenimiento nuevas aplicaciones,49,2,1,1,60.857142857142854,4.081632653061225,46.9687875963738
2-GRAM,garantijas nodrosinasana,40,2,1,2,54.0,17.5,46.952215538422436
2-GRAM,swingin santa,37,0,1,1,69.43243243243244,29.72972972972973,46.938252986528845
2-GRAM,advanced business,52,1,1,1,71.92307692307692,19.23076923076923,46.925730746420406
3-GRAM,mendix advanced business,52,1,1,1,71.92307692307692,19.23076923076923,46.925730746420406
3-GRAM,advanced business engineer,52,1,1,1,71.92307692307692,19.23076923076923,46.925730746420406
2-GRAM,rozwoju systemow,25,3,1,2,58.96,24.0,46.90724392103702
2-GRAM,verde its,27,4,1,2,59.03703703703704,3.7037037037037037,46.901957129543334
2-GRAM,modifications additions,62,1,1,1,46.33870967741935,19.35483870967742,46.878336016267056
3-GRAM,modifications additions reseau,62,1,1,1,46.33870967741935,19.35483870967742,46.878336016267056
2-GRAM,odborna podpora,28,3,1,2,57.642857142857146,17.857142857142858,46.86000169448445
2-GRAM,fully automatic,25,2,1,2,75.28,32.0,46.84783529611116
2-GRAM,sistemas uzturesanas,27,2,1,2,64.07407407407408,29.62962962962963,46.84505634160806
2-GRAM,forestiera pentru,39,2,1,2,62.92307692307692,15.384615384615385,46.84312462933153
2-GRAM,additions reseau,63,1,1,1,45.84126984126984,19.047619047619047,46.838244514106584
2-GRAM,disponibilizados profissional,29,3,1,2,60.48275862068966,13.793103448275861,46.83734643734643
3-GRAM,implementare sistemului informatic,44,1,1,1,59.77272727272727,25.0,46.83571973227145
2-GRAM,aplicaciones generalitat,48,2,1,1,60.875,4.166666666666667,46.83231381852072
3-GRAM,nuevas aplicaciones generalitat,48,2,1,1,60.875,4.166666666666667,46.83231381852072
2-GRAM,umbau umgebindehaus,26,1,1,1,58.42307692307692,42.30769230769231,46.79095145302041
3-GRAM,digitalizarii beneficiul cetatenilor,26,3,1,1,74.3076923076923,19.23076923076923,46.78754553926967
2-GRAM,digitalizarii beneficiul,26,3,1,1,74.3076923076923,19.23076923076923,46.78754553926967
3-GRAM,avantajelor digitalizarii beneficiul,26,3,1,1,74.3076923076923,19.23076923076923,46.78754553926967
2-GRAM,soporte especializado,26,1,1,1,58.0,42.30769230769231,46.76980428704566
2-GRAM,uzturesana garantijas,38,2,1,2,54.8421052631579,18.42105263157895,46.765652800135555
3-GRAM,batiments departement var,26,2,1,1,68.65384615384616,30.76923076923077,46.720427010082176
3-GRAM,erstellung einer studie,25,2,1,1,71.28,32.0,46.70631195458782
2-GRAM,modernizavimo paslaugos,27,3,1,2,61.25925925925926,18.51851851851852,46.69204439549267
3-GRAM,titlul digitalizarea pentru,31,2,1,2,51.806451612903224,25.806451612903224,46.685757858171655
2-GRAM,titlul digitalizarea,31,2,1,2,51.806451612903224,25.806451612903224,46.685757858171655
3-GRAM,proiectului titlul digitalizarea,31,2,1,2,51.806451612903224,25.806451612903224,46.685757858171655
2-GRAM,unterer bahnhof,31,1,1,1,68.29032258064517,32.25806451612903,46.62336694060832
2-GRAM,informatico industrial,27,1,1,1,48.0,40.74074074074074,46.537947979327285
2-GRAM,zakresu neurologii,54,1,1,1,47.55555555555556,20.37037037037037,46.529543336439886
3-GRAM,uzturesana garantijas nodrosinasana,36,2,1,2,53.333333333333336,19.444444444444443,46.47733627043972
2-GRAM,oraz wzmocnienie,25,4,1,2,55.12,12.0,46.47006693213589
3-GRAM,pas proj srft,27,1,1,1,72.0,37.03703703703704,46.463780394814876
2-GRAM,feuerwehrgeratehaus ffw,39,2,1,1,55.94871794871795,15.384615384615385,46.46328899432348
2-GRAM,kontrakt drift,28,3,1,2,47.92857142857143,17.857142857142858,46.436041684317544
2-GRAM,provided individual,31,2,1,1,70.16129032258064,22.580645161290324,46.41857154960603
2-GRAM,nach sachsvergabeg,79,0,1,1,71.0126582278481,8.860759493670885,46.38458019147674
3-GRAM,hardware cadrul proiectului,36,2,1,2,67.77777777777777,16.666666666666668,46.381038718969755
2-GRAM,hardware cadrul,36,2,1,2,67.77777777777777,16.666666666666668,46.381038718969755
2-GRAM,vystymo palaikymo,35,2,1,2,56.22857142857143,20.0,46.35701092942472
2-GRAM,proiectului valorificarea,27,3,1,2,72.29629629629629,14.814814814814815,46.35052105396933
2-GRAM,neurologii oddziale,54,1,1,1,56.74074074074074,18.51851851851852,46.31659747521817
2-GRAM,condotte fognarie,26,2,1,2,58.15384615384615,30.76923076923077,46.298500381259004
3-GRAM,exploatare forestiera pentru,35,2,1,2,67.82857142857142,17.142857142857142,46.22563754977548
2-GRAM,realizacji budowy,41,2,1,2,53.21951219512195,12.195121951219512,46.20281284419215
2-GRAM,geschlossener vertrage,26,1,1,1,69.46153846153847,38.46153846153846,46.19908497839532
2-GRAM,bekanntmachung geschlossener,26,1,1,1,69.46153846153847,38.46153846153846,46.19908497839532
3-GRAM,bekanntmachung geschlossener vertrage,26,1,1,1,69.46153846153847,38.46153846153846,46.19908497839532
2-GRAM,kita wei,35,0,1,1,48.714285714285715,31.428571428571427,46.13999830551555
2-GRAM,projeto manutencao,27,1,1,1,60.51851851851852,37.03703703703704,46.07113445734135
2-GRAM,local comuna,25,4,1,2,57.12,8.0,46.066847411675
2-GRAM,hof haus,34,2,1,1,70.0,17.647058823529413,46.02756926205202
3-GRAM,siegmunds hof haus,34,2,1,1,70.0,17.647058823529413,46.02756926205202
3-GRAM,reseau municipal conduits,58,1,1,1,47.3448275862069,17.24137931034483,46.0239600101669
2-GRAM,municipal conduits,58,1,1,1,47.3448275862069,17.24137931034483,46.0239600101669
2-GRAM,soluciones uso,25,1,1,1,72.88,40.0,46.0067101584343
3-GRAM,rad mendix advanced,50,1,1,1,71.84,16.0,45.94765737524358
3-GRAM,metropole grand paris,37,1,1,1,50.810810810810814,27.027027027027028,45.916123019571295
3-GRAM,additions reseau municipal,55,1,1,1,46.67272727272727,18.181818181818183,45.9012285012285
2-GRAM,potsdamer str,25,0,1,1,59.0,44.0,45.81694484453105
3-GRAM,buchholz bauabschnitt mittelbau,27,0,1,1,74.0,37.03703703703704,45.797068541896124
2-GRAM,bauabschnitt mittelbau,27,0,1,1,74.0,37.03703703703704,45.797068541896124
2-GRAM,buchholz bauabschnitt,27,0,1,1,74.0,37.03703703703704,45.797068541896124
3-GRAM,annaberg buchholz bauabschnitt,27,0,1,1,74.0,37.03703703703704,45.797068541896124
3-GRAM,unterer bahnhof annaberg,27,0,1,1,74.0,37.03703703703704,45.797068541896124
2-GRAM,bahnhof annaberg,27,0,1,1,74.0,37.03703703703704,45.797068541896124
3-GRAM,bahnhof annaberg buchholz,27,0,1,1,74.0,37.03703703703704,45.797068541896124
2-GRAM,gerustarbeiten nach,48,1,1,1,45.729166666666664,20.833333333333332,45.74276031517411
2-GRAM,redes comunicaciones,26,2,1,2,45.15384615384615,30.76923076923077,45.72244344658138
2-GRAM,nextgenerationeu lote,28,3,1,2,46.714285714285715,14.285714285714286,45.717800559179864
3-GRAM,zakup ugi serwisu,26,3,1,2,47.69230769230769,19.23076923076923,45.676505973057694
2-GRAM,acreditacao software,36,2,1,2,74.0,11.11111111111111,45.60769295941709
2-GRAM,provided teams,31,2,1,1,72.0,19.35483870967742,45.579700076251804
2-GRAM,bairros comerciais,32,2,1,1,45.4375,21.875,45.5514869101076
2-GRAM,comerciais digitais,32,2,1,1,45.4375,21.875,45.5514869101076
3-GRAM,bairros comerciais digitais,32,2,1,1,45.4375,21.875,45.5514869101076
3-GRAM,usluga odrzavanja nadogradnje,29,2,1,2,57.724137931034484,24.137931034482758,45.522917902228244
2-GRAM,amberg sulzbach,29,3,1,1,51.96551724137931,6.896551724137931,45.48245361348809
2-GRAM,integrat echipamentelor,38,1,1,1,61.10526315789474,23.68421052631579,45.45030924341269
3-GRAM,informatic integrat echipamentelor,38,1,1,1,61.10526315789474,23.68421052631579,45.45030924341269
3-GRAM,zdrowotnych zakresu neurologii,50,1,1,1,49.76,18.0,45.43976955011438
2-GRAM,ersatzneubau trinkwasserleitung,25,0,1,1,50.4,44.0,45.4348724900449
2-GRAM,tributaria canaria,35,2,1,2,49.08571428571429,17.142857142857142,45.425095314750486
3-GRAM,agencia tributaria canaria,35,2,1,2,49.08571428571429,17.142857142857142,45.425095314750486
2-GRAM,welterbe besucherzentrum,32,1,1,1,63.4375,28.125,45.39613657544692
2-GRAM,tecnica seguridad,27,3,1,2,45.18518518518518,14.814814814814815,45.219757688723206
2-GRAM,ausbau betriebsgelande,38,1,1,1,57.39473684210526,23.68421052631579,45.21911378463103
3-GRAM,aplicacional ambito sistema,39,2,1,2,60.0,5.128205128205129,45.20459205286791
3-GRAM,provided teams resources,30,2,1,1,72.0,20.0,45.201236973650765
3-GRAM,integrat echipamentelor cadrul,36,1,1,1,60.77777777777778,25.0,45.20067779378124
3-GRAM,testes acreditacao software,34,2,1,2,74.0,11.764705882352942,45.113479623824446
2-GRAM,testes acreditacao,34,2,1,2,74.0,11.764705882352942,45.113479623824446
2-GRAM,sistemas izstrade,33,2,1,2,51.15151515151515,18.181818181818183,45.09487418452936
3-GRAM,aquisicao assistencia tecnica,25,2,1,2,63.2,28.0,45.01333559264594
2-GRAM,aquisicao assistencia,25,2,1,2,63.2,28.0,45.01333559264594
2-GRAM,przy kontrakcie,44,1,1,1,70.31818181818181,15.909090909090908,44.96270439718715
2-GRAM,stadtverwaltung pirna,52,1,1,1,48.36538461538461,13.461538461538462,44.86557654833517
2-GRAM,cataluna ctti,39,2,1,1,56.256410256410255,2.5641025641025643,44.852325679911885
3-GRAM,municipal conduits souterrains,39,1,1,1,47.64102564102564,23.076923076923077,44.79793272896721
2-GRAM,internacional dcp,32,2,1,2,49.25,18.75,44.79305261374227
3-GRAM,publico internacional dcp,32,2,1,2,49.25,18.75,44.79305261374227
3-GRAM,neurologii oddziale neurologii,46,1,1,1,52.34782608695652,17.391304347826086,44.77859866135728
3-GRAM,zakresu neurologii oddziale,46,1,1,1,52.34782608695652,17.391304347826086,44.77859866135728
2-GRAM,wei enborn,29,1,1,1,55.689655172413794,31.03448275862069,44.68948572396848
2-GRAM,stotteritzer str,26,0,1,1,49.03846153846154,38.46153846153846,44.6767262560366
2-GRAM,clinic colentina,27,3,1,2,47.48148148148148,11.11111111111111,44.64875031771584
2-GRAM,proiectului digitalizare,28,2,1,2,66.0,21.428571428571427,44.60645598576633
2-GRAM,strangsanierung agricolastra,35,1,1,1,65.57142857142857,22.857142857142858,44.54938574938575
3-GRAM,ausbau betriebsgelande bgl,37,1,1,1,58.54054054054054,21.62162162162162,44.409997458273324
2-GRAM,betriebsgelande bgl,37,1,1,1,58.54054054054054,21.62162162162162,44.409997458273324
2-GRAM,disponibilizados cidadao,28,2,1,2,60.142857142857146,21.428571428571427,44.37749724646277
2-GRAM,produktnahe dienstleistungen,28,2,1,1,60.0,21.428571428571427,44.32645937473524
2-GRAM,java entwickler,39,2,1,1,60.0,0.0,44.3190205879861
3-GRAM,cadrul proiectului digitalizare,27,2,1,2,67.70370370370371,22.22222222222222,44.28494450563416
3-GRAM,leves laser aeroporte,26,2,1,1,82.0,23.076923076923077,44.28235194442091
2-GRAM,leves laser,26,2,1,1,82.0,23.076923076923077,44.28235194442091
2-GRAM,bergstadt marienberg,26,0,1,1,65.53846153846153,34.61538461538461,44.227806489875455
2-GRAM,erzgebirge krusnohori,27,0,1,1,68.33333333333333,33.333333333333336,44.21979157841227
3-GRAM,spitalului clinic colentina,26,3,1,2,48.53846153846154,11.538461538461538,44.193916800813355
2-GRAM,kunstlichen intelligenz,26,3,1,1,68.92307692307692,3.8461538461538463,44.16565280013556
3-GRAM,profylaksebekendtg relse vedr,29,2,1,2,47.724137931034484,20.689655172413794,44.07975938320766
2-GRAM,traitement classification,27,1,1,1,82.0,29.62962962962963,44.05923917648056
2-GRAM,datovych center,26,3,1,2,45.15384615384615,11.538461538461538,44.034499703465215
3-GRAM,nach sachsvergabeg vob,48,0,1,1,71.54166666666667,10.416666666666666,44.01482673896467
3-GRAM,zakup uzupe niajacy,32,2,1,2,45.0,15.625,43.99762772176565
2-GRAM,corretiva sistema,35,2,1,2,60.0,2.857142857142857,43.99115479115479
2-GRAM,informatycznych uruchomieniem,26,3,1,2,60.53846153846154,3.8461538461538463,43.89785647716682
3-GRAM,systemow informatycznych uruchomieniem,26,3,1,2,60.53846153846154,3.8461538461538463,43.89785647716682
3-GRAM,generalitat cataluna ctti,35,2,1,1,56.97142857142857,2.857142857142857,43.84983478776582
3-GRAM,especializado tipo informatico,34,1,1,1,67.6470588235294,20.58823529411765,43.66506820299924
2-GRAM,barkhausen institut,29,1,1,1,57.51724137931034,27.586206896551722,43.57237990341439
2-GRAM,ruk uvt,33,2,1,2,49.93939393939394,9.090909090909092,43.52979750910785
2-GRAM,sanierung studentenwohnheim,34,2,1,1,47.1764705882353,5.882352941176471,43.38061509785648
2-GRAM,institut ggmbh,28,1,1,1,56.92857142857143,28.571428571428573,43.35436753367787
3-GRAM,barkhausen institut ggmbh,28,1,1,1,56.92857142857143,28.571428571428573,43.35436753367787
2-GRAM,sanierung irs,29,2,1,1,51.03448275862069,17.24137931034483,43.27775989155299
3-GRAM,geb sanierung irs,29,2,1,1,51.03448275862069,17.24137931034483,43.27775989155299
3-GRAM,soporte transformacion digital,32,1,1,1,60.0,21.875,43.018825722274
3-GRAM,neubau feuerwehrgeratehaus ffw,37,1,1,1,56.67567567567568,16.216216216216218,42.9806828772346
2-GRAM,tecnologias sistemas,25,3,1,2,54.24,4.0,42.9324409048547
3-GRAM,pilnveidosana uzturesana garantijas,32,1,1,1,57.5,21.875,42.9037363382191
2-GRAM,harzer hexenreich,30,2,1,1,74.53333333333333,3.3333333333333335,42.80510039820385
2-GRAM,hexenreich turm,30,2,1,1,74.53333333333333,3.3333333333333335,42.80510039820385
3-GRAM,harzer hexenreich turm,30,2,1,1,74.53333333333333,3.3333333333333335,42.80510039820385
2-GRAM,norway health,26,1,1,1,49.15384615384615,30.76923076923077,42.726984664915705
3-GRAM,bergstadt marienberg markt,25,0,1,1,67.56,32.0,42.7017199017199
2-GRAM,marienberg markt,25,0,1,1,67.56,32.0,42.7017199017199
2-GRAM,stra enbaumpflanzungen,28,0,1,1,55.035714285714285,28.571428571428573,42.58639328984157
2-GRAM,kontrakcie rozbudowa,32,1,1,1,72.3125,18.75,42.55665508768957
3-GRAM,przy kontrakcie rozbudowa,32,1,1,1,72.3125,18.75,42.55665508768957
3-GRAM,cadrul proiectului valorificarea,26,2,1,1,74.3076923076923,15.384615384615385,42.346708463949845
2-GRAM,cidadao prr,25,2,1,2,59.28,20.0,42.02834872490045
3-GRAM,disponibilizados cidadao prr,25,2,1,2,59.28,20.0,42.02834872490045
2-GRAM,neu kauf,29,0,1,1,63.827586206896555,24.137931034482758,41.98803693976107
2-GRAM,klinikum werra,34,1,1,1,59.294117647058826,14.705882352941176,41.986173006862664
3-GRAM,klinikum werra mei,34,1,1,1,59.294117647058826,14.705882352941176,41.986173006862664
2-GRAM,kauf transporter,44,0,1,1,45.84090909090909,6.818181818181818,41.98583410997203
3-GRAM,kontrakcie rozbudowa drogi,29,1,1,1,72.13793103448276,20.689655172413794,41.90680335507921
3-GRAM,proiectului valorificarea avantajelor,25,2,1,1,74.32,16.0,41.81062441752097
2-GRAM,berggie hubel,25,1,1,1,62.2,28.0,41.791358129289165
3-GRAM,inzyniera kontraktu przy,30,1,1,1,63.2,20.0,41.766161145471486
2-GRAM,kontraktu przy,30,1,1,1,63.2,20.0,41.766161145471486
2-GRAM,vers systeme,26,2,1,1,82.0,11.538461538461538,41.71827501482674
2-GRAM,systeme epic,26,2,1,1,82.0,11.538461538461538,41.71827501482674
3-GRAM,vers systeme epic,26,2,1,1,82.0,11.538461538461538,41.71827501482674
2-GRAM,cft isw,30,1,1,1,60.8,20.0,41.649241718207236
3-GRAM,cft isw proj,30,1,1,1,60.8,20.0,41.649241718207236
3-GRAM,bati departement var,28,2,1,1,48.32142857142857,10.714285714285714,41.569228162331605
2-GRAM,lote familias,32,1,1,1,60.0,15.625,41.4883504193849
2-GRAM,manche numerique,25,2,1,1,46.64,20.0,41.465508768957044
3-GRAM,per cassa depositi,28,2,1,2,51.642857142857146,7.142857142857143,41.371227653986274
3-GRAM,aplikacniho programoveho vybaveni,25,2,1,2,61.2,16.0,41.35718037787003
2-GRAM,aplikacniho programoveho,25,2,1,2,61.2,16.0,41.35718037787003
2-GRAM,digital kommunikation,25,1,1,1,53.6,28.0,41.33791408963823
2-GRAM,strefie atnego,27,2,1,1,54.0,11.11111111111111,41.31827501482674
3-GRAM,strefie atnego parkowania,27,2,1,1,54.0,11.11111111111111,41.31827501482674
2-GRAM,diegimo paslaugu,25,2,1,2,58.4,16.0,41.16543251715666
3-GRAM,informacines sistemos modernizavimo,26,2,1,2,60.53846153846154,11.538461538461538,41.15889180716766
2-GRAM,sistema aduaneiro,29,2,1,2,60.0,0.0,41.04242989070575
2-GRAM,falling walls,31,1,1,1,54.774193548387096,16.129032258064516,40.97117681945268
2-GRAM,grundschule arthur,30,2,1,1,48.06666666666667,0.0,40.96475472337541
2-GRAM,sachsvergabeg vol,33,0,1,1,70.42424242424242,12.121212121212121,40.95424891976616
2-GRAM,sisteme inteligente,34,1,1,1,60.11764705882353,5.882352941176471,40.81257307464204
3-GRAM,evolutiva corretiva sistema,27,2,1,2,60.0,3.7037037037037037,40.79805134287893
2-GRAM,familias elementos,31,1,1,1,60.0,12.903225806451612,40.65637549775481
3-GRAM,lote familias elementos,31,1,1,1,60.0,12.903225806451612,40.65637549775481
3-GRAM,familias elementos especificos,31,1,1,1,60.0,12.903225806451612,40.65637549775481
2-GRAM,elementos especificos,31,1,1,1,60.0,12.903225806451612,40.65637549775481
2-GRAM,arendus hooldus,32,1,1,1,60.6875,9.375,40.572803524527664
3-GRAM,ambito sistema aduaneiro,28,2,1,2,60.0,0.0,40.550148267389645
3-GRAM,ambito manutencao corretiva,25,2,1,2,60.0,12.0,40.54408201304753
2-GRAM,sukurimo adaptavimo,26,2,1,2,56.92307692307692,7.6923076923076925,40.533033974413286
2-GRAM,arthur nagel,29,2,1,1,47.172413793103445,0.0,40.475523172074894
2-GRAM,nagel str,29,2,1,1,47.172413793103445,0.0,40.475523172074894
3-GRAM,grundschule arthur nagel,29,2,1,1,47.172413793103445,0.0,40.475523172074894
3-GRAM,arthur nagel str,29,2,1,1,47.172413793103445,0.0,40.475523172074894
3-GRAM,nagel str neubau,29,2,1,1,47.172413793103445,0.0,40.475523172074894
2-GRAM,rolle java,36,1,1,1,60.0,0.0,40.38922307887826
3-GRAM,rolle java entwickler,36,1,1,1,60.0,0.0,40.38922307887826
2-GRAM,tele quebec,25,2,1,1,62.12,8.0,40.21731763111073
2-GRAM,sistemas corporativos,29,1,1,1,51.86206896551724,17.24137931034483,40.13508430060154
3-GRAM,aplicaciones generalitat cataluna,27,2,1,1,60.51851851851852,0.0,40.106871134457336
3-GRAM,tipo informatico erigir,27,1,1,1,68.0,18.51851851851852,40.10217741252224
2-GRAM,informatico erigir,27,1,1,1,68.0,18.51851851851852,40.10217741252224
2-GRAM,gsc programines,26,1,1,1,60.53846153846154,19.23076923076923,39.49900872659493
3-GRAM,gsc programines irangos,26,1,1,1,60.53846153846154,19.23076923076923,39.49900872659493
3-GRAM,str neubau schulgebaude,27,2,1,1,47.074074074074076,0.0,39.468186054392945
3-GRAM,visuels metiers art,31,1,1,1,82.0,0.0,39.37619249343388
2-GRAM,visuels metiers,31,1,1,1,82.0,0.0,39.37619249343388
2-GRAM,delitzsch ausstattung,29,1,1,1,55.96551724137931,10.344827586206897,39.1502329916123
3-GRAM,nach sachsvergabeg vol,30,0,1,1,70.06666666666666,3.3333333333333335,38.75231720748962
3-GRAM,logiciels equipements informatiques,28,1,1,1,74.28571428571429,3.5714285714285716,38.691247987799706
3-GRAM,ctti lote familias,28,1,1,1,60.0,7.142857142857143,38.57036346691519
3-GRAM,sanierung grundschule lobnitz,31,0,1,1,74.0,0.0,38.54152334152334
2-GRAM,grundschule lobnitz,31,0,1,1,74.0,0.0,38.54152334152334
2-GRAM,projektem przy,25,1,1,1,67.52,16.0,38.372091841057355
2-GRAM,reactivi set,25,2,1,2,45.92,0.0,38.18146234008303
2-GRAM,kita elisabeth,32,0,1,1,46.34375,0.0,37.83573667711599
2-GRAM,offentlich zuganglicher,27,1,1,1,65.25925925925925,0.0,37.12706938913835
2-GRAM,adorf vogtl,28,0,1,1,66.71428571428571,0.0,36.977446411929165
2-GRAM,owow monitoringowych,25,1,1,1,70.0,4.0,36.760637126154364
2-GRAM,drk rab,25,1,1,1,66.92,4.0,36.70268575785817
2-GRAM,forderschulcampus delitzsch,27,1,1,1,52.44444444444444,0.0,36.517258324154874
2-GRAM,oberschule antonienstr,26,1,1,1,60.69230769230769,0.0,36.3529611115818
3-GRAM,forderschulcampus delitzsch ausstattung,26,1,1,1,53.88461538461539,0.0,35.991832584936034
2-GRAM,kita storchennest,27,0,1,1,54.333333333333336,0.0,35.91175124968228
2-GRAM,sanierung altleuben,26,0,1,1,67.1923076923077,0.0,35.88531729221384
2-GRAM,ffw vogelsgrun,25,0,1,1,59.84,0.0,34.933898161484365
